"DESCRIPTION","DURATION IN MS","NAME","PARENT SUITE","START TIME","STATUS","STOP TIME","SUB SUITE","SUITE","TEST CLASS","TEST METHOD"
"","454","All auth fixtures expose a valid Bearer token format","functional-tests.tests.auth","2026-08-30","passed","2026-08-30","","test_auth","",""
"","3182","Attempt to cancel a non-existing RTP","bdd-tests","2026-08-30","passed","2026-08-30","RTP_Cancellation","RTP","",""
"","1835","SP_B cannot retrieve activation by Fiscal Code created by SP_A","functional-tests.tests.activation","2026-08-30","passed","2026-08-30","","test_RTP_activation_security","",""
"
Test v2 RFC callback DS12N with INVALID status.

Flow:
1. Activate payer
2. Send an RTP via GPD message v2 (CREATE VALID)
3. Cancel the RTP via GPD message v2 (DELETE) -> RTP to RFC_SENT
4. Send DS12N callback with CxlStsId INVALID
5. Verify callback is rejected with 400
6. Verify RTP status is still RFC_SENT
","2693","A v2 RFC callback DS12N INVALID is rejected with 400","functional-tests.tests.callbacks_v2","2026-08-30","passed","2026-08-30","","test_RTP_callback_DS_12N_negative","",""
"","4703","An RTP is sent through CBI API","functional-tests.tests.availability","2026-08-30","passed","2026-08-30","","test_availability_CBI","",""
"","2259","Unauthorized callback due to wrong certificate serial","functional-tests.tests.callbacks_v2","2026-08-30","passed","2026-08-30","","test_RTP_callback_DS_05_redirect","",""
"","1083","An RTP is sent through GPD message API","functional-tests.tests.send_rtp","2026-08-30","passed","2026-08-30","","test_RTP_send_MOCK","",""
"","3497","Failed callback for invalid RTP transition - DS-08N compliant","functional-tests.tests.callbacks","2026-08-30","passed","2026-08-30","","test_RTP_callback_DS_08","",""
"
Test RFC callback DS12P with wrong certificate identity, cancel via REST Web API.

Flow:
1. Activate payer
2. Send an RTP via GPD message (CREATE VALID)
3. Cancel the RTP via REST cancel endpoint with cancel_reason → RTP to RFC_SENT
4. Send DS12P callback with assignee_bic='FAKESP01' (doesn't match certificate identity MOCKSP04)
5. Verify callback is rejected with 403 (certificate mismatch)
","2248","Unauthorized RFC callback due to wrong certificate serial - through Web API cancel","functional-tests.tests.callbacks","2026-08-30","passed","2026-08-30","","test_RTP_callback_DS_12P","",""
"","438","Invalid pagination parameters returns 400","functional-tests.tests.activation","2026-08-30","passed","2026-08-30","","test_debtor_activation_list","",""
"","1982","An RTP sent with synchronous rejection and missing _links results in status REJECTED - through Web API","functional-tests.tests.send_rtp","2026-08-30","passed","2026-08-30","","test_RTP_send_MOCK","",""
"","1467","An RTP sent when EPC response omits _links is in status ACCEPTED","functional-tests.tests.send_rtp","2026-08-30","passed","2026-08-30","","test_RTP_send_MOCK","",""
"Each entry in ``INVALID_PAYER_IDS`` must be rejected with 400.

The ``description`` parameter appears in pytest output to identify which
case failed without having to inspect the raw value.
","426","Querying activation status with an invalid payerId format returns 400","functional-tests.tests.activation","2026-08-30","passed","2026-08-30","","test_debtor_activation_payer_status","",""
"Each entry in ``INVALID_PAYER_IDS`` must be rejected with 400.

The ``description`` parameter appears in pytest output to identify which
case failed without having to inspect the raw value.
","447","Querying activation status with an invalid payerId format returns 400","functional-tests.tests.activation","2026-08-30","passed","2026-08-30","","test_debtor_activation_payer_status","",""
"Test sending a CREATE operation message with an Italian VAT number via GPD message API","1681","A CREATE message with VAT number (Partita IVA) is successfully sent through GPD message API","functional-tests.tests.process_messages_sender","2026-08-30","passed","2026-08-30","","test_RTP_process_sender","",""
"Each entry in ``INVALID_PAYER_IDS`` (see dataset docstring) must be rejected with 400.","946","The activation request must contain a validly formatted fiscal code","functional-tests.tests.activation","2026-08-30","passed","2026-08-30","","test_debtor_activation_create","",""
"Each entry in ``INVALID_PAYER_IDS`` (see dataset docstring) must be rejected with 400.","441","The activation request must contain a validly formatted fiscal code","functional-tests.tests.activation","2026-08-30","passed","2026-08-30","","test_debtor_activation_create","",""
"FAKESP01 does not own MOCKSP01, a Service Provider ID owned by another tspId.","427","Activation is forbidden for a Service Provider ID not owned by the token subject","functional-tests.tests.activation","2026-08-30","passed","2026-08-30","","test_debtor_activation_create","",""
"Test sending a DELETE operation message via GPD message API after a CREATE","1492","A DELETE message after CREATE VALID","functional-tests.tests.process_messages_sender","2026-08-30","passed","2026-08-30","","test_RTP_process_sender_DELETE","",""
"","2034","Unauthorized callback due to wrong certificate serial","functional-tests.tests.callbacks_v2","2026-08-30","passed","2026-08-30","","test_RTP_callback_DS_document_rjct","",""
"","2553","A v2 RTP callback with invalid status is rejected without affecting the RTP status","functional-tests.tests.callbacks_v2","2026-08-30","passed","2026-08-30","","test_RTP_callback_DS_08N_negative","",""
"","1012","An RTP is sent through API - through Web API","functional-tests.tests.send_rtp","2026-08-30","passed","2026-08-30","","test_RTP_send_MOCK","",""
"","1051","SP_ACTIVATIONS_READ_ALL can retrieve activation by Fiscal Code created by SP_A","functional-tests.tests.activation","2026-08-30","passed","2026-08-30","","test_RTP_activation_security","",""
"","504","Deactivation fails for non-existing activation","functional-tests.tests.activation","2026-08-30","passed","2026-08-30","","test_debtor_deactivation","",""
"Querying activation status with an empty payerId must be rejected with 404.","406","Querying activation status with an empty payerId returns 404","functional-tests.tests.activation","2026-08-30","passed","2026-08-30","","test_debtor_activation_payer_status","",""
"Reusing the same OTP after a successful takeover should fail","1886","Test Takeover Fails with Reused OTP","functional-tests.tests.takeover","2026-08-30","passed","2026-08-30","","test_debtor_takeover","",""
"Each entry in ``INVALID_PAYER_IDS`` (see dataset docstring) must be rejected with 400.","419","The activation request must contain a validly formatted fiscal code","functional-tests.tests.activation","2026-08-30","passed","2026-08-30","","test_debtor_activation_create","",""
"
Test RFC callback DS12P with wrong certificate identity, cancel via REST Web API.

Flow:
1. Activate payer
2. Send an RTP via GPD message (CREATE VALID)
3. Cancel the RTP via REST cancel endpoint with cancel_reason → RTP to RFC_SENT
4. Send DS12P callback with assignee_bic='FAKESP01' (doesn't match certificate identity MOCKSP04)
5. Verify callback is rejected with 403 (certificate mismatch)
","1950","Unauthorized RFC callback due to wrong certificate serial - through Web API cancel","functional-tests.tests.callbacks","2026-08-30","passed","2026-08-30","","test_RTP_callback_DS_12P","",""
"Test sending an UPDATE after CREATE VALID + DELETE with different statuses","1929","An UPDATE message with status PARTIALLY_PAID after CREATE VALID and DELETE","functional-tests.tests.process_messages_sender","2026-08-30","passed","2026-08-30","","test_RTP_process_sender_UPDATE","",""
"Test sending an UPDATE operation message with different statuses via GPD message API before a CREATE","920","An UPDATE message with status PARTIALLY_PAID before CREATE","functional-tests.tests.process_messages_sender","2026-08-30","passed","2026-08-30","","test_RTP_process_sender_UPDATE_before_CREATE","",""
"","445","Unauthorized callback due to wrong certificate serial","functional-tests.tests.callbacks","2026-08-30","passed","2026-08-30","","test_RTP_callback_DS_08","",""
"","1425","An RTP sent when EPC response contains an unknown field is ignored and remains in status SENT - through Web API","functional-tests.tests.send_rtp","2026-08-30","passed","2026-08-30","","test_RTP_send_MOCK","",""
"","1574","RTP is successfully cancelled with reason MODT - V2","functional-tests.tests.cancel_rtp","2026-08-30","passed","2026-08-30","","test_RTP_cancel","",""
"Each entry in ``INVALID_PAYER_IDS`` (see dataset docstring) must be rejected with 400.","427","The activation request must contain a validly formatted fiscal code","functional-tests.tests.activation","2026-08-30","passed","2026-08-30","","test_debtor_activation_create","",""
"Test sending a DELETE operation message via GPD message API after a standalone UPDATE (no prior CREATE)","2311","A DELETE message after standalone UPDATE INVALID","functional-tests.tests.process_messages_sender","2026-08-30","passed","2026-08-30","","test_RTP_process_sender_DELETE","",""
"","945","A second service provider triggers takeover when debtor is already active on another service provider","functional-tests.tests.activation","2026-08-30","passed","2026-08-30","","test_debtor_activation_create","",""
"
Test RFC callback DS12N with non-existing service provider, cancel via REST Web API.

Flow:
1. Activate payer
2. Send an RTP via GPD message (CREATE VALID)
3. Cancel the RTP via REST cancel endpoint with cancel_reason → RTP to RFC_SENT
4. Send DS12N callback with non-existing BIC (MOCKSP99)
5. Verify callback is rejected with 400 (service provider not found)
","2894","Failed RFC callback for non existing Service Provider - DS-12N RJCR compliant - through Web API cancel","functional-tests.tests.callbacks","2026-08-30","passed","2026-08-30","","test_RTP_callback_DS_12N","",""
"","419","All auth fixtures expose a valid Bearer token format","functional-tests.tests.auth","2026-08-30","passed","2026-08-30","","test_auth","",""
"No `Sts.Conf` confirmation is present (Sts block omitted entirely), so only CANCEL_RTP is triggered and the RTP stays in RFC_SENT.","2086","Cancelling an RTP - EPC v4 mock happy path scenario: no_sts_block","functional-tests.tests.cancel_rtp","2026-08-30","passed","2026-08-30","","test_RTP_cancel_MOCK_V2","",""
"Each entry in ``INVALID_PAYER_IDS`` (see dataset docstring) must be rejected with 400.","450","The activation request must contain a validly formatted fiscal code","functional-tests.tests.activation","2026-08-30","failed","2026-08-30","","test_debtor_activation_create","",""
"
Test RFC callback DS12N with RJCR status, cancel triggered via REST Web API with explicit reason.

Flow:
1. Activate payer
2. Send an RTP via GPD message (CREATE VALID)
3. Cancel the RTP via REST cancel endpoint with cancel_reason → RTP to RFC_SENT
4. Send DS12N callback with CxlStsId RJCR (Rejected Cancellation Request)
5. Verify callback is accepted (200)
6. Verify RTP status is ERROR_CANCEL
","4198","An RFC callback DS12N RJCR is successfully received and RTP status is ERROR_CANCEL - through Web API cancel","functional-tests.tests.callbacks","2026-08-30","passed","2026-08-30","","test_RTP_callback_DS_12N","",""
"DS_08N RJCT callback sent twice on the same RTP (direct SENT -> REJECTED).

The second callback must be rejected with 400 since the transition is no
longer valid once the RTP is already REJECTED.
","4364","Failed v2 callback for invalid RTP transition - DS-08N negative compliant","functional-tests.tests.callbacks_v2","2026-08-30","passed","2026-08-30","","test_RTP_callback_DS_08N_negative","",""
"Active payer with omocodia fiscal code (digit substitution) → isActive must be true.","893","An active payer with omocodia fiscal code returns isActive true","functional-tests.tests.activation","2026-08-30","passed","2026-08-30","","test_debtor_activation_payer_status","",""
"Each entry in ``INVALID_PAYER_IDS`` must be rejected with 400.

The ``description`` parameter appears in pytest output to identify which
case failed without having to inspect the raw value.
","430","Querying activation status with an invalid payerId format returns 400","functional-tests.tests.activation","2026-08-30","passed","2026-08-30","","test_debtor_activation_payer_status","",""
"The PSP synchronously rejects the cancellation request with 422 (per standard behaviour for the EPC 422 Unprocessable Entity scenario). The RTP then transitions to ERROR_CANCEL via ERROR_CANCEL_RTP.","2837","Cancelling an RTP - EPC v4 mock unhappy path scenario: epc_422","functional-tests.tests.cancel_rtp","2026-08-30","passed","2026-08-30","","test_RTP_cancel_MOCK_V2","",""
"","441","The activation request must contain a Service Provider ID of valid length","functional-tests.tests.activation","2026-08-30","passed","2026-08-30","","test_debtor_activation_create","",""
"
Test RFC callback DS12N with non-existing service provider, cancel via REST Web API.

Flow:
1. Activate payer
2. Send an RTP via GPD message (CREATE VALID)
3. Cancel the RTP via REST cancel endpoint with cancel_reason → RTP to RFC_SENT
4. Send DS12N callback with non-existing BIC (MOCKSP99)
5. Verify callback is rejected with 400 (service provider not found)
","1898","Failed RFC callback for non existing Service Provider - DS-12N RJCR compliant - through Web API cancel","functional-tests.tests.callbacks","2026-08-30","passed","2026-08-30","","test_RTP_callback_DS_12N","",""
"Each entry in ``INVALID_PAYER_IDS`` must be rejected with 400.

The ``description`` parameter appears in pytest output to identify which
case failed without having to inspect the raw value.
","470","Querying activation status with an invalid payerId format returns 400","functional-tests.tests.activation","2026-08-30","passed","2026-08-30","","test_debtor_activation_payer_status","",""
"","455","missing token → 401 Unauthorized","functional-tests.tests.get_rtp","2026-08-30","passed","2026-08-30","","test_RTP_get","",""
"
Test v2 RFC callback DS12N with non-existing service provider.

Flow:
1. Activate payer
2. Send an RTP via GPD message v2 (CREATE VALID)
3. Cancel the RTP via GPD message v2 (DELETE) -> RTP to RFC_SENT
4. Send DS12N callback with non-existing BIC (MOCKSP99)
5. Verify callback is rejected with 400 (service provider not found)
6. Verify RTP status is still RFC_SENT
","2545","Failed v2 RFC callback for non existing Service Provider - DS-12N negative compliant","functional-tests.tests.callbacks_v2","2026-08-30","passed","2026-08-30","","test_RTP_callback_DS_12N_negative","",""
"Each entry in ``INVALID_PAYER_IDS`` must be rejected with 400.

The ``description`` parameter appears in pytest output to identify which
case failed without having to inspect the raw value.
","557","Querying activation status with an invalid payerId format returns 400","functional-tests.tests.activation","2026-08-30","passed","2026-08-30","","test_debtor_activation_payer_status","",""
"Each entry in ``INVALID_PAYER_IDS`` must be rejected with 400.

The ``description`` parameter appears in pytest output to identify which
case failed without having to inspect the raw value.
","464","Querying activation status with an invalid payerId format returns 400","functional-tests.tests.activation","2026-08-30","passed","2026-08-30","","test_debtor_activation_payer_status","",""
"","2574","RTP form is filled and submitted","ux-tests.tests","2026-08-30","passed","2026-08-30","","test_RTP_cancel_v4","",""
"","1881","A debtor Service Provider cannot send an RTP","bdd-tests","2026-08-30","passed","2026-08-30","RTP_Sending","RTP","",""
"Test sending a CREATE operation message with different statuses via GPD message API","896","A CREATE message with status PAID","functional-tests.tests.process_messages_sender","2026-08-30","passed","2026-08-30","","test_RTP_process_sender_CREATE","",""
"Test that takeover fails when an invalid OTP is provided","1381","Test Takeover Fails with Invalid OTP","functional-tests.tests.takeover","2026-08-30","passed","2026-08-30","","test_debtor_takeover","",""
"","481","Sending to non-activated debtor returns 422","functional-tests.tests.send_rtp","2026-08-30","passed","2026-08-30","","test_RTP_send_MOCK","",""
"","435","Retrieving non-existent activation returns 404","functional-tests.tests.activation","2026-08-30","passed","2026-08-30","","test_debtor_activation_get","",""
"Test sending an UPDATE operation message with different statuses via GPD message API before a CREATE","915","An UPDATE message with status PAID before CREATE","functional-tests.tests.process_messages_sender","2026-08-30","passed","2026-08-30","","test_RTP_process_sender_UPDATE_before_CREATE","",""
"","2033","An RTP sent with synchronous rejection is in status REJECTED - DS-08P N","functional-tests.tests.send_rtp","2026-08-30","passed","2026-08-30","","test_RTP_send_MOCK","",""
"","933","Sending a GPD message with null operation returns 400","functional-tests.tests.send_rtp","2026-08-30","passed","2026-08-30","","test_RTP_send_MOCK","",""
"","922","Get a page of activations","functional-tests.tests.activation","2026-08-30","passed","2026-08-30","","test_debtor_activation_list","",""
"DS_08N RJCT callback sent after a prior DS_05 ACTC callback.

The RTP is expected to transition from SENT to ACCEPTED, then to USER_REJECTED.
","3999","A v2 RTP callback with status RJCT after DS_05 transitions the RTP to USER_REJECTED","functional-tests.tests.callbacks_v2","2026-08-30","passed","2026-08-30","","test_RTP_callback_DS_08N_negative","",""
"Test sending a DELETE operation message via GPD message API after a standalone UPDATE (no prior CREATE)","1335","A DELETE message after standalone UPDATE PARTIALLY_PAID","functional-tests.tests.process_messages_sender","2026-08-30","passed","2026-08-30","","test_RTP_process_sender_DELETE","",""
"The PSP synchronously rejects the cancellation request with 422 (per standard behaviour for the EPC 400 Bad Request scenario). The RTP then transitions to ERROR_CANCEL via ERROR_CANCEL_RTP.","4153","Cancelling an RTP - EPC v4 mock unhappy path scenario: epc_400","functional-tests.tests.cancel_rtp","2026-08-30","passed","2026-08-30","","test_RTP_cancel_MOCK_V2","",""
"Each entry in ``INVALID_PAYER_IDS`` (see dataset docstring) must be rejected with 400.","442","The activation request must contain a validly formatted fiscal code","functional-tests.tests.activation","2026-08-30","passed","2026-08-30","","test_debtor_activation_create","",""
"","2738","RTP form cancellation with reason PAID","ux-tests.tests","2026-08-30","passed","2026-08-30","","test_RTP_cancel_v3","",""
"","2672","An authenticated creditor Service Provider can send an RTP to an activated debtor","bdd-tests","2026-08-30","passed","2026-08-30","RTP_Sending","RTP","",""
"","451","malformed rtp_id → 400 Bad Request","functional-tests.tests.get_rtp","2026-08-30","passed","2026-08-30","","test_RTP_get","",""
"","437","Get payees consents with negative page number returns 400","functional-tests.tests.service_registry","2026-08-30","passed","2026-08-30","","test_get_payees_consents","",""
"`Sts.Conf = ""CNCL""` triggers CANCEL_RTP -> CONFIRM_RFC -> CANCEL_RTP_ACCR, ending in CANCELLED_ACCR.","3590","Cancelling an RTP - EPC v4 mock happy path scenario: cncl_confirmed","functional-tests.tests.cancel_rtp","2026-08-30","passed","2026-08-30","","test_RTP_cancel_MOCK_V2","",""
"
Verify that a debt position can be deleted successfully.
","2373","Happy path: a debt position is deleted in DEV environment","functional-tests.tests.gpd_availability","2026-08-30","passed","2026-08-30","","test_availability_GPD","",""
"Each entry in ``INVALID_PAYER_IDS`` (see dataset docstring) must be rejected with 400.","445","The activation request must contain a validly formatted fiscal code","functional-tests.tests.activation","2026-08-30","passed","2026-08-30","","test_debtor_activation_create","",""
"Test sending a DELETE operation message via GPD message API after a standalone UPDATE (no prior CREATE)","1361","A DELETE message after standalone UPDATE PAID","functional-tests.tests.process_messages_sender","2026-08-30","passed","2026-08-30","","test_RTP_process_sender_DELETE","",""
"","2664","RTP form cancellation with reason MODT","ux-tests.tests","2026-08-30","passed","2026-08-30","","test_RTP_cancel_v4","",""
"Test sending a CREATE operation message with a foreign fiscal code via GPD message API","1501","A CREATE message with foreign fiscal code is successfully sent through GPD message API","functional-tests.tests.process_messages_sender","2026-08-30","passed","2026-08-30","","test_RTP_process_sender","",""
"Test sending a DELETE operation message via GPD message API after a CREATE VALID + UPDATE","2525","A DELETE message after CREATE VALID + UPDATE PAID","functional-tests.tests.process_messages_sender","2026-08-30","passed","2026-08-30","","test_RTP_process_sender_DELETE","",""
"","1430","An RTP sent with synchronous acceptance is in status ACCEPTED - DS-05 ACTC","functional-tests.tests.send_rtp","2026-08-30","passed","2026-08-30","","test_RTP_send_MOCK","",""
"Test sending an UPDATE operation message with different statuses via GPD message API after a CREATE","2123","An UPDATE message with status PAID after CREATE","functional-tests.tests.process_messages_sender","2026-08-30","passed","2026-08-30","","test_RTP_process_sender_UPDATE","",""
"Test sending an UPDATE operation message with different statuses via GPD message API after a CREATE","2050","An UPDATE message with status PARTIALLY_PAID after CREATE","functional-tests.tests.process_messages_sender","2026-08-30","passed","2026-08-30","","test_RTP_process_sender_UPDATE","",""
"","3522","Attempt to cancel an already cancelled RTP","bdd-tests","2026-08-30","passed","2026-08-30","RTP_Cancellation","RTP","",""
"Each entry in ``INVALID_PAYER_IDS`` (see dataset docstring) must be rejected with 400.","427","The activation request must contain a validly formatted fiscal code","functional-tests.tests.activation","2026-08-30","passed","2026-08-30","","test_debtor_activation_create","",""
"MOCKSP04 owns MOCKSP01 as well as its own spId; status must reflect the activation either way.","907","An active payer returns isActive true when activated under an owned but distinct Service Provider ID","functional-tests.tests.activation","2026-08-30","passed","2026-08-30","","test_debtor_activation_payer_status","",""
"","2338","An RTP callback with invalid status is received and processed with success without affecting the RTP status","functional-tests.tests.callbacks","2026-08-30","passed","2026-08-30","","test_RTP_callback_DS_05","",""
"Test sending an UPDATE after CREATE VALID + DELETE with different statuses","1901","An UPDATE message with status EXPIRED after CREATE VALID and DELETE","functional-tests.tests.process_messages_sender","2026-08-30","passed","2026-08-30","","test_RTP_process_sender_UPDATE","",""
"","3692","Failed callback for non compliant DS-04b payload","functional-tests.tests.callbacks","2026-08-30","passed","2026-08-30","","test_RTP_callback_DS_04","",""
"","1016","Sending an RTP when EPC returns a malformed/invalid response body returns 500","functional-tests.tests.send_rtp","2026-08-30","passed","2026-08-30","","test_RTP_send_MOCK","",""
"
Test RFC callback DS12P with CNCL status applied twice on the same RTP.

Flow:
1. Activate payer
2. Send an RTP via GPD message (CREATE VALID)
3. Cancel the RTP via GPD message (DELETE) -> RTP to RFC_SENT
4. Send DS12P callback with CxlStsId CNCL (Cancelled As Per Request) -> RTP to CANCELLED
5. Send the same DS12P CNCL callback again on the already cancelled RTP
6. Verify the second callback is rejected (400) since the transition is no longer valid
7. Verify RTP status remains CANCELLED
","3287","Failed RFC callback for invalid RTP transition - DS-12P CNCL compliant","functional-tests.tests.callbacks","2026-08-30","passed","2026-08-30","","test_RTP_callback_DS_12P","",""
"","2627","Failed callback for non existing Service Provider - DS-08N negative compliant","functional-tests.tests.callbacks_v2","2026-08-30","passed","2026-08-30","","test_RTP_callback_DS_08N_negative","",""
"Availability probe for takeover notification mock endpoint: expects 204 No Content","430","Test Takeover Notification Endpoint","functional-tests.tests.takeover","2026-08-30","passed","2026-08-30","","test_debtor_takeover","",""
"
DS_04b callback sent with the Version header must be rejected with 400.
The RTP state must be unchanged.

Flow:
1. Activate payer and send an RTP → resource_id
2. Capture current RTP status
3. Build a valid DS_04b payload referencing the RTP
4. POST to callback endpoint WITH Version header
5. Verify 400 is returned with the expected error body
6. Verify RTP status is unchanged
","2352","DS_04b callback with Version header returns 400","functional-tests.tests.callbacks","2026-08-30","passed","2026-08-30","","test_RTP_callback_with_version_header","",""
"","919","A debtor is deactivated by an authenticated service provider","functional-tests.tests.activation","2026-08-30","passed","2026-08-30","","test_debtor_deactivation","",""
"","2418","DS_05 redirect v2 callback with Version header returns 400","functional-tests.tests.callbacks_v2","2026-08-30","passed","2026-08-30","","test_RTP_callback_with_version_header","",""
"Test sending an UPDATE operation message with different statuses via GPD message API before a CREATE","926","An UPDATE message with status DRAFT before CREATE","functional-tests.tests.process_messages_sender","2026-08-30","passed","2026-08-30","","test_RTP_process_sender_UPDATE_before_CREATE","",""
"","1916","An RTP callback with status ACTC is successfully received","functional-tests.tests.callbacks","2026-08-30","passed","2026-08-30","","test_RTP_callback_DS_05","",""
"The PSP synchronously rejects the cancellation request with 422 (per standard behaviour for the EPC 401 Unauthorized scenario). The RTP then transitions to ERROR_CANCEL via ERROR_CANCEL_RTP.","4372","Cancelling an RTP - EPC v4 mock unhappy path scenario: epc_401","functional-tests.tests.cancel_rtp","2026-08-30","passed","2026-08-30","","test_RTP_cancel_MOCK_V2","",""
"Test sending a CREATE operation message with different statuses via GPD message API","1018","A CREATE message with status VALID","functional-tests.tests.process_messages_sender","2026-08-30","passed","2026-08-30","","test_RTP_process_sender_CREATE","",""
"
Verify that a debt position can be updated successfully.
","6326","Happy path: a debt position is updated in DEV environment","functional-tests.tests.gpd_availability","2026-08-30","passed","2026-08-30","","test_availability_GPD","",""
"","1309","An authenticated Service Provider cannot send an RTP to an unactivated debtor","bdd-tests","2026-08-30","passed","2026-08-30","RTP_Sending","RTP","",""
"","1446","An RTP sent when EPC response contains an unknown field is ignored and remains in status SENT","functional-tests.tests.send_rtp","2026-08-30","passed","2026-08-30","","test_RTP_send_MOCK","",""
"Each entry in ``INVALID_PAYER_IDS`` must be rejected with 400.

The ``description`` parameter appears in pytest output to identify which
case failed without having to inspect the raw value.
","419","Querying activation status with an invalid payerId format returns 400","functional-tests.tests.activation","2026-08-30","passed","2026-08-30","","test_debtor_activation_payer_status","",""
"The PSP synchronously rejects the cancellation request with 422 (per standard behaviour for the EPC 410 Gone scenario). The RTP then transitions to ERROR_CANCEL via ERROR_CANCEL_RTP.","3144","Cancelling an RTP - EPC v4 mock unhappy path scenario: epc_410","functional-tests.tests.cancel_rtp","2026-08-30","passed","2026-08-30","","test_RTP_cancel_MOCK_V2","",""
"
Payer activated under SP A.
Token with read_rtp_all can read across all Service Providers:
the admin client sub does not match SP A, yet isActive must be true.
","906","read_rtp_all role returns isActive true for a payer on any Service Provider","functional-tests.tests.activation","2026-08-30","passed","2026-08-30","","test_debtor_activation_payer_status","",""
"Each entry in ``INVALID_PAYER_IDS`` must be rejected with 400.

The ``description`` parameter appears in pytest output to identify which
case failed without having to inspect the raw value.
","551","Querying activation status with an invalid payerId format returns 400","functional-tests.tests.activation","2026-08-30","passed","2026-08-30","","test_debtor_activation_payer_status","",""
"","2445","DS_08P positive v2 callback with Version header returns 400","functional-tests.tests.callbacks_v2","2026-08-30","passed","2026-08-30","","test_RTP_callback_with_version_header","",""
"","1029","Sending an RTP when EPC returns an unexpected status code error (RTP_05.CHK.A0007) returns 500 - through Web API V2","functional-tests.tests.send_rtp","2026-08-30","passed","2026-08-30","","test_RTP_send_MOCK","",""
"","2740","Successfully cancel a Request to Pay","bdd-tests","2026-08-30","passed","2026-08-30","RTP_Cancellation","RTP","",""
"","2848","A v2 redirect RTP callback with invalid status is rejected without affecting the RTP status","functional-tests.tests.callbacks_v2","2026-08-30","passed","2026-08-30","","test_RTP_callback_DS_05_redirect","",""
"
Test RFC callback DS12N with wrong certificate identity, cancel via REST Web API.

Flow:
1. Activate payer
2. Send an RTP via GPD message (CREATE VALID)
3. Cancel the RTP via REST cancel endpoint with cancel_reason → RTP to RFC_SENT
4. Send DS12N callback with assignee_bic='FAKESP01' (doesn't match certificate identity MOCKSP04)
5. Verify callback is rejected with 403 (certificate mismatch)
","1932","Unauthorized RFC callback due to wrong certificate serial - through Web API cancel","functional-tests.tests.callbacks","2026-08-30","passed","2026-08-30","","test_RTP_callback_DS_12N","",""
"
Test RFC callback DS12P with non-existing service provider, cancel via REST Web API.

Flow:
1. Activate payer
2. Send an RTP via GPD message (CREATE VALID)
3. Cancel the RTP via REST cancel endpoint with cancel_reason → RTP to RFC_SENT
4. Send DS12P callback with non-existing BIC (MOCKSP99)
5. Verify callback is rejected with 400 (service provider not found)
","1964","Failed RFC callback for non existing Service Provider - DS-12P CNCL compliant - through Web API cancel","functional-tests.tests.callbacks","2026-08-30","passed","2026-08-30","","test_RTP_callback_DS_12P","",""
"","1544","An RTP is sent to a CBI service with activated fiscal code - through Web API V2","functional-tests.tests.send_rtp","2026-08-30","failed","2026-08-30","","test_RTP_send_CBI","",""
"","445","Get payees consents with invalid date format returns 400","functional-tests.tests.service_registry","2026-08-30","passed","2026-08-30","","test_get_payees_consents","",""
"
Test RFC callback DS12N with wrong certificate identity, cancel via REST Web API.

Flow:
1. Activate payer
2. Send an RTP via GPD message (CREATE VALID)
3. Cancel the RTP via REST cancel endpoint with cancel_reason → RTP to RFC_SENT
4. Send DS12N callback with assignee_bic='FAKESP01' (doesn't match certificate identity MOCKSP04)
5. Verify callback is rejected with 403 (certificate mismatch)
","1974","Unauthorized RFC callback due to wrong certificate serial - through Web API cancel","functional-tests.tests.callbacks","2026-08-30","passed","2026-08-30","","test_RTP_callback_DS_12N","",""
"
Given a debtor is activated with the mock fiscal code that makes the debtor
service provider mock reply with a server error, when a GPD message (CREATE)
is sent via POST /gpd/message, then the rtp-sender fails to deliver the RTP
and records an ERROR_SEND_RTP event (RTP status becomes ERROR_SEND). RTPs in
ERROR_SEND status are purged from both Cosmos and ADX, so querying by
noticeNumber returns an empty list. When the payee then queries the
delivery-status endpoint with the matching noticeNumber and payeeId, the
response must still be HTTP 200 with status=PD_RTP_NOT_DELIVERED and
processingDate absent or null.
","9192","RTP with ERROR_SEND_RTP event → PD_RTP_NOT_DELIVERED","functional-tests.tests.get_rtp","2026-08-30","passed","2026-08-30","","test_RTP_get_delivery_status","",""
"","1141","Whitespaces is allowed in description and company name field","ux-tests.tests","2026-08-30","passed","2026-08-30","","test_RTP_submission_v3","",""
"","911","A debtor with VAT number (Partita IVA) is activated successfully","functional-tests.tests.activation","2026-08-30","passed","2026-08-30","","test_debtor_activation_create","",""
"
Test RFC callback DS12N with RJCR status.

Flow:
1. Activate payer
2. Send an RTP via GPD message (CREATE VALID)
3. Cancel the RTP via GPD message (DELETE) → RTP to RFC_SENT
4. Send DS12N callback with CxlStsId RJCR (Rejected Cancellation Request)
5. Verify callback is accepted (200)
6. Verify RTP status is ERROR_CANCEL
","3120","An RFC callback DS12N RJCR is successfully received and RTP status is ERROR_CANCEL","functional-tests.tests.callbacks","2026-08-30","passed","2026-08-30","","test_RTP_callback_DS_12N","",""
"","471","A Service Provider tries to activates a debtor without having the correct credentials","bdd-tests","2026-08-30","passed","2026-08-30","Debtor_Activation","RTP","",""
"Each entry in ``INVALID_PAYER_IDS`` must be rejected with 400.

The ``description`` parameter appears in pytest output to identify which
case failed without having to inspect the raw value.
","419","Querying activation status with an invalid payerId format returns 400","functional-tests.tests.activation","2026-08-30","passed","2026-08-30","","test_debtor_activation_payer_status","",""
"","2299","Takeover fails with invalid OTP","bdd-tests","2026-08-30","passed","2026-08-30","Debtor_Activation_Takeover","RTP","",""
"Test sending a DELETE operation message via GPD message API after a CREATE VALID + UPDATE","1947","A DELETE message after CREATE VALID + UPDATE PARTIALLY_PAID","functional-tests.tests.process_messages_sender","2026-08-30","passed","2026-08-30","","test_RTP_process_sender_DELETE","",""
"","912","Get by activation id returns 404 when the token subject does not own the activation's Service Provider ID","functional-tests.tests.activation","2026-08-30","passed","2026-08-30","","test_debtor_activation_get","",""
"","448","All auth fixtures expose a valid Bearer token format","functional-tests.tests.auth","2026-08-30","passed","2026-08-30","","test_auth","",""
"","422","All auth fixtures expose a valid Bearer token format","functional-tests.tests.auth","2026-08-30","passed","2026-08-30","","test_auth","",""
"Test sending a CREATE operation message with different statuses via GPD message API","915","A CREATE message with status PARTIALLY_PAID","functional-tests.tests.process_messages_sender","2026-08-30","passed","2026-08-30","","test_RTP_process_sender_CREATE","",""
"","896","Deactivation fails for activation by another service provider","functional-tests.tests.activation","2026-08-30","passed","2026-08-30","","test_debtor_deactivation","",""
"","451","Get payees consents with negative page size returns 400","functional-tests.tests.service_registry","2026-08-30","passed","2026-08-30","","test_get_payees_consents","",""
"","1474","An RTP sent with synchronous acceptance is in status ACCEPTED - DS-05 ACTC - through Web API V2","functional-tests.tests.send_rtp","2026-08-30","passed","2026-08-30","","test_RTP_send_MOCK","",""
"","1958","Failed callback for non existing Service Provider - DS-08P positive compliant","functional-tests.tests.callbacks_v2","2026-08-30","passed","2026-08-30","","test_RTP_callback_DS_08P_positive","",""
"","1413","RTP cancellation fails with an invalid reason - V2","functional-tests.tests.cancel_rtp","2026-08-30","passed","2026-08-30","","test_RTP_cancel","",""
"
Test RFC callback DS12N with wrong certificate identity.

Flow:
1. Activate payer
2. Send an RTP via GPD message (CREATE VALID)
3. Cancel the RTP via GPD message (DELETE) → RTP to RFC_SENT
4. Send DS12N callback with assignee_bic='FAKESP01' (doesn't match certificate identity MOCKSP04)
5. Verify callback is rejected with 403 (certificate mismatch)
","2039","Unauthorized RFC callback due to wrong certificate serial","functional-tests.tests.callbacks","2026-08-30","passed","2026-08-30","","test_RTP_callback_DS_12N","",""
"","472","Sending to non-activated debtor returns 422 - through Web API V2","functional-tests.tests.send_rtp","2026-08-30","passed","2026-08-30","","test_RTP_send_MOCK","",""
"","1623","Takeover fails without authentication","bdd-tests","2026-08-30","passed","2026-08-30","Debtor_Activation_Takeover","RTP","",""
"","1701","Sending an RTP when EPC returns an unexpected status code error (RTP_05.CHK.A0007) returns 500","functional-tests.tests.send_rtp","2026-08-30","passed","2026-08-30","","test_RTP_send_MOCK","",""
"","936","An RTP is sent to Poste service with activated fiscal code - through Web API","functional-tests.tests.send_rtp","2026-08-30","passed","2026-08-30","","test_RTP_send_POSTE","",""
"","2159","An RTP callback is received with invalid status","functional-tests.tests.callbacks","2026-08-30","passed","2026-08-30","","test_RTP_callback_DS_08","",""
"","426","A Service Provider with invalid client secret is not authenticated on Keycloak","functional-tests.tests.auth","2026-08-30","passed","2026-08-30","","test_auth","",""
"UPDATE VALID with an ec_tax_code that does not exist in GPD returns 422 Payee not found","869","An UPDATE VALID message with a non-existent ec_tax_code is rejected","functional-tests.tests.process_messages_sender","2026-08-30","passed","2026-08-30","","test_RTP_process_sender_UPDATE","",""
"Each entry in ``INVALID_PAYER_IDS`` must be rejected with 400.

The ``description`` parameter appears in pytest output to identify which
case failed without having to inspect the raw value.
","432","Querying activation status with an invalid payerId format returns 400","functional-tests.tests.activation","2026-08-30","passed","2026-08-30","","test_debtor_activation_payer_status","",""
"No `Sts.Conf` confirmation is present (empty JSON object), so only CANCEL_RTP is triggered and the RTP stays in RFC_SENT.","2143","Cancelling an RTP - EPC v4 mock happy path scenario: empty_json_object","functional-tests.tests.cancel_rtp","2026-08-30","passed","2026-08-30","","test_RTP_cancel_MOCK_V2","",""
"
DS_08N callback sent with the Version header must be rejected with 400.
The RTP must remain in SENT (transition to REJECTED must not happen).

Flow:
1. Activate payer and send an RTP → resource_id
2. Build a valid DS_08N payload referencing the RTP
3. POST to callback endpoint WITH Version header
4. Verify 400 is returned with the expected error body
5. Verify RTP status is still SENT
","1910","DS_08N callback with Version header returns 400","functional-tests.tests.callbacks","2026-08-30","passed","2026-08-30","","test_RTP_callback_with_version_header","",""
"","2453","DS_08N negative v2 callback with Version header returns 400","functional-tests.tests.callbacks_v2","2026-08-30","passed","2026-08-30","","test_RTP_callback_with_version_header","",""
"
Tests that sending an RTP payload with an amount over the POSTE limit results in a 400 Bad Request response.

:param debtor_sp_mock_cert_key: Certificate and key tuple for mutual TLS authentication.
:type debtor_sp_mock_cert_key: Tuple[str, str]
","1391","Cannot send RTP with an amount over the POSTE limit","functional-tests.tests.availability","2026-08-30","failed","2026-08-30","","test_availability_POSTE","",""
"
Verify that a debt position can be deleted successfully.
","2363","Happy path: a debt position is deleted in UAT environment","functional-tests.tests.gpd_availability","2026-08-30","passed","2026-08-30","","test_availability_GPD","",""
"","458","All auth fixtures expose a valid Bearer token format","functional-tests.tests.auth","2026-08-30","passed","2026-08-30","","test_auth","",""
"Each entry in ``INVALID_PAYER_IDS`` (see dataset docstring) must be rejected with 400.","426","The activation request must contain a validly formatted fiscal code","functional-tests.tests.activation","2026-08-30","passed","2026-08-30","","test_debtor_activation_create","",""
"CREATE VALID with an ec_tax_code that does not exist in GPD returns 422 Payee not found","919","A CREATE VALID message with a non-existent ec_tax_code is rejected","functional-tests.tests.process_messages_sender","2026-08-30","passed","2026-08-30","","test_RTP_process_sender_CREATE","",""
"A valid token that carries neither read_rtp_activations nor read_rtp_all must be rejected with 403.","448","Token without read_rtp_activations or read_rtp_all role returns 403 Forbidden","functional-tests.tests.activation","2026-08-30","passed","2026-08-30","","test_debtor_activation_payer_status","",""
"Test sending a DELETE operation message via GPD message API after a standalone UPDATE (no prior CREATE)","1372","A DELETE message after standalone UPDATE EXPIRED","functional-tests.tests.process_messages_sender","2026-08-30","passed","2026-08-30","","test_RTP_process_sender_DELETE","",""
"","476","Sending to non-activated debtor returns 422 - through Web API","functional-tests.tests.send_rtp","2026-08-30","passed","2026-08-30","","test_RTP_send_MOCK","",""
"The mock policy falls back to its default `{}` response when no notice number matches, so the RTP stays in RFC_SENT.","2054","Cancelling an RTP - EPC v4 mock happy path scenario: no_match_fallback","functional-tests.tests.cancel_rtp","2026-08-30","passed","2026-08-30","","test_RTP_cancel_MOCK_V2","",""
"","2994","A v2 RTP callback with status ACCP is successfully received","functional-tests.tests.callbacks_v2","2026-08-30","passed","2026-08-30","","test_RTP_callback_DS_08P_positive","",""
"","1447","An RTP sent with synchronous acceptance is in status ACCEPTED - DS-05 ACTC - through Web API","functional-tests.tests.send_rtp","2026-08-30","passed","2026-08-30","","test_RTP_send_MOCK","",""
"
Test v2 RFC callback DS12N with RJCR status applied twice on the same RTP.

Flow:
1. Activate payer
2. Send an RTP via GPD message v2 (CREATE VALID)
3. Cancel the RTP via GPD message v2 (DELETE) -> RTP to RFC_SENT
4. Send DS12N callback with CxlStsId RJCR (Rejected Cancellation Request) -> RTP to CANCELLED_REJECTED
5. Send the same DS12N RJCR callback again on the already transitioned RTP
6. Verify the second callback is rejected (400) since the transition is no longer valid
7. Verify RTP status remains CANCELLED_REJECTED
","6444","Failed v2 RFC callback for invalid RTP transition - DS-12N negative compliant","functional-tests.tests.callbacks_v2","2026-08-30","passed","2026-08-30","","test_RTP_callback_DS_12N_negative","",""
"","444","Get payees with invalid authorization","functional-tests.tests.service_registry","2026-08-30","passed","2026-08-30","","test_service_registry_service_providers","",""
"Active payer identified by an 11-digit Partita IVA → isActive must be true.","906","An active payer with VAT number (Partita IVA) returns isActive true","functional-tests.tests.activation","2026-08-30","passed","2026-08-30","","test_debtor_activation_payer_status","",""
"","2964","DS_12P positive RFC v2 callback with Version header returns 400","functional-tests.tests.callbacks_v2","2026-08-30","passed","2026-08-30","","test_RTP_callback_with_version_header","",""
"Authenticated but not authorized: token of SP A tries to use OTP issued for SP B","1354","Test Takeover Fails with Wrong SP Token","functional-tests.tests.takeover","2026-08-30","passed","2026-08-30","","test_debtor_takeover","",""
"Test sending a DELETE operation message via GPD message API after a standalone UPDATE (no prior CREATE)","1484","A DELETE message after standalone UPDATE VALID","functional-tests.tests.process_messages_sender","2026-08-30","passed","2026-08-30","","test_RTP_process_sender_DELETE","",""
"
Test RFC callback DS12N with INVALID status.

Flow:
1. Activate payer
2. Send an RTP via GPD message (CREATE VALID)
3. Cancel the RTP via GPD message (DELETE) → RTP to RFC_SENT
4. Send DS12N callback with CxlStsId INVALID
5. Verify callback is rejected with 400
6. Verify RTP status is still RFC_SENT
","2623","An RFC callback DS12N INVALID is rejected with 400","functional-tests.tests.callbacks","2026-08-30","passed","2026-08-30","","test_RTP_callback_DS_12N","",""
"","931","An RTP is sent to ICCREA service with activated fiscal code - through Web API V2","functional-tests.tests.send_rtp","2026-08-30","failed","2026-08-30","","test_RTP_send_ICCREA","",""
"Takeover with syntactically valid but nonsensical body should fail","1329","Test Takeover Fails with Nonsensical Body","functional-tests.tests.takeover","2026-08-30","passed","2026-08-30","","test_debtor_takeover","",""
"
SP A activates the payer.
SP B queries the status → must get isActive=false to avoid disclosing
that the payer is registered under a competitor SP.
","894","A payer active on a different Service Provider returns isActive false (privacy)","functional-tests.tests.activation","2026-08-30","passed","2026-08-30","","test_debtor_activation_payer_status","",""
"","866","A debtor with omocodia fiscal code is activated successfully","functional-tests.tests.activation","2026-08-30","passed","2026-08-30","","test_debtor_activation_create","",""
"Each entry in ``INVALID_PAYER_IDS`` must be rejected with 400.

The ``description`` parameter appears in pytest output to identify which
case failed without having to inspect the raw value.
","461","Querying activation status with an invalid payerId format returns 400","functional-tests.tests.activation","2026-08-30","passed","2026-08-30","","test_debtor_activation_payer_status","",""
"
Test v2 RFC callback DS12P with CNCL status.

Flow:
1. Activate payer
2. Send an RTP via GPD message v2 (CREATE VALID)
3. Cancel the RTP via GPD message v2 (DELETE) -> RTP to RFC_SENT
4. Send DS12P callback with CxlStsId CNCL (Cancelled As Per Request)
5. Verify callback is accepted (200)
6. Verify RTP status is CANCELLED
","3135","A v2 RFC callback DS12P CNCL is successfully received and RTP status is CANCELLED","functional-tests.tests.callbacks_v2","2026-08-30","passed","2026-08-30","","test_RTP_callback_DS_12P_positive","",""
"Test sending a DELETE operation message via GPD message API after a CREATE VALID + UPDATE","2070","A DELETE message after CREATE VALID + UPDATE VALID","functional-tests.tests.process_messages_sender","2026-08-30","passed","2026-08-30","","test_RTP_process_sender_DELETE","",""
"","3347","A v2 redirect RTP callback with status ACTC is successfully received","functional-tests.tests.callbacks_v2","2026-08-30","passed","2026-08-30","","test_RTP_callback_DS_05_redirect","",""
"","874","Get paginated list of payees successfully","functional-tests.tests.service_registry","2026-08-30","passed","2026-08-30","","test_service_registry_payees_registry","",""
"","3190","An RTP is sent to a CBI service with activated fiscal code - through Web API","functional-tests.tests.send_rtp","2026-08-30","passed","2026-08-30","","test_RTP_send_CBI","",""
"","453","RTP cancellation fails if resource ID does not exist","functional-tests.tests.cancel_rtp","2026-08-30","passed","2026-08-30","","test_RTP_cancel","",""
"","452","All auth fixtures expose a valid Bearer token format","functional-tests.tests.auth","2026-08-30","passed","2026-08-30","","test_auth","",""
"Each entry in ``INVALID_PAYER_IDS`` (see dataset docstring) must be rejected with 400.","452","The activation request must contain a validly formatted fiscal code","functional-tests.tests.activation","2026-08-30","passed","2026-08-30","","test_debtor_activation_create","",""
"Each entry in ``INVALID_PAYER_IDS`` (see dataset docstring) must be rejected with 400.","430","The activation request must contain a validly formatted fiscal code","functional-tests.tests.activation","2026-08-30","passed","2026-08-30","","test_debtor_activation_create","",""
"","450","Retrieving activation without valid token returns 401","functional-tests.tests.activation","2026-08-30","passed","2026-08-30","","test_debtor_activation_get","",""
"MOCKSP04 owns MOCKSP01 and triggers the OTP; FAKESP01, which owns neither, must be rejected
with an explicit ownership error, not merely a generic 403.","1363","Test Takeover Fails when Redeemer Does Not Own the OTP's Service Provider ID","functional-tests.tests.takeover","2026-08-30","passed","2026-08-30","","test_debtor_takeover","",""
"","397","The service returns the mocked server error","functional-tests.tests.availability","2026-08-30","passed","2026-08-30","","test_availability_MOCK","",""
"Each entry in ``INVALID_PAYER_IDS`` (see dataset docstring) must be rejected with 400.","416","The activation request must contain a validly formatted fiscal code","functional-tests.tests.activation","2026-08-30","passed","2026-08-30","","test_debtor_activation_create","",""
"
Test RFC callback DS12N with INVALID status, cancel via REST Web API.

Flow:
1. Activate payer
2. Send an RTP via GPD message (CREATE VALID)
3. Cancel the RTP via REST cancel endpoint with cancel_reason → RTP to RFC_SENT
4. Send DS12N callback with CxlStsId INVALID
5. Verify callback is rejected with 400
6. Verify RTP status is still RFC_SENT
","2368","An RFC callback DS12N INVALID is rejected with 400 - through Web API cancel","functional-tests.tests.callbacks","2026-08-30","passed","2026-08-30","","test_RTP_callback_DS_12N","",""
"
Verify that a debt position can be updated successfully.
","6377","Happy path: a debt position is updated in UAT environment","functional-tests.tests.gpd_availability","2026-08-30","passed","2026-08-30","","test_availability_GPD","",""
"","1104","An RTP is sent to Poste service with activated fiscal code","functional-tests.tests.send_rtp","2026-08-30","passed","2026-08-30","","test_RTP_send_POSTE","",""
"Each entry in ``INVALID_PAYER_IDS`` must be rejected with 400.

The ``description`` parameter appears in pytest output to identify which
case failed without having to inspect the raw value.
","554","Querying activation status with an invalid payerId format returns 400","functional-tests.tests.activation","2026-08-30","passed","2026-08-30","","test_debtor_activation_payer_status","",""
"The PSP synchronously rejects the cancellation request with 422 (per standard behaviour for the EPC 406 Not Acceptable scenario). The RTP then transitions to ERROR_CANCEL via ERROR_CANCEL_RTP.","2745","Cancelling an RTP - EPC v4 mock unhappy path scenario: epc_406","functional-tests.tests.cancel_rtp","2026-08-30","passed","2026-08-30","","test_RTP_cancel_MOCK_V2","",""
"","2725","RTP form is filled and submitted","ux-tests.tests","2026-08-30","passed","2026-08-30","","test_RTP_submission_v4","",""
"Test sending an UPDATE operation message with different statuses via GPD message API after a CREATE","1446","An UPDATE message with status PUBLISHED after CREATE","functional-tests.tests.process_messages_sender","2026-08-30","passed","2026-08-30","","test_RTP_process_sender_UPDATE","",""
"
Test v2 RFC callback DS12N with wrong certificate identity.

Flow:
1. Activate payer
2. Send an RTP via GPD message v2 (CREATE VALID)
3. Cancel the RTP via GPD message v2 (DELETE) -> RTP to RFC_SENT
4. Send DS12N callback with assignee_bic='FAKESP01' (doesn't match certificate identity)
5. Verify callback is rejected with 403 (certificate mismatch)
6. Verify RTP status is still RFC_SENT
","3504","Unauthorized v2 RFC callback due to wrong certificate serial","functional-tests.tests.callbacks_v2","2026-08-30","passed","2026-08-30","","test_RTP_callback_DS_12N_negative","",""
"","2741","RTP form cancellation with reason MODT","ux-tests.tests","2026-08-30","passed","2026-08-30","","test_RTP_cancel_v3","",""
"Test sending a DELETE operation message via GPD message API after a CREATE","1370","A DELETE message after CREATE PARTIALLY_PAID","functional-tests.tests.process_messages_sender","2026-08-30","passed","2026-08-30","","test_RTP_process_sender_DELETE","",""
"","890","A debtor with omocodia fiscal code is activated and retrieved by activation id","functional-tests.tests.activation","2026-08-30","passed","2026-08-30","","test_debtor_activation_get","",""
"Parametrized contract test generated from the Send API OpenAPI spec.

Schemathesis derives one test case per endpoint defined in the spec, generating
request data (path params, query params, body) that is valid according to the schema.
Each case is executed against the live API and the response is validated with
CONTRACT_CHECKS.

An additional assertion verifies that the Location header is present on 201 responses
from POST /rtps, as required by the spec.
","125347","test_send_api_contract[POST /gpd/message]","contract-tests.tests","2026-08-30","passed","2026-08-30","","test_api_send_rtp","",""
"","397","Get payees consents with invalid authorization returns 401","functional-tests.tests.service_registry","2026-08-30","passed","2026-08-30","","test_get_payees_consents","",""
"","2043","A debtor Service Provider tries to activates a debtor 2 times, failing the second attempt","bdd-tests","2026-08-30","passed","2026-08-30","Debtor_Activation","RTP","",""
"Test sending a CREATE operation message with an omocodia fiscal code via GPD message API","2488","A CREATE message with omocodia fiscal code is successfully sent through GPD message API","functional-tests.tests.process_messages_sender","2026-08-30","passed","2026-08-30","","test_RTP_process_sender","",""
"
Test RFC callback DS12P with CNCL status.

Flow:
1. Activate payer
2. Send an RTP via GPD message (CREATE VALID)
3. Cancel the RTP via GPD message (DELETE) → RTP to RFC_SENT
4. Send DS12P callback with CxlStsId CNCL (Cancelled As Per Request)
5. Verify callback is accepted (200)
6. Verify RTP status is CANCELLED
","2662","An RFC callback DS12P CNCL is successfully received and RTP status is CANCEL","functional-tests.tests.callbacks","2026-08-30","passed","2026-08-30","","test_RTP_callback_DS_12P","",""
"","1784","An RTP is sent through ICCREA API","functional-tests.tests.availability","2026-08-30","passed","2026-08-30","","test_availability_ICCREA","",""
"MOCKSP04 owns MOCKSP01 as well as its own spId; activation must be allowed on either.","903","A debtor is activated using a Service Provider ID the token subject owns but does not itself represent","functional-tests.tests.activation","2026-08-30","passed","2026-08-30","","test_debtor_activation_create","",""
"
Tests that sending an RTP payload with an expired date to the POSTE endpoint results in a 400 Bad Request response.

:param debtor_sp_mock_cert_key: Certificate and key tuple for mutual TLS authentication.
:type debtor_sp_mock_cert_key: Tuple[str, str]
","1435","Cannot send RTP with expired date","functional-tests.tests.availability","2026-08-30","failed","2026-08-30","","test_availability_POSTE","",""
"The ownership check fails the same way whether the target spId belongs to someone else
or doesn't exist in the registry at all - NOEXIT00 is not a real Service Provider ID.","427","Activation is forbidden with the same error code for a Service Provider ID absent from the registry","functional-tests.tests.activation","2026-08-30","passed","2026-08-30","","test_debtor_activation_create","",""
"Test sending an UPDATE operation message with different statuses via GPD message API after a CREATE","2161","An UPDATE message with status VALID after CREATE","functional-tests.tests.process_messages_sender","2026-08-30","passed","2026-08-30","","test_RTP_process_sender_UPDATE","",""
"Each entry in ``INVALID_PAYER_IDS`` (see dataset docstring) must be rejected with 400.","1044","The activation request must contain a validly formatted fiscal code","functional-tests.tests.activation","2026-08-30","passed","2026-08-30","","test_debtor_activation_create","",""
"","2164","RTP is successfully cancelled with reason PAID - V2","functional-tests.tests.cancel_rtp","2026-08-30","passed","2026-08-30","","test_RTP_cancel","",""
"","1461","An RTP sent when EPC response omits _links is in status ACCEPTED - through Web API","functional-tests.tests.send_rtp","2026-08-30","passed","2026-08-30","","test_RTP_send_MOCK","",""
"
Test v2 RFC callback DS12P with wrong certificate identity.

Flow:
1. Activate payer
2. Send an RTP via GPD message v2 (CREATE VALID)
3. Cancel the RTP via GPD message v2 (DELETE) -> RTP to RFC_SENT
4. Send DS12P callback with assignee_bic='FAKESP01' (doesn't match certificate identity)
5. Verify callback is rejected with 403 (certificate mismatch)
6. Verify RTP status is still RFC_SENT
","3252","Unauthorized v2 RFC callback due to wrong certificate serial","functional-tests.tests.callbacks_v2","2026-08-30","passed","2026-08-30","","test_RTP_callback_DS_12P_positive","",""
"The PSP synchronously rejects the cancellation request with 422 (per standard behaviour for the EPC 415 Unsupported Media Type scenario). The RTP then transitions to ERROR_CANCEL via ERROR_CANCEL_RTP.","2706","Cancelling an RTP - EPC v4 mock unhappy path scenario: epc_415","functional-tests.tests.cancel_rtp","2026-08-30","passed","2026-08-30","","test_RTP_cancel_MOCK_V2","",""
"DS_08N RJCT callback sent directly on a SENT RTP (no prior DS_05 ACTC callback).

The RTP is expected to transition from SENT to REJECTED.
","3278","A v2 RTP callback with status RJCT is successfully received","functional-tests.tests.callbacks_v2","2026-08-30","passed","2026-08-30","","test_RTP_callback_DS_08N_negative","",""
"Each entry in ``INVALID_PAYER_IDS`` must be rejected with 400.

The ``description`` parameter appears in pytest output to identify which
case failed without having to inspect the raw value.
","574","Querying activation status with an invalid payerId format returns 400","functional-tests.tests.activation","2026-08-30","failed","2026-08-30","","test_debtor_activation_payer_status","",""
"","3935","Failed callback for invalid RTP transition - DS-08P ACCP compliant","functional-tests.tests.callbacks","2026-08-30","passed","2026-08-30","","test_RTP_callback_DS_08","",""
"","2608","A v2 document RTP callback with status RJCT is successfully received","functional-tests.tests.callbacks_v2","2026-08-30","passed","2026-08-30","","test_RTP_callback_DS_document_rjct","",""
"","899","A debtor with VAT number is activated and retrieved by activation id","functional-tests.tests.activation","2026-08-30","passed","2026-08-30","","test_debtor_activation_get","",""
"","1455","RTP is successfully retrieved","functional-tests.tests.get_rtp","2026-08-30","passed","2026-08-30","","test_RTP_get","",""
"","425","Unauthorized request returns 401","functional-tests.tests.activation","2026-08-30","passed","2026-08-30","","test_debtor_activation_list","",""
"","881","A debtor activated with an owned but distinct Service Provider ID is retrieved by payer id","functional-tests.tests.activation","2026-08-30","passed","2026-08-30","","test_debtor_activation_get","",""
"Test the takeover flow where a user changes service provider","3308","Test Takeover Flow","functional-tests.tests.takeover","2026-08-30","passed","2026-08-30","","test_debtor_takeover","",""
"
Test v2 RFC callback DS12N with RJCR status.

Flow:
1. Activate payer
2. Send an RTP via GPD message v2 (CREATE VALID)
3. Cancel the RTP via GPD message v2 (DELETE) -> RTP to RFC_SENT
4. Send DS12N callback with CxlStsId RJCR (Rejected Cancellation Request)
5. Verify callback is accepted (200)
6. Verify RTP status is CANCELLED_REJECTED
","3243","A v2 RFC callback DS12N RJCR is successfully received and RTP status is CANCELLED_REJECTED","functional-tests.tests.callbacks_v2","2026-08-30","passed","2026-08-30","","test_RTP_callback_DS_12N_negative","",""
"Test sending a DELETE operation message via GPD message API after a standalone UPDATE (no prior CREATE)","1368","A DELETE message after standalone UPDATE PUBLISHED","functional-tests.tests.process_messages_sender","2026-08-30","passed","2026-08-30","","test_RTP_process_sender_DELETE","",""
"Each entry in ``INVALID_PAYER_IDS`` must be rejected with 400.

The ``description`` parameter appears in pytest output to identify which
case failed without having to inspect the raw value.
","428","Querying activation status with an invalid payerId format returns 400","functional-tests.tests.activation","2026-08-30","passed","2026-08-30","","test_debtor_activation_payer_status","",""
"Test sending an UPDATE operation message with different statuses via GPD message API after a CREATE","2050","An UPDATE message with status EXPIRED after CREATE","functional-tests.tests.process_messages_sender","2026-08-30","passed","2026-08-30","","test_RTP_process_sender_UPDATE","",""
"","420","Find by payer id request must contain lower case fiscal code","functional-tests.tests.activation","2026-08-30","passed","2026-08-30","","test_debtor_activation_create","",""
"No `Sts.Conf` confirmation is present (minimal JSON without Sts), so only CANCEL_RTP is triggered and the RTP stays in RFC_SENT.","2053","Cancelling an RTP - EPC v4 mock happy path scenario: minimal_json","functional-tests.tests.cancel_rtp","2026-08-30","passed","2026-08-30","","test_RTP_cancel_MOCK_V2","",""
"","472","Failed callback for non existing Service Provider - DS-08P compliant","functional-tests.tests.callbacks","2026-08-30","passed","2026-08-30","","test_RTP_callback_DS_08","",""
"Test sending a DELETE operation message via GPD message API after a CREATE VALID + UPDATE","1951","A DELETE message after CREATE VALID + UPDATE DRAFT","functional-tests.tests.process_messages_sender","2026-08-30","passed","2026-08-30","","test_RTP_process_sender_DELETE","",""
"
Test RFC callback DS12N with RJCR status applied twice on the same RTP.

Flow:
1. Activate payer
2. Send an RTP via GPD message (CREATE VALID)
3. Cancel the RTP via GPD message (DELETE) -> RTP to RFC_SENT
4. Send DS12N callback with CxlStsId RJCR (Rejected Cancellation Request) -> RTP to ERROR_CANCEL
5. Send the same DS12N RJCR callback again on the already transitioned RTP
6. Verify the second callback is rejected (400) since the transition is no longer valid
7. Verify RTP status remains ERROR_CANCEL
","3947","Failed RFC callback for invalid RTP transition - DS-12N RJCR compliant","functional-tests.tests.callbacks","2026-08-30","passed","2026-08-30","","test_RTP_callback_DS_12N","",""
"Test sending an UPDATE operation message with different statuses via GPD message API after a CREATE","2091","An UPDATE message with status INVALID after CREATE","functional-tests.tests.process_messages_sender","2026-08-30","passed","2026-08-30","","test_RTP_process_sender_UPDATE","",""
"Test sending a CREATE operation message with different statuses via GPD message API","929","A CREATE message with status DRAFT","functional-tests.tests.process_messages_sender","2026-08-30","passed","2026-08-30","","test_RTP_process_sender_CREATE","",""
"Test that takeover fails when the service provider is unauthenticated","1293","Test Takeover Fails with Unauthenticated SP","functional-tests.tests.takeover","2026-08-30","passed","2026-08-30","","test_debtor_takeover","",""
"","1936","Cannot send RTP with expired date","functional-tests.tests.availability","2026-08-30","passed","2026-08-30","","test_availability_CBI","",""
"Each entry in ``INVALID_PAYER_IDS`` (see dataset docstring) must be rejected with 400.","477","The activation request must contain a validly formatted fiscal code","functional-tests.tests.activation","2026-08-30","passed","2026-08-30","","test_debtor_activation_create","",""
"Test sending an UPDATE after CREATE VALID + DELETE with different statuses","1931","An UPDATE message with status PAID after CREATE VALID and DELETE","functional-tests.tests.process_messages_sender","2026-08-30","passed","2026-08-30","","test_RTP_process_sender_UPDATE","",""
"","1105","SP_ACTIVATIONS_READ_ALL can retrieve activation by Activation ID created by SP_A","functional-tests.tests.activation","2026-08-30","passed","2026-08-30","","test_RTP_activation_security","",""
"
Test v2 RFC callback DS12P with CNCL status applied twice on the same RTP.

Flow:
1. Activate payer
2. Send an RTP via GPD message v2 (CREATE VALID)
3. Cancel the RTP via GPD message v2 (DELETE) -> RTP to RFC_SENT
4. Send DS12P callback with CxlStsId CNCL (Cancelled As Per Request) -> RTP to CANCELLED
5. Send the same DS12P CNCL callback again on the already cancelled RTP
6. Verify the second callback is rejected (400) since the transition is no longer valid
7. Verify RTP status remains CANCELLED
","4020","Failed v2 RFC callback for invalid RTP transition - DS-12P positive compliant","functional-tests.tests.callbacks_v2","2026-08-30","passed","2026-08-30","","test_RTP_callback_DS_12P_positive","",""
"
Test RFC callback DS12N with INVALID status, cancel via REST Web API.

Flow:
1. Activate payer
2. Send an RTP via GPD message (CREATE VALID)
3. Cancel the RTP via REST cancel endpoint with cancel_reason → RTP to RFC_SENT
4. Send DS12N callback with CxlStsId INVALID
5. Verify callback is rejected with 400
6. Verify RTP status is still RFC_SENT
","2389","An RFC callback DS12N INVALID is rejected with 400 - through Web API cancel","functional-tests.tests.callbacks","2026-08-30","passed","2026-08-30","","test_RTP_callback_DS_12N","",""
"
Given a debtor is activated and a GPD message (CREATE) is sent via POST /gpd/message,
when the rtp-sender processes it and the RTP reaches status SENT,
when the payee queries the delivery-status endpoint with the correct noticeNumber
(nav) and payeeId (ec_tax_code),
then the response body must contain status=PD_RTP_DELIVERED, a non-null processingDate
in ISO 8601 format, and processingDate must match the SEND_RTP event timestamp from
the GPD message response (truncated to millisecond precision).
","6502","GPD message sent → RTP SENT → PD_RTP_DELIVERED with processingDate","functional-tests.tests.get_rtp","2026-08-30","passed","2026-08-30","","test_RTP_get_delivery_status","",""
"Payer activated under SP A queried by SP A → isActive must be true.","927","An active payer returns isActive true for the same Service Provider","functional-tests.tests.activation","2026-08-30","passed","2026-08-30","","test_debtor_activation_payer_status","",""
"Test sending an UPDATE operation message with different statuses via GPD message API before a CREATE","908","An UPDATE message with status INVALID before CREATE","functional-tests.tests.process_messages_sender","2026-08-30","passed","2026-08-30","","test_RTP_process_sender_UPDATE_before_CREATE","",""
"Payer that has never been activated → isActive must be false.","432","test_get_activation_status_not_active_payer","functional-tests.tests.activation","2026-08-30","passed","2026-08-30","","test_debtor_activation_payer_status","",""
"
DS_05 ACTC callback sent with the Version header must be rejected with 400.
The RTP must remain in SENT (transition to ACCEPTED must not happen).

Flow:
1. Activate payer and send an RTP → resource_id
2. Build a valid DS_05 ACTC payload referencing the RTP
3. POST to callback endpoint WITH Version header
4. Verify 400 is returned with the expected error body
5. Verify RTP status is still SENT
","1876","DS_05 ACTC callback with Version header returns 400","functional-tests.tests.callbacks","2026-08-30","passed","2026-08-30","","test_RTP_callback_with_version_header","",""
"Test sending an UPDATE after CREATE VALID + DELETE with different statuses","1916","An UPDATE message with status VALID after CREATE VALID and DELETE","functional-tests.tests.process_messages_sender","2026-08-30","passed","2026-08-30","","test_RTP_process_sender_UPDATE","",""
"","1129","Whitespaces is allowed in description and company name field","ux-tests.tests","2026-08-30","passed","2026-08-30","","test_RTP_submission_v4","",""
"","450","Get payees consents with wrong token type returns 403","functional-tests.tests.service_registry","2026-08-30","passed","2026-08-30","","test_get_payees_consents","",""
"","1016","An RTP is sent to Poste service with activated fiscal code - through Web API V2","functional-tests.tests.send_rtp","2026-08-30","failed","2026-08-30","","test_RTP_send_POSTE","",""
"
Send the same CREATE VALID message twice.

Because send_gpd_message derives the Idempotency-Key deterministically from
the message id (msg_id), reusing the same payload reuses the same key.

Expectations:
- Both calls return HTTP 200 (idempotent, not an error).
- The resourceId in both responses is identical, proving the API returned
  the cached response and did not process the message twice.
- Querying by notice number returns exactly one RTP, confirming that only
  one record was written to the database.
","3043","Two CREATE VALID messages with the same Idempotency-Key both succeed but only one RTP is stored","functional-tests.tests.process_messages_sender","2026-08-30","passed","2026-08-30","","test_RTP_process_sender_IDEMPOTENCY","",""
"","453","Get payees consents with extreme page size returns 400","functional-tests.tests.service_registry","2026-08-30","passed","2026-08-30","","test_get_payees_consents","",""
"Test sending a DELETE operation message via GPD message API after a CREATE","1368","A DELETE message after CREATE PAID","functional-tests.tests.process_messages_sender","2026-08-30","passed","2026-08-30","","test_RTP_process_sender_DELETE","",""
"An EPC response containing fields not declared in the OpenAPI spec is treated as an invalid message and is NOT tolerated for accept/reject purposes (confirmed with rtp-sender-v2 maintainers, PR #26). The extra `invalid-field` property invalidates the whole response, so the CNCL confirmation is not processed and the RTP stays in RFC_SENT.","2170","Cancelling an RTP - EPC v4 mock unhappy path scenario: cncl_extra_field","functional-tests.tests.cancel_rtp","2026-08-30","passed","2026-08-30","","test_RTP_cancel_MOCK_V2","",""
"
Test RFC callback DS12P with INVALID status, cancel via REST Web API.

Flow:
1. Activate payer
2. Send an RTP via GPD message (CREATE VALID)
3. Cancel the RTP via REST cancel endpoint with cancel_reason → RTP to RFC_SENT
4. Send DS12P callback with CxlStsId INVALID
5. Verify callback is rejected with 400
6. Verify RTP status is still RFC_SENT
","2419","An RFC callback DS12P INVALID is rejected with 400 - through Web API cancel","functional-tests.tests.callbacks","2026-08-30","passed","2026-08-30","","test_RTP_callback_DS_12P","",""
"","2334","An RTP callback with status ACWC is successfully received","functional-tests.tests.callbacks","2026-08-30","passed","2026-08-30","","test_RTP_callback_DS_08","",""
"
Test RFC callback DS12N with RJCR status, cancel triggered via REST Web API with explicit reason.

Flow:
1. Activate payer
2. Send an RTP via GPD message (CREATE VALID)
3. Cancel the RTP via REST cancel endpoint with cancel_reason → RTP to RFC_SENT
4. Send DS12N callback with CxlStsId RJCR (Rejected Cancellation Request)
5. Verify callback is accepted (200)
6. Verify RTP status is ERROR_CANCEL
","3099","An RFC callback DS12N RJCR is successfully received and RTP status is ERROR_CANCEL - through Web API cancel","functional-tests.tests.callbacks","2026-08-30","passed","2026-08-30","","test_RTP_callback_DS_12N","",""
"","3594","An RTP callback is successfully received","functional-tests.tests.callbacks","2026-08-30","passed","2026-08-30","","test_RTP_callback_DS_04","",""
"Each entry in ``INVALID_PAYER_IDS`` must be rejected with 400.

The ``description`` parameter appears in pytest output to identify which
case failed without having to inspect the raw value.
","538","Querying activation status with an invalid payerId format returns 400","functional-tests.tests.activation","2026-08-30","passed","2026-08-30","","test_debtor_activation_payer_status","",""
"","418","Retrieving activation with malformed payer id returns 400","functional-tests.tests.activation","2026-08-30","passed","2026-08-30","","test_debtor_activation_get","",""
"Takeover without a previously issued OTP should fail","890","Test Takeover Fails without Prior OTP","functional-tests.tests.takeover","2026-08-30","passed","2026-08-30","","test_debtor_takeover","",""
"","2521","An RTP callback with status REJECTED is successfully received","functional-tests.tests.callbacks","2026-08-30","passed","2026-08-30","","test_RTP_callback_DS_08","",""
"An EPC response containing fields not declared in the OpenAPI spec is treated as an invalid message and is NOT tolerated for accept/reject purposes (confirmed with rtp-sender-v2 maintainers, PR #26). The extra `invalid-field` property invalidates the whole response, so the RJCR confirmation is not processed and the RTP stays in RFC_SENT.","2040","Cancelling an RTP - EPC v4 mock unhappy path scenario: rjcr_extra_field","functional-tests.tests.cancel_rtp","2026-08-30","passed","2026-08-30","","test_RTP_cancel_MOCK_V2","",""
"Test sending an UPDATE operation message with different statuses via GPD message API before a CREATE","1008","An UPDATE message with status VALID before CREATE","functional-tests.tests.process_messages_sender","2026-08-30","passed","2026-08-30","","test_RTP_process_sender_UPDATE_before_CREATE","",""
"","875","Find by payer id returns 404 when the token subject does not own the activation's Service Provider ID","functional-tests.tests.activation","2026-08-30","passed","2026-08-30","","test_debtor_activation_get","",""
"","433","Get payees consents with invalid consent value returns 400","functional-tests.tests.service_registry","2026-08-30","passed","2026-08-30","","test_get_payees_consents","",""
"","1949","Unauthorized callback due to wrong certificate serial","functional-tests.tests.callbacks_v2","2026-08-30","passed","2026-08-30","","test_RTP_callback_DS_08P_positive","",""
"
Test RFC callback DS12P with non-existing service provider, cancel via REST Web API.

Flow:
1. Activate payer
2. Send an RTP via GPD message (CREATE VALID)
3. Cancel the RTP via REST cancel endpoint with cancel_reason → RTP to RFC_SENT
4. Send DS12P callback with non-existing BIC (MOCKSP99)
5. Verify callback is rejected with 400 (service provider not found)
","1908","Failed RFC callback for non existing Service Provider - DS-12P CNCL compliant - through Web API cancel","functional-tests.tests.callbacks","2026-08-30","passed","2026-08-30","","test_RTP_callback_DS_12P","",""
"","428","The service returns the mocked server error","functional-tests.tests.availability","2026-08-30","passed","2026-08-30","","test_availability_MOCK","",""
"","457","Failed callback for non existing Service Provider - DS-04b compliant","functional-tests.tests.callbacks","2026-08-30","passed","2026-08-30","","test_RTP_callback_DS_04","",""
"","1","A Service Provider is authenticated","functional-tests.tests.auth","2026-08-30","passed","2026-08-30","","test_auth","",""
"","982","Sending an RTP when EPC returns a malformed/invalid response body returns 500 - through Web API","functional-tests.tests.send_rtp","2026-08-30","passed","2026-08-30","","test_RTP_send_MOCK","",""
"Each entry in ``INVALID_PAYER_IDS`` must be rejected with 400.

The ``description`` parameter appears in pytest output to identify which
case failed without having to inspect the raw value.
","420","Querying activation status with an invalid payerId format returns 400","functional-tests.tests.activation","2026-08-30","passed","2026-08-30","","test_debtor_activation_payer_status","",""
"","4115","Failed callback for non existing Service Provider - DS-document RJCT compliant","functional-tests.tests.callbacks_v2","2026-08-30","passed","2026-08-30","","test_RTP_callback_DS_document_rjct","",""
"Test sending an UPDATE operation message with different statuses via GPD message API after a CREATE","2250","An UPDATE message with status DRAFT after CREATE","functional-tests.tests.process_messages_sender","2026-08-30","passed","2026-08-30","","test_RTP_process_sender_UPDATE","",""
"","913","A debtor with foreign fiscal code is activated successfully","functional-tests.tests.activation","2026-08-30","passed","2026-08-30","","test_debtor_activation_create","",""
"","2077","An RTP sent with synchronous rejection is in status REJECTED - DS-08P N - through Web API V2","functional-tests.tests.send_rtp","2026-08-30","passed","2026-08-30","","test_RTP_send_MOCK","",""
"","1760","Cannot send RTP with invalid amount","functional-tests.tests.availability","2026-08-30","passed","2026-08-30","","test_availability_CBI","",""
"","1047","A debtor is activated by an authenticated service provider","functional-tests.tests.activation","2026-08-30","passed","2026-08-30","","test_debtor_activation_create","",""
"Each entry in ``INVALID_PAYER_IDS`` (see dataset docstring) must be rejected with 400.","453","The activation request must contain a validly formatted fiscal code","functional-tests.tests.activation","2026-08-30","passed","2026-08-30","","test_debtor_activation_create","",""
"The response cannot be parsed as a cancellation confirmation (malformed, unquoted string), so the RTP stays in RFC_SENT rather than erroring out.","2131","Cancelling an RTP - EPC v4 mock unhappy path scenario: malformed_string","functional-tests.tests.cancel_rtp","2026-08-30","passed","2026-08-30","","test_RTP_cancel_MOCK_V2","",""
"
Test RFC callback DS12P with CNCL status, cancel triggered via REST Web API with explicit reason.

Flow:
1. Activate payer
2. Send an RTP via GPD message (CREATE VALID)
3. Cancel the RTP via REST cancel endpoint with cancel_reason → RTP to RFC_SENT
4. Send DS12P callback with CxlStsId CNCL (Cancelled As Per Request)
5. Verify callback is accepted (200)
6. Verify RTP status is CANCELLED
","2447","An RFC callback DS12P CNCL is successfully received and RTP status is CANCEL - through Web API cancel","functional-tests.tests.callbacks","2026-08-30","passed","2026-08-30","","test_RTP_callback_DS_12P","",""
"","2041","An RTP sent with synchronous rejection containing extra fields results in status REJECTED - through Web API","functional-tests.tests.send_rtp","2026-08-30","passed","2026-08-30","","test_RTP_send_MOCK","",""
"Each entry in ``INVALID_PAYER_IDS`` (see dataset docstring) must be rejected with 400.","419","The activation request must contain a validly formatted fiscal code","functional-tests.tests.activation","2026-08-30","passed","2026-08-30","","test_debtor_activation_create","",""
"Test sending a DELETE operation message via GPD message API after a CREATE","1462","A DELETE message after CREATE EXPIRED","functional-tests.tests.process_messages_sender","2026-08-30","passed","2026-08-30","","test_RTP_process_sender_DELETE","",""
"Test sending a DELETE operation message via GPD message API after a CREATE VALID + UPDATE","1902","A DELETE message after CREATE VALID + UPDATE INVALID","functional-tests.tests.process_messages_sender","2026-08-30","passed","2026-08-30","","test_RTP_process_sender_DELETE","",""
"","3132","A v2 document RTP callback with invalid status is rejected without affecting the RTP status","functional-tests.tests.callbacks_v2","2026-08-30","passed","2026-08-30","","test_RTP_callback_DS_document_rjct","",""
"","448","Retrieving non-existent activation by payer id returns 404","functional-tests.tests.activation","2026-08-30","passed","2026-08-30","","test_debtor_activation_get","",""
"","2129","Failed callback for non existing Service Provider - DS-05 redirect compliant","functional-tests.tests.callbacks_v2","2026-08-30","passed","2026-08-30","","test_RTP_callback_DS_05_redirect","",""
"Test sending a DELETE operation message via GPD message API after a CREATE","1371","A DELETE message after CREATE PUBLISHED","functional-tests.tests.process_messages_sender","2026-08-30","passed","2026-08-30","","test_RTP_process_sender_DELETE","",""
"Test sending a DELETE operation message via GPD message API after a CREATE","1374","A DELETE message after CREATE INVALID","functional-tests.tests.process_messages_sender","2026-08-30","passed","2026-08-30","","test_RTP_process_sender_DELETE","",""
"","1827","RTP form is filled and submitted","ux-tests.tests","2026-08-30","passed","2026-08-30","","test_RTP_submission_v3","",""
"","425","Missing Version header returns 200","functional-tests.tests.activation","2026-08-30","passed","2026-08-30","","test_debtor_activation_list","",""
"","1955","An RTP sent with synchronous rejection containing extra fields results in status REJECTED","functional-tests.tests.send_rtp","2026-08-30","passed","2026-08-30","","test_RTP_send_MOCK","",""
"Test sending an UPDATE after CREATE VALID + DELETE with different statuses","1973","An UPDATE message with status DRAFT after CREATE VALID and DELETE","functional-tests.tests.process_messages_sender","2026-08-30","passed","2026-08-30","","test_RTP_process_sender_UPDATE","",""
"","2871","An RTP callback is successfully received with status ACCP","functional-tests.tests.callbacks","2026-08-30","passed","2026-08-30","","test_RTP_callback_DS_08","",""
"Each entry in ``INVALID_PAYER_IDS`` must be rejected with 400.

The ``description`` parameter appears in pytest output to identify which
case failed without having to inspect the raw value.
","579","Querying activation status with an invalid payerId format returns 400","functional-tests.tests.activation","2026-08-30","passed","2026-08-30","","test_debtor_activation_payer_status","",""
"","1036","An RTP is sent through API - through Web API V2","functional-tests.tests.send_rtp","2026-08-30","passed","2026-08-30","","test_RTP_send_MOCK","",""
"","468","RTP cancellation fails if resource ID does not exist - V2","functional-tests.tests.cancel_rtp","2026-08-30","passed","2026-08-30","","test_RTP_cancel","",""
"","931","Sending a GPD message with null id returns 400","functional-tests.tests.send_rtp","2026-08-30","passed","2026-08-30","","test_RTP_send_MOCK","",""
"
Test RFC callback DS12P with INVALID status.

Flow:
1. Activate payer
2. Send an RTP via GPD message (CREATE VALID)
3. Cancel the RTP via GPD message (DELETE) → RTP to RFC_SENT
4. Send DS12P callback with CxlStsId INVALID
5. Verify callback is rejected with 400
6. Verify RTP status is still RFC_SENT
","3031","An RFC callback DS12P INVALID is rejected with 400","functional-tests.tests.callbacks","2026-08-30","passed","2026-08-30","","test_RTP_callback_DS_12P","",""
"","462","A Service Provider with invalid client ID is not authenticated on Keycloak","functional-tests.tests.auth","2026-08-30","passed","2026-08-30","","test_auth","",""
"","2823","Failed v2 redirect callback for invalid RTP transition - DS-05 ACTC compliant","functional-tests.tests.callbacks_v2","2026-08-30","passed","2026-08-30","","test_RTP_callback_DS_05_redirect","",""
"","2083","An authenticated Service Provider cannot send an RTP to an activated debtor","bdd-tests","2026-08-30","passed","2026-08-30","RTP_Sending","RTP","",""
"
Test RFC callback DS12P with wrong certificate identity.

Flow:
1. Activate payer
2. Send an RTP via GPD message (CREATE VALID)
3. Cancel the RTP via GPD message (DELETE) → RTP to RFC_SENT
4. Send DS12P callback with assignee_bic='FAKESP01' (doesn't match certificate identity MOCKSP04)
5. Verify callback is rejected with 403 (certificate mismatch)
","1937","Unauthorized RFC callback due to wrong certificate serial","functional-tests.tests.callbacks","2026-08-30","passed","2026-08-30","","test_RTP_callback_DS_12P","",""
"
Test RFC callback DS12P with non-existing service provider.

Flow:
1. Activate payer
2. Send an RTP via GPD message (CREATE VALID)
3. Cancel the RTP via GPD message (DELETE) → RTP to RFC_SENT
4. Send DS12P callback with non-existing BIC (MOCKSP99)
5. Verify callback is rejected with 400 (service provider not found)
","1957","Failed RFC callback for non existing Service Provider - DS-12P CNCL compliant","functional-tests.tests.callbacks","2026-08-30","passed","2026-08-30","","test_RTP_callback_DS_12P","",""
"","2016","An RTP sent with synchronous rejection and missing _links results in status REJECTED - through Web API V2","functional-tests.tests.send_rtp","2026-08-30","passed","2026-08-30","","test_RTP_send_MOCK","",""
"UPDATE PAID with psp_tax_code=None (invalid PSP) results in RTP state RFC_SENT","1473","An UPDATE PAID message with an invalid PSP results in RFC_SENT state","functional-tests.tests.process_messages_sender","2026-08-30","passed","2026-08-30","","test_RTP_process_sender_UPDATE","",""
"","1482","An RTP sent with synchronous rejection containing extra fields results in status SENT - through Web API V2","functional-tests.tests.send_rtp","2026-08-30","passed","2026-08-30","","test_RTP_send_MOCK","",""
"","446","Retrieving activation with invalid UUID returns 400","functional-tests.tests.activation","2026-08-30","passed","2026-08-30","","test_debtor_activation_get","",""
"","473","Unauthorized callback due to wrong certificate serial","functional-tests.tests.callbacks","2026-08-30","passed","2026-08-30","","test_RTP_callback_DS_04","",""
"","1929","An RTP sent when EPC response omits _links is in status ACCEPTED - through Web API V2","functional-tests.tests.send_rtp","2026-08-30","passed","2026-08-30","","test_RTP_send_MOCK","",""
"
DS_12P CNCL RFC callback sent with the Version header must be rejected with 400.
The RTP must remain in RFC_SENT (transition to CANCELLED must not happen).

Flow:
1. Activate payer, send RTP, trigger cancel via GPD DELETE → RFC_SENT
2. Build a valid DS_12P CNCL payload
3. POST to RFC callback endpoint WITH Version header
4. Verify 400 is returned with the expected error body
5. Verify RTP status is still RFC_SENT
","2328","DS_12P CNCL RFC callback with Version header returns 400","functional-tests.tests.callbacks","2026-08-30","passed","2026-08-30","","test_RTP_callback_with_version_header","",""
"Each entry in ``INVALID_PAYER_IDS`` (see dataset docstring) must be rejected with 400.","428","The activation request must contain a validly formatted fiscal code","functional-tests.tests.activation","2026-08-30","passed","2026-08-30","","test_debtor_activation_create","",""
"","2040","An RTP sent with synchronous rejection is in status REJECTED - DS-08P N - through Web API","functional-tests.tests.send_rtp","2026-08-30","passed","2026-08-30","","test_RTP_send_MOCK","",""
"Test sending a CREATE operation message with different statuses via GPD message API","924","A CREATE message with status EXPIRED","functional-tests.tests.process_messages_sender","2026-08-30","passed","2026-08-30","","test_RTP_process_sender_CREATE","",""
"
Test v2 RFC callback DS12P with non-existing service provider.

Flow:
1. Activate payer
2. Send an RTP via GPD message v2 (CREATE VALID)
3. Cancel the RTP via GPD message v2 (DELETE) -> RTP to RFC_SENT
4. Send DS12P callback with non-existing BIC (MOCKSP99)
5. Verify callback is rejected with 400 (service provider not found)
6. Verify RTP status is still RFC_SENT
","3009","Failed v2 RFC callback for non existing Service Provider - DS-12P positive compliant","functional-tests.tests.callbacks_v2","2026-08-30","passed","2026-08-30","","test_RTP_callback_DS_12P_positive","",""
"The PSP synchronously rejects the cancellation request with 422 (per standard behaviour for the EPC 404 Not Found scenario). The RTP then transitions to ERROR_CANCEL via ERROR_CANCEL_RTP.","3196","Cancelling an RTP - EPC v4 mock unhappy path scenario: epc_404","functional-tests.tests.cancel_rtp","2026-08-30","passed","2026-08-30","","test_RTP_cancel_MOCK_V2","",""
"Payer activated then deactivated by SP A → isActive must be false.","1381","A deactivated payer returns isActive false","functional-tests.tests.activation","2026-08-30","passed","2026-08-30","","test_debtor_activation_payer_status","",""
"Test sending an UPDATE after CREATE VALID + DELETE with different statuses","1938","An UPDATE message with status PUBLISHED after CREATE VALID and DELETE","functional-tests.tests.process_messages_sender","2026-08-30","passed","2026-08-30","","test_RTP_process_sender_UPDATE","",""
"","452","The activation request must contain a validly formatted Service Provider ID","functional-tests.tests.activation","2026-08-30","passed","2026-08-30","","test_debtor_activation_create","",""
"","927","A debtor is activated and retrieved by activation id","functional-tests.tests.activation","2026-08-30","passed","2026-08-30","","test_debtor_activation_get","",""
"","1960","An RTP sent with synchronous rejection and missing _links results in status REJECTED","functional-tests.tests.send_rtp","2026-08-30","passed","2026-08-30","","test_RTP_send_MOCK","",""
"Parametrized contract test generated from the Activation API OpenAPI spec.

Schemathesis derives one test case per endpoint defined in the spec, generating
request data (path params, query params, body) that is valid according to the schema.
Each case is executed against the live API and the response is validated with
CONTRACT_CHECKS.
","58271","test_activation_contract[GET /activations/payer]","contract-tests.tests","2026-08-30","passed","2026-08-30","","test_activation","",""
"","448","Invalid NextActivationId format returns 400","functional-tests.tests.activation","2026-08-30","passed","2026-08-30","","test_debtor_activation_list","",""
"Each entry in ``INVALID_PAYER_IDS`` must be rejected with 400.

The ``description`` parameter appears in pytest output to identify which
case failed without having to inspect the raw value.
","428","Querying activation status with an invalid payerId format returns 400","functional-tests.tests.activation","2026-08-30","passed","2026-08-30","","test_debtor_activation_payer_status","",""
"Test sending an UPDATE after CREATE VALID + DELETE with different statuses","2011","An UPDATE message with status INVALID after CREATE VALID and DELETE","functional-tests.tests.process_messages_sender","2026-08-30","passed","2026-08-30","","test_RTP_process_sender_UPDATE","",""
"
DS_08P ACCP callback sent with the Version header must be rejected with 400.
The RTP must remain in ACCEPTED (transition to USER_ACCEPTED must not happen).

Flow:
1. Activate payer, send RTP, advance to ACCEPTED via DS_05 (without header)
2. Build a valid DS_08P ACCP payload
3. POST WITH Version header
4. Verify 400 is returned with the expected error body
5. Verify RTP status is still ACCEPTED
","3791","DS_08P ACCP callback with Version header returns 400","functional-tests.tests.callbacks","2026-08-30","passed","2026-08-30","","test_RTP_callback_with_version_header","",""
"Test sending a CREATE operation message with different statuses via GPD message API","915","A CREATE message with status INVALID","functional-tests.tests.process_messages_sender","2026-08-30","passed","2026-08-30","","test_RTP_process_sender_CREATE","",""
"
Test RFC callback DS12P with INVALID status, cancel via REST Web API.

Flow:
1. Activate payer
2. Send an RTP via GPD message (CREATE VALID)
3. Cancel the RTP via REST cancel endpoint with cancel_reason → RTP to RFC_SENT
4. Send DS12P callback with CxlStsId INVALID
5. Verify callback is rejected with 400
6. Verify RTP status is still RFC_SENT
","2404","An RFC callback DS12P INVALID is rejected with 400 - through Web API cancel","functional-tests.tests.callbacks","2026-08-30","passed","2026-08-30","","test_RTP_callback_DS_12P","",""
"UPDATE VALID before any CREATE creates a new RTP; the RTP must be retrievable from the database","2605","An UPDATE VALID before CREATE creates the RTP in the database","functional-tests.tests.process_messages_sender","2026-08-30","passed","2026-08-30","","test_RTP_process_sender_UPDATE_before_CREATE","",""
"Test sending a DELETE operation message via GPD message API after a standalone UPDATE (no prior CREATE)","1380","A DELETE message after standalone UPDATE DRAFT","functional-tests.tests.process_messages_sender","2026-08-30","passed","2026-08-30","","test_RTP_process_sender_DELETE","",""
"Empty OTP should be rejected","498","Test Takeover Fails with Empty OTP","functional-tests.tests.takeover","2026-08-30","passed","2026-08-30","","test_debtor_takeover","",""
"","790","The RTP web page is reachable","functional-tests.tests.availability","2026-08-30","passed","2026-08-30","","test_availability_RTP_webform","",""
"
Verify that a debt position can be created and published successfully.
","1214","Happy path: a debt position is created and published in DEV environment","functional-tests.tests.gpd_availability","2026-08-30","passed","2026-08-30","","test_availability_GPD","",""
"","1479","RTP cancellation fails with an invalid reason","functional-tests.tests.cancel_rtp","2026-08-30","passed","2026-08-30","","test_RTP_cancel","",""
"","446","Get payees with invalid authorization","functional-tests.tests.service_registry","2026-08-30","passed","2026-08-30","","test_service_registry_payees_registry","",""
"","899","A debtor cannot be activated more than once by the same service provider","functional-tests.tests.activation","2026-08-30","passed","2026-08-30","","test_debtor_activation_create","",""
"MOCKSP04 owns both its own spId and MOCKSP01; redeeming an OTP scoped to MOCKSP01 must
assign MOCKSP01 to the new activation, not MOCKSP04 (the redeemer's own tspId).","2875","Test Takeover Redemption Assigns the OTP's Owned Service Provider ID","functional-tests.tests.takeover","2026-08-30","passed","2026-08-30","","test_debtor_takeover","",""
"","1","Successful login","bdd-tests","2026-08-30","passed","2026-08-30","RTP_Web_Sending","RTP","",""
"","2395","A debtor Service Provider activates a debtor","bdd-tests","2026-08-30","passed","2026-08-30","Debtor_Activation","RTP","",""
"
Verify that a debt position can be created and published successfully.
","514","Happy path: a debt position is created and published in UAT environment","functional-tests.tests.gpd_availability","2026-08-30","passed","2026-08-30","","test_availability_GPD","",""
"
Test RFC callback DS12P with CNCL status, cancel triggered via REST Web API with explicit reason.

Flow:
1. Activate payer
2. Send an RTP via GPD message (CREATE VALID)
3. Cancel the RTP via REST cancel endpoint with cancel_reason → RTP to RFC_SENT
4. Send DS12P callback with CxlStsId CNCL (Cancelled As Per Request)
5. Verify callback is accepted (200)
6. Verify RTP status is CANCELLED
","2394","An RFC callback DS12P CNCL is successfully received and RTP status is CANCEL - through Web API cancel","functional-tests.tests.callbacks","2026-08-30","passed","2026-08-30","","test_RTP_callback_DS_12P","",""
"
Test RFC callback DS12N with non-existing service provider.

Flow:
1. Activate payer
2. Send an RTP via GPD message (CREATE VALID)
3. Cancel the RTP via GPD message (DELETE) → RTP to RFC_SENT
4. Send DS12N callback with non-existing BIC (MOCKSP99)
5. Verify callback is rejected with 400 (service provider not found)
","2504","Failed RFC callback for non existing Service Provider - DS-12N RJCR compliant","functional-tests.tests.callbacks","2026-08-30","passed","2026-08-30","","test_RTP_callback_DS_12N","",""
"","1882","An RTP callback is received with invalid status","functional-tests.tests.callbacks","2026-08-30","passed","2026-08-30","","test_RTP_callback_DS_08","",""
"
Payer activated under SP A.
- SP B (read_rtp_activations): isActive must be false - privacy rule hides cross-SP activation.
- Admin (read_rtp_all): isActive must be true - role grants visibility across all SPs.
Same payer, same endpoint, different roles → different results.
","1328","read_rtp_all role returns isActive true while read_rtp_activations returns false for the same cross-SP payer","functional-tests.tests.activation","2026-08-30","passed","2026-08-30","","test_debtor_activation_payer_status","",""
"","5979","RTP form is filled and submitted","ux-tests.tests","2026-08-30","passed","2026-08-30","","test_RTP_cancel_v3","",""
"","678","Get list of service providers successfully","functional-tests.tests.service_registry","2026-08-30","passed","2026-08-30","","test_service_registry_service_providers","",""
"Each entry in ``INVALID_PAYER_IDS`` (see dataset docstring) must be rejected with 400.","420","The activation request must contain a validly formatted fiscal code","functional-tests.tests.activation","2026-08-30","passed","2026-08-30","","test_debtor_activation_create","",""
"","3416","Failed v2 document callback for invalid RTP transition - DS-document RJCT compliant","functional-tests.tests.callbacks_v2","2026-08-30","passed","2026-08-30","","test_RTP_callback_DS_document_rjct","",""
"Same privacy rule as the cross-SP case: no explicit error, isActive is just false.","889","Get payer status returns isActive false when the token subject does not own the activation's Service Provider ID","functional-tests.tests.activation","2026-08-30","passed","2026-08-30","","test_debtor_activation_payer_status","",""
"The response body is not a recognizable cancellation confirmation (quoted plain string), so the RTP stays in RFC_SENT.","2058","Cancelling an RTP - EPC v4 mock happy path scenario: plain_string","functional-tests.tests.cancel_rtp","2026-08-30","passed","2026-08-30","","test_RTP_cancel_MOCK_V2","",""
"Active payer with a foreign-country fiscal code (Z + 3 digits municipality) → isActive must be true.","913","An active payer with foreign fiscal code returns isActive true","functional-tests.tests.activation","2026-08-30","passed","2026-08-30","","test_debtor_activation_payer_status","",""
"
Tests sending an RTP payload to the POSTE endpoint with valid data and authentication.

:param debtor_sp_mock_cert_key: Certificate and key tuple for mutual TLS authentication.
:type debtor_sp_mock_cert_key: Tuple[str, str]
","1231","An RTP is sent through POSTE API","functional-tests.tests.availability","2026-08-30","passed","2026-08-30","","test_availability_POSTE","",""
"","1511","An RTP sent when EPC response contains an unknown field is ignored and remains in status SENT - through Web API V2","functional-tests.tests.send_rtp","2026-08-30","passed","2026-08-30","","test_RTP_send_MOCK","",""
"","2450","A v2 RTP callback with invalid status is rejected without affecting the RTP status","functional-tests.tests.callbacks_v2","2026-08-30","passed","2026-08-30","","test_RTP_callback_DS_08P_positive","",""
"","426","Invalid pagination parameters returns 400","functional-tests.tests.activation","2026-08-30","passed","2026-08-30","","test_debtor_activation_list","",""
"
Given an RTP is sent successfully (status SENT) for a given noticeNumber + payeeId,
when the payee queries the delivery-status endpoint with the correct noticeNumber
but a different payeeId,
then the response must be HTTP 200 with status=PD_RTP_NOT_DELIVERED, verifying
that the endpoint filters on both fields.
","6443","Existing noticeNumber with wrong payeeId → PD_RTP_NOT_DELIVERED","functional-tests.tests.get_rtp","2026-08-30","passed","2026-08-30","","test_RTP_get_delivery_status","",""
"","479","A debtor service provider fails activation due to wrong service provider id","functional-tests.tests.activation","2026-08-30","passed","2026-08-30","","test_debtor_activation_list","",""
"The PSP synchronously rejects the cancellation request with 422 (per standard behaviour for the EPC 429 Too Many Requests scenario). The RTP then transitions to ERROR_CANCEL via ERROR_CANCEL_RTP.","12010","Cancelling an RTP - EPC v4 mock unhappy path scenario: epc_429","functional-tests.tests.cancel_rtp","2026-08-30","passed","2026-08-30","","test_RTP_cancel_MOCK_V2","",""
"","2952","DS_12N negative RFC v2 callback with Version header returns 400","functional-tests.tests.callbacks_v2","2026-08-30","passed","2026-08-30","","test_RTP_callback_with_version_header","",""
"","848","An RTP is sent to ICCREA service with activated fiscal code","functional-tests.tests.send_rtp","2026-08-30","passed","2026-08-30","","test_RTP_send_ICCREA","",""
"Each entry in ``INVALID_PAYER_IDS`` (see dataset docstring) must be rejected with 400.","474","The activation request must contain a validly formatted fiscal code","functional-tests.tests.activation","2026-08-30","passed","2026-08-30","","test_debtor_activation_create","",""
"Test sending an UPDATE operation message with different statuses via GPD message API before a CREATE","899","An UPDATE message with status PUBLISHED before CREATE","functional-tests.tests.process_messages_sender","2026-08-30","passed","2026-08-30","","test_RTP_process_sender_UPDATE_before_CREATE","",""
"
Tests that sending an RTP payload with an invalid amount to the POSTE endpoint results in a 400 Bad Request response.

:param debtor_sp_mock_cert_key: Certificate and key tuple for mutual TLS authentication.
:type debtor_sp_mock_cert_key: Tuple[str, str]
","1155","Cannot send RTP with invalid amount","functional-tests.tests.availability","2026-08-30","passed","2026-08-30","","test_availability_POSTE","",""
"","898","A debtor activated with an owned but distinct Service Provider ID is retrieved by activation id","functional-tests.tests.activation","2026-08-30","passed","2026-08-30","","test_debtor_activation_get","",""
"","962","An RTP is sent to a CBI service with activated fiscal code","functional-tests.tests.send_rtp","2026-08-30","passed","2026-08-30","","test_RTP_send_CBI","",""
"Test sending a DELETE operation message via GPD message API after a CREATE VALID + UPDATE","1989","A DELETE message after CREATE VALID + UPDATE EXPIRED","functional-tests.tests.process_messages_sender","2026-08-30","passed","2026-08-30","","test_RTP_process_sender_DELETE","",""
"Each entry in ``INVALID_PAYER_IDS`` (see dataset docstring) must be rejected with 400.","429","The activation request must contain a validly formatted fiscal code","functional-tests.tests.activation","2026-08-30","passed","2026-08-30","","test_debtor_activation_create","",""
"Test sending a DELETE operation message via GPD message API after a CREATE","1359","A DELETE message after CREATE DRAFT","functional-tests.tests.process_messages_sender","2026-08-30","passed","2026-08-30","","test_RTP_process_sender_DELETE","",""
"Missing or invalid Bearer token → the endpoint must return 401.","426","Querying activation status without a valid token returns 401","functional-tests.tests.activation","2026-08-30","passed","2026-08-30","","test_debtor_activation_payer_status","",""
"","835","Get paginated list of OPT_OUT payees consents successfully","functional-tests.tests.service_registry","2026-08-30","passed","2026-08-30","","test_get_payees_consents","",""
"","958","A debtor activated with an owned but distinct Service Provider ID is deactivated","functional-tests.tests.activation","2026-08-30","passed","2026-08-30","","test_debtor_deactivation","",""
"DS_08P ACCP callback sent directly on a SENT RTP (no prior DS_05 ACTC callback).

The RTP is expected to transition straight from SENT to USER_ACCEPTED.
","4104","A v2 RTP callback with status ACCP is successfully received without a prior DS_05 callback","functional-tests.tests.callbacks_v2","2026-08-30","passed","2026-08-30","","test_RTP_callback_DS_08P_positive","",""
"
Given a noticeNumber that does not correspond to any RTP in the database,
when the payee queries the delivery-status endpoint,
then the response must be HTTP 200 with status=PD_RTP_NOT_DELIVERED and
processingDate absent or null.
","555","Non-existent noticeNumber → PD_RTP_NOT_DELIVERED","functional-tests.tests.get_rtp","2026-08-30","passed","2026-08-30","","test_RTP_get_delivery_status","",""
"","2756","An RTP is sent to ICCREA service with activated fiscal code - through Web API","functional-tests.tests.send_rtp","2026-08-30","failed","2026-08-30","","test_RTP_send_ICCREA","",""
"","964","Sending an RTP when EPC returns an unexpected status code error (RTP_05.CHK.A0007) returns 500 - through Web API","functional-tests.tests.send_rtp","2026-08-30","passed","2026-08-30","","test_RTP_send_MOCK","",""
"Each entry in ``INVALID_PAYER_IDS`` must be rejected with 400.

The ``description`` parameter appears in pytest output to identify which
case failed without having to inspect the raw value.
","433","Querying activation status with an invalid payerId format returns 400","functional-tests.tests.activation","2026-08-30","passed","2026-08-30","","test_debtor_activation_payer_status","",""
"Test sending a DELETE operation message via GPD message API after a CREATE VALID + UPDATE","1929","A DELETE message after CREATE VALID + UPDATE PUBLISHED","functional-tests.tests.process_messages_sender","2026-08-30","passed","2026-08-30","","test_RTP_process_sender_DELETE","",""
"","3736","An RTP callback is successfully received with status RJCT","functional-tests.tests.callbacks","2026-08-30","passed","2026-08-30","","test_RTP_callback_DS_08","",""
"","431","All auth fixtures expose a valid Bearer token format","functional-tests.tests.auth","2026-08-30","passed","2026-08-30","","test_auth","",""
"DS_08P ACCP callback sent twice on the same RTP (direct SENT -> USER_ACCEPTED).

The second callback must be rejected with 400 since the transition is no
longer valid once the RTP is already USER_ACCEPTED.
","2928","Failed v2 callback for invalid RTP transition - DS-08P positive compliant","functional-tests.tests.callbacks_v2","2026-08-30","passed","2026-08-30","","test_RTP_callback_DS_08P_positive","",""
"
DS_12N RJCR RFC callback sent with the Version header must be rejected with 400.
The RTP must remain in RFC_SENT (transition to ERROR_CANCEL must not happen).

Flow:
1. Activate payer, send RTP, trigger cancel via GPD DELETE → RFC_SENT
2. Build a valid DS_12N RJCR payload
3. POST to RFC callback endpoint WITH Version header
4. Verify 400 is returned with the expected error body
5. Verify RTP status is still RFC_SENT
","2760","DS_12N RJCR RFC callback with Version header returns 400","functional-tests.tests.callbacks","2026-08-30","passed","2026-08-30","","test_RTP_callback_with_version_header","",""
"","887","SP_B cannot retrieve activation by Activation ID created by SP_A","functional-tests.tests.activation","2026-08-30","passed","2026-08-30","","test_RTP_activation_security","",""
"
Tests the retrieval of an access token from the POSTE authentication endpoint using client credentials and mutual TLS.

:param debtor_sp_mock_cert_key: Certificate and key tuple for mutual TLS authentication.
:type debtor_sp_mock_cert_key: Tuple[str, str]
","587","Auth endpoint returns valid token","functional-tests.tests.availability","2026-08-30","passed","2026-08-30","","test_availability_POSTE","",""
"Test sending a CREATE operation message via GPD message API","1004","A CREATE message is successfully sent through GPD message API","functional-tests.tests.process_messages_sender","2026-08-30","passed","2026-08-30","","test_RTP_process_sender","",""
"Each entry in ``INVALID_PAYER_IDS`` must be rejected with 400.

The ``description`` parameter appears in pytest output to identify which
case failed without having to inspect the raw value.
","436","Querying activation status with an invalid payerId format returns 400","functional-tests.tests.activation","2026-08-30","passed","2026-08-30","","test_debtor_activation_payer_status","",""
"Test sending a CREATE operation message with different statuses via GPD message API","894","A CREATE message with status PUBLISHED","functional-tests.tests.process_messages_sender","2026-08-30","passed","2026-08-30","","test_RTP_process_sender_CREATE","",""
"","1004","Auth endpoint returns valid token","functional-tests.tests.availability","2026-08-30","passed","2026-08-30","","test_availability_CBI","",""
"","3377","A debtor Service Provider successfully takes over an activation from another provider","bdd-tests","2026-08-30","passed","2026-08-30","Debtor_Activation_Takeover","RTP","",""
"","418","Non-integer size returns 400","functional-tests.tests.activation","2026-08-30","passed","2026-08-30","","test_debtor_activation_list","",""
"","1168","A debtor with foreign fiscal code is activated and retrieved by activation id","functional-tests.tests.activation","2026-08-30","passed","2026-08-30","","test_debtor_activation_get","",""
"","2480","RTP is successfully cancelled with reason MODT","functional-tests.tests.cancel_rtp","2026-08-30","passed","2026-08-30","","test_RTP_cancel","",""
"","441","Non-existent NextActivationId returns 200 with empty body","functional-tests.tests.activation","2026-08-30","passed","2026-08-30","","test_debtor_activation_list","",""
"","463","inexistent RTP -> empty body","functional-tests.tests.get_rtp","2026-08-30","passed","2026-08-30","","test_RTP_get","",""
"","4094","Failed callback for invalid RTP transition - DS-08P RJCT compliant","functional-tests.tests.callbacks","2026-08-30","passed","2026-08-30","","test_RTP_callback_DS_08","",""
"","3522","Failed callback for invalid RTP transition - DS-05 ACTC compliant","functional-tests.tests.callbacks","2026-08-30","passed","2026-08-30","","test_RTP_callback_DS_05","",""
"","1056","Sending an RTP when EPC returns a malformed/invalid response body returns 500 - through Web API V2","functional-tests.tests.send_rtp","2026-08-30","passed","2026-08-30","","test_RTP_send_MOCK","",""
"","2916","RTP form cancellation with reason PAID","ux-tests.tests","2026-08-30","passed","2026-08-30","","test_RTP_cancel_v4","",""
"","2372","DS_document RJCT v2 callback with Version header returns 400","functional-tests.tests.callbacks_v2","2026-08-30","passed","2026-08-30","","test_RTP_callback_with_version_header","",""
"Each entry in ``INVALID_PAYER_IDS`` must be rejected with 400.

The ``description`` parameter appears in pytest output to identify which
case failed without having to inspect the raw value.
","591","Querying activation status with an invalid payerId format returns 400","functional-tests.tests.activation","2026-08-30","passed","2026-08-30","","test_debtor_activation_payer_status","",""
"OTP bound to payer1 should not work for payer2","1381","Test Takeover Fails with OTP Bound to Different Payer","functional-tests.tests.takeover","2026-08-30","passed","2026-08-30","","test_debtor_takeover","",""
"","2980","Unauthorized callback due to wrong certificate serial","functional-tests.tests.callbacks_v2","2026-08-30","passed","2026-08-30","","test_RTP_callback_DS_08N_negative","",""
"
Test v2 RFC callback DS12P with INVALID status.

Flow:
1. Activate payer
2. Send an RTP via GPD message v2 (CREATE VALID)
3. Cancel the RTP via GPD message v2 (DELETE) -> RTP to RFC_SENT
4. Send DS12P callback with CxlStsId INVALID
5. Verify callback is rejected with 400
6. Verify RTP status is still RFC_SENT
","2544","A v2 RFC callback DS12P INVALID is rejected with 400","functional-tests.tests.callbacks_v2","2026-08-30","passed","2026-08-30","","test_RTP_callback_DS_12P_positive","",""
"","2050","RTP is successfully cancelled with reason PAID","functional-tests.tests.cancel_rtp","2026-08-30","passed","2026-08-30","","test_RTP_cancel","",""
"","1694","Deactivation returns 404 when the token subject does not own the activation's Service Provider ID","functional-tests.tests.activation","2026-08-30","passed","2026-08-30","","test_debtor_deactivation","",""
"`Sts.Conf = ""RJCR""` triggers CANCEL_RTP -> CONFIRM_RFC -> CANCEL_RTP_REJECTED, ending in CANCELLED_REJECTED.","2580","Cancelling an RTP - EPC v4 mock happy path scenario: rjcr_rejected","functional-tests.tests.cancel_rtp","2026-08-30","passed","2026-08-30","","test_RTP_cancel_MOCK_V2","",""
"Each entry in ``INVALID_PAYER_IDS`` (see dataset docstring) must be rejected with 400.","437","The activation request must contain a validly formatted fiscal code","functional-tests.tests.activation","2026-08-30","passed","2026-08-30","","test_debtor_activation_create","",""
"Test sending an UPDATE operation message with different statuses via GPD message API before a CREATE","933","An UPDATE message with status EXPIRED before CREATE","functional-tests.tests.process_messages_sender","2026-08-30","passed","2026-08-30","","test_RTP_process_sender_UPDATE_before_CREATE","",""
