"DESCRIPTION","DURATION IN MS","NAME","PARENT SUITE","START TIME","STATUS","STOP TIME","SUB SUITE","SUITE","TEST CLASS","TEST METHOD"
"","4361","A v2 redirect RTP callback with status ACTC is successfully received","functional-tests.tests.callbacks_v2","2026-08-04","passed","2026-08-04","","test_RTP_callback_DS_05_redirect","",""
"","1292","Find by payer id returns 404 when the token subject does not own the activation's Service Provider ID","functional-tests.tests.activation","2026-08-04","passed","2026-08-04","","test_debtor_activation_get","",""
"
Test RFC callback DS12N with RJCR status, cancel triggered via REST Web API with explicit reason.

Flow:
1. Activate payer
2. Send an RTP via GPD message (CREATE VALID)
3. Cancel the RTP via REST cancel endpoint with cancel_reason → RTP to RFC_SENT
4. Send DS12N callback with CxlStsId RJCR (Rejected Cancellation Request)
5. Verify callback is accepted (200)
6. Verify RTP status is ERROR_CANCEL
","4498","An RFC callback DS12N RJCR is successfully received and RTP status is ERROR_CANCEL - through Web API cancel","functional-tests.tests.callbacks","2026-08-04","passed","2026-08-04","","test_RTP_callback_DS_12N","",""
"","2577","An RTP sent with synchronous rejection and missing _links results in status REJECTED - through Web API V2","functional-tests.tests.send_rtp","2026-08-04","passed","2026-08-04","","test_RTP_send_MOCK","",""
"","678","Sending to non-activated debtor returns 422","functional-tests.tests.send_rtp","2026-08-04","passed","2026-08-04","","test_RTP_send_MOCK","",""
"Reusing the same OTP after a successful takeover should fail","2533","Test Takeover Fails with Reused OTP","functional-tests.tests.takeover","2026-08-04","passed","2026-08-04","","test_debtor_takeover","",""
"Missing or invalid Bearer token → the endpoint must return 401.","656","Querying activation status without a valid token returns 401","functional-tests.tests.activation","2026-08-04","passed","2026-08-04","","test_debtor_activation_payer_status","",""
"","612","Unauthorized request returns 401","functional-tests.tests.activation","2026-08-04","passed","2026-08-04","","test_debtor_activation_list","",""
"Test sending a DELETE operation message via GPD message API after a CREATE VALID + UPDATE","3068","A DELETE message after CREATE VALID + UPDATE DRAFT","functional-tests.tests.process_messages_sender","2026-08-04","passed","2026-08-04","","test_RTP_process_sender_DELETE","",""
"","622","All auth fixtures expose a valid Bearer token format","functional-tests.tests.auth","2026-08-04","passed","2026-08-04","","test_auth","",""
"","2051","An RTP sent with synchronous acceptance is in status ACCEPTED - DS-05 ACTC - through Web API V2","functional-tests.tests.send_rtp","2026-08-04","passed","2026-08-04","","test_RTP_send_MOCK","",""
"
Test RFC callback DS12P with non-existing service provider, cancel via REST Web API.

Flow:
1. Activate payer
2. Send an RTP via GPD message (CREATE VALID)
3. Cancel the RTP via REST cancel endpoint with cancel_reason → RTP to RFC_SENT
4. Send DS12P callback with non-existing BIC (MOCKSP99)
5. Verify callback is rejected with 400 (service provider not found)
","2658","Failed RFC callback for non existing Service Provider - DS-12P CNCL compliant - through Web API cancel","functional-tests.tests.callbacks","2026-08-04","passed","2026-08-04","","test_RTP_callback_DS_12P","",""
"Takeover without a previously issued OTP should fail","1288","Test Takeover Fails without Prior OTP","functional-tests.tests.takeover","2026-08-04","passed","2026-08-04","","test_debtor_takeover","",""
"The response cannot be parsed as a cancellation confirmation (malformed, unquoted string), so the RTP stays in RFC_SENT rather than erroring out.","3270","Cancelling an RTP - EPC v4 mock unhappy path scenario: malformed_string","functional-tests.tests.cancel_rtp","2026-08-04","passed","2026-08-04","","test_RTP_cancel_MOCK_V2","",""
"","2305","RTP is successfully cancelled with reason PAID - V2","functional-tests.tests.cancel_rtp","2026-08-04","passed","2026-08-04","","test_RTP_cancel","",""
"Test sending a DELETE operation message via GPD message API after a standalone UPDATE (no prior CREATE)","1898","A DELETE message after standalone UPDATE PARTIALLY_PAID","functional-tests.tests.process_messages_sender","2026-08-04","passed","2026-08-04","","test_RTP_process_sender_DELETE","",""
"","2626","An RTP callback with status ACTC is successfully received","functional-tests.tests.callbacks","2026-08-04","passed","2026-08-04","","test_RTP_callback_DS_05","",""
"Querying activation status with an empty payerId must be rejected with 404.","620","Querying activation status with an empty payerId returns 404","functional-tests.tests.activation","2026-08-04","passed","2026-08-04","","test_debtor_activation_payer_status","",""
"Test sending an UPDATE operation message with different statuses via GPD message API after a CREATE","2022","An UPDATE message with status EXPIRED after CREATE","functional-tests.tests.process_messages_sender","2026-08-04","passed","2026-08-04","","test_RTP_process_sender_UPDATE","",""
"Test sending a CREATE operation message with different statuses via GPD message API","1247","A CREATE message with status PUBLISHED","functional-tests.tests.process_messages_sender","2026-08-04","passed","2026-08-04","","test_RTP_process_sender_CREATE","",""
"Test sending an UPDATE operation message with different statuses via GPD message API after a CREATE","2689","An UPDATE message with status PARTIALLY_PAID after CREATE","functional-tests.tests.process_messages_sender","2026-08-04","passed","2026-08-04","","test_RTP_process_sender_UPDATE","",""
"Each entry in ``INVALID_PAYER_IDS`` must be rejected with 400.

The ``description`` parameter appears in pytest output to identify which
case failed without having to inspect the raw value.
","627","Querying activation status with an invalid payerId format returns 400","functional-tests.tests.activation","2026-08-04","passed","2026-08-04","","test_debtor_activation_payer_status","",""
"","2684","Failed callback for non existing Service Provider - DS-08P positive compliant","functional-tests.tests.callbacks_v2","2026-08-04","passed","2026-08-04","","test_RTP_callback_DS_08P_positive","",""
"UPDATE VALID before any CREATE creates a new RTP; the RTP must be retrievable from the database","2014","An UPDATE VALID before CREATE creates the RTP in the database","functional-tests.tests.process_messages_sender","2026-08-04","passed","2026-08-04","","test_RTP_process_sender_UPDATE_before_CREATE","",""
"","3481","A v2 RTP callback with invalid status is rejected without affecting the RTP status","functional-tests.tests.callbacks_v2","2026-08-04","passed","2026-08-04","","test_RTP_callback_DS_08P_positive","",""
"
Test RFC callback DS12P with INVALID status.

Flow:
1. Activate payer
2. Send an RTP via GPD message (CREATE VALID)
3. Cancel the RTP via GPD message (DELETE) → RTP to RFC_SENT
4. Send DS12P callback with CxlStsId INVALID
5. Verify callback is rejected with 400
6. Verify RTP status is still RFC_SENT
","3805","An RFC callback DS12P INVALID is rejected with 400","functional-tests.tests.callbacks","2026-08-04","passed","2026-08-04","","test_RTP_callback_DS_12P","",""
"The ownership check fails the same way whether the target spId belongs to someone else
or doesn't exist in the registry at all - NOEXIT00 is not a real Service Provider ID.","617","Activation is forbidden with the same error code for a Service Provider ID absent from the registry","functional-tests.tests.activation","2026-08-04","passed","2026-08-04","","test_debtor_activation_create","",""
"","3319","DS_08N negative v2 callback with Version header returns 400","functional-tests.tests.callbacks_v2","2026-08-04","passed","2026-08-04","","test_RTP_callback_with_version_header","",""
"","613","Retrieving activation with invalid UUID returns 400","functional-tests.tests.activation","2026-08-04","passed","2026-08-04","","test_debtor_activation_get","",""
"","626","malformed rtp_id → 400 Bad Request","functional-tests.tests.get_rtp","2026-08-04","passed","2026-08-04","","test_RTP_get","",""
"Test sending a CREATE operation message with different statuses via GPD message API","1271","A CREATE message with status DRAFT","functional-tests.tests.process_messages_sender","2026-08-04","passed","2026-08-04","","test_RTP_process_sender_CREATE","",""
"","1278","Deactivation fails for activation by another service provider","functional-tests.tests.activation","2026-08-04","passed","2026-08-04","","test_debtor_deactivation","",""
"","3378","An RTP callback with invalid status is received and processed with success without affecting the RTP status","functional-tests.tests.callbacks","2026-08-04","passed","2026-08-04","","test_RTP_callback_DS_05","",""
"Test sending an UPDATE operation message with different statuses via GPD message API after a CREATE","3158","An UPDATE message with status PAID after CREATE","functional-tests.tests.process_messages_sender","2026-08-04","passed","2026-08-04","","test_RTP_process_sender_UPDATE","",""
"Availability probe for takeover notification mock endpoint: expects 204 No Content","606","Test Takeover Notification Endpoint","functional-tests.tests.takeover","2026-08-04","passed","2026-08-04","","test_debtor_takeover","",""
"Test sending a CREATE operation message with different statuses via GPD message API","1254","A CREATE message with status PAID","functional-tests.tests.process_messages_sender","2026-08-04","passed","2026-08-04","","test_RTP_process_sender_CREATE","",""
"","1274","A debtor with omocodia fiscal code is activated and retrieved by activation id","functional-tests.tests.activation","2026-08-04","passed","2026-08-04","","test_debtor_activation_get","",""
"","3547","An RTP is sent to a CBI service with activated fiscal code - through Web API","functional-tests.tests.send_rtp","2026-08-04","passed","2026-08-04","","test_RTP_send_CBI","",""
"
Verify that a debt position can be updated successfully.
","6942","Happy path: a debt position is updated in DEV environment","functional-tests.tests.gpd_availability","2026-08-04","passed","2026-08-04","","test_availability_GPD","",""
"","1182","Auth endpoint returns valid token","functional-tests.tests.availability","2026-08-04","passed","2026-08-04","","test_availability_CBI","",""
"Each entry in ``INVALID_PAYER_IDS`` (see dataset docstring) must be rejected with 400.","621","The activation request must contain a validly formatted fiscal code","functional-tests.tests.activation","2026-08-04","passed","2026-08-04","","test_debtor_activation_create","",""
"Takeover with syntactically valid but nonsensical body should fail","1895","Test Takeover Fails with Nonsensical Body","functional-tests.tests.takeover","2026-08-04","passed","2026-08-04","","test_debtor_takeover","",""
"Test sending a CREATE operation message with an omocodia fiscal code via GPD message API","1378","A CREATE message with omocodia fiscal code is successfully sent through GPD message API","functional-tests.tests.process_messages_sender","2026-08-04","passed","2026-08-04","","test_RTP_process_sender","",""
"Test sending an UPDATE operation message with different statuses via GPD message API before a CREATE","1364","An UPDATE message with status VALID before CREATE","functional-tests.tests.process_messages_sender","2026-08-04","passed","2026-08-04","","test_RTP_process_sender_UPDATE_before_CREATE","",""
"Each entry in ``INVALID_PAYER_IDS`` (see dataset docstring) must be rejected with 400.","643","The activation request must contain a validly formatted fiscal code","functional-tests.tests.activation","2026-08-04","passed","2026-08-04","","test_debtor_activation_create","",""
"DS_08N RJCT callback sent after a prior DS_05 ACTC callback.

The RTP is expected to transition from SENT to ACCEPTED, then to USER_REJECTED.
","4512","A v2 RTP callback with status RJCT after DS_05 transitions the RTP to USER_REJECTED","functional-tests.tests.callbacks_v2","2026-08-04","passed","2026-08-04","","test_RTP_callback_DS_08N_negative","",""
"Test sending a CREATE operation message with different statuses via GPD message API","1262","A CREATE message with status INVALID","functional-tests.tests.process_messages_sender","2026-08-04","passed","2026-08-04","","test_RTP_process_sender_CREATE","",""
"
DS_08N callback sent with the Version header must be rejected with 400.
The RTP must remain in SENT (transition to REJECTED must not happen).

Flow:
1. Activate payer and send an RTP → resource_id
2. Build a valid DS_08N payload referencing the RTP
3. POST to callback endpoint WITH Version header
4. Verify 400 is returned with the expected error body
5. Verify RTP status is still SENT
","2603","DS_08N callback with Version header returns 400","functional-tests.tests.callbacks","2026-08-04","passed","2026-08-04","","test_RTP_callback_with_version_header","",""
"","4034","DS_12N negative RFC v2 callback with Version header returns 400","functional-tests.tests.callbacks_v2","2026-08-04","passed","2026-08-04","","test_RTP_callback_with_version_header","",""
"","1411","Non-integer size returns 400","functional-tests.tests.activation","2026-08-04","passed","2026-08-04","","test_debtor_activation_list","",""
"
Verify that a debt position can be created and published successfully.
","688","Happy path: a debt position is created and published in UAT environment","functional-tests.tests.gpd_availability","2026-08-04","passed","2026-08-04","","test_availability_GPD","",""
"Test sending a CREATE operation message with different statuses via GPD message API","1283","A CREATE message with status PARTIALLY_PAID","functional-tests.tests.process_messages_sender","2026-08-04","passed","2026-08-04","","test_RTP_process_sender_CREATE","",""
"Each entry in ``INVALID_PAYER_IDS`` (see dataset docstring) must be rejected with 400.","613","The activation request must contain a validly formatted fiscal code","functional-tests.tests.activation","2026-08-04","passed","2026-08-04","","test_debtor_activation_create","",""
"Test sending a CREATE operation message with different statuses via GPD message API","1353","A CREATE message with status VALID","functional-tests.tests.process_messages_sender","2026-08-04","passed","2026-08-04","","test_RTP_process_sender_CREATE","",""
"Test sending an UPDATE operation message with different statuses via GPD message API before a CREATE","1262","An UPDATE message with status INVALID before CREATE","functional-tests.tests.process_messages_sender","2026-08-04","passed","2026-08-04","","test_RTP_process_sender_UPDATE_before_CREATE","",""
"","622","Get payees consents with extreme page size returns 400","functional-tests.tests.service_registry","2026-08-04","passed","2026-08-04","","test_get_payees_consents","",""
"
Test v2 RFC callback DS12P with wrong certificate identity.

Flow:
1. Activate payer
2. Send an RTP via GPD message v2 (CREATE VALID)
3. Cancel the RTP via GPD message v2 (DELETE) -> RTP to RFC_SENT
4. Send DS12P callback with assignee_bic='FAKESP01' (doesn't match certificate identity)
5. Verify callback is rejected with 403 (certificate mismatch)
6. Verify RTP status is still RFC_SENT
","3444","Unauthorized v2 RFC callback due to wrong certificate serial","functional-tests.tests.callbacks_v2","2026-08-04","passed","2026-08-04","","test_RTP_callback_DS_12P_positive","",""
"Each entry in ``INVALID_PAYER_IDS`` (see dataset docstring) must be rejected with 400.","612","The activation request must contain a validly formatted fiscal code","functional-tests.tests.activation","2026-08-04","passed","2026-08-04","","test_debtor_activation_create","",""
"","4961","Failed callback for invalid RTP transition - DS-05 ACTC compliant","functional-tests.tests.callbacks","2026-08-04","passed","2026-08-04","","test_RTP_callback_DS_05","",""
"","624","All auth fixtures expose a valid Bearer token format","functional-tests.tests.auth","2026-08-04","passed","2026-08-04","","test_auth","",""
"","1337","A debtor is deactivated by an authenticated service provider","functional-tests.tests.activation","2026-08-04","passed","2026-08-04","","test_debtor_deactivation","",""
"","2073","An RTP sent when EPC response omits _links is in status ACCEPTED - through Web API V2","functional-tests.tests.send_rtp","2026-08-04","passed","2026-08-04","","test_RTP_send_MOCK","",""
"MOCKSP04 owns both its own spId and MOCKSP01; redeeming an OTP scoped to MOCKSP01 must
assign MOCKSP01 to the new activation, not MOCKSP04 (the redeemer's own tspId).","3572","Test Takeover Redemption Assigns the OTP's Owned Service Provider ID","functional-tests.tests.takeover","2026-08-04","passed","2026-08-04","","test_debtor_takeover","",""
"Each entry in ``INVALID_PAYER_IDS`` (see dataset docstring) must be rejected with 400.","614","The activation request must contain a validly formatted fiscal code","functional-tests.tests.activation","2026-08-04","passed","2026-08-04","","test_debtor_activation_create","",""
"
Test RFC callback DS12N with INVALID status, cancel via REST Web API.

Flow:
1. Activate payer
2. Send an RTP via GPD message (CREATE VALID)
3. Cancel the RTP via REST cancel endpoint with cancel_reason → RTP to RFC_SENT
4. Send DS12N callback with CxlStsId INVALID
5. Verify callback is rejected with 400
6. Verify RTP status is still RFC_SENT
","3251","An RFC callback DS12N INVALID is rejected with 400 - through Web API cancel","functional-tests.tests.callbacks","2026-08-04","passed","2026-08-04","","test_RTP_callback_DS_12N","",""
"
Test RFC callback DS12P with CNCL status, cancel triggered via REST Web API with explicit reason.

Flow:
1. Activate payer
2. Send an RTP via GPD message (CREATE VALID)
3. Cancel the RTP via REST cancel endpoint with cancel_reason → RTP to RFC_SENT
4. Send DS12P callback with CxlStsId CNCL (Cancelled As Per Request)
5. Verify callback is accepted (200)
6. Verify RTP status is CANCELLED
","3296","An RFC callback DS12P CNCL is successfully received and RTP status is CANCEL - through Web API cancel","functional-tests.tests.callbacks","2026-08-04","passed","2026-08-04","","test_RTP_callback_DS_12P","",""
"","619","A debtor service provider fails activation due to wrong service provider id","functional-tests.tests.activation","2026-08-04","passed","2026-08-04","","test_debtor_activation_list","",""
"The PSP synchronously rejects the cancellation request with 422 (per standard behaviour for the EPC 422 Unprocessable Entity scenario). The RTP then transitions to ERROR_CANCEL via ERROR_CANCEL_RTP.","2676","Cancelling an RTP - EPC v4 mock unhappy path scenario: epc_422","functional-tests.tests.cancel_rtp","2026-08-04","failed","2026-08-04","","test_RTP_cancel_MOCK_V2","",""
"","2039","RTP is successfully cancelled with reason MODT - V2","functional-tests.tests.cancel_rtp","2026-08-04","passed","2026-08-04","","test_RTP_cancel","",""
"","1293","Deactivation returns 404 when the token subject does not own the activation's Service Provider ID","functional-tests.tests.activation","2026-08-04","passed","2026-08-04","","test_debtor_deactivation","",""
"","3262","DS_05 redirect v2 callback with Version header returns 400","functional-tests.tests.callbacks_v2","2026-08-04","passed","2026-08-04","","test_RTP_callback_with_version_header","",""
"
Tests that sending an RTP payload with an invalid amount to the POSTE endpoint results in a 400 Bad Request response.

:param debtor_sp_mock_cert_key: Certificate and key tuple for mutual TLS authentication.
:type debtor_sp_mock_cert_key: Tuple[str, str]
","1413","Cannot send RTP with invalid amount","functional-tests.tests.availability","2026-08-04","passed","2026-08-04","","test_availability_POSTE","",""
"","613","Retrieving activation with malformed payer id returns 400","functional-tests.tests.activation","2026-08-04","passed","2026-08-04","","test_debtor_activation_get","",""
"
Test RFC callback DS12P with wrong certificate identity, cancel via REST Web API.

Flow:
1. Activate payer
2. Send an RTP via GPD message (CREATE VALID)
3. Cancel the RTP via REST cancel endpoint with cancel_reason → RTP to RFC_SENT
4. Send DS12P callback with assignee_bic='FAKESP01' (doesn't match certificate identity MOCKSP04)
5. Verify callback is rejected with 403 (certificate mismatch)
","2678","Unauthorized RFC callback due to wrong certificate serial - through Web API cancel","functional-tests.tests.callbacks","2026-08-04","passed","2026-08-04","","test_RTP_callback_DS_12P","",""
"","4851","An RTP callback is successfully received","functional-tests.tests.callbacks","2026-08-04","passed","2026-08-04","","test_RTP_callback_DS_04","",""
"
Test v2 RFC callback DS12N with RJCR status.

Flow:
1. Activate payer
2. Send an RTP via GPD message v2 (CREATE VALID)
3. Cancel the RTP via GPD message v2 (DELETE) -> RTP to RFC_SENT
4. Send DS12N callback with CxlStsId RJCR (Rejected Cancellation Request)
5. Verify callback is accepted (200)
6. Verify RTP status is CANCELLED_REJECTED
","4113","A v2 RFC callback DS12N RJCR is successfully received and RTP status is CANCELLED_REJECTED","functional-tests.tests.callbacks_v2","2026-08-04","passed","2026-08-04","","test_RTP_callback_DS_12N_negative","",""
"MOCKSP04 owns MOCKSP01 as well as its own spId; activation must be allowed on either.","1962","A debtor is activated using a Service Provider ID the token subject owns but does not itself represent","functional-tests.tests.activation","2026-08-04","passed","2026-08-04","","test_debtor_activation_create","",""
"
Send the same CREATE VALID message twice.

Because send_gpd_message derives the Idempotency-Key deterministically from
the message id (msg_id), reusing the same payload reuses the same key.

Expectations:
- Both calls return HTTP 200 (idempotent, not an error).
- The resourceId in both responses is identical, proving the API returned
  the cached response and did not process the message twice.
- Querying by notice number returns exactly one RTP, confirming that only
  one record was written to the database.
","2841","Two CREATE VALID messages with the same Idempotency-Key both succeed but only one RTP is stored","functional-tests.tests.process_messages_sender","2026-08-04","passed","2026-08-04","","test_RTP_process_sender_IDEMPOTENCY","",""
"","636","RTP cancellation fails if resource ID does not exist","functional-tests.tests.cancel_rtp","2026-08-04","passed","2026-08-04","","test_RTP_cancel","",""
"Test sending an UPDATE operation message with different statuses via GPD message API after a CREATE","2003","An UPDATE message with status PUBLISHED after CREATE","functional-tests.tests.process_messages_sender","2026-08-04","passed","2026-08-04","","test_RTP_process_sender_UPDATE","",""
"","3402","A v2 document RTP callback with invalid status is rejected without affecting the RTP status","functional-tests.tests.callbacks_v2","2026-08-04","passed","2026-08-04","","test_RTP_callback_DS_document_rjct","",""
"Test sending an UPDATE after CREATE VALID + DELETE with different statuses","2702","An UPDATE message with status PAID after CREATE VALID and DELETE","functional-tests.tests.process_messages_sender","2026-08-04","passed","2026-08-04","","test_RTP_process_sender_UPDATE","",""
"Each entry in ``INVALID_PAYER_IDS`` must be rejected with 400.

The ``description`` parameter appears in pytest output to identify which
case failed without having to inspect the raw value.
","622","Querying activation status with an invalid payerId format returns 400","functional-tests.tests.activation","2026-08-04","passed","2026-08-04","","test_debtor_activation_payer_status","",""
"","614","All auth fixtures expose a valid Bearer token format","functional-tests.tests.auth","2026-08-04","passed","2026-08-04","","test_auth","",""
"","1571","Cannot send RTP with invalid amount","functional-tests.tests.availability","2026-08-04","passed","2026-08-04","","test_availability_CBI","",""
"The mock policy falls back to its default `{}` response when no notice number matches, so the RTP stays in RFC_SENT.","2744","Cancelling an RTP - EPC v4 mock happy path scenario: no_match_fallback","functional-tests.tests.cancel_rtp","2026-08-04","passed","2026-08-04","","test_RTP_cancel_MOCK_V2","",""
"","617","Get payees consents with negative page number returns 400","functional-tests.tests.service_registry","2026-08-04","passed","2026-08-04","","test_get_payees_consents","",""
"Test sending a DELETE operation message via GPD message API after a standalone UPDATE (no prior CREATE)","2449","A DELETE message after standalone UPDATE VALID","functional-tests.tests.process_messages_sender","2026-08-04","passed","2026-08-04","","test_RTP_process_sender_DELETE","",""
"","1383","Get list of service providers successfully","functional-tests.tests.service_registry","2026-08-04","passed","2026-08-04","","test_service_registry_service_providers","",""
"The PSP synchronously rejects the cancellation request with 422 (per standard behaviour for the EPC 404 Not Found scenario). The RTP then transitions to ERROR_CANCEL via ERROR_CANCEL_RTP.","3150","Cancelling an RTP - EPC v4 mock unhappy path scenario: epc_404","functional-tests.tests.cancel_rtp","2026-08-04","failed","2026-08-04","","test_RTP_cancel_MOCK_V2","",""
"Each entry in ``INVALID_PAYER_IDS`` must be rejected with 400.

The ``description`` parameter appears in pytest output to identify which
case failed without having to inspect the raw value.
","632","Querying activation status with an invalid payerId format returns 400","functional-tests.tests.activation","2026-08-04","passed","2026-08-04","","test_debtor_activation_payer_status","",""
"UPDATE PAID with psp_tax_code=None (invalid PSP) results in RTP state RFC_SENT","2059","An UPDATE PAID message with an invalid PSP results in RFC_SENT state","functional-tests.tests.process_messages_sender","2026-08-04","passed","2026-08-04","","test_RTP_process_sender_UPDATE","",""
"","3022","Unauthorized callback due to wrong certificate serial","functional-tests.tests.callbacks_v2","2026-08-04","passed","2026-08-04","","test_RTP_callback_DS_08P_positive","",""
"`Sts.Conf = ""CNCL""` triggers CANCEL_RTP -> CONFIRM_RFC -> CANCEL_RTP_ACCR, ending in CANCELLED_ACCR.","4524","Cancelling an RTP - EPC v4 mock happy path scenario: cncl_confirmed","functional-tests.tests.cancel_rtp","2026-08-04","passed","2026-08-04","","test_RTP_cancel_MOCK_V2","",""
"Test sending a DELETE operation message via GPD message API after a standalone UPDATE (no prior CREATE)","1918","A DELETE message after standalone UPDATE PAID","functional-tests.tests.process_messages_sender","2026-08-04","passed","2026-08-04","","test_RTP_process_sender_DELETE","",""
"Test sending a CREATE operation message with an Italian VAT number via GPD message API","1881","A CREATE message with VAT number (Partita IVA) is successfully sent through GPD message API","functional-tests.tests.process_messages_sender","2026-08-04","passed","2026-08-04","","test_RTP_process_sender","",""
"Test sending a CREATE operation message via GPD message API","1351","A CREATE message is successfully sent through GPD message API","functional-tests.tests.process_messages_sender","2026-08-04","passed","2026-08-04","","test_RTP_process_sender","",""
"","1468","Get paginated list of payees successfully","functional-tests.tests.service_registry","2026-08-04","passed","2026-08-04","","test_service_registry_payees_registry","",""
"Each entry in ``INVALID_PAYER_IDS`` must be rejected with 400.

The ``description`` parameter appears in pytest output to identify which
case failed without having to inspect the raw value.
","610","Querying activation status with an invalid payerId format returns 400","functional-tests.tests.activation","2026-08-04","passed","2026-08-04","","test_debtor_activation_payer_status","",""
"Test sending a CREATE operation message with a foreign fiscal code via GPD message API","1375","A CREATE message with foreign fiscal code is successfully sent through GPD message API","functional-tests.tests.process_messages_sender","2026-08-04","passed","2026-08-04","","test_RTP_process_sender","",""
"No `Sts.Conf` confirmation is present (Sts block omitted entirely), so only CANCEL_RTP is triggered and the RTP stays in RFC_SENT.","3487","Cancelling an RTP - EPC v4 mock happy path scenario: no_sts_block","functional-tests.tests.cancel_rtp","2026-08-04","passed","2026-08-04","","test_RTP_cancel_MOCK_V2","",""
"Test sending a DELETE operation message via GPD message API after a CREATE VALID + UPDATE","2803","A DELETE message after CREATE VALID + UPDATE INVALID","functional-tests.tests.process_messages_sender","2026-08-04","passed","2026-08-04","","test_RTP_process_sender_DELETE","",""
"","2402","Cannot send RTP with expired date","functional-tests.tests.availability","2026-08-04","passed","2026-08-04","","test_availability_CBI","",""
"","1544","SP_B cannot retrieve activation by Activation ID created by SP_A","functional-tests.tests.activation","2026-08-04","passed","2026-08-04","","test_RTP_activation_security","",""
"
Test RFC callback DS12N with RJCR status, cancel triggered via REST Web API with explicit reason.

Flow:
1. Activate payer
2. Send an RTP via GPD message (CREATE VALID)
3. Cancel the RTP via REST cancel endpoint with cancel_reason → RTP to RFC_SENT
4. Send DS12N callback with CxlStsId RJCR (Rejected Cancellation Request)
5. Verify callback is accepted (200)
6. Verify RTP status is ERROR_CANCEL
","4825","An RFC callback DS12N RJCR is successfully received and RTP status is ERROR_CANCEL - through Web API cancel","functional-tests.tests.callbacks","2026-08-04","passed","2026-08-04","","test_RTP_callback_DS_12N","",""
"Each entry in ``INVALID_PAYER_IDS`` must be rejected with 400.

The ``description`` parameter appears in pytest output to identify which
case failed without having to inspect the raw value.
","622","Querying activation status with an invalid payerId format returns 400","functional-tests.tests.activation","2026-08-04","passed","2026-08-04","","test_debtor_activation_payer_status","",""
"The response body is not a recognizable cancellation confirmation (quoted plain string), so the RTP stays in RFC_SENT.","2873","Cancelling an RTP - EPC v4 mock happy path scenario: plain_string","functional-tests.tests.cancel_rtp","2026-08-04","passed","2026-08-04","","test_RTP_cancel_MOCK_V2","",""
"","3858","DS_document RJCT v2 callback with Version header returns 400","functional-tests.tests.callbacks_v2","2026-08-04","passed","2026-08-04","","test_RTP_callback_with_version_header","",""
"
Given a noticeNumber that does not correspond to any RTP in the database,
when the payee queries the delivery-status endpoint,
then the response must be HTTP 200 with status=PD_RTP_NOT_DELIVERED and
processingDate absent or null.
","624","Non-existent noticeNumber → PD_RTP_NOT_DELIVERED","functional-tests.tests.get_rtp","2026-08-04","passed","2026-08-04","","test_RTP_get_delivery_status","",""
"Test sending an UPDATE after CREATE VALID + DELETE with different statuses","3601","An UPDATE message with status DRAFT after CREATE VALID and DELETE","functional-tests.tests.process_messages_sender","2026-08-04","passed","2026-08-04","","test_RTP_process_sender_UPDATE","",""
"Payer activated then deactivated by SP A → isActive must be false.","2901","A deactivated payer returns isActive false","functional-tests.tests.activation","2026-08-04","passed","2026-08-04","","test_debtor_activation_payer_status","",""
"","1458","Get a page of activations","functional-tests.tests.activation","2026-08-04","passed","2026-08-04","","test_debtor_activation_list","",""
"DS_08N RJCT callback sent directly on a SENT RTP (no prior DS_05 ACTC callback).

The RTP is expected to transition from SENT to REJECTED.
","3892","A v2 RTP callback with status RJCT is successfully received","functional-tests.tests.callbacks_v2","2026-08-04","passed","2026-08-04","","test_RTP_callback_DS_08N_negative","",""
"Each entry in ``INVALID_PAYER_IDS`` must be rejected with 400.

The ``description`` parameter appears in pytest output to identify which
case failed without having to inspect the raw value.
","1437","Querying activation status with an invalid payerId format returns 400","functional-tests.tests.activation","2026-08-04","passed","2026-08-04","","test_debtor_activation_payer_status","",""
"`Sts.Conf = ""RJCR""` triggers CANCEL_RTP -> CONFIRM_RFC -> CANCEL_RTP_REJECTED, ending in CANCELLED_REJECTED.","3347","Cancelling an RTP - EPC v4 mock happy path scenario: rjcr_rejected","functional-tests.tests.cancel_rtp","2026-08-04","passed","2026-08-04","","test_RTP_cancel_MOCK_V2","",""
"Test sending a DELETE operation message via GPD message API after a CREATE VALID + UPDATE","3465","A DELETE message after CREATE VALID + UPDATE PAID","functional-tests.tests.process_messages_sender","2026-08-04","passed","2026-08-04","","test_RTP_process_sender_DELETE","",""
"
Test RFC callback DS12P with wrong certificate identity.

Flow:
1. Activate payer
2. Send an RTP via GPD message (CREATE VALID)
3. Cancel the RTP via GPD message (DELETE) → RTP to RFC_SENT
4. Send DS12P callback with assignee_bic='FAKESP01' (doesn't match certificate identity MOCKSP04)
5. Verify callback is rejected with 403 (certificate mismatch)
","3319","Unauthorized RFC callback due to wrong certificate serial","functional-tests.tests.callbacks","2026-08-04","passed","2026-08-04","","test_RTP_callback_DS_12P","",""
"Each entry in ``INVALID_PAYER_IDS`` must be rejected with 400.

The ``description`` parameter appears in pytest output to identify which
case failed without having to inspect the raw value.
","633","Querying activation status with an invalid payerId format returns 400","functional-tests.tests.activation","2026-08-04","passed","2026-08-04","","test_debtor_activation_payer_status","",""
"The PSP synchronously rejects the cancellation request with 422 (per standard behaviour for the EPC 401 Unauthorized scenario). The RTP then transitions to ERROR_CANCEL via ERROR_CANCEL_RTP.","2735","Cancelling an RTP - EPC v4 mock unhappy path scenario: epc_401","functional-tests.tests.cancel_rtp","2026-08-04","failed","2026-08-04","","test_RTP_cancel_MOCK_V2","",""
"","1072","Get paginated list of OPT_OUT payees consents successfully","functional-tests.tests.service_registry","2026-08-04","passed","2026-08-04","","test_get_payees_consents","",""
"","3169","An RTP callback with status REJECTED is successfully received","functional-tests.tests.callbacks","2026-08-04","passed","2026-08-04","","test_RTP_callback_DS_08","",""
"","591","Missing Version header returns 200","functional-tests.tests.activation","2026-08-04","passed","2026-08-04","","test_debtor_activation_list","",""
"Test the takeover flow where a user changes service provider","4609","Test Takeover Flow","functional-tests.tests.takeover","2026-08-04","passed","2026-08-04","","test_debtor_takeover","",""
"
Given an RTP is sent successfully (status SENT) for a given noticeNumber + payeeId,
when the payee queries the delivery-status endpoint with the correct noticeNumber
but a different payeeId,
then the response must be HTTP 200 with status=PD_RTP_NOT_DELIVERED, verifying
that the endpoint filters on both fields.
","7679","Existing noticeNumber with wrong payeeId → PD_RTP_NOT_DELIVERED","functional-tests.tests.get_rtp","2026-08-04","passed","2026-08-04","","test_RTP_get_delivery_status","",""
"Active payer identified by an 11-digit Partita IVA → isActive must be true.","1257","An active payer with VAT number (Partita IVA) returns isActive true","functional-tests.tests.activation","2026-08-04","passed","2026-08-04","","test_debtor_activation_payer_status","",""
"Test sending a DELETE operation message via GPD message API after a CREATE","1896","A DELETE message after CREATE EXPIRED","functional-tests.tests.process_messages_sender","2026-08-04","passed","2026-08-04","","test_RTP_process_sender_DELETE","",""
"","709","Sending to non-activated debtor returns 422 - through Web API","functional-tests.tests.send_rtp","2026-08-04","passed","2026-08-04","","test_RTP_send_MOCK","",""
"Each entry in ``INVALID_PAYER_IDS`` (see dataset docstring) must be rejected with 400.","611","The activation request must contain a validly formatted fiscal code","functional-tests.tests.activation","2026-08-04","passed","2026-08-04","","test_debtor_activation_create","",""
"Test sending an UPDATE operation message with different statuses via GPD message API before a CREATE","1273","An UPDATE message with status EXPIRED before CREATE","functional-tests.tests.process_messages_sender","2026-08-04","passed","2026-08-04","","test_RTP_process_sender_UPDATE_before_CREATE","",""
"","2037","SP_ACTIVATIONS_READ_ALL can retrieve activation by Activation ID created by SP_A","functional-tests.tests.activation","2026-08-04","passed","2026-08-04","","test_RTP_activation_security","",""
"","987","The service returns the mocked server error","functional-tests.tests.availability","2026-08-04","passed","2026-08-04","","test_availability_MOCK","",""
"The PSP synchronously rejects the cancellation request with 422 (per standard behaviour for the EPC 410 Gone scenario). The RTP then transitions to ERROR_CANCEL via ERROR_CANCEL_RTP.","2697","Cancelling an RTP - EPC v4 mock unhappy path scenario: epc_410","functional-tests.tests.cancel_rtp","2026-08-04","failed","2026-08-04","","test_RTP_cancel_MOCK_V2","",""
"
SP A activates the payer.
SP B queries the status → must get isActive=false to avoid disclosing
that the payer is registered under a competitor SP.
","1272","A payer active on a different Service Provider returns isActive false (privacy)","functional-tests.tests.activation","2026-08-04","passed","2026-08-04","","test_debtor_activation_payer_status","",""
"","3321","DS_08P positive v2 callback with Version header returns 400","functional-tests.tests.callbacks_v2","2026-08-04","passed","2026-08-04","","test_RTP_callback_with_version_header","",""
"","1469","Get payees consents with invalid date format returns 400","functional-tests.tests.service_registry","2026-08-04","passed","2026-08-04","","test_get_payees_consents","",""
"","1278","A debtor activated with an owned but distinct Service Provider ID is retrieved by activation id","functional-tests.tests.activation","2026-08-04","passed","2026-08-04","","test_debtor_activation_get","",""
"
Test v2 RFC callback DS12N with non-existing service provider.

Flow:
1. Activate payer
2. Send an RTP via GPD message v2 (CREATE VALID)
3. Cancel the RTP via GPD message v2 (DELETE) -> RTP to RFC_SENT
4. Send DS12N callback with non-existing BIC (MOCKSP99)
5. Verify callback is rejected with 400 (service provider not found)
6. Verify RTP status is still RFC_SENT
","3463","Failed v2 RFC callback for non existing Service Provider - DS-12N negative compliant","functional-tests.tests.callbacks_v2","2026-08-04","passed","2026-08-04","","test_RTP_callback_DS_12N_negative","",""
"","632","All auth fixtures expose a valid Bearer token format","functional-tests.tests.auth","2026-08-04","passed","2026-08-04","","test_auth","",""
"","1979","An RTP sent when EPC response omits _links is in status ACCEPTED","functional-tests.tests.send_rtp","2026-08-04","passed","2026-08-04","","test_RTP_send_MOCK","",""
"","1278","Get by activation id returns 404 when the token subject does not own the activation's Service Provider ID","functional-tests.tests.activation","2026-08-04","passed","2026-08-04","","test_debtor_activation_get","",""
"","621","All auth fixtures expose a valid Bearer token format","functional-tests.tests.auth","2026-08-04","passed","2026-08-04","","test_auth","",""
"","621","All auth fixtures expose a valid Bearer token format","functional-tests.tests.auth","2026-08-04","passed","2026-08-04","","test_auth","",""
"DS_08P ACCP callback sent directly on a SENT RTP (no prior DS_05 ACTC callback).

The RTP is expected to transition straight from SENT to USER_ACCEPTED.
","3794","A v2 RTP callback with status ACCP is successfully received without a prior DS_05 callback","functional-tests.tests.callbacks_v2","2026-08-04","passed","2026-08-04","","test_RTP_callback_DS_08P_positive","",""
"","618","Retrieving non-existent activation by payer id returns 404","functional-tests.tests.activation","2026-08-04","passed","2026-08-04","","test_debtor_activation_get","",""
"","627","Get payees with invalid authorization","functional-tests.tests.service_registry","2026-08-04","passed","2026-08-04","","test_service_registry_service_providers","",""
"Each entry in ``INVALID_PAYER_IDS`` must be rejected with 400.

The ``description`` parameter appears in pytest output to identify which
case failed without having to inspect the raw value.
","619","Querying activation status with an invalid payerId format returns 400","functional-tests.tests.activation","2026-08-04","passed","2026-08-04","","test_debtor_activation_payer_status","",""
"
Test RFC callback DS12N with RJCR status.

Flow:
1. Activate payer
2. Send an RTP via GPD message (CREATE VALID)
3. Cancel the RTP via GPD message (DELETE) → RTP to RFC_SENT
4. Send DS12N callback with CxlStsId RJCR (Rejected Cancellation Request)
5. Verify callback is accepted (200)
6. Verify RTP status is ERROR_CANCEL
","4571","An RFC callback DS12N RJCR is successfully received and RTP status is ERROR_CANCEL","functional-tests.tests.callbacks","2026-08-04","passed","2026-08-04","","test_RTP_callback_DS_12N","",""
"","1336","SP_ACTIVATIONS_READ_ALL can retrieve activation by Fiscal Code created by SP_A","functional-tests.tests.activation","2026-08-04","passed","2026-08-04","","test_RTP_activation_security","",""
"","633","A Service Provider with invalid client ID is not authenticated on Keycloak","functional-tests.tests.auth","2026-08-04","passed","2026-08-04","","test_auth","",""
"MOCKSP04 owns MOCKSP01 as well as its own spId; status must reflect the activation either way.","1608","An active payer returns isActive true when activated under an owned but distinct Service Provider ID","functional-tests.tests.activation","2026-08-04","passed","2026-08-04","","test_debtor_activation_payer_status","",""
"","618","Non-existent NextActivationId returns 200 with empty body","functional-tests.tests.activation","2026-08-04","passed","2026-08-04","","test_debtor_activation_list","",""
"Test sending an UPDATE after CREATE VALID + DELETE with different statuses","2881","An UPDATE message with status PUBLISHED after CREATE VALID and DELETE","functional-tests.tests.process_messages_sender","2026-08-04","failed","2026-08-04","","test_RTP_process_sender_UPDATE","",""
"Each entry in ``INVALID_PAYER_IDS`` (see dataset docstring) must be rejected with 400.","631","The activation request must contain a validly formatted fiscal code","functional-tests.tests.activation","2026-08-04","passed","2026-08-04","","test_debtor_activation_create","",""
"
Test RFC callback DS12P with INVALID status, cancel via REST Web API.

Flow:
1. Activate payer
2. Send an RTP via GPD message (CREATE VALID)
3. Cancel the RTP via REST cancel endpoint with cancel_reason → RTP to RFC_SENT
4. Send DS12P callback with CxlStsId INVALID
5. Verify callback is rejected with 400
6. Verify RTP status is still RFC_SENT
","4964","An RFC callback DS12P INVALID is rejected with 400 - through Web API cancel","functional-tests.tests.callbacks","2026-08-04","passed","2026-08-04","","test_RTP_callback_DS_12P","",""
"Each entry in ``INVALID_PAYER_IDS`` (see dataset docstring) must be rejected with 400.","643","The activation request must contain a validly formatted fiscal code","functional-tests.tests.activation","2026-08-04","passed","2026-08-04","","test_debtor_activation_create","",""
"
Test RFC callback DS12N with non-existing service provider, cancel via REST Web API.

Flow:
1. Activate payer
2. Send an RTP via GPD message (CREATE VALID)
3. Cancel the RTP via REST cancel endpoint with cancel_reason → RTP to RFC_SENT
4. Send DS12N callback with non-existing BIC (MOCKSP99)
5. Verify callback is rejected with 400 (service provider not found)
","2880","Failed RFC callback for non existing Service Provider - DS-12N RJCR compliant - through Web API cancel","functional-tests.tests.callbacks","2026-08-04","passed","2026-08-04","","test_RTP_callback_DS_12N","",""
"No `Sts.Conf` confirmation is present (empty JSON object), so only CANCEL_RTP is triggered and the RTP stays in RFC_SENT.","2922","Cancelling an RTP - EPC v4 mock happy path scenario: empty_json_object","functional-tests.tests.cancel_rtp","2026-08-04","passed","2026-08-04","","test_RTP_cancel_MOCK_V2","",""
"Test sending a DELETE operation message via GPD message API after a standalone UPDATE (no prior CREATE)","1914","A DELETE message after standalone UPDATE PUBLISHED","functional-tests.tests.process_messages_sender","2026-08-04","passed","2026-08-04","","test_RTP_process_sender_DELETE","",""
"","729","The RTP web page is reachable","functional-tests.tests.availability","2026-08-04","passed","2026-08-04","","test_availability_RTP_webform","",""
"
DS_12P CNCL RFC callback sent with the Version header must be rejected with 400.
The RTP must remain in RFC_SENT (transition to CANCELLED must not happen).

Flow:
1. Activate payer, send RTP, trigger cancel via GPD DELETE → RFC_SENT
2. Build a valid DS_12P CNCL payload
3. POST to RFC callback endpoint WITH Version header
4. Verify 400 is returned with the expected error body
5. Verify RTP status is still RFC_SENT
","3246","DS_12P CNCL RFC callback with Version header returns 400","functional-tests.tests.callbacks","2026-08-04","passed","2026-08-04","","test_RTP_callback_with_version_header","",""
"Each entry in ``INVALID_PAYER_IDS`` must be rejected with 400.

The ``description`` parameter appears in pytest output to identify which
case failed without having to inspect the raw value.
","613","Querying activation status with an invalid payerId format returns 400","functional-tests.tests.activation","2026-08-04","passed","2026-08-04","","test_debtor_activation_payer_status","",""
"","638","The activation request must contain a Service Provider ID of valid length","functional-tests.tests.activation","2026-08-04","passed","2026-08-04","","test_debtor_activation_create","",""
"
Tests that sending an RTP payload with an amount over the POSTE limit results in a 400 Bad Request response.

:param debtor_sp_mock_cert_key: Certificate and key tuple for mutual TLS authentication.
:type debtor_sp_mock_cert_key: Tuple[str, str]
","2043","Cannot send RTP with an amount over the POSTE limit","functional-tests.tests.availability","2026-08-04","failed","2026-08-04","","test_availability_POSTE","",""
"","1998","RTP cancellation fails with an invalid reason","functional-tests.tests.cancel_rtp","2026-08-04","passed","2026-08-04","","test_RTP_cancel","",""
"Test sending a DELETE operation message via GPD message API after a CREATE","2109","A DELETE message after CREATE PUBLISHED","functional-tests.tests.process_messages_sender","2026-08-04","passed","2026-08-04","","test_RTP_process_sender_DELETE","",""
"","1438","An RTP sent with synchronous rejection containing extra fields results in status REJECTED - through Web API V2","functional-tests.tests.send_rtp","2026-08-04","failed","2026-08-04","","test_RTP_send_MOCK","",""
"Test sending a DELETE operation message via GPD message API after a CREATE","1978","A DELETE message after CREATE PAID","functional-tests.tests.process_messages_sender","2026-08-04","passed","2026-08-04","","test_RTP_process_sender_DELETE","",""
"","1966","An RTP sent with synchronous acceptance is in status ACCEPTED - DS-05 ACTC - through Web API","functional-tests.tests.send_rtp","2026-08-04","passed","2026-08-04","","test_RTP_send_MOCK","",""
"
Payer activated under SP A.
- SP B (read_rtp_activations): isActive must be false - privacy rule hides cross-SP activation.
- Admin (read_rtp_all): isActive must be true - role grants visibility across all SPs.
Same payer, same endpoint, different roles → different results.
","1906","read_rtp_all role returns isActive true while read_rtp_activations returns false for the same cross-SP payer","functional-tests.tests.activation","2026-08-04","passed","2026-08-04","","test_debtor_activation_payer_status","",""
"","630","Find by payer id request must contain lower case fiscal code","functional-tests.tests.activation","2026-08-04","passed","2026-08-04","","test_debtor_activation_create","",""
"Test sending an UPDATE operation message with different statuses via GPD message API after a CREATE","2675","An UPDATE message with status DRAFT after CREATE","functional-tests.tests.process_messages_sender","2026-08-04","passed","2026-08-04","","test_RTP_process_sender_UPDATE","",""
"Test sending a DELETE operation message via GPD message API after a standalone UPDATE (no prior CREATE)","1882","A DELETE message after standalone UPDATE INVALID","functional-tests.tests.process_messages_sender","2026-08-04","passed","2026-08-04","","test_RTP_process_sender_DELETE","",""
"Each entry in ``INVALID_PAYER_IDS`` must be rejected with 400.

The ``description`` parameter appears in pytest output to identify which
case failed without having to inspect the raw value.
","610","Querying activation status with an invalid payerId format returns 400","functional-tests.tests.activation","2026-08-04","passed","2026-08-04","","test_debtor_activation_payer_status","",""
"","2135","RTP is successfully cancelled with reason PAID","functional-tests.tests.cancel_rtp","2026-08-04","passed","2026-08-04","","test_RTP_cancel","",""
"Test sending a DELETE operation message via GPD message API after a CREATE","1912","A DELETE message after CREATE PARTIALLY_PAID","functional-tests.tests.process_messages_sender","2026-08-04","passed","2026-08-04","","test_RTP_process_sender_DELETE","",""
"Test sending a DELETE operation message via GPD message API after a CREATE VALID + UPDATE","2735","A DELETE message after CREATE VALID + UPDATE PUBLISHED","functional-tests.tests.process_messages_sender","2026-08-04","passed","2026-08-04","","test_RTP_process_sender_DELETE","",""
"","2667","Unauthorized callback due to wrong certificate serial","functional-tests.tests.callbacks_v2","2026-08-04","passed","2026-08-04","","test_RTP_callback_DS_document_rjct","",""
"An EPC response containing fields not declared in the OpenAPI spec is treated as an invalid message and is NOT tolerated for accept/reject purposes (confirmed with rtp-sender-v2 maintainers, PR #26). The extra `invalid-field` property invalidates the whole response, so the CNCL confirmation is not processed and the RTP stays in RFC_SENT.","4898","Cancelling an RTP - EPC v4 mock unhappy path scenario: cncl_extra_field","functional-tests.tests.cancel_rtp","2026-08-04","passed","2026-08-04","","test_RTP_cancel_MOCK_V2","",""
"Test sending a CREATE operation message with different statuses via GPD message API","1252","A CREATE message with status EXPIRED","functional-tests.tests.process_messages_sender","2026-08-04","passed","2026-08-04","","test_RTP_process_sender_CREATE","",""
"","1997","RTP cancellation fails with an invalid reason - V2","functional-tests.tests.cancel_rtp","2026-08-04","passed","2026-08-04","","test_RTP_cancel","",""
"
Test RFC callback DS12P with CNCL status.

Flow:
1. Activate payer
2. Send an RTP via GPD message (CREATE VALID)
3. Cancel the RTP via GPD message (DELETE) → RTP to RFC_SENT
4. Send DS12P callback with CxlStsId CNCL (Cancelled As Per Request)
5. Verify callback is accepted (200)
6. Verify RTP status is CANCELLED
","3314","An RFC callback DS12P CNCL is successfully received and RTP status is CANCEL","functional-tests.tests.callbacks","2026-08-04","passed","2026-08-04","","test_RTP_callback_DS_12P","",""
"Each entry in ``INVALID_PAYER_IDS`` must be rejected with 400.

The ``description`` parameter appears in pytest output to identify which
case failed without having to inspect the raw value.
","626","Querying activation status with an invalid payerId format returns 400","functional-tests.tests.activation","2026-08-04","passed","2026-08-04","","test_debtor_activation_payer_status","",""
"
Given a debtor is activated and a GPD message (CREATE) is sent via POST /gpd/message,
when the rtp-sender processes it and the RTP reaches status SENT,
when the payee queries the delivery-status endpoint with the correct noticeNumber
(nav) and payeeId (ec_tax_code),
then the response body must contain status=PD_RTP_DELIVERED, a non-null processingDate
in ISO 8601 format, and processingDate must match the SEND_RTP event timestamp from
the GPD message response (truncated to millisecond precision).
","7012","GPD message sent → RTP SENT → PD_RTP_DELIVERED with processingDate","functional-tests.tests.get_rtp","2026-08-04","passed","2026-08-04","","test_RTP_get_delivery_status","",""
"","1279","A debtor activated with an owned but distinct Service Provider ID is retrieved by payer id","functional-tests.tests.activation","2026-08-04","passed","2026-08-04","","test_debtor_activation_get","",""
"Active payer with a foreign-country fiscal code (Z + 3 digits municipality) → isActive must be true.","1273","An active payer with foreign fiscal code returns isActive true","functional-tests.tests.activation","2026-08-04","passed","2026-08-04","","test_debtor_activation_payer_status","",""
"","1976","An RTP sent when EPC response omits _links is in status ACCEPTED - through Web API","functional-tests.tests.send_rtp","2026-08-04","passed","2026-08-04","","test_RTP_send_MOCK","",""
"MOCKSP04 owns MOCKSP01 and triggers the OTP; FAKESP01, which owns neither, must be rejected
with an explicit ownership error, not merely a generic 403.","1906","Test Takeover Fails when Redeemer Does Not Own the OTP's Service Provider ID","functional-tests.tests.takeover","2026-08-04","passed","2026-08-04","","test_debtor_takeover","",""
"
Test RFC callback DS12N with wrong certificate identity, cancel via REST Web API.

Flow:
1. Activate payer
2. Send an RTP via GPD message (CREATE VALID)
3. Cancel the RTP via REST cancel endpoint with cancel_reason → RTP to RFC_SENT
4. Send DS12N callback with assignee_bic='FAKESP01' (doesn't match certificate identity MOCKSP04)
5. Verify callback is rejected with 403 (certificate mismatch)
","2634","Unauthorized RFC callback due to wrong certificate serial - through Web API cancel","functional-tests.tests.callbacks","2026-08-04","passed","2026-08-04","","test_RTP_callback_DS_12N","",""
"","4767","An RTP is sent through CBI API","functional-tests.tests.availability","2026-08-04","passed","2026-08-04","","test_availability_CBI","",""
"","669","Sending to non-activated debtor returns 422 - through Web API V2","functional-tests.tests.send_rtp","2026-08-04","passed","2026-08-04","","test_RTP_send_MOCK","",""
"Test sending an UPDATE operation message with different statuses via GPD message API after a CREATE","2156","An UPDATE message with status VALID after CREATE","functional-tests.tests.process_messages_sender","2026-08-04","passed","2026-08-04","","test_RTP_process_sender_UPDATE","",""
"Test sending a DELETE operation message via GPD message API after a standalone UPDATE (no prior CREATE)","2049","A DELETE message after standalone UPDATE EXPIRED","functional-tests.tests.process_messages_sender","2026-08-04","passed","2026-08-04","","test_RTP_process_sender_DELETE","",""
"","1273","Sending a GPD message with null id returns 400","functional-tests.tests.send_rtp","2026-08-04","passed","2026-08-04","","test_RTP_send_MOCK","",""
"Test sending a DELETE operation message via GPD message API after a CREATE VALID + UPDATE","3206","A DELETE message after CREATE VALID + UPDATE VALID","functional-tests.tests.process_messages_sender","2026-08-04","passed","2026-08-04","","test_RTP_process_sender_DELETE","",""
"Test sending an UPDATE operation message with different statuses via GPD message API before a CREATE","1244","An UPDATE message with status PARTIALLY_PAID before CREATE","functional-tests.tests.process_messages_sender","2026-08-04","passed","2026-08-04","","test_RTP_process_sender_UPDATE_before_CREATE","",""
"
Verify that a debt position can be updated successfully.
","6905","Happy path: a debt position is updated in UAT environment","functional-tests.tests.gpd_availability","2026-08-04","passed","2026-08-04","","test_availability_GPD","",""
"","622","Failed callback for non existing Service Provider - DS-04b compliant","functional-tests.tests.callbacks","2026-08-04","passed","2026-08-04","","test_RTP_callback_DS_04","",""
"","629","Retrieving activation without valid token returns 401","functional-tests.tests.activation","2026-08-04","passed","2026-08-04","","test_debtor_activation_get","",""
"
Test RFC callback DS12P with CNCL status, cancel triggered via REST Web API with explicit reason.

Flow:
1. Activate payer
2. Send an RTP via GPD message (CREATE VALID)
3. Cancel the RTP via REST cancel endpoint with cancel_reason → RTP to RFC_SENT
4. Send DS12P callback with CxlStsId CNCL (Cancelled As Per Request)
5. Verify callback is accepted (200)
6. Verify RTP status is CANCELLED
","3269","An RFC callback DS12P CNCL is successfully received and RTP status is CANCEL - through Web API cancel","functional-tests.tests.callbacks","2026-08-04","passed","2026-08-04","","test_RTP_callback_DS_12P","",""
"
Test RFC callback DS12N with non-existing service provider.

Flow:
1. Activate payer
2. Send an RTP via GPD message (CREATE VALID)
3. Cancel the RTP via GPD message (DELETE) → RTP to RFC_SENT
4. Send DS12N callback with non-existing BIC (MOCKSP99)
5. Verify callback is rejected with 400 (service provider not found)
","3186","Failed RFC callback for non existing Service Provider - DS-12N RJCR compliant","functional-tests.tests.callbacks","2026-08-04","passed","2026-08-04","","test_RTP_callback_DS_12N","",""
"Each entry in ``INVALID_PAYER_IDS`` must be rejected with 400.

The ``description`` parameter appears in pytest output to identify which
case failed without having to inspect the raw value.
","647","Querying activation status with an invalid payerId format returns 400","functional-tests.tests.activation","2026-08-04","passed","2026-08-04","","test_debtor_activation_payer_status","",""
"OTP bound to payer1 should not work for payer2","1916","Test Takeover Fails with OTP Bound to Different Payer","functional-tests.tests.takeover","2026-08-04","passed","2026-08-04","","test_debtor_takeover","",""
"Same privacy rule as the cross-SP case: no explicit error, isActive is just false.","1256","Get payer status returns isActive false when the token subject does not own the activation's Service Provider ID","functional-tests.tests.activation","2026-08-04","passed","2026-08-04","","test_debtor_activation_payer_status","",""
"Each entry in ``INVALID_PAYER_IDS`` must be rejected with 400.

The ``description`` parameter appears in pytest output to identify which
case failed without having to inspect the raw value.
","631","Querying activation status with an invalid payerId format returns 400","functional-tests.tests.activation","2026-08-04","failed","2026-08-04","","test_debtor_activation_payer_status","",""
"Each entry in ``INVALID_PAYER_IDS`` (see dataset docstring) must be rejected with 400.","625","The activation request must contain a validly formatted fiscal code","functional-tests.tests.activation","2026-08-04","passed","2026-08-04","","test_debtor_activation_create","",""
"","3291","A v2 RTP callback with invalid status is rejected without affecting the RTP status","functional-tests.tests.callbacks_v2","2026-08-04","passed","2026-08-04","","test_RTP_callback_DS_08N_negative","",""
"Authenticated but not authorized: token of SP A tries to use OTP issued for SP B","1909","Test Takeover Fails with Wrong SP Token","functional-tests.tests.takeover","2026-08-04","passed","2026-08-04","","test_debtor_takeover","",""
"","2586","An RTP is sent to ICCREA service with activated fiscal code - through Web API","functional-tests.tests.send_rtp","2026-08-04","failed","2026-08-04","","test_RTP_send_ICCREA","",""
"
DS_04b callback sent with the Version header must be rejected with 400.
The RTP state must be unchanged.

Flow:
1. Activate payer and send an RTP → resource_id
2. Capture current RTP status
3. Build a valid DS_04b payload referencing the RTP
4. POST to callback endpoint WITH Version header
5. Verify 400 is returned with the expected error body
6. Verify RTP status is unchanged
","3233","DS_04b callback with Version header returns 400","functional-tests.tests.callbacks","2026-08-04","passed","2026-08-04","","test_RTP_callback_with_version_header","",""
"Each entry in ``INVALID_PAYER_IDS`` must be rejected with 400.

The ``description`` parameter appears in pytest output to identify which
case failed without having to inspect the raw value.
","617","Querying activation status with an invalid payerId format returns 400","functional-tests.tests.activation","2026-08-04","passed","2026-08-04","","test_debtor_activation_payer_status","",""
"","3439","An RTP callback is received with invalid status","functional-tests.tests.callbacks","2026-08-04","passed","2026-08-04","","test_RTP_callback_DS_08","",""
"","621","Invalid pagination parameters returns 400","functional-tests.tests.activation","2026-08-04","passed","2026-08-04","","test_debtor_activation_list","",""
"","2034","RTP is successfully cancelled with reason MODT","functional-tests.tests.cancel_rtp","2026-08-04","passed","2026-08-04","","test_RTP_cancel","",""
"","1904","An RTP is sent to a CBI service with activated fiscal code - through Web API V2","functional-tests.tests.send_rtp","2026-08-04","failed","2026-08-04","","test_RTP_send_CBI","",""
"Payer that has never been activated → isActive must be false.","622","test_get_activation_status_not_active_payer","functional-tests.tests.activation","2026-08-04","passed","2026-08-04","","test_debtor_activation_payer_status","",""
"
Test v2 RFC callback DS12P with non-existing service provider.

Flow:
1. Activate payer
2. Send an RTP via GPD message v2 (CREATE VALID)
3. Cancel the RTP via GPD message v2 (DELETE) -> RTP to RFC_SENT
4. Send DS12P callback with non-existing BIC (MOCKSP99)
5. Verify callback is rejected with 400 (service provider not found)
6. Verify RTP status is still RFC_SENT
","4963","Failed v2 RFC callback for non existing Service Provider - DS-12P positive compliant","functional-tests.tests.callbacks_v2","2026-08-04","passed","2026-08-04","","test_RTP_callback_DS_12P_positive","",""
"
Verify that a debt position can be deleted successfully.
","2842","Happy path: a debt position is deleted in DEV environment","functional-tests.tests.gpd_availability","2026-08-04","passed","2026-08-04","","test_availability_GPD","",""
"Each entry in ``INVALID_PAYER_IDS`` (see dataset docstring) must be rejected with 400.","620","The activation request must contain a validly formatted fiscal code","functional-tests.tests.activation","2026-08-04","passed","2026-08-04","","test_debtor_activation_create","",""
"","620","Get payees consents with wrong token type returns 403","functional-tests.tests.service_registry","2026-08-04","passed","2026-08-04","","test_get_payees_consents","",""
"
Test RFC callback DS12N with wrong certificate identity, cancel via REST Web API.

Flow:
1. Activate payer
2. Send an RTP via GPD message (CREATE VALID)
3. Cancel the RTP via REST cancel endpoint with cancel_reason → RTP to RFC_SENT
4. Send DS12N callback with assignee_bic='FAKESP01' (doesn't match certificate identity MOCKSP04)
5. Verify callback is rejected with 403 (certificate mismatch)
","2763","Unauthorized RFC callback due to wrong certificate serial - through Web API cancel","functional-tests.tests.callbacks","2026-08-04","passed","2026-08-04","","test_RTP_callback_DS_12N","",""
"","4059","DS_12P positive RFC v2 callback with Version header returns 400","functional-tests.tests.callbacks_v2","2026-08-04","passed","2026-08-04","","test_RTP_callback_with_version_header","",""
"","612","The activation request must contain a validly formatted Service Provider ID","functional-tests.tests.activation","2026-08-04","passed","2026-08-04","","test_debtor_activation_create","",""
"","2677","Failed callback for non existing Service Provider - DS-08N negative compliant","functional-tests.tests.callbacks_v2","2026-08-04","passed","2026-08-04","","test_RTP_callback_DS_08N_negative","",""
"","3340","An RTP sent with synchronous rejection is in status REJECTED - DS-08P N","functional-tests.tests.send_rtp","2026-08-04","passed","2026-08-04","","test_RTP_send_MOCK","",""
"No `Sts.Conf` confirmation is present (minimal JSON without Sts), so only CANCEL_RTP is triggered and the RTP stays in RFC_SENT.","2750","Cancelling an RTP - EPC v4 mock happy path scenario: minimal_json","functional-tests.tests.cancel_rtp","2026-08-04","passed","2026-08-04","","test_RTP_cancel_MOCK_V2","",""
"","3519","Failed callback for non existing Service Provider - DS-document RJCT compliant","functional-tests.tests.callbacks_v2","2026-08-04","passed","2026-08-04","","test_RTP_callback_DS_document_rjct","",""
"","2721","An RTP sent with synchronous rejection is in status REJECTED - DS-08P N - through Web API V2","functional-tests.tests.send_rtp","2026-08-04","passed","2026-08-04","","test_RTP_send_MOCK","",""
"
Test RFC callback DS12P with non-existing service provider.

Flow:
1. Activate payer
2. Send an RTP via GPD message (CREATE VALID)
3. Cancel the RTP via GPD message (DELETE) → RTP to RFC_SENT
4. Send DS12P callback with non-existing BIC (MOCKSP99)
5. Verify callback is rejected with 400 (service provider not found)
","2754","Failed RFC callback for non existing Service Provider - DS-12P CNCL compliant","functional-tests.tests.callbacks","2026-08-04","passed","2026-08-04","","test_RTP_callback_DS_12P","",""
"","1304","A debtor activated with an owned but distinct Service Provider ID is deactivated","functional-tests.tests.activation","2026-08-04","passed","2026-08-04","","test_debtor_deactivation","",""
"UPDATE VALID with an ec_tax_code that does not exist in GPD returns 422 Payee not found","1957","An UPDATE VALID message with a non-existent ec_tax_code is rejected","functional-tests.tests.process_messages_sender","2026-08-04","passed","2026-08-04","","test_RTP_process_sender_UPDATE","",""
"
Test RFC callback DS12P with INVALID status, cancel via REST Web API.

Flow:
1. Activate payer
2. Send an RTP via GPD message (CREATE VALID)
3. Cancel the RTP via REST cancel endpoint with cancel_reason → RTP to RFC_SENT
4. Send DS12P callback with CxlStsId INVALID
5. Verify callback is rejected with 400
6. Verify RTP status is still RFC_SENT
","4236","An RFC callback DS12P INVALID is rejected with 400 - through Web API cancel","functional-tests.tests.callbacks","2026-08-04","passed","2026-08-04","","test_RTP_callback_DS_12P","",""
"
Test RFC callback DS12N with INVALID status.

Flow:
1. Activate payer
2. Send an RTP via GPD message (CREATE VALID)
3. Cancel the RTP via GPD message (DELETE) → RTP to RFC_SENT
4. Send DS12N callback with CxlStsId INVALID
5. Verify callback is rejected with 400
6. Verify RTP status is still RFC_SENT
","3290","An RFC callback DS12N INVALID is rejected with 400","functional-tests.tests.callbacks","2026-08-04","passed","2026-08-04","","test_RTP_callback_DS_12N","",""
"Test sending an UPDATE operation message with different statuses via GPD message API before a CREATE","1284","An UPDATE message with status PUBLISHED before CREATE","functional-tests.tests.process_messages_sender","2026-08-04","passed","2026-08-04","","test_RTP_process_sender_UPDATE_before_CREATE","",""
"","2043","SP_B cannot retrieve activation by Fiscal Code created by SP_A","functional-tests.tests.activation","2026-08-04","passed","2026-08-04","","test_RTP_activation_security","",""
"","1275","A debtor with foreign fiscal code is activated successfully","functional-tests.tests.activation","2026-08-04","passed","2026-08-04","","test_debtor_activation_create","",""
"","1131","An RTP is sent to Poste service with activated fiscal code - through Web API","functional-tests.tests.send_rtp","2026-08-04","passed","2026-08-04","","test_RTP_send_POSTE","",""
"
Test RFC callback DS12P with non-existing service provider, cancel via REST Web API.

Flow:
1. Activate payer
2. Send an RTP via GPD message (CREATE VALID)
3. Cancel the RTP via REST cancel endpoint with cancel_reason → RTP to RFC_SENT
4. Send DS12P callback with non-existing BIC (MOCKSP99)
5. Verify callback is rejected with 400 (service provider not found)
","2683","Failed RFC callback for non existing Service Provider - DS-12P CNCL compliant - through Web API cancel","functional-tests.tests.callbacks","2026-08-04","passed","2026-08-04","","test_RTP_callback_DS_12P","",""
"
Payer activated under SP A.
Token with read_rtp_all can read across all Service Providers:
the admin client sub does not match SP A, yet isActive must be true.
","1289","read_rtp_all role returns isActive true for a payer on any Service Provider","functional-tests.tests.activation","2026-08-04","passed","2026-08-04","","test_debtor_activation_payer_status","",""
"Test sending an UPDATE after CREATE VALID + DELETE with different statuses","4077","An UPDATE message with status VALID after CREATE VALID and DELETE","functional-tests.tests.process_messages_sender","2026-08-04","passed","2026-08-04","","test_RTP_process_sender_UPDATE","",""
"","1266","A debtor cannot be activated more than once by the same service provider","functional-tests.tests.activation","2026-08-04","passed","2026-08-04","","test_debtor_activation_create","",""
"","618","The service returns the mocked server error","functional-tests.tests.availability","2026-08-04","passed","2026-08-04","","test_availability_MOCK","",""
"","1179","An RTP is sent to Poste service with activated fiscal code - through Web API V2","functional-tests.tests.send_rtp","2026-08-04","passed","2026-08-04","","test_RTP_send_POSTE","",""
"","632","All auth fixtures expose a valid Bearer token format","functional-tests.tests.auth","2026-08-04","passed","2026-08-04","","test_auth","",""
"Each entry in ``INVALID_PAYER_IDS`` (see dataset docstring) must be rejected with 400.","1048","The activation request must contain a validly formatted fiscal code","functional-tests.tests.activation","2026-08-04","passed","2026-08-04","","test_debtor_activation_create","",""
"A valid token that carries neither read_rtp_activations nor read_rtp_all must be rejected with 403.","632","Token without read_rtp_activations or read_rtp_all role returns 403 Forbidden","functional-tests.tests.activation","2026-08-04","passed","2026-08-04","","test_debtor_activation_payer_status","",""
"","3421","An RTP sent with synchronous rejection containing extra fields results in status REJECTED - through Web API","functional-tests.tests.send_rtp","2026-08-04","passed","2026-08-04","","test_RTP_send_MOCK","",""
"Test sending an UPDATE operation message with different statuses via GPD message API after a CREATE","2208","An UPDATE message with status INVALID after CREATE","functional-tests.tests.process_messages_sender","2026-08-04","passed","2026-08-04","","test_RTP_process_sender_UPDATE","",""
"Each entry in ``INVALID_PAYER_IDS`` must be rejected with 400.

The ``description`` parameter appears in pytest output to identify which
case failed without having to inspect the raw value.
","637","Querying activation status with an invalid payerId format returns 400","functional-tests.tests.activation","2026-08-04","passed","2026-08-04","","test_debtor_activation_payer_status","",""
"Each entry in ``INVALID_PAYER_IDS`` (see dataset docstring) must be rejected with 400.","632","The activation request must contain a validly formatted fiscal code","functional-tests.tests.activation","2026-08-04","passed","2026-08-04","","test_debtor_activation_create","",""
"","637","Invalid NextActivationId format returns 400","functional-tests.tests.activation","2026-08-04","passed","2026-08-04","","test_debtor_activation_list","",""
"The PSP synchronously rejects the cancellation request with 422 (per standard behaviour for the EPC 429 Too Many Requests scenario). The RTP then transitions to ERROR_CANCEL via ERROR_CANCEL_RTP.","11738","Cancelling an RTP - EPC v4 mock unhappy path scenario: epc_429","functional-tests.tests.cancel_rtp","2026-08-04","failed","2026-08-04","","test_RTP_cancel_MOCK_V2","",""
"","3271","A v2 document RTP callback with status RJCT is successfully received","functional-tests.tests.callbacks_v2","2026-08-04","passed","2026-08-04","","test_RTP_callback_DS_document_rjct","",""
"
Test v2 RFC callback DS12P with INVALID status.

Flow:
1. Activate payer
2. Send an RTP via GPD message v2 (CREATE VALID)
3. Cancel the RTP via GPD message v2 (DELETE) -> RTP to RFC_SENT
4. Send DS12P callback with CxlStsId INVALID
5. Verify callback is rejected with 400
6. Verify RTP status is still RFC_SENT
","4428","A v2 RFC callback DS12P INVALID is rejected with 400","functional-tests.tests.callbacks_v2","2026-08-04","passed","2026-08-04","","test_RTP_callback_DS_12P_positive","",""
"","2135","An RTP is sent to a CBI service with activated fiscal code","functional-tests.tests.send_rtp","2026-08-04","passed","2026-08-04","","test_RTP_send_CBI","",""
"","628","Deactivation fails for non-existing activation","functional-tests.tests.activation","2026-08-04","passed","2026-08-04","","test_debtor_deactivation","",""
"","591","Get payees consents with invalid authorization returns 401","functional-tests.tests.service_registry","2026-08-04","passed","2026-08-04","","test_get_payees_consents","",""
"","1278","A second service provider triggers takeover when debtor is already active on another service provider","functional-tests.tests.activation","2026-08-04","passed","2026-08-04","","test_debtor_activation_create","",""
"","2806","Unauthorized callback due to wrong certificate serial","functional-tests.tests.callbacks_v2","2026-08-04","passed","2026-08-04","","test_RTP_callback_DS_05_redirect","",""
"","3914","An RTP callback is successfully received with status ACCP","functional-tests.tests.callbacks","2026-08-04","passed","2026-08-04","","test_RTP_callback_DS_08","",""
"
Test v2 RFC callback DS12N with INVALID status.

Flow:
1. Activate payer
2. Send an RTP via GPD message v2 (CREATE VALID)
3. Cancel the RTP via GPD message v2 (DELETE) -> RTP to RFC_SENT
4. Send DS12N callback with CxlStsId INVALID
5. Verify callback is rejected with 400
6. Verify RTP status is still RFC_SENT
","3473","A v2 RFC callback DS12N INVALID is rejected with 400","functional-tests.tests.callbacks_v2","2026-08-04","passed","2026-08-04","","test_RTP_callback_DS_12N_negative","",""
"","2893","An RTP sent when EPC response contains an unknown field is ignored and remains in status SENT - through Web API","functional-tests.tests.send_rtp","2026-08-04","passed","2026-08-04","","test_RTP_send_MOCK","",""
"Each entry in ``INVALID_PAYER_IDS`` must be rejected with 400.

The ``description`` parameter appears in pytest output to identify which
case failed without having to inspect the raw value.
","637","Querying activation status with an invalid payerId format returns 400","functional-tests.tests.activation","2026-08-04","passed","2026-08-04","","test_debtor_activation_payer_status","",""
"Each entry in ``INVALID_PAYER_IDS`` (see dataset docstring) must be rejected with 400.","626","The activation request must contain a validly formatted fiscal code","functional-tests.tests.activation","2026-08-04","passed","2026-08-04","","test_debtor_activation_create","",""
"","2706","Failed callback for non existing Service Provider - DS-05 redirect compliant","functional-tests.tests.callbacks_v2","2026-08-04","passed","2026-08-04","","test_RTP_callback_DS_05_redirect","",""
"The PSP synchronously rejects the cancellation request with 422 (per standard behaviour for the EPC 400 Bad Request scenario). The RTP then transitions to ERROR_CANCEL via ERROR_CANCEL_RTP.","3184","Cancelling an RTP - EPC v4 mock unhappy path scenario: epc_400","functional-tests.tests.cancel_rtp","2026-08-04","failed","2026-08-04","","test_RTP_cancel_MOCK_V2","",""
"
Test v2 RFC callback DS12N with wrong certificate identity.

Flow:
1. Activate payer
2. Send an RTP via GPD message v2 (CREATE VALID)
3. Cancel the RTP via GPD message v2 (DELETE) -> RTP to RFC_SENT
4. Send DS12N callback with assignee_bic='FAKESP01' (doesn't match certificate identity)
5. Verify callback is rejected with 403 (certificate mismatch)
6. Verify RTP status is still RFC_SENT
","3385","Unauthorized v2 RFC callback due to wrong certificate serial","functional-tests.tests.callbacks_v2","2026-08-04","passed","2026-08-04","","test_RTP_callback_DS_12N_negative","",""
"","4539","An RTP callback is successfully received with status RJCT","functional-tests.tests.callbacks","2026-08-04","passed","2026-08-04","","test_RTP_callback_DS_08","",""
"","620","Failed callback for non existing Service Provider - DS-08P compliant","functional-tests.tests.callbacks","2026-08-04","passed","2026-08-04","","test_RTP_callback_DS_08","",""
"Each entry in ``INVALID_PAYER_IDS`` must be rejected with 400.

The ``description`` parameter appears in pytest output to identify which
case failed without having to inspect the raw value.
","625","Querying activation status with an invalid payerId format returns 400","functional-tests.tests.activation","2026-08-04","passed","2026-08-04","","test_debtor_activation_payer_status","",""
"
DS_12N RJCR RFC callback sent with the Version header must be rejected with 400.
The RTP must remain in RFC_SENT (transition to ERROR_CANCEL must not happen).

Flow:
1. Activate payer, send RTP, trigger cancel via GPD DELETE → RFC_SENT
2. Build a valid DS_12N RJCR payload
3. POST to RFC callback endpoint WITH Version header
4. Verify 400 is returned with the expected error body
5. Verify RTP status is still RFC_SENT
","4381","DS_12N RJCR RFC callback with Version header returns 400","functional-tests.tests.callbacks","2026-08-04","passed","2026-08-04","","test_RTP_callback_with_version_header","",""
"Test sending a DELETE operation message via GPD message API after a CREATE VALID + UPDATE","3686","A DELETE message after CREATE VALID + UPDATE PARTIALLY_PAID","functional-tests.tests.process_messages_sender","2026-08-04","passed","2026-08-04","","test_RTP_process_sender_DELETE","",""
"
Test RFC callback DS12N with non-existing service provider, cancel via REST Web API.

Flow:
1. Activate payer
2. Send an RTP via GPD message (CREATE VALID)
3. Cancel the RTP via REST cancel endpoint with cancel_reason → RTP to RFC_SENT
4. Send DS12N callback with non-existing BIC (MOCKSP99)
5. Verify callback is rejected with 400 (service provider not found)
","3091","Failed RFC callback for non existing Service Provider - DS-12N RJCR compliant - through Web API cancel","functional-tests.tests.callbacks","2026-08-04","passed","2026-08-04","","test_RTP_callback_DS_12N","",""
"Test that takeover fails when the service provider is unauthenticated","1873","Test Takeover Fails with Unauthenticated SP","functional-tests.tests.takeover","2026-08-04","passed","2026-08-04","","test_debtor_takeover","",""
"
Tests that sending an RTP payload with an expired date to the POSTE endpoint results in a 400 Bad Request response.

:param debtor_sp_mock_cert_key: Certificate and key tuple for mutual TLS authentication.
:type debtor_sp_mock_cert_key: Tuple[str, str]
","1322","Cannot send RTP with expired date","functional-tests.tests.availability","2026-08-04","failed","2026-08-04","","test_availability_POSTE","",""
"","2630","An RTP sent with synchronous rejection and missing _links results in status REJECTED - through Web API","functional-tests.tests.send_rtp","2026-08-04","passed","2026-08-04","","test_RTP_send_MOCK","",""
"","1263","Sending a GPD message with null operation returns 400","functional-tests.tests.send_rtp","2026-08-04","passed","2026-08-04","","test_RTP_send_MOCK","",""
"Test sending an UPDATE after CREATE VALID + DELETE with different statuses","2179","An UPDATE message with status PARTIALLY_PAID after CREATE VALID and DELETE","functional-tests.tests.process_messages_sender","2026-08-04","failed","2026-08-04","","test_RTP_process_sender_UPDATE","",""
"Test that takeover fails when an invalid OTP is provided","1890","Test Takeover Fails with Invalid OTP","functional-tests.tests.takeover","2026-08-04","passed","2026-08-04","","test_debtor_takeover","",""
"Test sending an UPDATE operation message with different statuses via GPD message API before a CREATE","1265","An UPDATE message with status PAID before CREATE","functional-tests.tests.process_messages_sender","2026-08-04","passed","2026-08-04","","test_RTP_process_sender_UPDATE_before_CREATE","",""
"
Verify that a debt position can be created and published successfully.
","1245","Happy path: a debt position is created and published in DEV environment","functional-tests.tests.gpd_availability","2026-08-04","passed","2026-08-04","","test_availability_GPD","",""
"","3997","A v2 RTP callback with status ACCP is successfully received","functional-tests.tests.callbacks_v2","2026-08-04","passed","2026-08-04","","test_RTP_callback_DS_08P_positive","",""
"","637","Get payees consents with negative page size returns 400","functional-tests.tests.service_registry","2026-08-04","passed","2026-08-04","","test_get_payees_consents","",""
"","617","A Service Provider with invalid client secret is not authenticated on Keycloak","functional-tests.tests.auth","2026-08-04","passed","2026-08-04","","test_auth","",""
"
Verify that a debt position can be deleted successfully.
","2905","Happy path: a debt position is deleted in UAT environment","functional-tests.tests.gpd_availability","2026-08-04","passed","2026-08-04","","test_availability_GPD","",""
"Each entry in ``INVALID_PAYER_IDS`` (see dataset docstring) must be rejected with 400.","620","The activation request must contain a validly formatted fiscal code","functional-tests.tests.activation","2026-08-04","passed","2026-08-04","","test_debtor_activation_create","",""
"","806","inexistent RTP -> empty body","functional-tests.tests.get_rtp","2026-08-04","passed","2026-08-04","","test_RTP_get","",""
"CREATE VALID with an ec_tax_code that does not exist in GPD returns 422 Payee not found","1267","A CREATE VALID message with a non-existent ec_tax_code is rejected","functional-tests.tests.process_messages_sender","2026-08-04","passed","2026-08-04","","test_RTP_process_sender_CREATE","",""
"","1446","An RTP is sent through GPD message API","functional-tests.tests.send_rtp","2026-08-04","passed","2026-08-04","","test_RTP_send_MOCK","",""
"Each entry in ``INVALID_PAYER_IDS`` must be rejected with 400.

The ``description`` parameter appears in pytest output to identify which
case failed without having to inspect the raw value.
","620","Querying activation status with an invalid payerId format returns 400","functional-tests.tests.activation","2026-08-04","passed","2026-08-04","","test_debtor_activation_payer_status","",""
"Test sending an UPDATE operation message with different statuses via GPD message API before a CREATE","1269","An UPDATE message with status DRAFT before CREATE","functional-tests.tests.process_messages_sender","2026-08-04","passed","2026-08-04","","test_RTP_process_sender_UPDATE_before_CREATE","",""
"Each entry in ``INVALID_PAYER_IDS`` (see dataset docstring) must be rejected with 400.","613","The activation request must contain a validly formatted fiscal code","functional-tests.tests.activation","2026-08-04","passed","2026-08-04","","test_debtor_activation_create","",""
"Each entry in ``INVALID_PAYER_IDS`` (see dataset docstring) must be rejected with 400.","614","The activation request must contain a validly formatted fiscal code","functional-tests.tests.activation","2026-08-04","passed","2026-08-04","","test_debtor_activation_create","",""
"The PSP synchronously rejects the cancellation request with 422 (per standard behaviour for the EPC 415 Unsupported Media Type scenario). The RTP then transitions to ERROR_CANCEL via ERROR_CANCEL_RTP.","2638","Cancelling an RTP - EPC v4 mock unhappy path scenario: epc_415","functional-tests.tests.cancel_rtp","2026-08-04","failed","2026-08-04","","test_RTP_cancel_MOCK_V2","",""
"","3279","Failed callback for non compliant DS-04b payload","functional-tests.tests.callbacks","2026-08-04","passed","2026-08-04","","test_RTP_callback_DS_04","",""
"","2695","An RTP sent when EPC response contains an unknown field is ignored and remains in status SENT - through Web API V2","functional-tests.tests.send_rtp","2026-08-04","passed","2026-08-04","","test_RTP_send_MOCK","",""
"
Given a debtor is activated with the mock fiscal code that makes the debtor
service provider mock reply with a server error, when a GPD message (CREATE)
is sent via POST /gpd/message, then the rtp-sender fails to deliver the RTP
and records an ERROR_SEND_RTP event (RTP status becomes ERROR_SEND). When the
payee then queries the delivery-status endpoint with the matching noticeNumber
and payeeId, the response must be HTTP 200 with status=PD_RTP_NOT_DELIVERED
and processingDate absent or null.
","8480","RTP with ERROR_SEND_RTP event → PD_RTP_NOT_DELIVERED","functional-tests.tests.get_rtp","2026-08-04","failed","2026-08-04","","test_RTP_get_delivery_status","",""
"Test sending a DELETE operation message via GPD message API after a CREATE","1889","A DELETE message after CREATE INVALID","functional-tests.tests.process_messages_sender","2026-08-04","passed","2026-08-04","","test_RTP_process_sender_DELETE","",""
"Test sending a DELETE operation message via GPD message API after a CREATE","2062","A DELETE message after CREATE VALID","functional-tests.tests.process_messages_sender","2026-08-04","passed","2026-08-04","","test_RTP_process_sender_DELETE","",""
"Each entry in ``INVALID_PAYER_IDS`` (see dataset docstring) must be rejected with 400.","626","The activation request must contain a validly formatted fiscal code","functional-tests.tests.activation","2026-08-04","failed","2026-08-04","","test_debtor_activation_create","",""
"Each entry in ``INVALID_PAYER_IDS`` must be rejected with 400.

The ``description`` parameter appears in pytest output to identify which
case failed without having to inspect the raw value.
","639","Querying activation status with an invalid payerId format returns 400","functional-tests.tests.activation","2026-08-04","passed","2026-08-04","","test_debtor_activation_payer_status","",""
"","2537","An RTP sent with synchronous rejection is in status REJECTED - DS-08P N - through Web API","functional-tests.tests.send_rtp","2026-08-04","passed","2026-08-04","","test_RTP_send_MOCK","",""
"","1252","A debtor with foreign fiscal code is activated and retrieved by activation id","functional-tests.tests.activation","2026-08-04","passed","2026-08-04","","test_debtor_activation_get","",""
"","2635","An RTP callback is received with invalid status","functional-tests.tests.callbacks","2026-08-04","passed","2026-08-04","","test_RTP_callback_DS_08","",""
"Each entry in ``INVALID_PAYER_IDS`` (see dataset docstring) must be rejected with 400.","619","The activation request must contain a validly formatted fiscal code","functional-tests.tests.activation","2026-08-04","passed","2026-08-04","","test_debtor_activation_create","",""
"The PSP synchronously rejects the cancellation request with 422 (per standard behaviour for the EPC 406 Not Acceptable scenario). The RTP then transitions to ERROR_CANCEL via ERROR_CANCEL_RTP.","2730","Cancelling an RTP - EPC v4 mock unhappy path scenario: epc_406","functional-tests.tests.cancel_rtp","2026-08-04","failed","2026-08-04","","test_RTP_cancel_MOCK_V2","",""
"","1679","An RTP is sent through API - through Web API V2","functional-tests.tests.send_rtp","2026-08-04","passed","2026-08-04","","test_RTP_send_MOCK","",""
"Test sending a DELETE operation message via GPD message API after a CREATE VALID + UPDATE","3107","A DELETE message after CREATE VALID + UPDATE EXPIRED","functional-tests.tests.process_messages_sender","2026-08-04","passed","2026-08-04","","test_RTP_process_sender_DELETE","",""
"Test sending an UPDATE after CREATE VALID + DELETE with different statuses","3594","An UPDATE message with status INVALID after CREATE VALID and DELETE","functional-tests.tests.process_messages_sender","2026-08-04","passed","2026-08-04","","test_RTP_process_sender_UPDATE","",""
"","951","An RTP is sent to ICCREA service with activated fiscal code - through Web API V2","functional-tests.tests.send_rtp","2026-08-04","failed","2026-08-04","","test_RTP_send_ICCREA","",""
"
Test v2 RFC callback DS12P with CNCL status.

Flow:
1. Activate payer
2. Send an RTP via GPD message v2 (CREATE VALID)
3. Cancel the RTP via GPD message v2 (DELETE) -> RTP to RFC_SENT
4. Send DS12P callback with CxlStsId CNCL (Cancelled As Per Request)
5. Verify callback is accepted (200)
6. Verify RTP status is CANCELLED
","3432","A v2 RFC callback DS12P CNCL is successfully received and RTP status is CANCELLED","functional-tests.tests.callbacks_v2","2026-08-04","passed","2026-08-04","","test_RTP_callback_DS_12P_positive","",""
"Payer activated under SP A queried by SP A → isActive must be true.","1278","An active payer returns isActive true for the same Service Provider","functional-tests.tests.activation","2026-08-04","passed","2026-08-04","","test_debtor_activation_payer_status","",""
"
DS_08P ACCP callback sent with the Version header must be rejected with 400.
The RTP must remain in ACCEPTED (transition to USER_ACCEPTED must not happen).

Flow:
1. Activate payer, send RTP, advance to ACCEPTED via DS_05 (without header)
2. Build a valid DS_08P ACCP payload
3. POST WITH Version header
4. Verify 400 is returned with the expected error body
5. Verify RTP status is still ACCEPTED
","3289","DS_08P ACCP callback with Version header returns 400","functional-tests.tests.callbacks","2026-08-04","passed","2026-08-04","","test_RTP_callback_with_version_header","",""
"","783","Unauthorized callback due to wrong certificate serial","functional-tests.tests.callbacks","2026-08-04","passed","2026-08-04","","test_RTP_callback_DS_08","",""
"
Test RFC callback DS12N with INVALID status, cancel via REST Web API.

Flow:
1. Activate payer
2. Send an RTP via GPD message (CREATE VALID)
3. Cancel the RTP via REST cancel endpoint with cancel_reason → RTP to RFC_SENT
4. Send DS12N callback with CxlStsId INVALID
5. Verify callback is rejected with 400
6. Verify RTP status is still RFC_SENT
","3285","An RFC callback DS12N INVALID is rejected with 400 - through Web API cancel","functional-tests.tests.callbacks","2026-08-04","passed","2026-08-04","","test_RTP_callback_DS_12N","",""
"","609","Get payees with invalid authorization","functional-tests.tests.service_registry","2026-08-04","passed","2026-08-04","","test_service_registry_payees_registry","",""
"
Test RFC callback DS12N with wrong certificate identity.

Flow:
1. Activate payer
2. Send an RTP via GPD message (CREATE VALID)
3. Cancel the RTP via GPD message (DELETE) → RTP to RFC_SENT
4. Send DS12N callback with assignee_bic='FAKESP01' (doesn't match certificate identity MOCKSP04)
5. Verify callback is rejected with 403 (certificate mismatch)
","2814","Unauthorized RFC callback due to wrong certificate serial","functional-tests.tests.callbacks","2026-08-04","passed","2026-08-04","","test_RTP_callback_DS_12N","",""
"","2838","An RTP sent with synchronous rejection containing extra fields results in status REJECTED","functional-tests.tests.send_rtp","2026-08-04","passed","2026-08-04","","test_RTP_send_MOCK","",""
"Each entry in ``INVALID_PAYER_IDS`` (see dataset docstring) must be rejected with 400.","634","The activation request must contain a validly formatted fiscal code","functional-tests.tests.activation","2026-08-04","passed","2026-08-04","","test_debtor_activation_create","",""
"Each entry in ``INVALID_PAYER_IDS`` (see dataset docstring) must be rejected with 400.","630","The activation request must contain a validly formatted fiscal code","functional-tests.tests.activation","2026-08-04","passed","2026-08-04","","test_debtor_activation_create","",""
"Test sending a DELETE operation message via GPD message API after a standalone UPDATE (no prior CREATE)","2200","A DELETE message after standalone UPDATE DRAFT","functional-tests.tests.process_messages_sender","2026-08-04","passed","2026-08-04","","test_RTP_process_sender_DELETE","",""
"","1288","A debtor with VAT number is activated and retrieved by activation id","functional-tests.tests.activation","2026-08-04","passed","2026-08-04","","test_debtor_activation_get","",""
"","4317","An RTP callback with status ACWC is successfully received","functional-tests.tests.callbacks","2026-08-04","passed","2026-08-04","","test_RTP_callback_DS_08","",""
"","636","Invalid pagination parameters returns 400","functional-tests.tests.activation","2026-08-04","passed","2026-08-04","","test_debtor_activation_list","",""
"","1515","missing token → 401 Unauthorized","functional-tests.tests.get_rtp","2026-08-04","passed","2026-08-04","","test_RTP_get","",""
"
Tests the retrieval of an access token from the POSTE authentication endpoint using client credentials and mutual TLS.

:param debtor_sp_mock_cert_key: Certificate and key tuple for mutual TLS authentication.
:type debtor_sp_mock_cert_key: Tuple[str, str]
","309","Auth endpoint returns valid token","functional-tests.tests.availability","2026-08-04","passed","2026-08-04","","test_availability_POSTE","",""
"Each entry in ``INVALID_PAYER_IDS`` must be rejected with 400.

The ``description`` parameter appears in pytest output to identify which
case failed without having to inspect the raw value.
","612","Querying activation status with an invalid payerId format returns 400","functional-tests.tests.activation","2026-08-04","passed","2026-08-04","","test_debtor_activation_payer_status","",""
"An EPC response containing fields not declared in the OpenAPI spec is treated as an invalid message and is NOT tolerated for accept/reject purposes (confirmed with rtp-sender-v2 maintainers, PR #26). The extra `invalid-field` property invalidates the whole response, so the RJCR confirmation is not processed and the RTP stays in RFC_SENT.","3210","Cancelling an RTP - EPC v4 mock unhappy path scenario: rjcr_extra_field","functional-tests.tests.cancel_rtp","2026-08-04","passed","2026-08-04","","test_RTP_cancel_MOCK_V2","",""
"
DS_05 ACTC callback sent with the Version header must be rejected with 400.
The RTP must remain in SENT (transition to ACCEPTED must not happen).

Flow:
1. Activate payer and send an RTP → resource_id
2. Build a valid DS_05 ACTC payload referencing the RTP
3. POST to callback endpoint WITH Version header
4. Verify 400 is returned with the expected error body
5. Verify RTP status is still SENT
","2628","DS_05 ACTC callback with Version header returns 400","functional-tests.tests.callbacks","2026-08-04","passed","2026-08-04","","test_RTP_callback_with_version_header","",""
"","0","A Service Provider is authenticated","functional-tests.tests.auth","2026-08-04","passed","2026-08-04","","test_auth","",""
"","2551","An RTP sent with synchronous rejection and missing _links results in status REJECTED","functional-tests.tests.send_rtp","2026-08-04","passed","2026-08-04","","test_RTP_send_MOCK","",""
"","2767","Unauthorized callback due to wrong certificate serial","functional-tests.tests.callbacks_v2","2026-08-04","passed","2026-08-04","","test_RTP_callback_DS_08N_negative","",""
"","2110","An RTP is sent through ICCREA API","functional-tests.tests.availability","2026-08-04","passed","2026-08-04","","test_availability_ICCREA","",""
"","1408","A debtor with VAT number (Partita IVA) is activated successfully","functional-tests.tests.activation","2026-08-04","passed","2026-08-04","","test_debtor_activation_create","",""
"
Test RFC callback DS12P with wrong certificate identity, cancel via REST Web API.

Flow:
1. Activate payer
2. Send an RTP via GPD message (CREATE VALID)
3. Cancel the RTP via REST cancel endpoint with cancel_reason → RTP to RFC_SENT
4. Send DS12P callback with assignee_bic='FAKESP01' (doesn't match certificate identity MOCKSP04)
5. Verify callback is rejected with 403 (certificate mismatch)
","2651","Unauthorized RFC callback due to wrong certificate serial - through Web API cancel","functional-tests.tests.callbacks","2026-08-04","passed","2026-08-04","","test_RTP_callback_DS_12P","",""
"","3319","A v2 redirect RTP callback with invalid status is rejected without affecting the RTP status","functional-tests.tests.callbacks_v2","2026-08-04","passed","2026-08-04","","test_RTP_callback_DS_05_redirect","",""
"","1278","A debtor with omocodia fiscal code is activated successfully","functional-tests.tests.activation","2026-08-04","passed","2026-08-04","","test_debtor_activation_create","",""
"","1293","A debtor is activated by an authenticated service provider","functional-tests.tests.activation","2026-08-04","passed","2026-08-04","","test_debtor_activation_create","",""
"","641","Unauthorized callback due to wrong certificate serial","functional-tests.tests.callbacks","2026-08-04","passed","2026-08-04","","test_RTP_callback_DS_04","",""
"","636","RTP cancellation fails if resource ID does not exist - V2","functional-tests.tests.cancel_rtp","2026-08-04","passed","2026-08-04","","test_RTP_cancel","",""
"","2293","RTP is successfully retrieved","functional-tests.tests.get_rtp","2026-08-04","passed","2026-08-04","","test_RTP_get","",""
"FAKESP01 does not own MOCKSP01, a Service Provider ID owned by another tspId.","611","Activation is forbidden for a Service Provider ID not owned by the token subject","functional-tests.tests.activation","2026-08-04","passed","2026-08-04","","test_debtor_activation_create","",""
"","2236","An RTP is sent through API - through Web API","functional-tests.tests.send_rtp","2026-08-04","passed","2026-08-04","","test_RTP_send_MOCK","",""
"","1276","A debtor is activated and retrieved by activation id","functional-tests.tests.activation","2026-08-04","passed","2026-08-04","","test_debtor_activation_get","",""
"","615","Get payees consents with invalid consent value returns 400","functional-tests.tests.service_registry","2026-08-04","passed","2026-08-04","","test_get_payees_consents","",""
"","1979","An RTP sent with synchronous acceptance is in status ACCEPTED - DS-05 ACTC","functional-tests.tests.send_rtp","2026-08-04","passed","2026-08-04","","test_RTP_send_MOCK","",""
"","1501","An RTP is sent to ICCREA service with activated fiscal code","functional-tests.tests.send_rtp","2026-08-04","passed","2026-08-04","","test_RTP_send_ICCREA","",""
"Each entry in ``INVALID_PAYER_IDS`` (see dataset docstring) must be rejected with 400.","644","The activation request must contain a validly formatted fiscal code","functional-tests.tests.activation","2026-08-04","passed","2026-08-04","","test_debtor_activation_create","",""
"Empty OTP should be rejected","646","Test Takeover Fails with Empty OTP","functional-tests.tests.takeover","2026-08-04","passed","2026-08-04","","test_debtor_takeover","",""
"","659","Retrieving non-existent activation returns 404","functional-tests.tests.activation","2026-08-04","passed","2026-08-04","","test_debtor_activation_get","",""
"Each entry in ``INVALID_PAYER_IDS`` must be rejected with 400.

The ``description`` parameter appears in pytest output to identify which
case failed without having to inspect the raw value.
","615","Querying activation status with an invalid payerId format returns 400","functional-tests.tests.activation","2026-08-04","passed","2026-08-04","","test_debtor_activation_payer_status","",""
"Active payer with omocodia fiscal code (digit substitution) → isActive must be true.","1274","An active payer with omocodia fiscal code returns isActive true","functional-tests.tests.activation","2026-08-04","passed","2026-08-04","","test_debtor_activation_payer_status","",""
"Test sending an UPDATE after CREATE VALID + DELETE with different statuses","2771","An UPDATE message with status EXPIRED after CREATE VALID and DELETE","functional-tests.tests.process_messages_sender","2026-08-04","passed","2026-08-04","","test_RTP_process_sender_UPDATE","",""
"","1981","An RTP sent when EPC response contains an unknown field is ignored and remains in status SENT","functional-tests.tests.send_rtp","2026-08-04","passed","2026-08-04","","test_RTP_send_MOCK","",""
"
Tests sending an RTP payload to the POSTE endpoint with valid data and authentication.

:param debtor_sp_mock_cert_key: Certificate and key tuple for mutual TLS authentication.
:type debtor_sp_mock_cert_key: Tuple[str, str]
","2041","An RTP is sent through POSTE API","functional-tests.tests.availability","2026-08-04","passed","2026-08-04","","test_availability_POSTE","",""
"Test sending a DELETE operation message via GPD message API after a CREATE","1885","A DELETE message after CREATE DRAFT","functional-tests.tests.process_messages_sender","2026-08-04","passed","2026-08-04","","test_RTP_process_sender_DELETE","",""
"","1756","An RTP is sent to Poste service with activated fiscal code","functional-tests.tests.send_rtp","2026-08-04","passed","2026-08-04","","test_RTP_send_POSTE","",""
