"DESCRIPTION","DURATION IN MS","NAME","PARENT SUITE","START TIME","STATUS","STOP TIME","SUB SUITE","SUITE","TEST CLASS","TEST METHOD"
"","1522","An RTP is sent to a CBI service with activated fiscal code - through Web API V2","functional-tests.tests.send_rtp","2026-08-02","failed","2026-08-02","","test_RTP_send_CBI","",""
"DS_08N RJCT callback sent after a prior DS_05 ACTC callback.

The RTP is expected to transition from SENT to ACCEPTED, then to USER_REJECTED.
","3005","A v2 RTP callback with status RJCT after DS_05 transitions the RTP to USER_REJECTED","functional-tests.tests.callbacks_v2","2026-08-02","passed","2026-08-02","","test_RTP_callback_DS_08N_negative","",""
"
Test v2 RFC callback DS12P with INVALID status.

Flow:
1. Activate payer
2. Send an RTP via GPD message v2 (CREATE VALID)
3. Cancel the RTP via GPD message v2 (DELETE) -> RTP to RFC_SENT
4. Send DS12P callback with CxlStsId INVALID
5. Verify callback is rejected with 400
6. Verify RTP status is still RFC_SENT
","2825","A v2 RFC callback DS12P INVALID is rejected with 400","functional-tests.tests.callbacks_v2","2026-08-02","passed","2026-08-02","","test_RTP_callback_DS_12P_positive","",""
"
Verify that a debt position can be created and published successfully.
","555","Happy path: a debt position is created and published in UAT environment","functional-tests.tests.gpd_availability","2026-08-02","passed","2026-08-02","","test_availability_GPD","",""
"Test sending a CREATE operation message with different statuses via GPD message API","772","A CREATE message with status DRAFT","functional-tests.tests.process_messages_sender","2026-08-02","passed","2026-08-02","","test_RTP_process_sender_CREATE","",""
"","1229","Cannot send RTP with invalid amount","functional-tests.tests.availability","2026-08-02","passed","2026-08-02","","test_availability_CBI","",""
"
Tests that sending an RTP payload with an expired date to the POSTE endpoint results in a 400 Bad Request response.

:param debtor_sp_mock_cert_key: Certificate and key tuple for mutual TLS authentication.
:type debtor_sp_mock_cert_key: Tuple[str, str]
","1514","Cannot send RTP with expired date","functional-tests.tests.availability","2026-08-02","failed","2026-08-02","","test_availability_POSTE","",""
"","1345","An RTP sent when EPC response contains an unknown field is ignored and remains in status SENT","functional-tests.tests.send_rtp","2026-08-02","passed","2026-08-02","","test_RTP_send_MOCK","",""
"
DS_12P CNCL RFC callback sent with the Version header must be rejected with 400.
The RTP must remain in RFC_SENT (transition to CANCELLED must not happen).

Flow:
1. Activate payer, send RTP, trigger cancel via GPD DELETE → RFC_SENT
2. Build a valid DS_12P CNCL payload
3. POST to RFC callback endpoint WITH Version header
4. Verify 400 is returned with the expected error body
5. Verify RTP status is still RFC_SENT
","2505","DS_12P CNCL RFC callback with Version header returns 400","functional-tests.tests.callbacks","2026-08-02","passed","2026-08-02","","test_RTP_callback_with_version_header","",""
"
Test RFC callback DS12P with non-existing service provider, cancel via REST Web API.

Flow:
1. Activate payer
2. Send an RTP via GPD message (CREATE VALID)
3. Cancel the RTP via REST cancel endpoint with cancel_reason → RTP to RFC_SENT
4. Send DS12P callback with non-existing BIC (MOCKSP99)
5. Verify callback is rejected with 400 (service provider not found)
","2372","Failed RFC callback for non existing Service Provider - DS-12P CNCL compliant - through Web API cancel","functional-tests.tests.callbacks","2026-08-02","passed","2026-08-02","","test_RTP_callback_DS_12P","",""
"","1629","An RTP callback is received with invalid status","functional-tests.tests.callbacks","2026-08-02","passed","2026-08-02","","test_RTP_callback_DS_08","",""
"Takeover with syntactically valid but nonsensical body should fail","1158","Test Takeover Fails with Nonsensical Body","functional-tests.tests.takeover","2026-08-02","passed","2026-08-02","","test_debtor_takeover","",""
"","380","The activation request must contain a validly formatted Service Provider ID","functional-tests.tests.activation","2026-08-02","passed","2026-08-02","","test_debtor_activation_create","",""
"","429","Sending to non-activated debtor returns 422","functional-tests.tests.send_rtp","2026-08-02","passed","2026-08-02","","test_RTP_send_MOCK","",""
"Test sending a DELETE operation message via GPD message API after a standalone UPDATE (no prior CREATE)","1176","A DELETE message after standalone UPDATE INVALID","functional-tests.tests.process_messages_sender","2026-08-02","passed","2026-08-02","","test_RTP_process_sender_DELETE","",""
"","378","Invalid pagination parameters returns 400","functional-tests.tests.activation","2026-08-02","passed","2026-08-02","","test_debtor_activation_list","",""
"","374","Get payees consents with wrong token type returns 403","functional-tests.tests.service_registry","2026-08-02","passed","2026-08-02","","test_get_payees_consents","",""
"
Payer activated under SP A.
Token with read_rtp_all can read across all Service Providers:
the admin client sub does not match SP A, yet isActive must be true.
","785","read_rtp_all role returns isActive true for a payer on any Service Provider","functional-tests.tests.activation","2026-08-02","passed","2026-08-02","","test_debtor_activation_payer_status","",""
"Each entry in ``INVALID_PAYER_IDS`` (see dataset docstring) must be rejected with 400.","375","The activation request must contain a validly formatted fiscal code","functional-tests.tests.activation","2026-08-02","passed","2026-08-02","","test_debtor_activation_create","",""
"
Test RFC callback DS12N with RJCR status.

Flow:
1. Activate payer
2. Send an RTP via GPD message (CREATE VALID)
3. Cancel the RTP via GPD message (DELETE) → RTP to RFC_SENT
4. Send DS12N callback with CxlStsId RJCR (Rejected Cancellation Request)
5. Verify callback is accepted (200)
6. Verify RTP status is ERROR_CANCEL
","2628","An RFC callback DS12N RJCR is successfully received and RTP status is ERROR_CANCEL","functional-tests.tests.callbacks","2026-08-02","passed","2026-08-02","","test_RTP_callback_DS_12N","",""
"","352","Get payees with invalid authorization","functional-tests.tests.service_registry","2026-08-02","passed","2026-08-02","","test_service_registry_service_providers","",""
"UPDATE VALID before any CREATE creates a new RTP; the RTP must be retrievable from the database","2226","An UPDATE VALID before CREATE creates the RTP in the database","functional-tests.tests.process_messages_sender","2026-08-02","passed","2026-08-02","","test_RTP_process_sender_UPDATE_before_CREATE","",""
"
Test RFC callback DS12P with CNCL status, cancel triggered via REST Web API with explicit reason.

Flow:
1. Activate payer
2. Send an RTP via GPD message (CREATE VALID)
3. Cancel the RTP via REST cancel endpoint with cancel_reason → RTP to RFC_SENT
4. Send DS12P callback with CxlStsId CNCL (Cancelled As Per Request)
5. Verify callback is accepted (200)
6. Verify RTP status is CANCELLED
","2669","An RFC callback DS12P CNCL is successfully received and RTP status is CANCEL - through Web API cancel","functional-tests.tests.callbacks","2026-08-02","passed","2026-08-02","","test_RTP_callback_DS_12P","",""
"","825","A debtor activated with an owned but distinct Service Provider ID is retrieved by payer id","functional-tests.tests.activation","2026-08-02","passed","2026-08-02","","test_debtor_activation_get","",""
"The response body is not a recognizable cancellation confirmation (quoted plain string), so the RTP stays in RFC_SENT.","3156","Cancelling an RTP - EPC v4 mock happy path scenario: plain_string","functional-tests.tests.cancel_rtp","2026-08-02","passed","2026-08-02","","test_RTP_cancel_MOCK_V2","",""
"Each entry in ``INVALID_PAYER_IDS`` must be rejected with 400.

The ``description`` parameter appears in pytest output to identify which
case failed without having to inspect the raw value.
","377","Querying activation status with an invalid payerId format returns 400","functional-tests.tests.activation","2026-08-02","passed","2026-08-02","","test_debtor_activation_payer_status","",""
"
Test RFC callback DS12P with wrong certificate identity.

Flow:
1. Activate payer
2. Send an RTP via GPD message (CREATE VALID)
3. Cancel the RTP via GPD message (DELETE) → RTP to RFC_SENT
4. Send DS12P callback with assignee_bic='FAKESP01' (doesn't match certificate identity MOCKSP04)
5. Verify callback is rejected with 403 (certificate mismatch)
","1672","Unauthorized RFC callback due to wrong certificate serial","functional-tests.tests.callbacks","2026-08-02","passed","2026-08-02","","test_RTP_callback_DS_12P","",""
"Test sending an UPDATE operation message with different statuses via GPD message API before a CREATE","771","An UPDATE message with status PUBLISHED before CREATE","functional-tests.tests.process_messages_sender","2026-08-02","passed","2026-08-02","","test_RTP_process_sender_UPDATE_before_CREATE","",""
"
Given a noticeNumber that does not correspond to any RTP in the database,
when the payee queries the delivery-status endpoint,
then the response must be HTTP 200 with status=PD_RTP_NOT_DELIVERED and
processingDate absent or null.
","392","Non-existent noticeNumber → PD_RTP_NOT_DELIVERED","functional-tests.tests.get_rtp","2026-08-02","passed","2026-08-02","","test_RTP_get_delivery_status","",""
"","359","The service returns the mocked server error","functional-tests.tests.availability","2026-08-02","passed","2026-08-02","","test_availability_MOCK","",""
"
Test RFC callback DS12P with wrong certificate identity, cancel via REST Web API.

Flow:
1. Activate payer
2. Send an RTP via GPD message (CREATE VALID)
3. Cancel the RTP via REST cancel endpoint with cancel_reason → RTP to RFC_SENT
4. Send DS12P callback with assignee_bic='FAKESP01' (doesn't match certificate identity MOCKSP04)
5. Verify callback is rejected with 403 (certificate mismatch)
","2153","Unauthorized RFC callback due to wrong certificate serial - through Web API cancel","functional-tests.tests.callbacks","2026-08-02","passed","2026-08-02","","test_RTP_callback_DS_12P","",""
"","385","A Service Provider with invalid client ID is not authenticated on Keycloak","functional-tests.tests.auth","2026-08-02","passed","2026-08-02","","test_auth","",""
"Test sending an UPDATE after CREATE VALID + DELETE with different statuses","1691","An UPDATE message with status INVALID after CREATE VALID and DELETE","functional-tests.tests.process_messages_sender","2026-08-02","passed","2026-08-02","","test_RTP_process_sender_UPDATE","",""
"Test sending a DELETE operation message via GPD message API after a standalone UPDATE (no prior CREATE)","1160","A DELETE message after standalone UPDATE PAID","functional-tests.tests.process_messages_sender","2026-08-02","passed","2026-08-02","","test_RTP_process_sender_DELETE","",""
"","2074","A v2 document RTP callback with invalid status is rejected without affecting the RTP status","functional-tests.tests.callbacks_v2","2026-08-02","passed","2026-08-02","","test_RTP_callback_DS_document_rjct","",""
"","378","Failed callback for non existing Service Provider - DS-08P compliant","functional-tests.tests.callbacks","2026-08-02","passed","2026-08-02","","test_RTP_callback_DS_08","",""
"","375","Get payees consents with extreme page size returns 400","functional-tests.tests.service_registry","2026-08-02","passed","2026-08-02","","test_get_payees_consents","",""
"","1738","RTP is successfully retrieved","functional-tests.tests.get_rtp","2026-08-02","passed","2026-08-02","","test_RTP_get","",""
"Each entry in ``INVALID_PAYER_IDS`` (see dataset docstring) must be rejected with 400.","394","The activation request must contain a validly formatted fiscal code","functional-tests.tests.activation","2026-08-02","passed","2026-08-02","","test_debtor_activation_create","",""
"","2303","An RTP callback with status ACTC is successfully received","functional-tests.tests.callbacks","2026-08-02","passed","2026-08-02","","test_RTP_callback_DS_05","",""
"
DS_08P ACCP callback sent with the Version header must be rejected with 400.
The RTP must remain in ACCEPTED (transition to USER_ACCEPTED must not happen).

Flow:
1. Activate payer, send RTP, advance to ACCEPTED via DS_05 (without header)
2. Build a valid DS_08P ACCP payload
3. POST WITH Version header
4. Verify 400 is returned with the expected error body
5. Verify RTP status is still ACCEPTED
","4369","DS_08P ACCP callback with Version header returns 400","functional-tests.tests.callbacks","2026-08-02","passed","2026-08-02","","test_RTP_callback_with_version_header","",""
"
Test RFC callback DS12P with INVALID status, cancel via REST Web API.

Flow:
1. Activate payer
2. Send an RTP via GPD message (CREATE VALID)
3. Cancel the RTP via REST cancel endpoint with cancel_reason → RTP to RFC_SENT
4. Send DS12P callback with CxlStsId INVALID
5. Verify callback is rejected with 400
6. Verify RTP status is still RFC_SENT
","2191","An RFC callback DS12P INVALID is rejected with 400 - through Web API cancel","functional-tests.tests.callbacks","2026-08-02","passed","2026-08-02","","test_RTP_callback_DS_12P","",""
"Test sending an UPDATE operation message with different statuses via GPD message API before a CREATE","1584","An UPDATE message with status EXPIRED before CREATE","functional-tests.tests.process_messages_sender","2026-08-02","passed","2026-08-02","","test_RTP_process_sender_UPDATE_before_CREATE","",""
"","687","An RTP is sent to ICCREA service with activated fiscal code - through Web API V2","functional-tests.tests.send_rtp","2026-08-02","failed","2026-08-02","","test_RTP_send_ICCREA","",""
"","2474","An RTP sent with synchronous rejection and missing _links results in status REJECTED - through Web API V2","functional-tests.tests.send_rtp","2026-08-02","passed","2026-08-02","","test_RTP_send_MOCK","",""
"","2416","Failed callback for invalid RTP transition - DS-05 ACTC compliant","functional-tests.tests.callbacks","2026-08-02","passed","2026-08-02","","test_RTP_callback_DS_05","",""
"Each entry in ``INVALID_PAYER_IDS`` (see dataset docstring) must be rejected with 400.","377","The activation request must contain a validly formatted fiscal code","functional-tests.tests.activation","2026-08-02","passed","2026-08-02","","test_debtor_activation_create","",""
"Test sending a CREATE operation message with different statuses via GPD message API","763","A CREATE message with status PARTIALLY_PAID","functional-tests.tests.process_messages_sender","2026-08-02","passed","2026-08-02","","test_RTP_process_sender_CREATE","",""
"Each entry in ``INVALID_PAYER_IDS`` (see dataset docstring) must be rejected with 400.","474","The activation request must contain a validly formatted fiscal code","functional-tests.tests.activation","2026-08-02","passed","2026-08-02","","test_debtor_activation_create","",""
"Each entry in ``INVALID_PAYER_IDS`` must be rejected with 400.

The ``description`` parameter appears in pytest output to identify which
case failed without having to inspect the raw value.
","384","Querying activation status with an invalid payerId format returns 400","functional-tests.tests.activation","2026-08-02","failed","2026-08-02","","test_debtor_activation_payer_status","",""
"","1671","Unauthorized callback due to wrong certificate serial","functional-tests.tests.callbacks_v2","2026-08-02","passed","2026-08-02","","test_RTP_callback_DS_08N_negative","",""
"
Tests that sending an RTP payload with an invalid amount to the POSTE endpoint results in a 400 Bad Request response.

:param debtor_sp_mock_cert_key: Certificate and key tuple for mutual TLS authentication.
:type debtor_sp_mock_cert_key: Tuple[str, str]
","1260","Cannot send RTP with invalid amount","functional-tests.tests.availability","2026-08-02","passed","2026-08-02","","test_availability_POSTE","",""
"Test sending an UPDATE operation message with different statuses via GPD message API before a CREATE","774","An UPDATE message with status PAID before CREATE","functional-tests.tests.process_messages_sender","2026-08-02","passed","2026-08-02","","test_RTP_process_sender_UPDATE_before_CREATE","",""
"Test sending a DELETE operation message via GPD message API after a CREATE","1191","A DELETE message after CREATE PUBLISHED","functional-tests.tests.process_messages_sender","2026-08-02","passed","2026-08-02","","test_RTP_process_sender_DELETE","",""
"","365","Get payees consents with invalid authorization returns 401","functional-tests.tests.service_registry","2026-08-02","passed","2026-08-02","","test_get_payees_consents","",""
"","377","Non-integer size returns 400","functional-tests.tests.activation","2026-08-02","passed","2026-08-02","","test_debtor_activation_list","",""
"","2169","An RTP is sent through CBI API","functional-tests.tests.availability","2026-08-02","failed","2026-08-02","","test_availability_CBI","",""
"Each entry in ``INVALID_PAYER_IDS`` (see dataset docstring) must be rejected with 400.","388","The activation request must contain a validly formatted fiscal code","functional-tests.tests.activation","2026-08-02","passed","2026-08-02","","test_debtor_activation_create","",""
"","1101","SP_B cannot retrieve activation by Activation ID created by SP_A","functional-tests.tests.activation","2026-08-02","passed","2026-08-02","","test_RTP_activation_security","",""
"","955","An RTP is sent through API - through Web API V2","functional-tests.tests.send_rtp","2026-08-02","passed","2026-08-02","","test_RTP_send_MOCK","",""
"
Test v2 RFC callback DS12N with non-existing service provider.

Flow:
1. Activate payer
2. Send an RTP via GPD message v2 (CREATE VALID)
3. Cancel the RTP via GPD message v2 (DELETE) -> RTP to RFC_SENT
4. Send DS12N callback with non-existing BIC (MOCKSP99)
5. Verify callback is rejected with 400 (service provider not found)
6. Verify RTP status is still RFC_SENT
","2152","Failed v2 RFC callback for non existing Service Provider - DS-12N negative compliant","functional-tests.tests.callbacks_v2","2026-08-02","passed","2026-08-02","","test_RTP_callback_DS_12N_negative","",""
"","828","Auth endpoint returns valid token","functional-tests.tests.availability","2026-08-02","passed","2026-08-02","","test_availability_CBI","",""
"
Test v2 RFC callback DS12N with INVALID status.

Flow:
1. Activate payer
2. Send an RTP via GPD message v2 (CREATE VALID)
3. Cancel the RTP via GPD message v2 (DELETE) -> RTP to RFC_SENT
4. Send DS12N callback with CxlStsId INVALID
5. Verify callback is rejected with 400
6. Verify RTP status is still RFC_SENT
","2366","A v2 RFC callback DS12N INVALID is rejected with 400","functional-tests.tests.callbacks_v2","2026-08-02","passed","2026-08-02","","test_RTP_callback_DS_12N_negative","",""
"
Test RFC callback DS12N with non-existing service provider, cancel via REST Web API.

Flow:
1. Activate payer
2. Send an RTP via GPD message (CREATE VALID)
3. Cancel the RTP via REST cancel endpoint with cancel_reason → RTP to RFC_SENT
4. Send DS12N callback with non-existing BIC (MOCKSP99)
5. Verify callback is rejected with 400 (service provider not found)
","1870","Failed RFC callback for non existing Service Provider - DS-12N RJCR compliant - through Web API cancel","functional-tests.tests.callbacks","2026-08-02","passed","2026-08-02","","test_RTP_callback_DS_12N","",""
"","2959","A v2 RTP callback with invalid status is rejected without affecting the RTP status","functional-tests.tests.callbacks_v2","2026-08-02","passed","2026-08-02","","test_RTP_callback_DS_08N_negative","",""
"Each entry in ``INVALID_PAYER_IDS`` must be rejected with 400.

The ``description`` parameter appears in pytest output to identify which
case failed without having to inspect the raw value.
","376","Querying activation status with an invalid payerId format returns 400","functional-tests.tests.activation","2026-08-02","passed","2026-08-02","","test_debtor_activation_payer_status","",""
"","389","Deactivation fails for non-existing activation","functional-tests.tests.activation","2026-08-02","passed","2026-08-02","","test_debtor_deactivation","",""
"Active payer with omocodia fiscal code (digit substitution) → isActive must be true.","780","An active payer with omocodia fiscal code returns isActive true","functional-tests.tests.activation","2026-08-02","passed","2026-08-02","","test_debtor_activation_payer_status","",""
"MOCKSP04 owns both its own spId and MOCKSP01; redeeming an OTP scoped to MOCKSP01 must
assign MOCKSP01 to the new activation, not MOCKSP04 (the redeemer's own tspId).","2612","Test Takeover Redemption Assigns the OTP's Owned Service Provider ID","functional-tests.tests.takeover","2026-08-02","passed","2026-08-02","","test_debtor_takeover","",""
"","1704","Unauthorized callback due to wrong certificate serial","functional-tests.tests.callbacks_v2","2026-08-02","passed","2026-08-02","","test_RTP_callback_DS_document_rjct","",""
"Active payer with a foreign-country fiscal code (Z + 3 digits municipality) → isActive must be true.","786","An active payer with foreign fiscal code returns isActive true","functional-tests.tests.activation","2026-08-02","passed","2026-08-02","","test_debtor_activation_payer_status","",""
"","2134","A v2 RTP callback with invalid status is rejected without affecting the RTP status","functional-tests.tests.callbacks_v2","2026-08-02","passed","2026-08-02","","test_RTP_callback_DS_08P_positive","",""
"
Tests sending an RTP payload to the POSTE endpoint with valid data and authentication.

:param debtor_sp_mock_cert_key: Certificate and key tuple for mutual TLS authentication.
:type debtor_sp_mock_cert_key: Tuple[str, str]
","1597","An RTP is sent through POSTE API","functional-tests.tests.availability","2026-08-02","passed","2026-08-02","","test_availability_POSTE","",""
"
Verify that a debt position can be deleted successfully.
","2231","Happy path: a debt position is deleted in DEV environment","functional-tests.tests.gpd_availability","2026-08-02","passed","2026-08-02","","test_availability_GPD","",""
"Test sending a DELETE operation message via GPD message API after a CREATE","1215","A DELETE message after CREATE PARTIALLY_PAID","functional-tests.tests.process_messages_sender","2026-08-02","passed","2026-08-02","","test_RTP_process_sender_DELETE","",""
"
Test RFC callback DS12N with non-existing service provider.

Flow:
1. Activate payer
2. Send an RTP via GPD message (CREATE VALID)
3. Cancel the RTP via GPD message (DELETE) → RTP to RFC_SENT
4. Send DS12N callback with non-existing BIC (MOCKSP99)
5. Verify callback is rejected with 400 (service provider not found)
","1675","Failed RFC callback for non existing Service Provider - DS-12N RJCR compliant","functional-tests.tests.callbacks","2026-08-02","passed","2026-08-02","","test_RTP_callback_DS_12N","",""
"Test sending an UPDATE operation message with different statuses via GPD message API after a CREATE","2628","An UPDATE message with status PAID after CREATE","functional-tests.tests.process_messages_sender","2026-08-02","passed","2026-08-02","","test_RTP_process_sender_UPDATE","",""
"","384","inexistent RTP -> empty body","functional-tests.tests.get_rtp","2026-08-02","passed","2026-08-02","","test_RTP_get","",""
"","2053","DS_05 redirect v2 callback with Version header returns 400","functional-tests.tests.callbacks_v2","2026-08-02","passed","2026-08-02","","test_RTP_callback_with_version_header","",""
"DS_08P ACCP callback sent directly on a SENT RTP (no prior DS_05 ACTC callback).

The RTP is expected to transition straight from SENT to USER_ACCEPTED.
","2064","A v2 RTP callback with status ACCP is successfully received without a prior DS_05 callback","functional-tests.tests.callbacks_v2","2026-08-02","passed","2026-08-02","","test_RTP_callback_DS_08P_positive","",""
"","2207","Failed callback for non existing Service Provider - DS-05 redirect compliant","functional-tests.tests.callbacks_v2","2026-08-02","passed","2026-08-02","","test_RTP_callback_DS_05_redirect","",""
"","394","Non-existent NextActivationId returns 200 with empty body","functional-tests.tests.activation","2026-08-02","passed","2026-08-02","","test_debtor_activation_list","",""
"","917","An RTP sent with synchronous rejection containing extra fields results in status REJECTED - through Web API V2","functional-tests.tests.send_rtp","2026-08-02","failed","2026-08-02","","test_RTP_send_MOCK","",""
"
Test v2 RFC callback DS12P with non-existing service provider.

Flow:
1. Activate payer
2. Send an RTP via GPD message v2 (CREATE VALID)
3. Cancel the RTP via GPD message v2 (DELETE) -> RTP to RFC_SENT
4. Send DS12P callback with non-existing BIC (MOCKSP99)
5. Verify callback is rejected with 400 (service provider not found)
6. Verify RTP status is still RFC_SENT
","2357","Failed v2 RFC callback for non existing Service Provider - DS-12P positive compliant","functional-tests.tests.callbacks_v2","2026-08-02","passed","2026-08-02","","test_RTP_callback_DS_12P_positive","",""
"","772","Sending a GPD message with null id returns 400","functional-tests.tests.send_rtp","2026-08-02","passed","2026-08-02","","test_RTP_send_MOCK","",""
"Test sending a CREATE operation message with different statuses via GPD message API","772","A CREATE message with status PAID","functional-tests.tests.process_messages_sender","2026-08-02","passed","2026-08-02","","test_RTP_process_sender_CREATE","",""
"","357","Get payees with invalid authorization","functional-tests.tests.service_registry","2026-08-02","passed","2026-08-02","","test_service_registry_payees_registry","",""
"Test sending an UPDATE after CREATE VALID + DELETE with different statuses","1774","An UPDATE message with status EXPIRED after CREATE VALID and DELETE","functional-tests.tests.process_messages_sender","2026-08-02","passed","2026-08-02","","test_RTP_process_sender_UPDATE","",""
"Test sending an UPDATE operation message with different statuses via GPD message API before a CREATE","781","An UPDATE message with status PARTIALLY_PAID before CREATE","functional-tests.tests.process_messages_sender","2026-08-02","passed","2026-08-02","","test_RTP_process_sender_UPDATE_before_CREATE","",""
"Each entry in ``INVALID_PAYER_IDS`` (see dataset docstring) must be rejected with 400.","374","The activation request must contain a validly formatted fiscal code","functional-tests.tests.activation","2026-08-02","passed","2026-08-02","","test_debtor_activation_create","",""
"Test sending a DELETE operation message via GPD message API after a standalone UPDATE (no prior CREATE)","1182","A DELETE message after standalone UPDATE PUBLISHED","functional-tests.tests.process_messages_sender","2026-08-02","passed","2026-08-02","","test_RTP_process_sender_DELETE","",""
"","1778","Failed callback for non existing Service Provider - DS-document RJCT compliant","functional-tests.tests.callbacks_v2","2026-08-02","passed","2026-08-02","","test_RTP_callback_DS_document_rjct","",""
"The PSP synchronously rejects the cancellation request with 422 (per standard behaviour for the EPC 410 Gone scenario). The RTP then transitions to ERROR_CANCEL via ERROR_CANCEL_RTP.","2056","Cancelling an RTP - EPC v4 mock unhappy path scenario: epc_410","functional-tests.tests.cancel_rtp","2026-08-02","failed","2026-08-02","","test_RTP_cancel_MOCK_V2","",""
"","400","Failed callback for non existing Service Provider - DS-04b compliant","functional-tests.tests.callbacks","2026-08-02","passed","2026-08-02","","test_RTP_callback_DS_04","",""
"","1252","An RTP sent with synchronous acceptance is in status ACCEPTED - DS-05 ACTC","functional-tests.tests.send_rtp","2026-08-02","passed","2026-08-02","","test_RTP_send_MOCK","",""
"","1008","A debtor with foreign fiscal code is activated successfully","functional-tests.tests.activation","2026-08-02","passed","2026-08-02","","test_debtor_activation_create","",""
"","811","A debtor is activated and retrieved by activation id","functional-tests.tests.activation","2026-08-02","passed","2026-08-02","","test_debtor_activation_get","",""
"","384","A debtor service provider fails activation due to wrong service provider id","functional-tests.tests.activation","2026-08-02","passed","2026-08-02","","test_debtor_activation_list","",""
"","1019","RTP cancellation fails if resource ID does not exist - V2","functional-tests.tests.cancel_rtp","2026-08-02","passed","2026-08-02","","test_RTP_cancel","",""
"Test sending an UPDATE after CREATE VALID + DELETE with different statuses","1703","An UPDATE message with status VALID after CREATE VALID and DELETE","functional-tests.tests.process_messages_sender","2026-08-02","passed","2026-08-02","","test_RTP_process_sender_UPDATE","",""
"","1261","A debtor is activated by an authenticated service provider","functional-tests.tests.activation","2026-08-02","passed","2026-08-02","","test_debtor_activation_create","",""
"","1648","An RTP is sent through ICCREA API","functional-tests.tests.availability","2026-08-02","passed","2026-08-02","","test_availability_ICCREA","",""
"The PSP synchronously rejects the cancellation request with 422 (per standard behaviour for the EPC 401 Unauthorized scenario). The RTP then transitions to ERROR_CANCEL via ERROR_CANCEL_RTP.","2553","Cancelling an RTP - EPC v4 mock unhappy path scenario: epc_401","functional-tests.tests.cancel_rtp","2026-08-02","failed","2026-08-02","","test_RTP_cancel_MOCK_V2","",""
"Test sending a DELETE operation message via GPD message API after a CREATE VALID + UPDATE","1674","A DELETE message after CREATE VALID + UPDATE PARTIALLY_PAID","functional-tests.tests.process_messages_sender","2026-08-02","passed","2026-08-02","","test_RTP_process_sender_DELETE","",""
"
SP A activates the payer.
SP B queries the status → must get isActive=false to avoid disclosing
that the payer is registered under a competitor SP.
","1521","A payer active on a different Service Provider returns isActive false (privacy)","functional-tests.tests.activation","2026-08-02","passed","2026-08-02","","test_debtor_activation_payer_status","",""
"","777","Sending a GPD message with null operation returns 400","functional-tests.tests.send_rtp","2026-08-02","passed","2026-08-02","","test_RTP_send_MOCK","",""
"","1256","RTP cancellation fails with an invalid reason","functional-tests.tests.cancel_rtp","2026-08-02","passed","2026-08-02","","test_RTP_cancel","",""
"CREATE VALID with an ec_tax_code that does not exist in GPD returns 422 Payee not found","792","A CREATE VALID message with a non-existent ec_tax_code is rejected","functional-tests.tests.process_messages_sender","2026-08-02","passed","2026-08-02","","test_RTP_process_sender_CREATE","",""
"Takeover without a previously issued OTP should fail","791","Test Takeover Fails without Prior OTP","functional-tests.tests.takeover","2026-08-02","passed","2026-08-02","","test_debtor_takeover","",""
"Test sending an UPDATE operation message with different statuses via GPD message API after a CREATE","1321","An UPDATE message with status DRAFT after CREATE","functional-tests.tests.process_messages_sender","2026-08-02","passed","2026-08-02","","test_RTP_process_sender_UPDATE","",""
"
Test RFC callback DS12P with INVALID status.

Flow:
1. Activate payer
2. Send an RTP via GPD message (CREATE VALID)
3. Cancel the RTP via GPD message (DELETE) → RTP to RFC_SENT
4. Send DS12P callback with CxlStsId INVALID
5. Verify callback is rejected with 400
6. Verify RTP status is still RFC_SENT
","2109","An RFC callback DS12P INVALID is rejected with 400","functional-tests.tests.callbacks","2026-08-02","passed","2026-08-02","","test_RTP_callback_DS_12P","",""
"
Given a debtor is activated with the mock fiscal code that makes the debtor
service provider mock reply with a server error, when a GPD message (CREATE)
is sent via POST /gpd/message, then the rtp-sender fails to deliver the RTP
and records an ERROR_SEND_RTP event (RTP status becomes ERROR_SEND). When the
payee then queries the delivery-status endpoint with the matching noticeNumber
and payeeId, the response must be HTTP 200 with status=PD_RTP_NOT_DELIVERED
and processingDate absent or null.
","7315","RTP with ERROR_SEND_RTP event → PD_RTP_NOT_DELIVERED","functional-tests.tests.get_rtp","2026-08-02","failed","2026-08-02","","test_RTP_get_delivery_status","",""
"Each entry in ``INVALID_PAYER_IDS`` (see dataset docstring) must be rejected with 400.","373","The activation request must contain a validly formatted fiscal code","functional-tests.tests.activation","2026-08-02","passed","2026-08-02","","test_debtor_activation_create","",""
"","2239","A v2 document RTP callback with status RJCT is successfully received","functional-tests.tests.callbacks_v2","2026-08-02","passed","2026-08-02","","test_RTP_callback_DS_document_rjct","",""
"","796","A debtor with VAT number (Partita IVA) is activated successfully","functional-tests.tests.activation","2026-08-02","passed","2026-08-02","","test_debtor_activation_create","",""
"The mock policy falls back to its default `{}` response when no notice number matches, so the RTP stays in RFC_SENT.","2053","Cancelling an RTP - EPC v4 mock happy path scenario: no_match_fallback","functional-tests.tests.cancel_rtp","2026-08-02","passed","2026-08-02","","test_RTP_cancel_MOCK_V2","",""
"`Sts.Conf = ""CNCL""` triggers CANCEL_RTP -> CONFIRM_RFC -> CANCEL_RTP_ACCR, ending in CANCELLED_ACCR.","2772","Cancelling an RTP - EPC v4 mock happy path scenario: cncl_confirmed","functional-tests.tests.cancel_rtp","2026-08-02","passed","2026-08-02","","test_RTP_cancel_MOCK_V2","",""
"Test sending an UPDATE after CREATE VALID + DELETE with different statuses","1694","An UPDATE message with status PAID after CREATE VALID and DELETE","functional-tests.tests.process_messages_sender","2026-08-02","passed","2026-08-02","","test_RTP_process_sender_UPDATE","",""
"","800","A debtor activated with an owned but distinct Service Provider ID is retrieved by activation id","functional-tests.tests.activation","2026-08-02","passed","2026-08-02","","test_debtor_activation_get","",""
"","1845","An RTP sent with synchronous rejection and missing _links results in status REJECTED - through Web API","functional-tests.tests.send_rtp","2026-08-02","passed","2026-08-02","","test_RTP_send_MOCK","",""
"","377","All auth fixtures expose a valid Bearer token format","functional-tests.tests.auth","2026-08-02","passed","2026-08-02","","test_auth","",""
"","1265","An RTP sent with synchronous acceptance is in status ACCEPTED - DS-05 ACTC - through Web API","functional-tests.tests.send_rtp","2026-08-02","passed","2026-08-02","","test_RTP_send_MOCK","",""
"","375","missing token → 401 Unauthorized","functional-tests.tests.get_rtp","2026-08-02","passed","2026-08-02","","test_RTP_get","",""
"","1902","An RTP is sent to Poste service with activated fiscal code - through Web API","functional-tests.tests.send_rtp","2026-08-02","failed","2026-08-02","","test_RTP_send_POSTE","",""
"The PSP synchronously rejects the cancellation request with 422 (per standard behaviour for the EPC 415 Unsupported Media Type scenario). The RTP then transitions to ERROR_CANCEL via ERROR_CANCEL_RTP.","2346","Cancelling an RTP - EPC v4 mock unhappy path scenario: epc_415","functional-tests.tests.cancel_rtp","2026-08-02","failed","2026-08-02","","test_RTP_cancel_MOCK_V2","",""
"","777","A debtor with VAT number is activated and retrieved by activation id","functional-tests.tests.activation","2026-08-02","passed","2026-08-02","","test_debtor_activation_get","",""
"Each entry in ``INVALID_PAYER_IDS`` must be rejected with 400.

The ``description`` parameter appears in pytest output to identify which
case failed without having to inspect the raw value.
","374","Querying activation status with an invalid payerId format returns 400","functional-tests.tests.activation","2026-08-02","passed","2026-08-02","","test_debtor_activation_payer_status","",""
"Each entry in ``INVALID_PAYER_IDS`` (see dataset docstring) must be rejected with 400.","490","The activation request must contain a validly formatted fiscal code","functional-tests.tests.activation","2026-08-02","passed","2026-08-02","","test_debtor_activation_create","",""
"","4388","An RTP callback is successfully received","functional-tests.tests.callbacks","2026-08-02","passed","2026-08-02","","test_RTP_callback_DS_04","",""
"Test sending a CREATE operation message with a foreign fiscal code via GPD message API","1643","A CREATE message with foreign fiscal code is successfully sent through GPD message API","functional-tests.tests.process_messages_sender","2026-08-02","passed","2026-08-02","","test_RTP_process_sender","",""
"
Test v2 RFC callback DS12P with CNCL status.

Flow:
1. Activate payer
2. Send an RTP via GPD message v2 (CREATE VALID)
3. Cancel the RTP via GPD message v2 (DELETE) -> RTP to RFC_SENT
4. Send DS12P callback with CxlStsId CNCL (Cancelled As Per Request)
5. Verify callback is accepted (200)
6. Verify RTP status is CANCELLED
","2262","A v2 RFC callback DS12P CNCL is successfully received and RTP status is CANCELLED","functional-tests.tests.callbacks_v2","2026-08-02","passed","2026-08-02","","test_RTP_callback_DS_12P_positive","",""
"Availability probe for takeover notification mock endpoint: expects 204 No Content","352","Test Takeover Notification Endpoint","functional-tests.tests.takeover","2026-08-02","passed","2026-08-02","","test_debtor_takeover","",""
"","376","All auth fixtures expose a valid Bearer token format","functional-tests.tests.auth","2026-08-02","passed","2026-08-02","","test_auth","",""
"Each entry in ``INVALID_PAYER_IDS`` must be rejected with 400.

The ``description`` parameter appears in pytest output to identify which
case failed without having to inspect the raw value.
","383","Querying activation status with an invalid payerId format returns 400","functional-tests.tests.activation","2026-08-02","passed","2026-08-02","","test_debtor_activation_payer_status","",""
"","379","Retrieving non-existent activation by payer id returns 404","functional-tests.tests.activation","2026-08-02","passed","2026-08-02","","test_debtor_activation_get","",""
"
Test RFC callback DS12N with non-existing service provider, cancel via REST Web API.

Flow:
1. Activate payer
2. Send an RTP via GPD message (CREATE VALID)
3. Cancel the RTP via REST cancel endpoint with cancel_reason → RTP to RFC_SENT
4. Send DS12N callback with non-existing BIC (MOCKSP99)
5. Verify callback is rejected with 400 (service provider not found)
","1993","Failed RFC callback for non existing Service Provider - DS-12N RJCR compliant - through Web API cancel","functional-tests.tests.callbacks","2026-08-02","passed","2026-08-02","","test_RTP_callback_DS_12N","",""
"","2559","A v2 redirect RTP callback with status ACTC is successfully received","functional-tests.tests.callbacks_v2","2026-08-02","passed","2026-08-02","","test_RTP_callback_DS_05_redirect","",""
"Each entry in ``INVALID_PAYER_IDS`` (see dataset docstring) must be rejected with 400.","381","The activation request must contain a validly formatted fiscal code","functional-tests.tests.activation","2026-08-02","passed","2026-08-02","","test_debtor_activation_create","",""
"Each entry in ``INVALID_PAYER_IDS`` must be rejected with 400.

The ``description`` parameter appears in pytest output to identify which
case failed without having to inspect the raw value.
","380","Querying activation status with an invalid payerId format returns 400","functional-tests.tests.activation","2026-08-02","passed","2026-08-02","","test_debtor_activation_payer_status","",""
"Test sending a DELETE operation message via GPD message API after a CREATE","1153","A DELETE message after CREATE EXPIRED","functional-tests.tests.process_messages_sender","2026-08-02","passed","2026-08-02","","test_RTP_process_sender_DELETE","",""
"Each entry in ``INVALID_PAYER_IDS`` must be rejected with 400.

The ``description`` parameter appears in pytest output to identify which
case failed without having to inspect the raw value.
","376","Querying activation status with an invalid payerId format returns 400","functional-tests.tests.activation","2026-08-02","passed","2026-08-02","","test_debtor_activation_payer_status","",""
"Test sending an UPDATE operation message with different statuses via GPD message API after a CREATE","1376","An UPDATE message with status INVALID after CREATE","functional-tests.tests.process_messages_sender","2026-08-02","passed","2026-08-02","","test_RTP_process_sender_UPDATE","",""
"Test sending an UPDATE operation message with different statuses via GPD message API after a CREATE","1245","An UPDATE message with status PARTIALLY_PAID after CREATE","functional-tests.tests.process_messages_sender","2026-08-02","passed","2026-08-02","","test_RTP_process_sender_UPDATE","",""
"MOCKSP04 owns MOCKSP01 as well as its own spId; activation must be allowed on either.","792","A debtor is activated using a Service Provider ID the token subject owns but does not itself represent","functional-tests.tests.activation","2026-08-02","passed","2026-08-02","","test_debtor_activation_create","",""
"The response cannot be parsed as a cancellation confirmation (malformed, unquoted string), so the RTP stays in RFC_SENT rather than erroring out.","1923","Cancelling an RTP - EPC v4 mock unhappy path scenario: malformed_string","functional-tests.tests.cancel_rtp","2026-08-02","passed","2026-08-02","","test_RTP_cancel_MOCK_V2","",""
"Test sending an UPDATE after CREATE VALID + DELETE with different statuses","1673","An UPDATE message with status DRAFT after CREATE VALID and DELETE","functional-tests.tests.process_messages_sender","2026-08-02","passed","2026-08-02","","test_RTP_process_sender_UPDATE","",""
"","889","An RTP is sent through GPD message API","functional-tests.tests.send_rtp","2026-08-02","passed","2026-08-02","","test_RTP_send_MOCK","",""
"Payer that has never been activated → isActive must be false.","380","test_get_activation_status_not_active_payer","functional-tests.tests.activation","2026-08-02","passed","2026-08-02","","test_debtor_activation_payer_status","",""
"Test sending a CREATE operation message with an omocodia fiscal code via GPD message API","878","A CREATE message with omocodia fiscal code is successfully sent through GPD message API","functional-tests.tests.process_messages_sender","2026-08-02","passed","2026-08-02","","test_RTP_process_sender","",""
"Test sending a DELETE operation message via GPD message API after a CREATE VALID + UPDATE","1670","A DELETE message after CREATE VALID + UPDATE PUBLISHED","functional-tests.tests.process_messages_sender","2026-08-02","passed","2026-08-02","","test_RTP_process_sender_DELETE","",""
"","1428","RTP is successfully cancelled with reason PAID - V2","functional-tests.tests.cancel_rtp","2026-08-02","passed","2026-08-02","","test_RTP_cancel","",""
"","2506","A v2 RTP callback with status ACCP is successfully received","functional-tests.tests.callbacks_v2","2026-08-02","passed","2026-08-02","","test_RTP_callback_DS_08P_positive","",""
"Test sending an UPDATE operation message with different statuses via GPD message API before a CREATE","1060","An UPDATE message with status VALID before CREATE","functional-tests.tests.process_messages_sender","2026-08-02","passed","2026-08-02","","test_RTP_process_sender_UPDATE_before_CREATE","",""
"","379","Get payees consents with negative page size returns 400","functional-tests.tests.service_registry","2026-08-02","passed","2026-08-02","","test_get_payees_consents","",""
"Each entry in ``INVALID_PAYER_IDS`` (see dataset docstring) must be rejected with 400.","381","The activation request must contain a validly formatted fiscal code","functional-tests.tests.activation","2026-08-02","passed","2026-08-02","","test_debtor_activation_create","",""
"
Test RFC callback DS12N with INVALID status.

Flow:
1. Activate payer
2. Send an RTP via GPD message (CREATE VALID)
3. Cancel the RTP via GPD message (DELETE) → RTP to RFC_SENT
4. Send DS12N callback with CxlStsId INVALID
5. Verify callback is rejected with 400
6. Verify RTP status is still RFC_SENT
","2384","An RFC callback DS12N INVALID is rejected with 400","functional-tests.tests.callbacks","2026-08-02","passed","2026-08-02","","test_RTP_callback_DS_12N","",""
"","2634","Unauthorized callback due to wrong certificate serial","functional-tests.tests.callbacks_v2","2026-08-02","passed","2026-08-02","","test_RTP_callback_DS_05_redirect","",""
"","1811","An RTP sent with synchronous rejection containing extra fields results in status REJECTED","functional-tests.tests.send_rtp","2026-08-02","passed","2026-08-02","","test_RTP_send_MOCK","",""
"MOCKSP04 owns MOCKSP01 and triggers the OTP; FAKESP01, which owns neither, must be rejected
with an explicit ownership error, not merely a generic 403.","1169","Test Takeover Fails when Redeemer Does Not Own the OTP's Service Provider ID","functional-tests.tests.takeover","2026-08-02","passed","2026-08-02","","test_debtor_takeover","",""
"Querying activation status with an empty payerId must be rejected with 404.","351","Querying activation status with an empty payerId returns 404","functional-tests.tests.activation","2026-08-02","passed","2026-08-02","","test_debtor_activation_payer_status","",""
"
Test RFC callback DS12N with INVALID status, cancel via REST Web API.

Flow:
1. Activate payer
2. Send an RTP via GPD message (CREATE VALID)
3. Cancel the RTP via REST cancel endpoint with cancel_reason → RTP to RFC_SENT
4. Send DS12N callback with CxlStsId INVALID
5. Verify callback is rejected with 400
6. Verify RTP status is still RFC_SENT
","2055","An RFC callback DS12N INVALID is rejected with 400 - through Web API cancel","functional-tests.tests.callbacks","2026-08-02","passed","2026-08-02","","test_RTP_callback_DS_12N","",""
"
Tests the retrieval of an access token from the POSTE authentication endpoint using client credentials and mutual TLS.

:param debtor_sp_mock_cert_key: Certificate and key tuple for mutual TLS authentication.
:type debtor_sp_mock_cert_key: Tuple[str, str]
","472","Auth endpoint returns valid token","functional-tests.tests.availability","2026-08-02","passed","2026-08-02","","test_availability_POSTE","",""
"Each entry in ``INVALID_PAYER_IDS`` (see dataset docstring) must be rejected with 400.","379","The activation request must contain a validly formatted fiscal code","functional-tests.tests.activation","2026-08-02","passed","2026-08-02","","test_debtor_activation_create","",""
"","1303","An RTP sent when EPC response contains an unknown field is ignored and remains in status SENT - through Web API V2","functional-tests.tests.send_rtp","2026-08-02","passed","2026-08-02","","test_RTP_send_MOCK","",""
"Missing or invalid Bearer token → the endpoint must return 401.","383","Querying activation status without a valid token returns 401","functional-tests.tests.activation","2026-08-02","passed","2026-08-02","","test_debtor_activation_payer_status","",""
"","377","All auth fixtures expose a valid Bearer token format","functional-tests.tests.auth","2026-08-02","passed","2026-08-02","","test_auth","",""
"Each entry in ``INVALID_PAYER_IDS`` (see dataset docstring) must be rejected with 400.","478","The activation request must contain a validly formatted fiscal code","functional-tests.tests.activation","2026-08-02","passed","2026-08-02","","test_debtor_activation_create","",""
"OTP bound to payer1 should not work for payer2","1180","Test Takeover Fails with OTP Bound to Different Payer","functional-tests.tests.takeover","2026-08-02","passed","2026-08-02","","test_debtor_takeover","",""
"Each entry in ``INVALID_PAYER_IDS`` (see dataset docstring) must be rejected with 400.","1167","The activation request must contain a validly formatted fiscal code","functional-tests.tests.activation","2026-08-02","passed","2026-08-02","","test_debtor_activation_create","",""
"
Given an RTP is sent successfully (status SENT) for a given noticeNumber + payeeId,
when the payee queries the delivery-status endpoint with the correct noticeNumber
but a different payeeId,
then the response must be HTTP 200 with status=PD_RTP_NOT_DELIVERED, verifying
that the endpoint filters on both fields.
","6249","Existing noticeNumber with wrong payeeId → PD_RTP_NOT_DELIVERED","functional-tests.tests.get_rtp","2026-08-02","passed","2026-08-02","","test_RTP_get_delivery_status","",""
"","1301","RTP is successfully cancelled with reason MODT","functional-tests.tests.cancel_rtp","2026-08-02","passed","2026-08-02","","test_RTP_cancel","",""
"","924","An RTP is sent to Poste service with activated fiscal code - through Web API V2","functional-tests.tests.send_rtp","2026-08-02","passed","2026-08-02","","test_RTP_send_POSTE","",""
"","384","A Service Provider with invalid client secret is not authenticated on Keycloak","functional-tests.tests.auth","2026-08-02","passed","2026-08-02","","test_auth","",""
"","2305","DS_08P positive v2 callback with Version header returns 400","functional-tests.tests.callbacks_v2","2026-08-02","passed","2026-08-02","","test_RTP_callback_with_version_header","",""
"","588","Get list of service providers successfully","functional-tests.tests.service_registry","2026-08-02","passed","2026-08-02","","test_service_registry_service_providers","",""
"","1354","RTP is successfully cancelled with reason MODT - V2","functional-tests.tests.cancel_rtp","2026-08-02","passed","2026-08-02","","test_RTP_cancel","",""
"
Tests that sending an RTP payload with an amount over the POSTE limit results in a 400 Bad Request response.

:param debtor_sp_mock_cert_key: Certificate and key tuple for mutual TLS authentication.
:type debtor_sp_mock_cert_key: Tuple[str, str]
","1603","Cannot send RTP with an amount over the POSTE limit","functional-tests.tests.availability","2026-08-02","failed","2026-08-02","","test_availability_POSTE","",""
"","730","An RTP is sent to ICCREA service with activated fiscal code","functional-tests.tests.send_rtp","2026-08-02","passed","2026-08-02","","test_RTP_send_ICCREA","",""
"Each entry in ``INVALID_PAYER_IDS`` must be rejected with 400.

The ``description`` parameter appears in pytest output to identify which
case failed without having to inspect the raw value.
","377","Querying activation status with an invalid payerId format returns 400","functional-tests.tests.activation","2026-08-02","passed","2026-08-02","","test_debtor_activation_payer_status","",""
"Test sending a DELETE operation message via GPD message API after a standalone UPDATE (no prior CREATE)","1159","A DELETE message after standalone UPDATE DRAFT","functional-tests.tests.process_messages_sender","2026-08-02","passed","2026-08-02","","test_RTP_process_sender_DELETE","",""
"
Verify that a debt position can be deleted successfully.
","2199","Happy path: a debt position is deleted in UAT environment","functional-tests.tests.gpd_availability","2026-08-02","passed","2026-08-02","","test_availability_GPD","",""
"Test that takeover fails when the service provider is unauthenticated","1132","Test Takeover Fails with Unauthenticated SP","functional-tests.tests.takeover","2026-08-02","passed","2026-08-02","","test_debtor_takeover","",""
"
Test RFC callback DS12P with non-existing service provider, cancel via REST Web API.

Flow:
1. Activate payer
2. Send an RTP via GPD message (CREATE VALID)
3. Cancel the RTP via REST cancel endpoint with cancel_reason → RTP to RFC_SENT
4. Send DS12P callback with non-existing BIC (MOCKSP99)
5. Verify callback is rejected with 400 (service provider not found)
","1663","Failed RFC callback for non existing Service Provider - DS-12P CNCL compliant - through Web API cancel","functional-tests.tests.callbacks","2026-08-02","passed","2026-08-02","","test_RTP_callback_DS_12P","",""
"
Test RFC callback DS12P with wrong certificate identity, cancel via REST Web API.

Flow:
1. Activate payer
2. Send an RTP via GPD message (CREATE VALID)
3. Cancel the RTP via REST cancel endpoint with cancel_reason → RTP to RFC_SENT
4. Send DS12P callback with assignee_bic='FAKESP01' (doesn't match certificate identity MOCKSP04)
5. Verify callback is rejected with 403 (certificate mismatch)
","2312","Unauthorized RFC callback due to wrong certificate serial - through Web API cancel","functional-tests.tests.callbacks","2026-08-02","passed","2026-08-02","","test_RTP_callback_DS_12P","",""
"","1688","Failed callback for non existing Service Provider - DS-08P positive compliant","functional-tests.tests.callbacks_v2","2026-08-02","passed","2026-08-02","","test_RTP_callback_DS_08P_positive","",""
"","782","Deactivation fails for activation by another service provider","functional-tests.tests.activation","2026-08-02","passed","2026-08-02","","test_debtor_deactivation","",""
"The PSP synchronously rejects the cancellation request with 422 (per standard behaviour for the EPC 404 Not Found scenario). The RTP then transitions to ERROR_CANCEL via ERROR_CANCEL_RTP.","2005","Cancelling an RTP - EPC v4 mock unhappy path scenario: epc_404","functional-tests.tests.cancel_rtp","2026-08-02","failed","2026-08-02","","test_RTP_cancel_MOCK_V2","",""
"No `Sts.Conf` confirmation is present (Sts block omitted entirely), so only CANCEL_RTP is triggered and the RTP stays in RFC_SENT.","1984","Cancelling an RTP - EPC v4 mock happy path scenario: no_sts_block","functional-tests.tests.cancel_rtp","2026-08-02","passed","2026-08-02","","test_RTP_cancel_MOCK_V2","",""
"No `Sts.Conf` confirmation is present (empty JSON object), so only CANCEL_RTP is triggered and the RTP stays in RFC_SENT.","2127","Cancelling an RTP - EPC v4 mock happy path scenario: empty_json_object","functional-tests.tests.cancel_rtp","2026-08-02","passed","2026-08-02","","test_RTP_cancel_MOCK_V2","",""
"Test sending a DELETE operation message via GPD message API after a CREATE VALID + UPDATE","1673","A DELETE message after CREATE VALID + UPDATE EXPIRED","functional-tests.tests.process_messages_sender","2026-08-02","passed","2026-08-02","","test_RTP_process_sender_DELETE","",""
"","375","Invalid pagination parameters returns 400","functional-tests.tests.activation","2026-08-02","passed","2026-08-02","","test_debtor_activation_list","",""
"Test sending a CREATE operation message with different statuses via GPD message API","793","A CREATE message with status PUBLISHED","functional-tests.tests.process_messages_sender","2026-08-02","passed","2026-08-02","","test_RTP_process_sender_CREATE","",""
"Each entry in ``INVALID_PAYER_IDS`` (see dataset docstring) must be rejected with 400.","383","The activation request must contain a validly formatted fiscal code","functional-tests.tests.activation","2026-08-02","passed","2026-08-02","","test_debtor_activation_create","",""
"Active payer identified by an 11-digit Partita IVA → isActive must be true.","1232","An active payer with VAT number (Partita IVA) returns isActive true","functional-tests.tests.activation","2026-08-02","passed","2026-08-02","","test_debtor_activation_payer_status","",""
"","398","Retrieving non-existent activation returns 404","functional-tests.tests.activation","2026-08-02","passed","2026-08-02","","test_debtor_activation_get","",""
"
Test v2 RFC callback DS12P with wrong certificate identity.

Flow:
1. Activate payer
2. Send an RTP via GPD message v2 (CREATE VALID)
3. Cancel the RTP via GPD message v2 (DELETE) -> RTP to RFC_SENT
4. Send DS12P callback with assignee_bic='FAKESP01' (doesn't match certificate identity)
5. Verify callback is rejected with 403 (certificate mismatch)
6. Verify RTP status is still RFC_SENT
","2423","Unauthorized v2 RFC callback due to wrong certificate serial","functional-tests.tests.callbacks_v2","2026-08-02","passed","2026-08-02","","test_RTP_callback_DS_12P_positive","",""
"","0","A Service Provider is authenticated","functional-tests.tests.auth","2026-08-02","passed","2026-08-02","","test_auth","",""
"An EPC response containing fields not declared in the OpenAPI spec is treated as an invalid message and is NOT tolerated for accept/reject purposes (confirmed with rtp-sender-v2 maintainers, PR #26). The extra `invalid-field` property invalidates the whole response, so the RJCR confirmation is not processed and the RTP stays in RFC_SENT.","1928","Cancelling an RTP - EPC v4 mock unhappy path scenario: rjcr_extra_field","functional-tests.tests.cancel_rtp","2026-08-02","passed","2026-08-02","","test_RTP_cancel_MOCK_V2","",""
"
DS_08N callback sent with the Version header must be rejected with 400.
The RTP must remain in SENT (transition to REJECTED must not happen).

Flow:
1. Activate payer and send an RTP → resource_id
2. Build a valid DS_08N payload referencing the RTP
3. POST to callback endpoint WITH Version header
4. Verify 400 is returned with the expected error body
5. Verify RTP status is still SENT
","1614","DS_08N callback with Version header returns 400","functional-tests.tests.callbacks","2026-08-02","passed","2026-08-02","","test_RTP_callback_with_version_header","",""
"Test sending a DELETE operation message via GPD message API after a standalone UPDATE (no prior CREATE)","1316","A DELETE message after standalone UPDATE VALID","functional-tests.tests.process_messages_sender","2026-08-02","passed","2026-08-02","","test_RTP_process_sender_DELETE","",""
"Each entry in ``INVALID_PAYER_IDS`` must be rejected with 400.

The ``description`` parameter appears in pytest output to identify which
case failed without having to inspect the raw value.
","382","Querying activation status with an invalid payerId format returns 400","functional-tests.tests.activation","2026-08-02","passed","2026-08-02","","test_debtor_activation_payer_status","",""
"Each entry in ``INVALID_PAYER_IDS`` must be rejected with 400.

The ``description`` parameter appears in pytest output to identify which
case failed without having to inspect the raw value.
","378","Querying activation status with an invalid payerId format returns 400","functional-tests.tests.activation","2026-08-02","passed","2026-08-02","","test_debtor_activation_payer_status","",""
"
Test RFC callback DS12N with wrong certificate identity, cancel via REST Web API.

Flow:
1. Activate payer
2. Send an RTP via GPD message (CREATE VALID)
3. Cancel the RTP via REST cancel endpoint with cancel_reason → RTP to RFC_SENT
4. Send DS12N callback with assignee_bic='FAKESP01' (doesn't match certificate identity MOCKSP04)
5. Verify callback is rejected with 403 (certificate mismatch)
","1776","Unauthorized RFC callback due to wrong certificate serial - through Web API cancel","functional-tests.tests.callbacks","2026-08-02","passed","2026-08-02","","test_RTP_callback_DS_12N","",""
"Test sending a CREATE operation message with different statuses via GPD message API","776","A CREATE message with status EXPIRED","functional-tests.tests.process_messages_sender","2026-08-02","passed","2026-08-02","","test_RTP_process_sender_CREATE","",""
"","373","The activation request must contain a Service Provider ID of valid length","functional-tests.tests.activation","2026-08-02","passed","2026-08-02","","test_debtor_activation_create","",""
"
Test v2 RFC callback DS12N with RJCR status.

Flow:
1. Activate payer
2. Send an RTP via GPD message v2 (CREATE VALID)
3. Cancel the RTP via GPD message v2 (DELETE) -> RTP to RFC_SENT
4. Send DS12N callback with CxlStsId RJCR (Rejected Cancellation Request)
5. Verify callback is accepted (200)
6. Verify RTP status is CANCELLED_REJECTED
","2766","A v2 RFC callback DS12N RJCR is successfully received and RTP status is CANCELLED_REJECTED","functional-tests.tests.callbacks_v2","2026-08-02","passed","2026-08-02","","test_RTP_callback_DS_12N_negative","",""
"Each entry in ``INVALID_PAYER_IDS`` must be rejected with 400.

The ``description`` parameter appears in pytest output to identify which
case failed without having to inspect the raw value.
","376","Querying activation status with an invalid payerId format returns 400","functional-tests.tests.activation","2026-08-02","passed","2026-08-02","","test_debtor_activation_payer_status","",""
"","356","Unauthorized request returns 401","functional-tests.tests.activation","2026-08-02","passed","2026-08-02","","test_debtor_activation_list","",""
"","775","Find by payer id returns 404 when the token subject does not own the activation's Service Provider ID","functional-tests.tests.activation","2026-08-02","passed","2026-08-02","","test_debtor_activation_get","",""
"","1818","An RTP sent with synchronous rejection and missing _links results in status REJECTED","functional-tests.tests.send_rtp","2026-08-02","passed","2026-08-02","","test_RTP_send_MOCK","",""
"
Verify that a debt position can be updated successfully.
","6151","Happy path: a debt position is updated in DEV environment","functional-tests.tests.gpd_availability","2026-08-02","passed","2026-08-02","","test_availability_GPD","",""
"
Verify that a debt position can be created and published successfully.
","1027","Happy path: a debt position is created and published in DEV environment","functional-tests.tests.gpd_availability","2026-08-02","passed","2026-08-02","","test_availability_GPD","",""
"","3199","An RTP callback is successfully received with status RJCT","functional-tests.tests.callbacks","2026-08-02","passed","2026-08-02","","test_RTP_callback_DS_08","",""
"An EPC response containing fields not declared in the OpenAPI spec is treated as an invalid message and is NOT tolerated for accept/reject purposes (confirmed with rtp-sender-v2 maintainers, PR #26). The extra `invalid-field` property invalidates the whole response, so the CNCL confirmation is not processed and the RTP stays in RFC_SENT.","1797","Cancelling an RTP - EPC v4 mock unhappy path scenario: cncl_extra_field","functional-tests.tests.cancel_rtp","2026-08-02","passed","2026-08-02","","test_RTP_cancel_MOCK_V2","",""
"
Test RFC callback DS12N with wrong certificate identity, cancel via REST Web API.

Flow:
1. Activate payer
2. Send an RTP via GPD message (CREATE VALID)
3. Cancel the RTP via REST cancel endpoint with cancel_reason → RTP to RFC_SENT
4. Send DS12N callback with assignee_bic='FAKESP01' (doesn't match certificate identity MOCKSP04)
5. Verify callback is rejected with 403 (certificate mismatch)
","1807","Unauthorized RFC callback due to wrong certificate serial - through Web API cancel","functional-tests.tests.callbacks","2026-08-02","passed","2026-08-02","","test_RTP_callback_DS_12N","",""
"","1688","Failed callback for non existing Service Provider - DS-08N negative compliant","functional-tests.tests.callbacks_v2","2026-08-02","passed","2026-08-02","","test_RTP_callback_DS_08N_negative","",""
"DS_08N RJCT callback sent directly on a SENT RTP (no prior DS_05 ACTC callback).

The RTP is expected to transition from SENT to REJECTED.
","5242","A v2 RTP callback with status RJCT is successfully received","functional-tests.tests.callbacks_v2","2026-08-02","passed","2026-08-02","","test_RTP_callback_DS_08N_negative","",""
"Reusing the same OTP after a successful takeover should fail","1610","Test Takeover Fails with Reused OTP","functional-tests.tests.takeover","2026-08-02","passed","2026-08-02","","test_debtor_takeover","",""
"","884","SP_ACTIVATIONS_READ_ALL can retrieve activation by Activation ID created by SP_A","functional-tests.tests.activation","2026-08-02","passed","2026-08-02","","test_RTP_activation_security","",""
"","2453","An RTP callback is successfully received with status ACCP","functional-tests.tests.callbacks","2026-08-02","passed","2026-08-02","","test_RTP_callback_DS_08","",""
"","462","The RTP web page is reachable","functional-tests.tests.availability","2026-08-02","passed","2026-08-02","","test_availability_RTP_webform","",""
"
Test RFC callback DS12P with CNCL status.

Flow:
1. Activate payer
2. Send an RTP via GPD message (CREATE VALID)
3. Cancel the RTP via GPD message (DELETE) → RTP to RFC_SENT
4. Send DS12P callback with CxlStsId CNCL (Cancelled As Per Request)
5. Verify callback is accepted (200)
6. Verify RTP status is CANCELLED
","2119","An RFC callback DS12P CNCL is successfully received and RTP status is CANCEL","functional-tests.tests.callbacks","2026-08-02","passed","2026-08-02","","test_RTP_callback_DS_12P","",""
"","783","Deactivation returns 404 when the token subject does not own the activation's Service Provider ID","functional-tests.tests.activation","2026-08-02","passed","2026-08-02","","test_debtor_deactivation","",""
"
Test RFC callback DS12N with RJCR status, cancel triggered via REST Web API with explicit reason.

Flow:
1. Activate payer
2. Send an RTP via GPD message (CREATE VALID)
3. Cancel the RTP via REST cancel endpoint with cancel_reason → RTP to RFC_SENT
4. Send DS12N callback with CxlStsId RJCR (Rejected Cancellation Request)
5. Verify callback is accepted (200)
6. Verify RTP status is ERROR_CANCEL
","2963","An RFC callback DS12N RJCR is successfully received and RTP status is ERROR_CANCEL - through Web API cancel","functional-tests.tests.callbacks","2026-08-02","passed","2026-08-02","","test_RTP_callback_DS_12N","",""
"Each entry in ``INVALID_PAYER_IDS`` must be rejected with 400.

The ``description`` parameter appears in pytest output to identify which
case failed without having to inspect the raw value.
","375","Querying activation status with an invalid payerId format returns 400","functional-tests.tests.activation","2026-08-02","passed","2026-08-02","","test_debtor_activation_payer_status","",""
"","381","All auth fixtures expose a valid Bearer token format","functional-tests.tests.auth","2026-08-02","passed","2026-08-02","","test_auth","",""
"","1241","RTP cancellation fails with an invalid reason - V2","functional-tests.tests.cancel_rtp","2026-08-02","passed","2026-08-02","","test_RTP_cancel","",""
"Test sending a DELETE operation message via GPD message API after a CREATE VALID + UPDATE","1700","A DELETE message after CREATE VALID + UPDATE INVALID","functional-tests.tests.process_messages_sender","2026-08-02","passed","2026-08-02","","test_RTP_process_sender_DELETE","",""
"","376","Get payees consents with invalid date format returns 400","functional-tests.tests.service_registry","2026-08-02","passed","2026-08-02","","test_get_payees_consents","",""
"Each entry in ``INVALID_PAYER_IDS`` must be rejected with 400.

The ``description`` parameter appears in pytest output to identify which
case failed without having to inspect the raw value.
","384","Querying activation status with an invalid payerId format returns 400","functional-tests.tests.activation","2026-08-02","passed","2026-08-02","","test_debtor_activation_payer_status","",""
"Each entry in ``INVALID_PAYER_IDS`` (see dataset docstring) must be rejected with 400.","381","The activation request must contain a validly formatted fiscal code","functional-tests.tests.activation","2026-08-02","passed","2026-08-02","","test_debtor_activation_create","",""
"Each entry in ``INVALID_PAYER_IDS`` (see dataset docstring) must be rejected with 400.","382","The activation request must contain a validly formatted fiscal code","functional-tests.tests.activation","2026-08-02","failed","2026-08-02","","test_debtor_activation_create","",""
"A valid token that carries neither read_rtp_activations nor read_rtp_all must be rejected with 403.","375","Token without read_rtp_activations or read_rtp_all role returns 403 Forbidden","functional-tests.tests.activation","2026-08-02","passed","2026-08-02","","test_debtor_activation_payer_status","",""
"","1827","An RTP sent with synchronous rejection is in status REJECTED - DS-08P N - through Web API","functional-tests.tests.send_rtp","2026-08-02","passed","2026-08-02","","test_RTP_send_MOCK","",""
"Test sending an UPDATE operation message with different statuses via GPD message API after a CREATE","1812","An UPDATE message with status EXPIRED after CREATE","functional-tests.tests.process_messages_sender","2026-08-02","passed","2026-08-02","","test_RTP_process_sender_UPDATE","",""
"Test sending a DELETE operation message via GPD message API after a CREATE","1297","A DELETE message after CREATE VALID","functional-tests.tests.process_messages_sender","2026-08-02","passed","2026-08-02","","test_RTP_process_sender_DELETE","",""
"","385","Unauthorized callback due to wrong certificate serial","functional-tests.tests.callbacks","2026-08-02","passed","2026-08-02","","test_RTP_callback_DS_04","",""
"","380","Get payees consents with invalid consent value returns 400","functional-tests.tests.service_registry","2026-08-02","passed","2026-08-02","","test_get_payees_consents","",""
"Test sending a CREATE operation message via GPD message API","1612","A CREATE message is successfully sent through GPD message API","functional-tests.tests.process_messages_sender","2026-08-02","passed","2026-08-02","","test_RTP_process_sender","",""
"","2731","An RTP is sent to ICCREA service with activated fiscal code - through Web API","functional-tests.tests.send_rtp","2026-08-02","failed","2026-08-02","","test_RTP_send_ICCREA","",""
"","354","The service returns the mocked server error","functional-tests.tests.availability","2026-08-02","passed","2026-08-02","","test_availability_MOCK","",""
"","793","Get by activation id returns 404 when the token subject does not own the activation's Service Provider ID","functional-tests.tests.activation","2026-08-02","passed","2026-08-02","","test_debtor_activation_get","",""
"Test sending an UPDATE operation message with different statuses via GPD message API before a CREATE","782","An UPDATE message with status DRAFT before CREATE","functional-tests.tests.process_messages_sender","2026-08-02","passed","2026-08-02","","test_RTP_process_sender_UPDATE_before_CREATE","",""
"","385","All auth fixtures expose a valid Bearer token format","functional-tests.tests.auth","2026-08-02","passed","2026-08-02","","test_auth","",""
"","1251","An RTP sent when EPC response contains an unknown field is ignored and remains in status SENT - through Web API","functional-tests.tests.send_rtp","2026-08-02","passed","2026-08-02","","test_RTP_send_MOCK","",""
"Each entry in ``INVALID_PAYER_IDS`` must be rejected with 400.

The ``description`` parameter appears in pytest output to identify which
case failed without having to inspect the raw value.
","381","Querying activation status with an invalid payerId format returns 400","functional-tests.tests.activation","2026-08-02","passed","2026-08-02","","test_debtor_activation_payer_status","",""
"","2505","DS_document RJCT v2 callback with Version header returns 400","functional-tests.tests.callbacks_v2","2026-08-02","passed","2026-08-02","","test_RTP_callback_with_version_header","",""
"Test sending a DELETE operation message via GPD message API after a standalone UPDATE (no prior CREATE)","1166","A DELETE message after standalone UPDATE EXPIRED","functional-tests.tests.process_messages_sender","2026-08-02","passed","2026-08-02","","test_RTP_process_sender_DELETE","",""
"Test sending a DELETE operation message via GPD message API after a CREATE VALID + UPDATE","1849","A DELETE message after CREATE VALID + UPDATE VALID","functional-tests.tests.process_messages_sender","2026-08-02","passed","2026-08-02","","test_RTP_process_sender_DELETE","",""
"`Sts.Conf = ""RJCR""` triggers CANCEL_RTP -> CONFIRM_RFC -> CANCEL_RTP_REJECTED, ending in CANCELLED_REJECTED.","2563","Cancelling an RTP - EPC v4 mock happy path scenario: rjcr_rejected","functional-tests.tests.cancel_rtp","2026-08-02","passed","2026-08-02","","test_RTP_cancel_MOCK_V2","",""
"Each entry in ``INVALID_PAYER_IDS`` (see dataset docstring) must be rejected with 400.","377","The activation request must contain a validly formatted fiscal code","functional-tests.tests.activation","2026-08-02","passed","2026-08-02","","test_debtor_activation_create","",""
"Each entry in ``INVALID_PAYER_IDS`` (see dataset docstring) must be rejected with 400.","377","The activation request must contain a validly formatted fiscal code","functional-tests.tests.activation","2026-08-02","passed","2026-08-02","","test_debtor_activation_create","",""
"","1808","An RTP sent with synchronous rejection containing extra fields results in status REJECTED - through Web API","functional-tests.tests.send_rtp","2026-08-02","passed","2026-08-02","","test_RTP_send_MOCK","",""
"Test sending a DELETE operation message via GPD message API after a CREATE","1169","A DELETE message after CREATE PAID","functional-tests.tests.process_messages_sender","2026-08-02","passed","2026-08-02","","test_RTP_process_sender_DELETE","",""
"
Test RFC callback DS12N with RJCR status, cancel triggered via REST Web API with explicit reason.

Flow:
1. Activate payer
2. Send an RTP via GPD message (CREATE VALID)
3. Cancel the RTP via REST cancel endpoint with cancel_reason → RTP to RFC_SENT
4. Send DS12N callback with CxlStsId RJCR (Rejected Cancellation Request)
5. Verify callback is accepted (200)
6. Verify RTP status is ERROR_CANCEL
","3337","An RFC callback DS12N RJCR is successfully received and RTP status is ERROR_CANCEL - through Web API cancel","functional-tests.tests.callbacks","2026-08-02","passed","2026-08-02","","test_RTP_callback_DS_12N","",""
"","2076","SP_B cannot retrieve activation by Fiscal Code created by SP_A","functional-tests.tests.activation","2026-08-02","passed","2026-08-02","","test_RTP_activation_security","",""
"","443","Sending to non-activated debtor returns 422 - through Web API","functional-tests.tests.send_rtp","2026-08-02","passed","2026-08-02","","test_RTP_send_MOCK","",""
"","1354","An RTP sent when EPC response omits _links is in status ACCEPTED - through Web API","functional-tests.tests.send_rtp","2026-08-02","passed","2026-08-02","","test_RTP_send_MOCK","",""
"The PSP synchronously rejects the cancellation request with 422 (per standard behaviour for the EPC 406 Not Acceptable scenario). The RTP then transitions to ERROR_CANCEL via ERROR_CANCEL_RTP.","2334","Cancelling an RTP - EPC v4 mock unhappy path scenario: epc_406","functional-tests.tests.cancel_rtp","2026-08-02","failed","2026-08-02","","test_RTP_cancel_MOCK_V2","",""
"","1479","An RTP is sent to Poste service with activated fiscal code","functional-tests.tests.send_rtp","2026-08-02","passed","2026-08-02","","test_RTP_send_POSTE","",""
"Test sending a DELETE operation message via GPD message API after a CREATE VALID + UPDATE","1719","A DELETE message after CREATE VALID + UPDATE DRAFT","functional-tests.tests.process_messages_sender","2026-08-02","passed","2026-08-02","","test_RTP_process_sender_DELETE","",""
"","382","Unauthorized callback due to wrong certificate serial","functional-tests.tests.callbacks","2026-08-02","passed","2026-08-02","","test_RTP_callback_DS_08","",""
"The ownership check fails the same way whether the target spId belongs to someone else
or doesn't exist in the registry at all - NOEXIT00 is not a real Service Provider ID.","378","Activation is forbidden with the same error code for a Service Provider ID absent from the registry","functional-tests.tests.activation","2026-08-02","passed","2026-08-02","","test_debtor_activation_create","",""
"Test sending an UPDATE operation message with different statuses via GPD message API after a CREATE","1386","An UPDATE message with status VALID after CREATE","functional-tests.tests.process_messages_sender","2026-08-02","passed","2026-08-02","","test_RTP_process_sender_UPDATE","",""
"","1009","An RTP is sent to a CBI service with activated fiscal code","functional-tests.tests.send_rtp","2026-08-02","passed","2026-08-02","","test_RTP_send_CBI","",""
"","1693","Unauthorized callback due to wrong certificate serial","functional-tests.tests.callbacks_v2","2026-08-02","passed","2026-08-02","","test_RTP_callback_DS_08P_positive","",""
"UPDATE VALID with an ec_tax_code that does not exist in GPD returns 422 Payee not found","813","An UPDATE VALID message with a non-existent ec_tax_code is rejected","functional-tests.tests.process_messages_sender","2026-08-02","passed","2026-08-02","","test_RTP_process_sender_UPDATE","",""
"","779","Get paginated list of payees successfully","functional-tests.tests.service_registry","2026-08-02","passed","2026-08-02","","test_service_registry_payees_registry","",""
"
Verify that a debt position can be updated successfully.
","6722","Happy path: a debt position is updated in UAT environment","functional-tests.tests.gpd_availability","2026-08-02","passed","2026-08-02","","test_availability_GPD","",""
"","375","All auth fixtures expose a valid Bearer token format","functional-tests.tests.auth","2026-08-02","passed","2026-08-02","","test_auth","",""
"Payer activated then deactivated by SP A → isActive must be false.","1205","A deactivated payer returns isActive false","functional-tests.tests.activation","2026-08-02","passed","2026-08-02","","test_debtor_activation_payer_status","",""
"","812","A debtor is deactivated by an authenticated service provider","functional-tests.tests.activation","2026-08-02","passed","2026-08-02","","test_debtor_deactivation","",""
"","2235","An RTP callback with status ACWC is successfully received","functional-tests.tests.callbacks","2026-08-02","passed","2026-08-02","","test_RTP_callback_DS_08","",""
"","789","A debtor with omocodia fiscal code is activated and retrieved by activation id","functional-tests.tests.activation","2026-08-02","passed","2026-08-02","","test_debtor_activation_get","",""
"
Send the same CREATE VALID message twice.

Because send_gpd_message derives the Idempotency-Key deterministically from
the message id (msg_id), reusing the same payload reuses the same key.

Expectations:
- Both calls return HTTP 200 (idempotent, not an error).
- The resourceId in both responses is identical, proving the API returned
  the cached response and did not process the message twice.
- Querying by notice number returns exactly one RTP, confirming that only
  one record was written to the database.
","1655","Two CREATE VALID messages with the same Idempotency-Key both succeed but only one RTP is stored","functional-tests.tests.process_messages_sender","2026-08-02","passed","2026-08-02","","test_RTP_process_sender_IDEMPOTENCY","",""
"","377","Invalid NextActivationId format returns 400","functional-tests.tests.activation","2026-08-02","passed","2026-08-02","","test_debtor_activation_list","",""
"The PSP synchronously rejects the cancellation request with 422 (per standard behaviour for the EPC 422 Unprocessable Entity scenario). The RTP then transitions to ERROR_CANCEL via ERROR_CANCEL_RTP.","2695","Cancelling an RTP - EPC v4 mock unhappy path scenario: epc_422","functional-tests.tests.cancel_rtp","2026-08-02","failed","2026-08-02","","test_RTP_cancel_MOCK_V2","",""
"Test sending an UPDATE after CREATE VALID + DELETE with different statuses","1667","An UPDATE message with status PUBLISHED after CREATE VALID and DELETE","functional-tests.tests.process_messages_sender","2026-08-02","passed","2026-08-02","","test_RTP_process_sender_UPDATE","",""
"","2334","A v2 redirect RTP callback with invalid status is rejected without affecting the RTP status","functional-tests.tests.callbacks_v2","2026-08-02","passed","2026-08-02","","test_RTP_callback_DS_05_redirect","",""
"","921","Get a page of activations","functional-tests.tests.activation","2026-08-02","passed","2026-08-02","","test_debtor_activation_list","",""
"","1056","A second service provider triggers takeover when debtor is already active on another service provider","functional-tests.tests.activation","2026-08-02","passed","2026-08-02","","test_debtor_activation_create","",""
"No `Sts.Conf` confirmation is present (minimal JSON without Sts), so only CANCEL_RTP is triggered and the RTP stays in RFC_SENT.","1994","Cancelling an RTP - EPC v4 mock happy path scenario: minimal_json","functional-tests.tests.cancel_rtp","2026-08-02","passed","2026-08-02","","test_RTP_cancel_MOCK_V2","",""
"","2368","An RTP callback with status REJECTED is successfully received","functional-tests.tests.callbacks","2026-08-02","passed","2026-08-02","","test_RTP_callback_DS_08","",""
"","787","A debtor cannot be activated more than once by the same service provider","functional-tests.tests.activation","2026-08-02","passed","2026-08-02","","test_debtor_activation_create","",""
"Payer activated under SP A queried by SP A → isActive must be true.","784","An active payer returns isActive true for the same Service Provider","functional-tests.tests.activation","2026-08-02","passed","2026-08-02","","test_debtor_activation_payer_status","",""
"","379","All auth fixtures expose a valid Bearer token format","functional-tests.tests.auth","2026-08-02","passed","2026-08-02","","test_auth","",""
"The PSP synchronously rejects the cancellation request with 422 (per standard behaviour for the EPC 400 Bad Request scenario). The RTP then transitions to ERROR_CANCEL via ERROR_CANCEL_RTP.","1977","Cancelling an RTP - EPC v4 mock unhappy path scenario: epc_400","functional-tests.tests.cancel_rtp","2026-08-02","failed","2026-08-02","","test_RTP_cancel_MOCK_V2","",""
"Test sending a DELETE operation message via GPD message API after a CREATE","1165","A DELETE message after CREATE INVALID","functional-tests.tests.process_messages_sender","2026-08-02","passed","2026-08-02","","test_RTP_process_sender_DELETE","",""
"Each entry in ``INVALID_PAYER_IDS`` (see dataset docstring) must be rejected with 400.","374","The activation request must contain a validly formatted fiscal code","functional-tests.tests.activation","2026-08-02","passed","2026-08-02","","test_debtor_activation_create","",""
"Test sending a CREATE operation message with different statuses via GPD message API","878","A CREATE message with status VALID","functional-tests.tests.process_messages_sender","2026-08-02","passed","2026-08-02","","test_RTP_process_sender_CREATE","",""
"Test sending a DELETE operation message via GPD message API after a CREATE VALID + UPDATE","2591","A DELETE message after CREATE VALID + UPDATE PAID","functional-tests.tests.process_messages_sender","2026-08-02","passed","2026-08-02","","test_RTP_process_sender_DELETE","",""
"FAKESP01 does not own MOCKSP01, a Service Provider ID owned by another tspId.","381","Activation is forbidden for a Service Provider ID not owned by the token subject","functional-tests.tests.activation","2026-08-02","passed","2026-08-02","","test_debtor_activation_create","",""
"Test sending an UPDATE after CREATE VALID + DELETE with different statuses","2110","An UPDATE message with status PARTIALLY_PAID after CREATE VALID and DELETE","functional-tests.tests.process_messages_sender","2026-08-02","passed","2026-08-02","","test_RTP_process_sender_UPDATE","",""
"The PSP synchronously rejects the cancellation request with 422 (per standard behaviour for the EPC 429 Too Many Requests scenario). The RTP then transitions to ERROR_CANCEL via ERROR_CANCEL_RTP.","9842","Cancelling an RTP - EPC v4 mock unhappy path scenario: epc_429","functional-tests.tests.cancel_rtp","2026-08-02","failed","2026-08-02","","test_RTP_cancel_MOCK_V2","",""
"Test sending an UPDATE operation message with different statuses via GPD message API before a CREATE","780","An UPDATE message with status INVALID before CREATE","functional-tests.tests.process_messages_sender","2026-08-02","passed","2026-08-02","","test_RTP_process_sender_UPDATE_before_CREATE","",""
"
Test RFC callback DS12P with CNCL status, cancel triggered via REST Web API with explicit reason.

Flow:
1. Activate payer
2. Send an RTP via GPD message (CREATE VALID)
3. Cancel the RTP via REST cancel endpoint with cancel_reason → RTP to RFC_SENT
4. Send DS12P callback with CxlStsId CNCL (Cancelled As Per Request)
5. Verify callback is accepted (200)
6. Verify RTP status is CANCELLED
","2836","An RFC callback DS12P CNCL is successfully received and RTP status is CANCEL - through Web API cancel","functional-tests.tests.callbacks","2026-08-02","passed","2026-08-02","","test_RTP_callback_DS_12P","",""
"","899","A debtor with omocodia fiscal code is activated successfully","functional-tests.tests.activation","2026-08-02","passed","2026-08-02","","test_debtor_activation_create","",""
"Each entry in ``INVALID_PAYER_IDS`` must be rejected with 400.

The ``description`` parameter appears in pytest output to identify which
case failed without having to inspect the raw value.
","375","Querying activation status with an invalid payerId format returns 400","functional-tests.tests.activation","2026-08-02","passed","2026-08-02","","test_debtor_activation_payer_status","",""
"","352","Missing Version header returns 200","functional-tests.tests.activation","2026-08-02","passed","2026-08-02","","test_debtor_activation_list","",""
"","1812","An RTP sent with synchronous rejection is in status REJECTED - DS-08P N","functional-tests.tests.send_rtp","2026-08-02","passed","2026-08-02","","test_RTP_send_MOCK","",""
"","2037","Failed callback for non compliant DS-04b payload","functional-tests.tests.callbacks","2026-08-02","passed","2026-08-02","","test_RTP_callback_DS_04","",""
"","1299","An RTP sent when EPC response omits _links is in status ACCEPTED - through Web API V2","functional-tests.tests.send_rtp","2026-08-02","passed","2026-08-02","","test_RTP_send_MOCK","",""
"Each entry in ``INVALID_PAYER_IDS`` must be rejected with 400.

The ``description`` parameter appears in pytest output to identify which
case failed without having to inspect the raw value.
","379","Querying activation status with an invalid payerId format returns 400","functional-tests.tests.activation","2026-08-02","passed","2026-08-02","","test_debtor_activation_payer_status","",""
"Each entry in ``INVALID_PAYER_IDS`` must be rejected with 400.

The ``description`` parameter appears in pytest output to identify which
case failed without having to inspect the raw value.
","378","Querying activation status with an invalid payerId format returns 400","functional-tests.tests.activation","2026-08-02","passed","2026-08-02","","test_debtor_activation_payer_status","",""
"Each entry in ``INVALID_PAYER_IDS`` must be rejected with 400.

The ``description`` parameter appears in pytest output to identify which
case failed without having to inspect the raw value.
","402","Querying activation status with an invalid payerId format returns 400","functional-tests.tests.activation","2026-08-02","passed","2026-08-02","","test_debtor_activation_payer_status","",""
"","384","Retrieving activation with invalid UUID returns 400","functional-tests.tests.activation","2026-08-02","passed","2026-08-02","","test_debtor_activation_get","",""
"Test that takeover fails when an invalid OTP is provided","1162","Test Takeover Fails with Invalid OTP","functional-tests.tests.takeover","2026-08-02","passed","2026-08-02","","test_debtor_takeover","",""
"
Test v2 RFC callback DS12N with wrong certificate identity.

Flow:
1. Activate payer
2. Send an RTP via GPD message v2 (CREATE VALID)
3. Cancel the RTP via GPD message v2 (DELETE) -> RTP to RFC_SENT
4. Send DS12N callback with assignee_bic='FAKESP01' (doesn't match certificate identity)
5. Verify callback is rejected with 403 (certificate mismatch)
6. Verify RTP status is still RFC_SENT
","2155","Unauthorized v2 RFC callback due to wrong certificate serial","functional-tests.tests.callbacks_v2","2026-08-02","passed","2026-08-02","","test_RTP_callback_DS_12N_negative","",""
"Test sending a CREATE operation message with an Italian VAT number via GPD message API","872","A CREATE message with VAT number (Partita IVA) is successfully sent through GPD message API","functional-tests.tests.process_messages_sender","2026-08-02","passed","2026-08-02","","test_RTP_process_sender","",""
"","1704","Cannot send RTP with expired date","functional-tests.tests.availability","2026-08-02","passed","2026-08-02","","test_availability_CBI","",""
"","993","SP_ACTIVATIONS_READ_ALL can retrieve activation by Fiscal Code created by SP_A","functional-tests.tests.activation","2026-08-02","passed","2026-08-02","","test_RTP_activation_security","",""
"","376","Retrieving activation without valid token returns 401","functional-tests.tests.activation","2026-08-02","passed","2026-08-02","","test_debtor_activation_get","",""
"Test sending a CREATE operation message with different statuses via GPD message API","767","A CREATE message with status INVALID","functional-tests.tests.process_messages_sender","2026-08-02","passed","2026-08-02","","test_RTP_process_sender_CREATE","",""
"","386","malformed rtp_id → 400 Bad Request","functional-tests.tests.get_rtp","2026-08-02","passed","2026-08-02","","test_RTP_get","",""
"Each entry in ``INVALID_PAYER_IDS`` (see dataset docstring) must be rejected with 400.","376","The activation request must contain a validly formatted fiscal code","functional-tests.tests.activation","2026-08-02","passed","2026-08-02","","test_debtor_activation_create","",""
"","2036","DS_08N negative v2 callback with Version header returns 400","functional-tests.tests.callbacks_v2","2026-08-02","passed","2026-08-02","","test_RTP_callback_with_version_header","",""
"","779","A debtor with foreign fiscal code is activated and retrieved by activation id","functional-tests.tests.activation","2026-08-02","passed","2026-08-02","","test_debtor_activation_get","",""
"","387","Get payees consents with negative page number returns 400","functional-tests.tests.service_registry","2026-08-02","passed","2026-08-02","","test_get_payees_consents","",""
"","1760","An RTP sent with synchronous acceptance is in status ACCEPTED - DS-05 ACTC - through Web API V2","functional-tests.tests.send_rtp","2026-08-02","passed","2026-08-02","","test_RTP_send_MOCK","",""
"
Given a debtor is activated and a GPD message (CREATE) is sent via POST /gpd/message,
when the rtp-sender processes it and the RTP reaches status SENT,
when the payee queries the delivery-status endpoint with the correct noticeNumber
(nav) and payeeId (ec_tax_code),
then the response body must contain status=PD_RTP_DELIVERED, a non-null processingDate
in ISO 8601 format, and processingDate must match the SEND_RTP event timestamp from
the GPD message response (truncated to millisecond precision).
","6399","GPD message sent → RTP SENT → PD_RTP_DELIVERED with processingDate","functional-tests.tests.get_rtp","2026-08-02","failed","2026-08-02","","test_RTP_get_delivery_status","",""
"
Payer activated under SP A.
- SP B (read_rtp_activations): isActive must be false - privacy rule hides cross-SP activation.
- Admin (read_rtp_all): isActive must be true - role grants visibility across all SPs.
Same payer, same endpoint, different roles → different results.
","1164","read_rtp_all role returns isActive true while read_rtp_activations returns false for the same cross-SP payer","functional-tests.tests.activation","2026-08-02","passed","2026-08-02","","test_debtor_activation_payer_status","",""
"","429","Sending to non-activated debtor returns 422 - through Web API V2","functional-tests.tests.send_rtp","2026-08-02","passed","2026-08-02","","test_RTP_send_MOCK","",""
"Same privacy rule as the cross-SP case: no explicit error, isActive is just false.","780","Get payer status returns isActive false when the token subject does not own the activation's Service Provider ID","functional-tests.tests.activation","2026-08-02","passed","2026-08-02","","test_debtor_activation_payer_status","",""
"","381","RTP cancellation fails if resource ID does not exist","functional-tests.tests.cancel_rtp","2026-08-02","passed","2026-08-02","","test_RTP_cancel","",""
"Test sending an UPDATE operation message with different statuses via GPD message API after a CREATE","1267","An UPDATE message with status PUBLISHED after CREATE","functional-tests.tests.process_messages_sender","2026-08-02","passed","2026-08-02","","test_RTP_process_sender_UPDATE","",""
"
Test RFC callback DS12N with INVALID status, cancel via REST Web API.

Flow:
1. Activate payer
2. Send an RTP via GPD message (CREATE VALID)
3. Cancel the RTP via REST cancel endpoint with cancel_reason → RTP to RFC_SENT
4. Send DS12N callback with CxlStsId INVALID
5. Verify callback is rejected with 400
6. Verify RTP status is still RFC_SENT
","2077","An RFC callback DS12N INVALID is rejected with 400 - through Web API cancel","functional-tests.tests.callbacks","2026-08-02","passed","2026-08-02","","test_RTP_callback_DS_12N","",""
"
DS_12N RJCR RFC callback sent with the Version header must be rejected with 400.
The RTP must remain in RFC_SENT (transition to ERROR_CANCEL must not happen).

Flow:
1. Activate payer, send RTP, trigger cancel via GPD DELETE → RFC_SENT
2. Build a valid DS_12N RJCR payload
3. POST to RFC callback endpoint WITH Version header
4. Verify 400 is returned with the expected error body
5. Verify RTP status is still RFC_SENT
","2022","DS_12N RJCR RFC callback with Version header returns 400","functional-tests.tests.callbacks","2026-08-02","passed","2026-08-02","","test_RTP_callback_with_version_header","",""
"
Test RFC callback DS12P with non-existing service provider.

Flow:
1. Activate payer
2. Send an RTP via GPD message (CREATE VALID)
3. Cancel the RTP via GPD message (DELETE) → RTP to RFC_SENT
4. Send DS12P callback with non-existing BIC (MOCKSP99)
5. Verify callback is rejected with 400 (service provider not found)
","1682","Failed RFC callback for non existing Service Provider - DS-12P CNCL compliant","functional-tests.tests.callbacks","2026-08-02","passed","2026-08-02","","test_RTP_callback_DS_12P","",""
"Test sending a DELETE operation message via GPD message API after a standalone UPDATE (no prior CREATE)","1163","A DELETE message after standalone UPDATE PARTIALLY_PAID","functional-tests.tests.process_messages_sender","2026-08-02","passed","2026-08-02","","test_RTP_process_sender_DELETE","",""
"","2120","An RTP callback with invalid status is received and processed with success without affecting the RTP status","functional-tests.tests.callbacks","2026-08-02","passed","2026-08-02","","test_RTP_callback_DS_05","",""
"","2025","An RTP sent when EPC response omits _links is in status ACCEPTED","functional-tests.tests.send_rtp","2026-08-02","passed","2026-08-02","","test_RTP_send_MOCK","",""
"Each entry in ``INVALID_PAYER_IDS`` must be rejected with 400.

The ``description`` parameter appears in pytest output to identify which
case failed without having to inspect the raw value.
","374","Querying activation status with an invalid payerId format returns 400","functional-tests.tests.activation","2026-08-02","passed","2026-08-02","","test_debtor_activation_payer_status","",""
"
Test RFC callback DS12P with INVALID status, cancel via REST Web API.

Flow:
1. Activate payer
2. Send an RTP via GPD message (CREATE VALID)
3. Cancel the RTP via REST cancel endpoint with cancel_reason → RTP to RFC_SENT
4. Send DS12P callback with CxlStsId INVALID
5. Verify callback is rejected with 400
6. Verify RTP status is still RFC_SENT
","2063","An RFC callback DS12P INVALID is rejected with 400 - through Web API cancel","functional-tests.tests.callbacks","2026-08-02","passed","2026-08-02","","test_RTP_callback_DS_12P","",""
"Authenticated but not authorized: token of SP A tries to use OTP issued for SP B","1166","Test Takeover Fails with Wrong SP Token","functional-tests.tests.takeover","2026-08-02","passed","2026-08-02","","test_debtor_takeover","",""
"","881","An RTP is sent through API - through Web API","functional-tests.tests.send_rtp","2026-08-02","passed","2026-08-02","","test_RTP_send_MOCK","",""
"
DS_04b callback sent with the Version header must be rejected with 400.
The RTP state must be unchanged.

Flow:
1. Activate payer and send an RTP → resource_id
2. Capture current RTP status
3. Build a valid DS_04b payload referencing the RTP
4. POST to callback endpoint WITH Version header
5. Verify 400 is returned with the expected error body
6. Verify RTP status is unchanged
","1998","DS_04b callback with Version header returns 400","functional-tests.tests.callbacks","2026-08-02","passed","2026-08-02","","test_RTP_callback_with_version_header","",""
"","1306","RTP is successfully cancelled with reason PAID","functional-tests.tests.cancel_rtp","2026-08-02","passed","2026-08-02","","test_RTP_cancel","",""
"Each entry in ``INVALID_PAYER_IDS`` must be rejected with 400.

The ``description`` parameter appears in pytest output to identify which
case failed without having to inspect the raw value.
","375","Querying activation status with an invalid payerId format returns 400","functional-tests.tests.activation","2026-08-02","passed","2026-08-02","","test_debtor_activation_payer_status","",""
"","1658","An RTP callback is received with invalid status","functional-tests.tests.callbacks","2026-08-02","passed","2026-08-02","","test_RTP_callback_DS_08","",""
"Empty OTP should be rejected","405","Test Takeover Fails with Empty OTP","functional-tests.tests.takeover","2026-08-02","passed","2026-08-02","","test_debtor_takeover","",""
"","4443","An RTP is sent to a CBI service with activated fiscal code - through Web API","functional-tests.tests.send_rtp","2026-08-02","passed","2026-08-02","","test_RTP_send_CBI","",""
"","2539","DS_12N negative RFC v2 callback with Version header returns 400","functional-tests.tests.callbacks_v2","2026-08-02","passed","2026-08-02","","test_RTP_callback_with_version_header","",""
"Test sending a DELETE operation message via GPD message API after a CREATE","1158","A DELETE message after CREATE DRAFT","functional-tests.tests.process_messages_sender","2026-08-02","passed","2026-08-02","","test_RTP_process_sender_DELETE","",""
"
DS_05 ACTC callback sent with the Version header must be rejected with 400.
The RTP must remain in SENT (transition to ACCEPTED must not happen).

Flow:
1. Activate payer and send an RTP → resource_id
2. Build a valid DS_05 ACTC payload referencing the RTP
3. POST to callback endpoint WITH Version header
4. Verify 400 is returned with the expected error body
5. Verify RTP status is still SENT
","1641","DS_05 ACTC callback with Version header returns 400","functional-tests.tests.callbacks","2026-08-02","passed","2026-08-02","","test_RTP_callback_with_version_header","",""
"","2521","DS_12P positive RFC v2 callback with Version header returns 400","functional-tests.tests.callbacks_v2","2026-08-02","passed","2026-08-02","","test_RTP_callback_with_version_header","",""
"
Test RFC callback DS12N with wrong certificate identity.

Flow:
1. Activate payer
2. Send an RTP via GPD message (CREATE VALID)
3. Cancel the RTP via GPD message (DELETE) → RTP to RFC_SENT
4. Send DS12N callback with assignee_bic='FAKESP01' (doesn't match certificate identity MOCKSP04)
5. Verify callback is rejected with 403 (certificate mismatch)
","1726","Unauthorized RFC callback due to wrong certificate serial","functional-tests.tests.callbacks","2026-08-02","passed","2026-08-02","","test_RTP_callback_DS_12N","",""
"MOCKSP04 owns MOCKSP01 as well as its own spId; status must reflect the activation either way.","827","An active payer returns isActive true when activated under an owned but distinct Service Provider ID","functional-tests.tests.activation","2026-08-02","passed","2026-08-02","","test_debtor_activation_payer_status","",""
"","377","Find by payer id request must contain lower case fiscal code","functional-tests.tests.activation","2026-08-02","passed","2026-08-02","","test_debtor_activation_create","",""
"UPDATE PAID with psp_tax_code=None (invalid PSP) results in RTP state RFC_SENT","1289","An UPDATE PAID message with an invalid PSP results in RFC_SENT state","functional-tests.tests.process_messages_sender","2026-08-02","passed","2026-08-02","","test_RTP_process_sender_UPDATE","",""
"Each entry in ``INVALID_PAYER_IDS`` (see dataset docstring) must be rejected with 400.","388","The activation request must contain a validly formatted fiscal code","functional-tests.tests.activation","2026-08-02","passed","2026-08-02","","test_debtor_activation_create","",""
"","817","A debtor activated with an owned but distinct Service Provider ID is deactivated","functional-tests.tests.activation","2026-08-02","passed","2026-08-02","","test_debtor_deactivation","",""
"Each entry in ``INVALID_PAYER_IDS`` must be rejected with 400.

The ``description`` parameter appears in pytest output to identify which
case failed without having to inspect the raw value.
","374","Querying activation status with an invalid payerId format returns 400","functional-tests.tests.activation","2026-08-02","passed","2026-08-02","","test_debtor_activation_payer_status","",""
"","802","Get paginated list of OPT_OUT payees consents successfully","functional-tests.tests.service_registry","2026-08-02","passed","2026-08-02","","test_get_payees_consents","",""
"","381","Retrieving activation with malformed payer id returns 400","functional-tests.tests.activation","2026-08-02","passed","2026-08-02","","test_debtor_activation_get","",""
"","2487","An RTP sent with synchronous rejection is in status REJECTED - DS-08P N - through Web API V2","functional-tests.tests.send_rtp","2026-08-02","passed","2026-08-02","","test_RTP_send_MOCK","",""
"Test the takeover flow where a user changes service provider","2995","Test Takeover Flow","functional-tests.tests.takeover","2026-08-02","passed","2026-08-02","","test_debtor_takeover","",""
