"DESCRIPTION","DURATION IN MS","NAME","PARENT SUITE","START TIME","STATUS","STOP TIME","SUB SUITE","SUITE","TEST CLASS","TEST METHOD"
"","874","A debtor with VAT number is activated and retrieved by activation id","functional-tests.tests.activation","2026-08-04","passed","2026-08-04","","test_debtor_activation_get","",""
"","449","Find by payer id request must contain lower case fiscal code","functional-tests.tests.activation","2026-08-04","passed","2026-08-04","","test_debtor_activation_create","",""
"","4576","Attempt to cancel an already cancelled RTP","bdd-tests","2026-08-04","passed","2026-08-04","RTP_Cancellation","RTP","",""
"","2614","An RTP sent with synchronous rejection is in status REJECTED - DS-08P N - through Web API V2","functional-tests.tests.send_rtp","2026-08-04","passed","2026-08-04","","test_RTP_send_MOCK","",""
"","437","A debtor service provider fails activation due to wrong service provider id","functional-tests.tests.activation","2026-08-04","passed","2026-08-04","","test_debtor_activation_list","",""
"
Test RFC callback DS12P with CNCL status.

Flow:
1. Activate payer
2. Send an RTP via GPD message (CREATE VALID)
3. Cancel the RTP via GPD message (DELETE) → RTP to RFC_SENT
4. Send DS12P callback with CxlStsId CNCL (Cancelled As Per Request)
5. Verify callback is accepted (200)
6. Verify RTP status is CANCELLED
","2357","An RFC callback DS12P CNCL is successfully received and RTP status is CANCEL","functional-tests.tests.callbacks","2026-08-04","passed","2026-08-04","","test_RTP_callback_DS_12P","",""
"Test sending an UPDATE operation message with different statuses via GPD message API after a CREATE","1466","An UPDATE message with status INVALID after CREATE","functional-tests.tests.process_messages_sender","2026-08-04","passed","2026-08-04","","test_RTP_process_sender_UPDATE","",""
"No `Sts.Conf` confirmation is present (Sts block omitted entirely), so only CANCEL_RTP is triggered and the RTP stays in RFC_SENT.","2019","Cancelling an RTP - EPC v4 mock happy path scenario: no_sts_block","functional-tests.tests.cancel_rtp","2026-08-04","passed","2026-08-04","","test_RTP_cancel_MOCK_V2","",""
"Querying activation status with an empty payerId must be rejected with 404.","740","Querying activation status with an empty payerId returns 404","functional-tests.tests.activation","2026-08-04","passed","2026-08-04","","test_debtor_activation_payer_status","",""
"","2374","RTP form is filled and submitted","ux-tests.tests","2026-08-04","passed","2026-08-04","","test_RTP_cancel_v4","",""
"Each entry in ``INVALID_PAYER_IDS`` must be rejected with 400.

The ``description`` parameter appears in pytest output to identify which
case failed without having to inspect the raw value.
","938","Querying activation status with an invalid payerId format returns 400","functional-tests.tests.activation","2026-08-04","passed","2026-08-04","","test_debtor_activation_payer_status","",""
"","7062","RTP form cancellation with reason PAID","ux-tests.tests","2026-08-04","failed","2026-08-04","","test_RTP_cancel_v3","",""
"","480","Sending to non-activated debtor returns 422 - through Web API","functional-tests.tests.send_rtp","2026-08-04","passed","2026-08-04","","test_RTP_send_MOCK","",""
"","1896","An RTP callback is received with invalid status","functional-tests.tests.callbacks","2026-08-04","passed","2026-08-04","","test_RTP_callback_DS_08","",""
"OTP bound to payer1 should not work for payer2","1333","Test Takeover Fails with OTP Bound to Different Payer","functional-tests.tests.takeover","2026-08-04","passed","2026-08-04","","test_debtor_takeover","",""
"
Verify that a debt position can be updated successfully.
","6427","Happy path: a debt position is updated in UAT environment","functional-tests.tests.gpd_availability","2026-08-04","passed","2026-08-04","","test_availability_GPD","",""
"
Test RFC callback DS12N with INVALID status, cancel via REST Web API.

Flow:
1. Activate payer
2. Send an RTP via GPD message (CREATE VALID)
3. Cancel the RTP via REST cancel endpoint with cancel_reason → RTP to RFC_SENT
4. Send DS12N callback with CxlStsId INVALID
5. Verify callback is rejected with 400
6. Verify RTP status is still RFC_SENT
","2315","An RFC callback DS12N INVALID is rejected with 400 - through Web API cancel","functional-tests.tests.callbacks","2026-08-04","passed","2026-08-04","","test_RTP_callback_DS_12N","",""
"The PSP synchronously rejects the cancellation request with 422 (per standard behaviour for the EPC 410 Gone scenario). The RTP then transitions to ERROR_CANCEL via ERROR_CANCEL_RTP.","2157","Cancelling an RTP - EPC v4 mock unhappy path scenario: epc_410","functional-tests.tests.cancel_rtp","2026-08-04","failed","2026-08-04","","test_RTP_cancel_MOCK_V2","",""
"Test sending a DELETE operation message via GPD message API after a CREATE VALID + UPDATE","2712","A DELETE message after CREATE VALID + UPDATE EXPIRED","functional-tests.tests.process_messages_sender","2026-08-04","passed","2026-08-04","","test_RTP_process_sender_DELETE","",""
"Test sending a CREATE operation message with an Italian VAT number via GPD message API","1146","A CREATE message with VAT number (Partita IVA) is successfully sent through GPD message API","functional-tests.tests.process_messages_sender","2026-08-04","passed","2026-08-04","","test_RTP_process_sender","",""
"Parametrized contract test generated from the Send API OpenAPI spec.

Schemathesis derives one test case per endpoint defined in the spec, generating
request data (path params, query params, body) that is valid according to the schema.
Each case is executed against the live API and the response is validated with
CONTRACT_CHECKS.

An additional assertion verifies that the Location header is present on 201 responses
from POST /rtps, as required by the spec.
","139405","test_send_api_contract[POST /gpd/message]","contract-tests.tests","2026-08-04","passed","2026-08-04","","test_api_send_rtp","",""
"Each entry in ``INVALID_PAYER_IDS`` must be rejected with 400.

The ``description`` parameter appears in pytest output to identify which
case failed without having to inspect the raw value.
","439","Querying activation status with an invalid payerId format returns 400","functional-tests.tests.activation","2026-08-04","passed","2026-08-04","","test_debtor_activation_payer_status","",""
"","2834","A debtor Service Provider cannot send an RTP","bdd-tests","2026-08-04","passed","2026-08-04","RTP_Sending","RTP","",""
"","953","A debtor activated with an owned but distinct Service Provider ID is retrieved by activation id","functional-tests.tests.activation","2026-08-04","passed","2026-08-04","","test_debtor_activation_get","",""
"","2604","A v2 redirect RTP callback with invalid status is rejected without affecting the RTP status","functional-tests.tests.callbacks_v2","2026-08-04","passed","2026-08-04","","test_RTP_callback_DS_05_redirect","",""
"The PSP synchronously rejects the cancellation request with 422 (per standard behaviour for the EPC 404 Not Found scenario). The RTP then transitions to ERROR_CANCEL via ERROR_CANCEL_RTP.","2469","Cancelling an RTP - EPC v4 mock unhappy path scenario: epc_404","functional-tests.tests.cancel_rtp","2026-08-04","failed","2026-08-04","","test_RTP_cancel_MOCK_V2","",""
"
Test RFC callback DS12N with non-existing service provider, cancel via REST Web API.

Flow:
1. Activate payer
2. Send an RTP via GPD message (CREATE VALID)
3. Cancel the RTP via REST cancel endpoint with cancel_reason → RTP to RFC_SENT
4. Send DS12N callback with non-existing BIC (MOCKSP99)
5. Verify callback is rejected with 400 (service provider not found)
","2487","Failed RFC callback for non existing Service Provider - DS-12N RJCR compliant - through Web API cancel","functional-tests.tests.callbacks","2026-08-04","passed","2026-08-04","","test_RTP_callback_DS_12N","",""
"","1649","An RTP sent when EPC response contains an unknown field is ignored and remains in status SENT","functional-tests.tests.send_rtp","2026-08-04","passed","2026-08-04","","test_RTP_send_MOCK","",""
"","1021","SP_ACTIVATIONS_READ_ALL can retrieve activation by Activation ID created by SP_A","functional-tests.tests.activation","2026-08-04","passed","2026-08-04","","test_RTP_activation_security","",""
"","433","Non-existent NextActivationId returns 200 with empty body","functional-tests.tests.activation","2026-08-04","passed","2026-08-04","","test_debtor_activation_list","",""
"Active payer identified by an 11-digit Partita IVA → isActive must be true.","885","An active payer with VAT number (Partita IVA) returns isActive true","functional-tests.tests.activation","2026-08-04","passed","2026-08-04","","test_debtor_activation_payer_status","",""
"
DS_05 ACTC callback sent with the Version header must be rejected with 400.
The RTP must remain in SENT (transition to ACCEPTED must not happen).

Flow:
1. Activate payer and send an RTP → resource_id
2. Build a valid DS_05 ACTC payload referencing the RTP
3. POST to callback endpoint WITH Version header
4. Verify 400 is returned with the expected error body
5. Verify RTP status is still SENT
","1916","DS_05 ACTC callback with Version header returns 400","functional-tests.tests.callbacks","2026-08-04","passed","2026-08-04","","test_RTP_callback_with_version_header","",""
"","922","A debtor is deactivated by an authenticated service provider","functional-tests.tests.activation","2026-08-04","passed","2026-08-04","","test_debtor_deactivation","",""
"Test sending a CREATE operation message with different statuses via GPD message API","884","A CREATE message with status DRAFT","functional-tests.tests.process_messages_sender","2026-08-04","passed","2026-08-04","","test_RTP_process_sender_CREATE","",""
"
Test RFC callback DS12P with INVALID status.

Flow:
1. Activate payer
2. Send an RTP via GPD message (CREATE VALID)
3. Cancel the RTP via GPD message (DELETE) → RTP to RFC_SENT
4. Send DS12P callback with CxlStsId INVALID
5. Verify callback is rejected with 400
6. Verify RTP status is still RFC_SENT
","4085","An RFC callback DS12P INVALID is rejected with 400","functional-tests.tests.callbacks","2026-08-04","passed","2026-08-04","","test_RTP_callback_DS_12P","",""
"","908","A debtor with foreign fiscal code is activated and retrieved by activation id","functional-tests.tests.activation","2026-08-04","passed","2026-08-04","","test_debtor_activation_get","",""
"","409","The service returns the mocked server error","functional-tests.tests.availability","2026-08-04","passed","2026-08-04","","test_availability_MOCK","",""
"","432","Invalid NextActivationId format returns 400","functional-tests.tests.activation","2026-08-04","passed","2026-08-04","","test_debtor_activation_list","",""
"Test the takeover flow where a user changes service provider","3400","Test Takeover Flow","functional-tests.tests.takeover","2026-08-04","passed","2026-08-04","","test_debtor_takeover","",""
"
Test v2 RFC callback DS12P with CNCL status.

Flow:
1. Activate payer
2. Send an RTP via GPD message v2 (CREATE VALID)
3. Cancel the RTP via GPD message v2 (DELETE) -> RTP to RFC_SENT
4. Send DS12P callback with CxlStsId CNCL (Cancelled As Per Request)
5. Verify callback is accepted (200)
6. Verify RTP status is CANCELLED
","3431","A v2 RFC callback DS12P CNCL is successfully received and RTP status is CANCELLED","functional-tests.tests.callbacks_v2","2026-08-04","passed","2026-08-04","","test_RTP_callback_DS_12P_positive","",""
"","550","Sending to non-activated debtor returns 422","functional-tests.tests.send_rtp","2026-08-04","passed","2026-08-04","","test_RTP_send_MOCK","",""
"
DS_04b callback sent with the Version header must be rejected with 400.
The RTP state must be unchanged.

Flow:
1. Activate payer and send an RTP → resource_id
2. Capture current RTP status
3. Build a valid DS_04b payload referencing the RTP
4. POST to callback endpoint WITH Version header
5. Verify 400 is returned with the expected error body
6. Verify RTP status is unchanged
","2253","DS_04b callback with Version header returns 400","functional-tests.tests.callbacks","2026-08-04","passed","2026-08-04","","test_RTP_callback_with_version_header","",""
"
Verify that a debt position can be deleted successfully.
","2337","Happy path: a debt position is deleted in UAT environment","functional-tests.tests.gpd_availability","2026-08-04","passed","2026-08-04","","test_availability_GPD","",""
"","439","All auth fixtures expose a valid Bearer token format","functional-tests.tests.auth","2026-08-04","passed","2026-08-04","","test_auth","",""
"Test sending an UPDATE after CREATE VALID + DELETE with different statuses","1899","An UPDATE message with status PAID after CREATE VALID and DELETE","functional-tests.tests.process_messages_sender","2026-08-04","passed","2026-08-04","","test_RTP_process_sender_UPDATE","",""
"","1835","An RTP is sent through GPD message API","functional-tests.tests.send_rtp","2026-08-04","passed","2026-08-04","","test_RTP_send_MOCK","",""
"","447","Unauthorized callback due to wrong certificate serial","functional-tests.tests.callbacks","2026-08-04","passed","2026-08-04","","test_RTP_callback_DS_04","",""
"Each entry in ``INVALID_PAYER_IDS`` (see dataset docstring) must be rejected with 400.","431","The activation request must contain a validly formatted fiscal code","functional-tests.tests.activation","2026-08-04","passed","2026-08-04","","test_debtor_activation_create","",""
"","1226","An RTP is sent to a CBI service with activated fiscal code - through Web API V2","functional-tests.tests.send_rtp","2026-08-04","failed","2026-08-04","","test_RTP_send_CBI","",""
"
Tests that sending an RTP payload with an expired date to the POSTE endpoint results in a 400 Bad Request response.

:param debtor_sp_mock_cert_key: Certificate and key tuple for mutual TLS authentication.
:type debtor_sp_mock_cert_key: Tuple[str, str]
","963","Cannot send RTP with expired date","functional-tests.tests.availability","2026-08-04","failed","2026-08-04","","test_availability_POSTE","",""
"
Payer activated under SP A.
Token with read_rtp_all can read across all Service Providers:
the admin client sub does not match SP A, yet isActive must be true.
","895","read_rtp_all role returns isActive true for a payer on any Service Provider","functional-tests.tests.activation","2026-08-04","passed","2026-08-04","","test_debtor_activation_payer_status","",""
"An EPC response containing fields not declared in the OpenAPI spec is treated as an invalid message and is NOT tolerated for accept/reject purposes (confirmed with rtp-sender-v2 maintainers, PR #26). The extra `invalid-field` property invalidates the whole response, so the CNCL confirmation is not processed and the RTP stays in RFC_SENT.","2235","Cancelling an RTP - EPC v4 mock unhappy path scenario: cncl_extra_field","functional-tests.tests.cancel_rtp","2026-08-04","passed","2026-08-04","","test_RTP_cancel_MOCK_V2","",""
"
Test v2 RFC callback DS12P with CNCL status applied twice on the same RTP.

Flow:
1. Activate payer
2. Send an RTP via GPD message v2 (CREATE VALID)
3. Cancel the RTP via GPD message v2 (DELETE) -> RTP to RFC_SENT
4. Send DS12P callback with CxlStsId CNCL (Cancelled As Per Request) -> RTP to CANCELLED
5. Send the same DS12P CNCL callback again on the already cancelled RTP
6. Verify the second callback is rejected (400) since the transition is no longer valid
7. Verify RTP status remains CANCELLED
","3334","Failed v2 RFC callback for invalid RTP transition - DS-12P positive compliant","functional-tests.tests.callbacks_v2","2026-08-04","passed","2026-08-04","","test_RTP_callback_DS_12P_positive","",""
"","2054","An RTP sent with synchronous rejection is in status REJECTED - DS-08P N","functional-tests.tests.send_rtp","2026-08-04","passed","2026-08-04","","test_RTP_send_MOCK","",""
"A valid token that carries neither read_rtp_activations nor read_rtp_all must be rejected with 403.","430","Token without read_rtp_activations or read_rtp_all role returns 403 Forbidden","functional-tests.tests.activation","2026-08-04","passed","2026-08-04","","test_debtor_activation_payer_status","",""
"Each entry in ``INVALID_PAYER_IDS`` (see dataset docstring) must be rejected with 400.","427","The activation request must contain a validly formatted fiscal code","functional-tests.tests.activation","2026-08-04","passed","2026-08-04","","test_debtor_activation_create","",""
"Same privacy rule as the cross-SP case: no explicit error, isActive is just false.","931","Get payer status returns isActive false when the token subject does not own the activation's Service Provider ID","functional-tests.tests.activation","2026-08-04","passed","2026-08-04","","test_debtor_activation_payer_status","",""
"Each entry in ``INVALID_PAYER_IDS`` (see dataset docstring) must be rejected with 400.","422","The activation request must contain a validly formatted fiscal code","functional-tests.tests.activation","2026-08-04","passed","2026-08-04","","test_debtor_activation_create","",""
"","436","Get payees consents with negative page size returns 400","functional-tests.tests.service_registry","2026-08-04","passed","2026-08-04","","test_get_payees_consents","",""
"Test sending a DELETE operation message via GPD message API after a CREATE","1363","A DELETE message after CREATE PAID","functional-tests.tests.process_messages_sender","2026-08-04","passed","2026-08-04","","test_RTP_process_sender_DELETE","",""
"","410","The service returns the mocked server error","functional-tests.tests.availability","2026-08-04","passed","2026-08-04","","test_availability_MOCK","",""
"Test sending an UPDATE after CREATE VALID + DELETE with different statuses","1900","An UPDATE message with status DRAFT after CREATE VALID and DELETE","functional-tests.tests.process_messages_sender","2026-08-04","passed","2026-08-04","","test_RTP_process_sender_UPDATE","",""
"","431","malformed rtp_id → 400 Bad Request","functional-tests.tests.get_rtp","2026-08-04","passed","2026-08-04","","test_RTP_get","",""
"","1051","An RTP sent with synchronous rejection containing extra fields results in status REJECTED - through Web API V2","functional-tests.tests.send_rtp","2026-08-04","failed","2026-08-04","","test_RTP_send_MOCK","",""
"","2910","An RTP callback is successfully received with status ACCP","functional-tests.tests.callbacks","2026-08-04","passed","2026-08-04","","test_RTP_callback_DS_08","",""
"Test sending a DELETE operation message via GPD message API after a CREATE VALID + UPDATE","1906","A DELETE message after CREATE VALID + UPDATE PUBLISHED","functional-tests.tests.process_messages_sender","2026-08-04","passed","2026-08-04","","test_RTP_process_sender_DELETE","",""
"
Test RFC callback DS12N with non-existing service provider.

Flow:
1. Activate payer
2. Send an RTP via GPD message (CREATE VALID)
3. Cancel the RTP via GPD message (DELETE) → RTP to RFC_SENT
4. Send DS12N callback with non-existing BIC (MOCKSP99)
5. Verify callback is rejected with 400 (service provider not found)
","1902","Failed RFC callback for non existing Service Provider - DS-12N RJCR compliant","functional-tests.tests.callbacks","2026-08-04","passed","2026-08-04","","test_RTP_callback_DS_12N","",""
"Test sending a CREATE operation message with an omocodia fiscal code via GPD message API","1007","A CREATE message with omocodia fiscal code is successfully sent through GPD message API","functional-tests.tests.process_messages_sender","2026-08-04","passed","2026-08-04","","test_RTP_process_sender","",""
"","997","A second service provider triggers takeover when debtor is already active on another service provider","functional-tests.tests.activation","2026-08-04","passed","2026-08-04","","test_debtor_activation_create","",""
"
Test RFC callback DS12P with non-existing service provider.

Flow:
1. Activate payer
2. Send an RTP via GPD message (CREATE VALID)
3. Cancel the RTP via GPD message (DELETE) → RTP to RFC_SENT
4. Send DS12P callback with non-existing BIC (MOCKSP99)
5. Verify callback is rejected with 400 (service provider not found)
","2469","Failed RFC callback for non existing Service Provider - DS-12P CNCL compliant","functional-tests.tests.callbacks","2026-08-04","passed","2026-08-04","","test_RTP_callback_DS_12P","",""
"Parametrized contract test generated from the Activation API OpenAPI spec.

Schemathesis derives one test case per endpoint defined in the spec, generating
request data (path params, query params, body) that is valid according to the schema.
Each case is executed against the live API and the response is validated with
CONTRACT_CHECKS.
","64977","test_activation_contract[GET /activations/payer]","contract-tests.tests","2026-08-04","passed","2026-08-04","","test_activation","",""
"
Test RFC callback DS12P with wrong certificate identity.

Flow:
1. Activate payer
2. Send an RTP via GPD message (CREATE VALID)
3. Cancel the RTP via GPD message (DELETE) → RTP to RFC_SENT
4. Send DS12P callback with assignee_bic='FAKESP01' (doesn't match certificate identity MOCKSP04)
5. Verify callback is rejected with 403 (certificate mismatch)
","1897","Unauthorized RFC callback due to wrong certificate serial","functional-tests.tests.callbacks","2026-08-04","passed","2026-08-04","","test_RTP_callback_DS_12P","",""
"","549","Get payees consents with invalid authorization returns 401","functional-tests.tests.service_registry","2026-08-04","passed","2026-08-04","","test_get_payees_consents","",""
"","1425","RTP cancellation fails with an invalid reason - V2","functional-tests.tests.cancel_rtp","2026-08-04","passed","2026-08-04","","test_RTP_cancel","",""
"Test sending a CREATE operation message with different statuses via GPD message API","894","A CREATE message with status PUBLISHED","functional-tests.tests.process_messages_sender","2026-08-04","passed","2026-08-04","","test_RTP_process_sender_CREATE","",""
"","934","Get a page of activations","functional-tests.tests.activation","2026-08-04","passed","2026-08-04","","test_debtor_activation_list","",""
"The PSP synchronously rejects the cancellation request with 422 (per standard behaviour for the EPC 406 Not Acceptable scenario). The RTP then transitions to ERROR_CANCEL via ERROR_CANCEL_RTP.","2218","Cancelling an RTP - EPC v4 mock unhappy path scenario: epc_406","functional-tests.tests.cancel_rtp","2026-08-04","failed","2026-08-04","","test_RTP_cancel_MOCK_V2","",""
"Each entry in ``INVALID_PAYER_IDS`` (see dataset docstring) must be rejected with 400.","444","The activation request must contain a validly formatted fiscal code","functional-tests.tests.activation","2026-08-04","passed","2026-08-04","","test_debtor_activation_create","",""
"Each entry in ``INVALID_PAYER_IDS`` (see dataset docstring) must be rejected with 400.","422","The activation request must contain a validly formatted fiscal code","functional-tests.tests.activation","2026-08-04","passed","2026-08-04","","test_debtor_activation_create","",""
"Each entry in ``INVALID_PAYER_IDS`` (see dataset docstring) must be rejected with 400.","851","The activation request must contain a validly formatted fiscal code","functional-tests.tests.activation","2026-08-04","passed","2026-08-04","","test_debtor_activation_create","",""
"","1949","Unauthorized callback due to wrong certificate serial","functional-tests.tests.callbacks_v2","2026-08-04","passed","2026-08-04","","test_RTP_callback_DS_08N_negative","",""
"Each entry in ``INVALID_PAYER_IDS`` (see dataset docstring) must be rejected with 400.","451","The activation request must contain a validly formatted fiscal code","functional-tests.tests.activation","2026-08-04","passed","2026-08-04","","test_debtor_activation_create","",""
"","565","Get payees consents with invalid consent value returns 400","functional-tests.tests.service_registry","2026-08-04","passed","2026-08-04","","test_get_payees_consents","",""
"","2047","An RTP is sent through CBI API","functional-tests.tests.availability","2026-08-04","failed","2026-08-04","","test_availability_CBI","",""
"","437","Retrieving activation with invalid UUID returns 400","functional-tests.tests.activation","2026-08-04","passed","2026-08-04","","test_debtor_activation_get","",""
"","748","Get paginated list of payees successfully","functional-tests.tests.service_registry","2026-08-04","passed","2026-08-04","","test_service_registry_payees_registry","",""
"","428","Invalid pagination parameters returns 400","functional-tests.tests.activation","2026-08-04","passed","2026-08-04","","test_debtor_activation_list","",""
"Each entry in ``INVALID_PAYER_IDS`` (see dataset docstring) must be rejected with 400.","442","The activation request must contain a validly formatted fiscal code","functional-tests.tests.activation","2026-08-04","failed","2026-08-04","","test_debtor_activation_create","",""
"The ownership check fails the same way whether the target spId belongs to someone else
or doesn't exist in the registry at all - NOEXIT00 is not a real Service Provider ID.","428","Activation is forbidden with the same error code for a Service Provider ID absent from the registry","functional-tests.tests.activation","2026-08-04","passed","2026-08-04","","test_debtor_activation_create","",""
"","401","Get payees with invalid authorization","functional-tests.tests.service_registry","2026-08-04","passed","2026-08-04","","test_service_registry_service_providers","",""
"","2798","An authenticated Service Provider cannot send an RTP to an unactivated debtor","bdd-tests","2026-08-04","passed","2026-08-04","RTP_Sending","RTP","",""
"","897","A debtor is activated and retrieved by activation id","functional-tests.tests.activation","2026-08-04","passed","2026-08-04","","test_debtor_activation_get","",""
"","1472","An RTP sent when EPC response omits _links is in status ACCEPTED - through Web API V2","functional-tests.tests.send_rtp","2026-08-04","passed","2026-08-04","","test_RTP_send_MOCK","",""
"Test sending an UPDATE after CREATE VALID + DELETE with different statuses","1920","An UPDATE message with status VALID after CREATE VALID and DELETE","functional-tests.tests.process_messages_sender","2026-08-04","passed","2026-08-04","","test_RTP_process_sender_UPDATE","",""
"","441","Retrieving activation without valid token returns 401","functional-tests.tests.activation","2026-08-04","passed","2026-08-04","","test_debtor_activation_get","",""
"","4209","An RTP callback is successfully received with status RJCT","functional-tests.tests.callbacks","2026-08-04","passed","2026-08-04","","test_RTP_callback_DS_08","",""
"","424","The activation request must contain a validly formatted Service Provider ID","functional-tests.tests.activation","2026-08-04","passed","2026-08-04","","test_debtor_activation_create","",""
"
Test v2 RFC callback DS12N with RJCR status applied twice on the same RTP.

Flow:
1. Activate payer
2. Send an RTP via GPD message v2 (CREATE VALID)
3. Cancel the RTP via GPD message v2 (DELETE) -> RTP to RFC_SENT
4. Send DS12N callback with CxlStsId RJCR (Rejected Cancellation Request) -> RTP to CANCELLED_REJECTED
5. Send the same DS12N RJCR callback again on the already transitioned RTP
6. Verify the second callback is rejected (400) since the transition is no longer valid
7. Verify RTP status remains CANCELLED_REJECTED
","3902","Failed v2 RFC callback for invalid RTP transition - DS-12N negative compliant","functional-tests.tests.callbacks_v2","2026-08-04","passed","2026-08-04","","test_RTP_callback_DS_12N_negative","",""
"Test sending an UPDATE operation message with different statuses via GPD message API before a CREATE","881","An UPDATE message with status PAID before CREATE","functional-tests.tests.process_messages_sender","2026-08-04","passed","2026-08-04","","test_RTP_process_sender_UPDATE_before_CREATE","",""
"Each entry in ``INVALID_PAYER_IDS`` (see dataset docstring) must be rejected with 400.","512","The activation request must contain a validly formatted fiscal code","functional-tests.tests.activation","2026-08-04","passed","2026-08-04","","test_debtor_activation_create","",""
"","425","Unauthorized callback due to wrong certificate serial","functional-tests.tests.callbacks","2026-08-04","passed","2026-08-04","","test_RTP_callback_DS_08","",""
"","1441","An RTP sent when EPC response omits _links is in status ACCEPTED","functional-tests.tests.send_rtp","2026-08-04","passed","2026-08-04","","test_RTP_send_MOCK","",""
"","2773","A v2 document RTP callback with invalid status is rejected without affecting the RTP status","functional-tests.tests.callbacks_v2","2026-08-04","passed","2026-08-04","","test_RTP_callback_DS_document_rjct","",""
"Availability probe for takeover notification mock endpoint: expects 204 No Content","413","Test Takeover Notification Endpoint","functional-tests.tests.takeover","2026-08-04","passed","2026-08-04","","test_debtor_takeover","",""
"","1543","RTP is successfully cancelled with reason MODT - V2","functional-tests.tests.cancel_rtp","2026-08-04","passed","2026-08-04","","test_RTP_cancel","",""
"Test sending an UPDATE operation message with different statuses via GPD message API before a CREATE","892","An UPDATE message with status DRAFT before CREATE","functional-tests.tests.process_messages_sender","2026-08-04","passed","2026-08-04","","test_RTP_process_sender_UPDATE_before_CREATE","",""
"Each entry in ``INVALID_PAYER_IDS`` must be rejected with 400.

The ``description`` parameter appears in pytest output to identify which
case failed without having to inspect the raw value.
","429","Querying activation status with an invalid payerId format returns 400","functional-tests.tests.activation","2026-08-04","passed","2026-08-04","","test_debtor_activation_payer_status","",""
"","3675","DS_12P positive RFC v2 callback with Version header returns 400","functional-tests.tests.callbacks_v2","2026-08-04","passed","2026-08-04","","test_RTP_callback_with_version_header","",""
"","432","A Service Provider with invalid client secret is not authenticated on Keycloak","functional-tests.tests.auth","2026-08-04","passed","2026-08-04","","test_auth","",""
"","856","Get paginated list of OPT_OUT payees consents successfully","functional-tests.tests.service_registry","2026-08-04","passed","2026-08-04","","test_get_payees_consents","",""
"","1960","RTP form is filled and submitted","ux-tests.tests","2026-08-04","passed","2026-08-04","","test_RTP_submission_v3","",""
"","5195","A debtor Service Provider successfully takes over an activation from another provider","bdd-tests","2026-08-04","passed","2026-08-04","Debtor_Activation_Takeover","RTP","",""
"
Test v2 RFC callback DS12P with wrong certificate identity.

Flow:
1. Activate payer
2. Send an RTP via GPD message v2 (CREATE VALID)
3. Cancel the RTP via GPD message v2 (DELETE) -> RTP to RFC_SENT
4. Send DS12P callback with assignee_bic='FAKESP01' (doesn't match certificate identity)
5. Verify callback is rejected with 403 (certificate mismatch)
6. Verify RTP status is still RFC_SENT
","3048","Unauthorized v2 RFC callback due to wrong certificate serial","functional-tests.tests.callbacks_v2","2026-08-04","passed","2026-08-04","","test_RTP_callback_DS_12P_positive","",""
"
Verify that a debt position can be created and published successfully.
","1085","Happy path: a debt position is created and published in DEV environment","functional-tests.tests.gpd_availability","2026-08-04","passed","2026-08-04","","test_availability_GPD","",""
"","1932","Unauthorized callback due to wrong certificate serial","functional-tests.tests.callbacks_v2","2026-08-04","passed","2026-08-04","","test_RTP_callback_DS_05_redirect","",""
"Test sending a DELETE operation message via GPD message API after a standalone UPDATE (no prior CREATE)","1318","A DELETE message after standalone UPDATE EXPIRED","functional-tests.tests.process_messages_sender","2026-08-04","passed","2026-08-04","","test_RTP_process_sender_DELETE","",""
"Test sending an UPDATE operation message with different statuses via GPD message API after a CREATE","1538","An UPDATE message with status VALID after CREATE","functional-tests.tests.process_messages_sender","2026-08-04","passed","2026-08-04","","test_RTP_process_sender_UPDATE","",""
"Active payer with omocodia fiscal code (digit substitution) → isActive must be true.","893","An active payer with omocodia fiscal code returns isActive true","functional-tests.tests.activation","2026-08-04","passed","2026-08-04","","test_debtor_activation_payer_status","",""
"Each entry in ``INVALID_PAYER_IDS`` (see dataset docstring) must be rejected with 400.","423","The activation request must contain a validly formatted fiscal code","functional-tests.tests.activation","2026-08-04","passed","2026-08-04","","test_debtor_activation_create","",""
"Takeover without a previously issued OTP should fail","884","Test Takeover Fails without Prior OTP","functional-tests.tests.takeover","2026-08-04","passed","2026-08-04","","test_debtor_takeover","",""
"Test sending a CREATE operation message via GPD message API","1031","A CREATE message is successfully sent through GPD message API","functional-tests.tests.process_messages_sender","2026-08-04","passed","2026-08-04","","test_RTP_process_sender","",""
"","889","A debtor with foreign fiscal code is activated successfully","functional-tests.tests.activation","2026-08-04","passed","2026-08-04","","test_debtor_activation_create","",""
"Test sending a DELETE operation message via GPD message API after a standalone UPDATE (no prior CREATE)","1468","A DELETE message after standalone UPDATE VALID","functional-tests.tests.process_messages_sender","2026-08-04","passed","2026-08-04","","test_RTP_process_sender_DELETE","",""
"Test sending a CREATE operation message with different statuses via GPD message API","895","A CREATE message with status PAID","functional-tests.tests.process_messages_sender","2026-08-04","passed","2026-08-04","","test_RTP_process_sender_CREATE","",""
"","442","Deactivation fails for non-existing activation","functional-tests.tests.activation","2026-08-04","passed","2026-08-04","","test_debtor_deactivation","",""
"
Tests that sending an RTP payload with an invalid amount to the POSTE endpoint results in a 400 Bad Request response.

:param debtor_sp_mock_cert_key: Certificate and key tuple for mutual TLS authentication.
:type debtor_sp_mock_cert_key: Tuple[str, str]
","860","Cannot send RTP with invalid amount","functional-tests.tests.availability","2026-08-04","passed","2026-08-04","","test_availability_POSTE","",""
"Each entry in ``INVALID_PAYER_IDS`` must be rejected with 400.

The ``description`` parameter appears in pytest output to identify which
case failed without having to inspect the raw value.
","425","Querying activation status with an invalid payerId format returns 400","functional-tests.tests.activation","2026-08-04","passed","2026-08-04","","test_debtor_activation_payer_status","",""
"Test sending an UPDATE operation message with different statuses via GPD message API before a CREATE","897","An UPDATE message with status PARTIALLY_PAID before CREATE","functional-tests.tests.process_messages_sender","2026-08-04","passed","2026-08-04","","test_RTP_process_sender_UPDATE_before_CREATE","",""
"","663","Get list of service providers successfully","functional-tests.tests.service_registry","2026-08-04","passed","2026-08-04","","test_service_registry_service_providers","",""
"","2645","Failed callback for non existing Service Provider - DS-document RJCT compliant","functional-tests.tests.callbacks_v2","2026-08-04","passed","2026-08-04","","test_RTP_callback_DS_document_rjct","",""
"
Payer activated under SP A.
- SP B (read_rtp_activations): isActive must be false - privacy rule hides cross-SP activation.
- Admin (read_rtp_all): isActive must be true - role grants visibility across all SPs.
Same payer, same endpoint, different roles → different results.
","1361","read_rtp_all role returns isActive true while read_rtp_activations returns false for the same cross-SP payer","functional-tests.tests.activation","2026-08-04","passed","2026-08-04","","test_debtor_activation_payer_status","",""
"","2674","An RTP callback is successfully received","functional-tests.tests.callbacks","2026-08-04","passed","2026-08-04","","test_RTP_callback_DS_04","",""
"
Test RFC callback DS12N with wrong certificate identity, cancel via REST Web API.

Flow:
1. Activate payer
2. Send an RTP via GPD message (CREATE VALID)
3. Cancel the RTP via REST cancel endpoint with cancel_reason → RTP to RFC_SENT
4. Send DS12N callback with assignee_bic='FAKESP01' (doesn't match certificate identity MOCKSP04)
5. Verify callback is rejected with 403 (certificate mismatch)
","2413","Unauthorized RFC callback due to wrong certificate serial - through Web API cancel","functional-tests.tests.callbacks","2026-08-04","passed","2026-08-04","","test_RTP_callback_DS_12N","",""
"","1957","An RTP sent with synchronous rejection containing extra fields results in status REJECTED","functional-tests.tests.send_rtp","2026-08-04","passed","2026-08-04","","test_RTP_send_MOCK","",""
"","1462","Cannot send RTP with expired date","functional-tests.tests.availability","2026-08-04","passed","2026-08-04","","test_availability_CBI","",""
"Authenticated but not authorized: token of SP A tries to use OTP issued for SP B","1358","Test Takeover Fails with Wrong SP Token","functional-tests.tests.takeover","2026-08-04","passed","2026-08-04","","test_debtor_takeover","",""
"","1118","Whitespaces is allowed in description and company name field","ux-tests.tests","2026-08-04","passed","2026-08-04","","test_RTP_submission_v3","",""
"","1","Successful login","bdd-tests","2026-08-04","passed","2026-08-04","RTP_Web_Sending","RTP","",""
"","997","An RTP is sent to Poste service with activated fiscal code - through Web API","functional-tests.tests.send_rtp","2026-08-04","passed","2026-08-04","","test_RTP_send_POSTE","",""
"Each entry in ``INVALID_PAYER_IDS`` must be rejected with 400.

The ``description`` parameter appears in pytest output to identify which
case failed without having to inspect the raw value.
","437","Querying activation status with an invalid payerId format returns 400","functional-tests.tests.activation","2026-08-04","passed","2026-08-04","","test_debtor_activation_payer_status","",""
"Test sending a CREATE operation message with a foreign fiscal code via GPD message API","1002","A CREATE message with foreign fiscal code is successfully sent through GPD message API","functional-tests.tests.process_messages_sender","2026-08-04","passed","2026-08-04","","test_RTP_process_sender","",""
"","433","Failed callback for non existing Service Provider - DS-04b compliant","functional-tests.tests.callbacks","2026-08-04","passed","2026-08-04","","test_RTP_callback_DS_04","",""
"","1000","SP_ACTIVATIONS_READ_ALL can retrieve activation by Fiscal Code created by SP_A","functional-tests.tests.activation","2026-08-04","passed","2026-08-04","","test_RTP_activation_security","",""
"","2812","A v2 redirect RTP callback with status ACTC is successfully received","functional-tests.tests.callbacks_v2","2026-08-04","passed","2026-08-04","","test_RTP_callback_DS_05_redirect","",""
"","3669","A debtor Service Provider activates a debtor","bdd-tests","2026-08-04","passed","2026-08-04","Debtor_Activation","RTP","",""
"","1446","RTP is successfully cancelled with reason MODT","functional-tests.tests.cancel_rtp","2026-08-04","passed","2026-08-04","","test_RTP_cancel","",""
"","407","Get payees with invalid authorization","functional-tests.tests.service_registry","2026-08-04","passed","2026-08-04","","test_service_registry_payees_registry","",""
"
Test RFC callback DS12P with wrong certificate identity, cancel via REST Web API.

Flow:
1. Activate payer
2. Send an RTP via GPD message (CREATE VALID)
3. Cancel the RTP via REST cancel endpoint with cancel_reason → RTP to RFC_SENT
4. Send DS12P callback with assignee_bic='FAKESP01' (doesn't match certificate identity MOCKSP04)
5. Verify callback is rejected with 403 (certificate mismatch)
","2227","Unauthorized RFC callback due to wrong certificate serial - through Web API cancel","functional-tests.tests.callbacks","2026-08-04","passed","2026-08-04","","test_RTP_callback_DS_12P","",""
"","553","Get payees consents with invalid date format returns 400","functional-tests.tests.service_registry","2026-08-04","passed","2026-08-04","","test_get_payees_consents","",""
"","3240","Failed callback for invalid RTP transition - DS-08P ACCP compliant","functional-tests.tests.callbacks","2026-08-04","passed","2026-08-04","","test_RTP_callback_DS_08","",""
"Test sending an UPDATE after CREATE VALID + DELETE with different statuses","1929","An UPDATE message with status EXPIRED after CREATE VALID and DELETE","functional-tests.tests.process_messages_sender","2026-08-04","passed","2026-08-04","","test_RTP_process_sender_UPDATE","",""
"","3942","Failed callback for invalid RTP transition - DS-08N compliant","functional-tests.tests.callbacks","2026-08-04","passed","2026-08-04","","test_RTP_callback_DS_08","",""
"Each entry in ``INVALID_PAYER_IDS`` must be rejected with 400.

The ``description`` parameter appears in pytest output to identify which
case failed without having to inspect the raw value.
","421","Querying activation status with an invalid payerId format returns 400","functional-tests.tests.activation","2026-08-04","passed","2026-08-04","","test_debtor_activation_payer_status","",""
"","434","missing token → 401 Unauthorized","functional-tests.tests.get_rtp","2026-08-04","passed","2026-08-04","","test_RTP_get","",""
"","454","inexistent RTP -> empty body","functional-tests.tests.get_rtp","2026-08-04","passed","2026-08-04","","test_RTP_get","",""
"","3894","An RTP is sent to a CBI service with activated fiscal code - through Web API","functional-tests.tests.send_rtp","2026-08-04","passed","2026-08-04","","test_RTP_send_CBI","",""
"","435","All auth fixtures expose a valid Bearer token format","functional-tests.tests.auth","2026-08-04","passed","2026-08-04","","test_auth","",""
"","8028","RTP form is filled and submitted","ux-tests.tests","2026-08-04","passed","2026-08-04","","test_RTP_cancel_v3","",""
"","2432","Unauthorized callback due to wrong certificate serial","functional-tests.tests.callbacks_v2","2026-08-04","passed","2026-08-04","","test_RTP_callback_DS_document_rjct","",""
"
Test RFC callback DS12N with wrong certificate identity.

Flow:
1. Activate payer
2. Send an RTP via GPD message (CREATE VALID)
3. Cancel the RTP via GPD message (DELETE) → RTP to RFC_SENT
4. Send DS12N callback with assignee_bic='FAKESP01' (doesn't match certificate identity MOCKSP04)
5. Verify callback is rejected with 403 (certificate mismatch)
","1901","Unauthorized RFC callback due to wrong certificate serial","functional-tests.tests.callbacks","2026-08-04","passed","2026-08-04","","test_RTP_callback_DS_12N","",""
"","2034","An RTP sent with synchronous acceptance is in status ACCEPTED - DS-05 ACTC","functional-tests.tests.send_rtp","2026-08-04","passed","2026-08-04","","test_RTP_send_MOCK","",""
"","2814","A v2 document RTP callback with status RJCT is successfully received","functional-tests.tests.callbacks_v2","2026-08-04","passed","2026-08-04","","test_RTP_callback_DS_document_rjct","",""
"Test sending an UPDATE operation message with different statuses via GPD message API before a CREATE","975","An UPDATE message with status VALID before CREATE","functional-tests.tests.process_messages_sender","2026-08-04","passed","2026-08-04","","test_RTP_process_sender_UPDATE_before_CREATE","",""
"","957","An RTP is sent to ICCREA service with activated fiscal code - through Web API V2","functional-tests.tests.send_rtp","2026-08-04","failed","2026-08-04","","test_RTP_send_ICCREA","",""
"","438","Get payees consents with wrong token type returns 403","functional-tests.tests.service_registry","2026-08-04","passed","2026-08-04","","test_get_payees_consents","",""
"","645","Get payees consents with negative page number returns 400","functional-tests.tests.service_registry","2026-08-04","passed","2026-08-04","","test_get_payees_consents","",""
"","3910","Attempt to cancel a non-existing RTP","bdd-tests","2026-08-04","passed","2026-08-04","RTP_Cancellation","RTP","",""
"
Verify that a debt position can be created and published successfully.
","493","Happy path: a debt position is created and published in UAT environment","functional-tests.tests.gpd_availability","2026-08-04","passed","2026-08-04","","test_availability_GPD","",""
"DS_08P ACCP callback sent twice on the same RTP (direct SENT -> USER_ACCEPTED).

The second callback must be rejected with 400 since the transition is no
longer valid once the RTP is already USER_ACCEPTED.
","3010","Failed v2 callback for invalid RTP transition - DS-08P positive compliant","functional-tests.tests.callbacks_v2","2026-08-04","passed","2026-08-04","","test_RTP_callback_DS_08P_positive","",""
"Test sending a DELETE operation message via GPD message API after a standalone UPDATE (no prior CREATE)","1338","A DELETE message after standalone UPDATE PAID","functional-tests.tests.process_messages_sender","2026-08-04","passed","2026-08-04","","test_RTP_process_sender_DELETE","",""
"DS_08N RJCT callback sent after a prior DS_05 ACTC callback.

The RTP is expected to transition from SENT to ACCEPTED, then to USER_REJECTED.
","3358","A v2 RTP callback with status RJCT after DS_05 transitions the RTP to USER_REJECTED","functional-tests.tests.callbacks_v2","2026-08-04","passed","2026-08-04","","test_RTP_callback_DS_08N_negative","",""
"
Test RFC callback DS12N with RJCR status, cancel triggered via REST Web API with explicit reason.

Flow:
1. Activate payer
2. Send an RTP via GPD message (CREATE VALID)
3. Cancel the RTP via REST cancel endpoint with cancel_reason → RTP to RFC_SENT
4. Send DS12N callback with CxlStsId RJCR (Rejected Cancellation Request)
5. Verify callback is accepted (200)
6. Verify RTP status is ERROR_CANCEL
","2884","An RFC callback DS12N RJCR is successfully received and RTP status is ERROR_CANCEL - through Web API cancel","functional-tests.tests.callbacks","2026-08-04","passed","2026-08-04","","test_RTP_callback_DS_12N","",""
"MOCKSP04 owns MOCKSP01 as well as its own spId; status must reflect the activation either way.","921","An active payer returns isActive true when activated under an owned but distinct Service Provider ID","functional-tests.tests.activation","2026-08-04","passed","2026-08-04","","test_debtor_activation_payer_status","",""
"
SP A activates the payer.
SP B queries the status → must get isActive=false to avoid disclosing
that the payer is registered under a competitor SP.
","897","A payer active on a different Service Provider returns isActive false (privacy)","functional-tests.tests.activation","2026-08-04","passed","2026-08-04","","test_debtor_activation_payer_status","",""
"Each entry in ``INVALID_PAYER_IDS`` must be rejected with 400.

The ``description`` parameter appears in pytest output to identify which
case failed without having to inspect the raw value.
","1056","Querying activation status with an invalid payerId format returns 400","functional-tests.tests.activation","2026-08-04","passed","2026-08-04","","test_debtor_activation_payer_status","",""
"","2809","A v2 RTP callback with invalid status is rejected without affecting the RTP status","functional-tests.tests.callbacks_v2","2026-08-04","passed","2026-08-04","","test_RTP_callback_DS_08P_positive","",""
"Each entry in ``INVALID_PAYER_IDS`` (see dataset docstring) must be rejected with 400.","429","The activation request must contain a validly formatted fiscal code","functional-tests.tests.activation","2026-08-04","passed","2026-08-04","","test_debtor_activation_create","",""
"Test sending a DELETE operation message via GPD message API after a CREATE VALID + UPDATE","2515","A DELETE message after CREATE VALID + UPDATE PAID","functional-tests.tests.process_messages_sender","2026-08-04","passed","2026-08-04","","test_RTP_process_sender_DELETE","",""
"","1105","An RTP is sent to Poste service with activated fiscal code","functional-tests.tests.send_rtp","2026-08-04","passed","2026-08-04","","test_RTP_send_POSTE","",""
"`Sts.Conf = ""CNCL""` triggers CANCEL_RTP -> CONFIRM_RFC -> CANCEL_RTP_ACCR, ending in CANCELLED_ACCR.","2640","Cancelling an RTP - EPC v4 mock happy path scenario: cncl_confirmed","functional-tests.tests.cancel_rtp","2026-08-04","passed","2026-08-04","","test_RTP_cancel_MOCK_V2","",""
"Each entry in ``INVALID_PAYER_IDS`` must be rejected with 400.

The ``description`` parameter appears in pytest output to identify which
case failed without having to inspect the raw value.
","436","Querying activation status with an invalid payerId format returns 400","functional-tests.tests.activation","2026-08-04","passed","2026-08-04","","test_debtor_activation_payer_status","",""
"","897","Deactivation returns 404 when the token subject does not own the activation's Service Provider ID","functional-tests.tests.activation","2026-08-04","passed","2026-08-04","","test_debtor_deactivation","",""
"No `Sts.Conf` confirmation is present (empty JSON object), so only CANCEL_RTP is triggered and the RTP stays in RFC_SENT.","2827","Cancelling an RTP - EPC v4 mock happy path scenario: empty_json_object","functional-tests.tests.cancel_rtp","2026-08-04","passed","2026-08-04","","test_RTP_cancel_MOCK_V2","",""
"","2209","An RTP sent with synchronous acceptance is in status ACCEPTED - DS-05 ACTC - through Web API V2","functional-tests.tests.send_rtp","2026-08-04","passed","2026-08-04","","test_RTP_send_MOCK","",""
"","434","All auth fixtures expose a valid Bearer token format","functional-tests.tests.auth","2026-08-04","passed","2026-08-04","","test_auth","",""
"MOCKSP04 owns MOCKSP01 as well as its own spId; activation must be allowed on either.","898","A debtor is activated using a Service Provider ID the token subject owns but does not itself represent","functional-tests.tests.activation","2026-08-04","passed","2026-08-04","","test_debtor_activation_create","",""
"","445","Retrieving non-existent activation by payer id returns 404","functional-tests.tests.activation","2026-08-04","passed","2026-08-04","","test_debtor_activation_get","",""
"","949","A debtor is activated by an authenticated service provider","functional-tests.tests.activation","2026-08-04","passed","2026-08-04","","test_debtor_activation_create","",""
"Test sending an UPDATE after CREATE VALID + DELETE with different statuses","1875","An UPDATE message with status INVALID after CREATE VALID and DELETE","functional-tests.tests.process_messages_sender","2026-08-04","passed","2026-08-04","","test_RTP_process_sender_UPDATE","",""
"","2987","Failed callback for invalid RTP transition - DS-05 ACTC compliant","functional-tests.tests.callbacks","2026-08-04","passed","2026-08-04","","test_RTP_callback_DS_05","",""
"
Verify that a debt position can be updated successfully.
","6670","Happy path: a debt position is updated in DEV environment","functional-tests.tests.gpd_availability","2026-08-04","passed","2026-08-04","","test_availability_GPD","",""
"","431","All auth fixtures expose a valid Bearer token format","functional-tests.tests.auth","2026-08-04","passed","2026-08-04","","test_auth","",""
"DS_08N RJCT callback sent directly on a SENT RTP (no prior DS_05 ACTC callback).

The RTP is expected to transition from SENT to REJECTED.
","3935","A v2 RTP callback with status RJCT is successfully received","functional-tests.tests.callbacks_v2","2026-08-04","passed","2026-08-04","","test_RTP_callback_DS_08N_negative","",""
"","1980","An RTP sent with synchronous rejection and missing _links results in status REJECTED","functional-tests.tests.send_rtp","2026-08-04","passed","2026-08-04","","test_RTP_send_MOCK","",""
"","7872","RTP form cancellation with reason PAID","ux-tests.tests","2026-08-04","failed","2026-08-04","","test_RTP_cancel_v4","",""
"
Test v2 RFC callback DS12N with wrong certificate identity.

Flow:
1. Activate payer
2. Send an RTP via GPD message v2 (CREATE VALID)
3. Cancel the RTP via GPD message v2 (DELETE) -> RTP to RFC_SENT
4. Send DS12N callback with assignee_bic='FAKESP01' (doesn't match certificate identity)
5. Verify callback is rejected with 403 (certificate mismatch)
6. Verify RTP status is still RFC_SENT
","2464","Unauthorized v2 RFC callback due to wrong certificate serial","functional-tests.tests.callbacks_v2","2026-08-04","passed","2026-08-04","","test_RTP_callback_DS_12N_negative","",""
"","440","Retrieving non-existent activation returns 404","functional-tests.tests.activation","2026-08-04","passed","2026-08-04","","test_debtor_activation_get","",""
"Test sending a DELETE operation message via GPD message API after a CREATE VALID + UPDATE","1932","A DELETE message after CREATE VALID + UPDATE DRAFT","functional-tests.tests.process_messages_sender","2026-08-04","passed","2026-08-04","","test_RTP_process_sender_DELETE","",""
"DS_08N RJCT callback sent twice on the same RTP (direct SENT -> REJECTED).

The second callback must be rejected with 400 since the transition is no
longer valid once the RTP is already REJECTED.
","3375","Failed v2 callback for invalid RTP transition - DS-08N negative compliant","functional-tests.tests.callbacks_v2","2026-08-04","passed","2026-08-04","","test_RTP_callback_DS_08N_negative","",""
"Test sending a DELETE operation message via GPD message API after a CREATE VALID + UPDATE","2570","A DELETE message after CREATE VALID + UPDATE INVALID","functional-tests.tests.process_messages_sender","2026-08-04","passed","2026-08-04","","test_RTP_process_sender_DELETE","",""
"","767","A Service Provider tries to activates a debtor without having the correct credentials","bdd-tests","2026-08-04","passed","2026-08-04","Debtor_Activation","RTP","",""
"
Test v2 RFC callback DS12P with INVALID status.

Flow:
1. Activate payer
2. Send an RTP via GPD message v2 (CREATE VALID)
3. Cancel the RTP via GPD message v2 (DELETE) -> RTP to RFC_SENT
4. Send DS12P callback with CxlStsId INVALID
5. Verify callback is rejected with 400
6. Verify RTP status is still RFC_SENT
","2881","A v2 RFC callback DS12P INVALID is rejected with 400","functional-tests.tests.callbacks_v2","2026-08-04","passed","2026-08-04","","test_RTP_callback_DS_12P_positive","",""
"Each entry in ``INVALID_PAYER_IDS`` (see dataset docstring) must be rejected with 400.","439","The activation request must contain a validly formatted fiscal code","functional-tests.tests.activation","2026-08-04","passed","2026-08-04","","test_debtor_activation_create","",""
"UPDATE VALID before any CREATE creates a new RTP; the RTP must be retrievable from the database","1425","An UPDATE VALID before CREATE creates the RTP in the database","functional-tests.tests.process_messages_sender","2026-08-04","passed","2026-08-04","","test_RTP_process_sender_UPDATE_before_CREATE","",""
"The PSP synchronously rejects the cancellation request with 422 (per standard behaviour for the EPC 400 Bad Request scenario). The RTP then transitions to ERROR_CANCEL via ERROR_CANCEL_RTP.","2126","Cancelling an RTP - EPC v4 mock unhappy path scenario: epc_400","functional-tests.tests.cancel_rtp","2026-08-04","failed","2026-08-04","","test_RTP_cancel_MOCK_V2","",""
"","434","All auth fixtures expose a valid Bearer token format","functional-tests.tests.auth","2026-08-04","passed","2026-08-04","","test_auth","",""
"Each entry in ``INVALID_PAYER_IDS`` must be rejected with 400.

The ``description`` parameter appears in pytest output to identify which
case failed without having to inspect the raw value.
","447","Querying activation status with an invalid payerId format returns 400","functional-tests.tests.activation","2026-08-04","passed","2026-08-04","","test_debtor_activation_payer_status","",""
"Each entry in ``INVALID_PAYER_IDS`` must be rejected with 400.

The ``description`` parameter appears in pytest output to identify which
case failed without having to inspect the raw value.
","439","Querying activation status with an invalid payerId format returns 400","functional-tests.tests.activation","2026-08-04","passed","2026-08-04","","test_debtor_activation_payer_status","",""
"The PSP synchronously rejects the cancellation request with 422 (per standard behaviour for the EPC 422 Unprocessable Entity scenario). The RTP then transitions to ERROR_CANCEL via ERROR_CANCEL_RTP.","3097","Cancelling an RTP - EPC v4 mock unhappy path scenario: epc_422","functional-tests.tests.cancel_rtp","2026-08-04","failed","2026-08-04","","test_RTP_cancel_MOCK_V2","",""
"","2476","Takeover fails without authentication","bdd-tests","2026-08-04","passed","2026-08-04","Debtor_Activation_Takeover","RTP","",""
"Missing or invalid Bearer token → the endpoint must return 401.","409","Querying activation status without a valid token returns 401","functional-tests.tests.activation","2026-08-04","passed","2026-08-04","","test_debtor_activation_payer_status","",""
"","907","Deactivation fails for activation by another service provider","functional-tests.tests.activation","2026-08-04","passed","2026-08-04","","test_debtor_deactivation","",""
"","1443","Failed callback for non existing Service Provider - DS-08P compliant","functional-tests.tests.callbacks","2026-08-04","passed","2026-08-04","","test_RTP_callback_DS_08","",""
"The response cannot be parsed as a cancellation confirmation (malformed, unquoted string), so the RTP stays in RFC_SENT rather than erroring out.","2014","Cancelling an RTP - EPC v4 mock unhappy path scenario: malformed_string","functional-tests.tests.cancel_rtp","2026-08-04","passed","2026-08-04","","test_RTP_cancel_MOCK_V2","",""
"FAKESP01 does not own MOCKSP01, a Service Provider ID owned by another tspId.","430","Activation is forbidden for a Service Provider ID not owned by the token subject","functional-tests.tests.activation","2026-08-04","passed","2026-08-04","","test_debtor_activation_create","",""
"
Test RFC callback DS12P with CNCL status, cancel triggered via REST Web API with explicit reason.

Flow:
1. Activate payer
2. Send an RTP via GPD message (CREATE VALID)
3. Cancel the RTP via REST cancel endpoint with cancel_reason → RTP to RFC_SENT
4. Send DS12P callback with CxlStsId CNCL (Cancelled As Per Request)
5. Verify callback is accepted (200)
6. Verify RTP status is CANCELLED
","2361","An RFC callback DS12P CNCL is successfully received and RTP status is CANCEL - through Web API cancel","functional-tests.tests.callbacks","2026-08-04","passed","2026-08-04","","test_RTP_callback_DS_12P","",""
"","1143","An RTP is sent to Poste service with activated fiscal code - through Web API V2","functional-tests.tests.send_rtp","2026-08-04","passed","2026-08-04","","test_RTP_send_POSTE","",""
"Each entry in ``INVALID_PAYER_IDS`` (see dataset docstring) must be rejected with 400.","438","The activation request must contain a validly formatted fiscal code","functional-tests.tests.activation","2026-08-04","passed","2026-08-04","","test_debtor_activation_create","",""
"","2166","RTP form is filled and submitted","ux-tests.tests","2026-08-04","passed","2026-08-04","","test_RTP_submission_v4","",""
"Test sending a DELETE operation message via GPD message API after a CREATE","1364","A DELETE message after CREATE EXPIRED","functional-tests.tests.process_messages_sender","2026-08-04","passed","2026-08-04","","test_RTP_process_sender_DELETE","",""
"MOCKSP04 owns both its own spId and MOCKSP01; redeeming an OTP scoped to MOCKSP01 must
assign MOCKSP01 to the new activation, not MOCKSP04 (the redeemer's own tspId).","2853","Test Takeover Redemption Assigns the OTP's Owned Service Provider ID","functional-tests.tests.takeover","2026-08-04","passed","2026-08-04","","test_debtor_takeover","",""
"Each entry in ``INVALID_PAYER_IDS`` (see dataset docstring) must be rejected with 400.","431","The activation request must contain a validly formatted fiscal code","functional-tests.tests.activation","2026-08-04","passed","2026-08-04","","test_debtor_activation_create","",""
"","2692","An RTP callback with invalid status is received and processed with success without affecting the RTP status","functional-tests.tests.callbacks","2026-08-04","passed","2026-08-04","","test_RTP_callback_DS_05","",""
"
Test RFC callback DS12P with INVALID status, cancel via REST Web API.

Flow:
1. Activate payer
2. Send an RTP via GPD message (CREATE VALID)
3. Cancel the RTP via REST cancel endpoint with cancel_reason → RTP to RFC_SENT
4. Send DS12P callback with CxlStsId INVALID
5. Verify callback is rejected with 400
6. Verify RTP status is still RFC_SENT
","2858","An RFC callback DS12P INVALID is rejected with 400 - through Web API cancel","functional-tests.tests.callbacks","2026-08-04","passed","2026-08-04","","test_RTP_callback_DS_12P","",""
"","914","A debtor activated with an owned but distinct Service Provider ID is deactivated","functional-tests.tests.activation","2026-08-04","passed","2026-08-04","","test_debtor_deactivation","",""
"","2033","An RTP sent with synchronous rejection and missing _links results in status REJECTED - through Web API V2","functional-tests.tests.send_rtp","2026-08-04","passed","2026-08-04","","test_RTP_send_MOCK","",""
"","2542","An RTP callback with status REJECTED is successfully received","functional-tests.tests.callbacks","2026-08-04","passed","2026-08-04","","test_RTP_callback_DS_08","",""
"","1509","An RTP sent when EPC response contains an unknown field is ignored and remains in status SENT - through Web API V2","functional-tests.tests.send_rtp","2026-08-04","passed","2026-08-04","","test_RTP_send_MOCK","",""
"Each entry in ``INVALID_PAYER_IDS`` (see dataset docstring) must be rejected with 400.","435","The activation request must contain a validly formatted fiscal code","functional-tests.tests.activation","2026-08-04","passed","2026-08-04","","test_debtor_activation_create","",""
"UPDATE PAID with psp_tax_code=None (invalid PSP) results in RTP state RFC_SENT","1455","An UPDATE PAID message with an invalid PSP results in RFC_SENT state","functional-tests.tests.process_messages_sender","2026-08-04","passed","2026-08-04","","test_RTP_process_sender_UPDATE","",""
"Test sending an UPDATE operation message with different statuses via GPD message API after a CREATE","1469","An UPDATE message with status PUBLISHED after CREATE","functional-tests.tests.process_messages_sender","2026-08-04","passed","2026-08-04","","test_RTP_process_sender_UPDATE","",""
"","84","The RTP web page is reachable","functional-tests.tests.availability","2026-08-04","passed","2026-08-04","","test_availability_RTP_webform","",""
"","1581","RTP is successfully cancelled with reason PAID - V2","functional-tests.tests.cancel_rtp","2026-08-04","passed","2026-08-04","","test_RTP_cancel","",""
"","1468","RTP is successfully retrieved","functional-tests.tests.get_rtp","2026-08-04","passed","2026-08-04","","test_RTP_get","",""
"","2275","An RTP is sent to ICCREA service with activated fiscal code","functional-tests.tests.send_rtp","2026-08-04","passed","2026-08-04","","test_RTP_send_ICCREA","",""
"
Test RFC callback DS12N with RJCR status, cancel triggered via REST Web API with explicit reason.

Flow:
1. Activate payer
2. Send an RTP via GPD message (CREATE VALID)
3. Cancel the RTP via REST cancel endpoint with cancel_reason → RTP to RFC_SENT
4. Send DS12N callback with CxlStsId RJCR (Rejected Cancellation Request)
5. Verify callback is accepted (200)
6. Verify RTP status is ERROR_CANCEL
","3584","An RFC callback DS12N RJCR is successfully received and RTP status is ERROR_CANCEL - through Web API cancel","functional-tests.tests.callbacks","2026-08-04","passed","2026-08-04","","test_RTP_callback_DS_12N","",""
"Test sending a DELETE operation message via GPD message API after a standalone UPDATE (no prior CREATE)","1332","A DELETE message after standalone UPDATE PARTIALLY_PAID","functional-tests.tests.process_messages_sender","2026-08-04","passed","2026-08-04","","test_RTP_process_sender_DELETE","",""
"","2305","An RTP callback with status ACWC is successfully received","functional-tests.tests.callbacks","2026-08-04","passed","2026-08-04","","test_RTP_callback_DS_08","",""
"
Test RFC callback DS12N with RJCR status applied twice on the same RTP.

Flow:
1. Activate payer
2. Send an RTP via GPD message (CREATE VALID)
3. Cancel the RTP via GPD message (DELETE) -> RTP to RFC_SENT
4. Send DS12N callback with CxlStsId RJCR (Rejected Cancellation Request) -> RTP to ERROR_CANCEL
5. Send the same DS12N RJCR callback again on the already transitioned RTP
6. Verify the second callback is rejected (400) since the transition is no longer valid
7. Verify RTP status remains ERROR_CANCEL
","3867","Failed RFC callback for invalid RTP transition - DS-12N RJCR compliant","functional-tests.tests.callbacks","2026-08-04","passed","2026-08-04","","test_RTP_callback_DS_12N","",""
"
Test RFC callback DS12P with non-existing service provider, cancel via REST Web API.

Flow:
1. Activate payer
2. Send an RTP via GPD message (CREATE VALID)
3. Cancel the RTP via REST cancel endpoint with cancel_reason → RTP to RFC_SENT
4. Send DS12P callback with non-existing BIC (MOCKSP99)
5. Verify callback is rejected with 400 (service provider not found)
","1896","Failed RFC callback for non existing Service Provider - DS-12P CNCL compliant - through Web API cancel","functional-tests.tests.callbacks","2026-08-04","passed","2026-08-04","","test_RTP_callback_DS_12P","",""
"","1967","Unauthorized callback due to wrong certificate serial","functional-tests.tests.callbacks_v2","2026-08-04","passed","2026-08-04","","test_RTP_callback_DS_08P_positive","",""
"Test sending an UPDATE after CREATE VALID + DELETE with different statuses","1901","An UPDATE message with status PUBLISHED after CREATE VALID and DELETE","functional-tests.tests.process_messages_sender","2026-08-04","passed","2026-08-04","","test_RTP_process_sender_UPDATE","",""
"","434","Missing Version header returns 200","functional-tests.tests.activation","2026-08-04","passed","2026-08-04","","test_debtor_activation_list","",""
"
DS_08N callback sent with the Version header must be rejected with 400.
The RTP must remain in SENT (transition to REJECTED must not happen).

Flow:
1. Activate payer and send an RTP → resource_id
2. Build a valid DS_08N payload referencing the RTP
3. POST to callback endpoint WITH Version header
4. Verify 400 is returned with the expected error body
5. Verify RTP status is still SENT
","1849","DS_08N callback with Version header returns 400","functional-tests.tests.callbacks","2026-08-04","passed","2026-08-04","","test_RTP_callback_with_version_header","",""
"
Test v2 RFC callback DS12N with INVALID status.

Flow:
1. Activate payer
2. Send an RTP via GPD message v2 (CREATE VALID)
3. Cancel the RTP via GPD message v2 (DELETE) -> RTP to RFC_SENT
4. Send DS12N callback with CxlStsId INVALID
5. Verify callback is rejected with 400
6. Verify RTP status is still RFC_SENT
","2961","A v2 RFC callback DS12N INVALID is rejected with 400","functional-tests.tests.callbacks_v2","2026-08-04","passed","2026-08-04","","test_RTP_callback_DS_12N_negative","",""
"DS_08P ACCP callback sent directly on a SENT RTP (no prior DS_05 ACTC callback).

The RTP is expected to transition straight from SENT to USER_ACCEPTED.
","3909","A v2 RTP callback with status ACCP is successfully received without a prior DS_05 callback","functional-tests.tests.callbacks_v2","2026-08-04","passed","2026-08-04","","test_RTP_callback_DS_08P_positive","",""
"Test sending a DELETE operation message via GPD message API after a CREATE","1314","A DELETE message after CREATE PUBLISHED","functional-tests.tests.process_messages_sender","2026-08-04","passed","2026-08-04","","test_RTP_process_sender_DELETE","",""
"Each entry in ``INVALID_PAYER_IDS`` must be rejected with 400.

The ``description`` parameter appears in pytest output to identify which
case failed without having to inspect the raw value.
","2160","Querying activation status with an invalid payerId format returns 400","functional-tests.tests.activation","2026-08-04","passed","2026-08-04","","test_debtor_activation_payer_status","",""
"","465","All auth fixtures expose a valid Bearer token format","functional-tests.tests.auth","2026-08-04","passed","2026-08-04","","test_auth","",""
"Test sending a DELETE operation message via GPD message API after a CREATE","1460","A DELETE message after CREATE DRAFT","functional-tests.tests.process_messages_sender","2026-08-04","passed","2026-08-04","","test_RTP_process_sender_DELETE","",""
"
Test v2 RFC callback DS12N with RJCR status.

Flow:
1. Activate payer
2. Send an RTP via GPD message v2 (CREATE VALID)
3. Cancel the RTP via GPD message v2 (DELETE) -> RTP to RFC_SENT
4. Send DS12N callback with CxlStsId RJCR (Rejected Cancellation Request)
5. Verify callback is accepted (200)
6. Verify RTP status is CANCELLED_REJECTED
","4313","A v2 RFC callback DS12N RJCR is successfully received and RTP status is CANCELLED_REJECTED","functional-tests.tests.callbacks_v2","2026-08-04","passed","2026-08-04","","test_RTP_callback_DS_12N_negative","",""
"","3294","An authenticated creditor Service Provider can send an RTP to an activated debtor","bdd-tests","2026-08-04","passed","2026-08-04","RTP_Sending","RTP","",""
"The mock policy falls back to its default `{}` response when no notice number matches, so the RTP stays in RFC_SENT.","2038","Cancelling an RTP - EPC v4 mock happy path scenario: no_match_fallback","functional-tests.tests.cancel_rtp","2026-08-04","passed","2026-08-04","","test_RTP_cancel_MOCK_V2","",""
"","1195","SP_B cannot retrieve activation by Fiscal Code created by SP_A","functional-tests.tests.activation","2026-08-04","passed","2026-08-04","","test_RTP_activation_security","",""
"Each entry in ``INVALID_PAYER_IDS`` must be rejected with 400.

The ``description`` parameter appears in pytest output to identify which
case failed without having to inspect the raw value.
","424","Querying activation status with an invalid payerId format returns 400","functional-tests.tests.activation","2026-08-04","passed","2026-08-04","","test_debtor_activation_payer_status","",""
"
Tests sending an RTP payload to the POSTE endpoint with valid data and authentication.

:param debtor_sp_mock_cert_key: Certificate and key tuple for mutual TLS authentication.
:type debtor_sp_mock_cert_key: Tuple[str, str]
","1969","An RTP is sent through POSTE API","functional-tests.tests.availability","2026-08-04","passed","2026-08-04","","test_availability_POSTE","",""
"Test sending an UPDATE operation message with different statuses via GPD message API after a CREATE","5195","An UPDATE message with status EXPIRED after CREATE","functional-tests.tests.process_messages_sender","2026-08-04","passed","2026-08-04","","test_RTP_process_sender_UPDATE","",""
"Test sending an UPDATE operation message with different statuses via GPD message API after a CREATE","1420","An UPDATE message with status PARTIALLY_PAID after CREATE","functional-tests.tests.process_messages_sender","2026-08-04","passed","2026-08-04","","test_RTP_process_sender_UPDATE","",""
"","421","A Service Provider with invalid client ID is not authenticated on Keycloak","functional-tests.tests.auth","2026-08-04","passed","2026-08-04","","test_auth","",""
"
Given a debtor is activated with the mock fiscal code that makes the debtor
service provider mock reply with a server error, when a GPD message (CREATE)
is sent via POST /gpd/message, then the rtp-sender fails to deliver the RTP
and records an ERROR_SEND_RTP event (RTP status becomes ERROR_SEND). When the
payee then queries the delivery-status endpoint with the matching noticeNumber
and payeeId, the response must be HTTP 200 with status=PD_RTP_NOT_DELIVERED
and processingDate absent or null.
","7933","RTP with ERROR_SEND_RTP event → PD_RTP_NOT_DELIVERED","functional-tests.tests.get_rtp","2026-08-04","failed","2026-08-04","","test_RTP_get_delivery_status","",""
"","1978","An RTP sent with synchronous rejection containing extra fields results in status REJECTED - through Web API","functional-tests.tests.send_rtp","2026-08-04","passed","2026-08-04","","test_RTP_send_MOCK","",""
"Each entry in ``INVALID_PAYER_IDS`` (see dataset docstring) must be rejected with 400.","621","The activation request must contain a validly formatted fiscal code","functional-tests.tests.activation","2026-08-04","passed","2026-08-04","","test_debtor_activation_create","",""
"","3690","Failed v2 redirect callback for invalid RTP transition - DS-05 ACTC compliant","functional-tests.tests.callbacks_v2","2026-08-04","passed","2026-08-04","","test_RTP_callback_DS_05_redirect","",""
"Each entry in ``INVALID_PAYER_IDS`` must be rejected with 400.

The ``description`` parameter appears in pytest output to identify which
case failed without having to inspect the raw value.
","429","Querying activation status with an invalid payerId format returns 400","functional-tests.tests.activation","2026-08-04","passed","2026-08-04","","test_debtor_activation_payer_status","",""
"","1851","An RTP callback with status ACTC is successfully received","functional-tests.tests.callbacks","2026-08-04","passed","2026-08-04","","test_RTP_callback_DS_05","",""
"","4163","Successfully cancel a Request to Pay","bdd-tests","2026-08-04","passed","2026-08-04","RTP_Cancellation","RTP","",""
"
Send the same CREATE VALID message twice.

Because send_gpd_message derives the Idempotency-Key deterministically from
the message id (msg_id), reusing the same payload reuses the same key.

Expectations:
- Both calls return HTTP 200 (idempotent, not an error).
- The resourceId in both responses is identical, proving the API returned
  the cached response and did not process the message twice.
- Querying by notice number returns exactly one RTP, confirming that only
  one record was written to the database.
","1891","Two CREATE VALID messages with the same Idempotency-Key both succeed but only one RTP is stored","functional-tests.tests.process_messages_sender","2026-08-04","passed","2026-08-04","","test_RTP_process_sender_IDEMPOTENCY","",""
"","413","Unauthorized request returns 401","functional-tests.tests.activation","2026-08-04","passed","2026-08-04","","test_debtor_activation_list","",""
"
Test RFC callback DS12N with INVALID status, cancel via REST Web API.

Flow:
1. Activate payer
2. Send an RTP via GPD message (CREATE VALID)
3. Cancel the RTP via REST cancel endpoint with cancel_reason → RTP to RFC_SENT
4. Send DS12N callback with CxlStsId INVALID
5. Verify callback is rejected with 400
6. Verify RTP status is still RFC_SENT
","2362","An RFC callback DS12N INVALID is rejected with 400 - through Web API cancel","functional-tests.tests.callbacks","2026-08-04","passed","2026-08-04","","test_RTP_callback_DS_12N","",""
"Reusing the same OTP after a successful takeover should fail","1816","Test Takeover Fails with Reused OTP","functional-tests.tests.takeover","2026-08-04","passed","2026-08-04","","test_debtor_takeover","",""
"Test that takeover fails when the service provider is unauthenticated","1302","Test Takeover Fails with Unauthenticated SP","functional-tests.tests.takeover","2026-08-04","passed","2026-08-04","","test_debtor_takeover","",""
"","435","Non-integer size returns 400","functional-tests.tests.activation","2026-08-04","passed","2026-08-04","","test_debtor_activation_list","",""
"Each entry in ``INVALID_PAYER_IDS`` must be rejected with 400.

The ``description`` parameter appears in pytest output to identify which
case failed without having to inspect the raw value.
","435","Querying activation status with an invalid payerId format returns 400","functional-tests.tests.activation","2026-08-04","passed","2026-08-04","","test_debtor_activation_payer_status","",""
"","2405","A v2 RTP callback with invalid status is rejected without affecting the RTP status","functional-tests.tests.callbacks_v2","2026-08-04","passed","2026-08-04","","test_RTP_callback_DS_08N_negative","",""
"
Test RFC callback DS12N with RJCR status.

Flow:
1. Activate payer
2. Send an RTP via GPD message (CREATE VALID)
3. Cancel the RTP via GPD message (DELETE) → RTP to RFC_SENT
4. Send DS12N callback with CxlStsId RJCR (Rejected Cancellation Request)
5. Verify callback is accepted (200)
6. Verify RTP status is ERROR_CANCEL
","3008","An RFC callback DS12N RJCR is successfully received and RTP status is ERROR_CANCEL","functional-tests.tests.callbacks","2026-08-04","passed","2026-08-04","","test_RTP_callback_DS_12N","",""
"Each entry in ``INVALID_PAYER_IDS`` must be rejected with 400.

The ``description`` parameter appears in pytest output to identify which
case failed without having to inspect the raw value.
","446","Querying activation status with an invalid payerId format returns 400","functional-tests.tests.activation","2026-08-04","failed","2026-08-04","","test_debtor_activation_payer_status","",""
"","3052","A debtor Service Provider tries to activates a debtor 2 times, failing the second attempt","bdd-tests","2026-08-04","passed","2026-08-04","Debtor_Activation","RTP","",""
"Active payer with a foreign-country fiscal code (Z + 3 digits municipality) → isActive must be true.","903","An active payer with foreign fiscal code returns isActive true","functional-tests.tests.activation","2026-08-04","passed","2026-08-04","","test_debtor_activation_payer_status","",""
"","495","Sending to non-activated debtor returns 422 - through Web API V2","functional-tests.tests.send_rtp","2026-08-04","passed","2026-08-04","","test_RTP_send_MOCK","",""
"
DS_08P ACCP callback sent with the Version header must be rejected with 400.
The RTP must remain in ACCEPTED (transition to USER_ACCEPTED must not happen).

Flow:
1. Activate payer, send RTP, advance to ACCEPTED via DS_05 (without header)
2. Build a valid DS_08P ACCP payload
3. POST WITH Version header
4. Verify 400 is returned with the expected error body
5. Verify RTP status is still ACCEPTED
","2997","DS_08P ACCP callback with Version header returns 400","functional-tests.tests.callbacks","2026-08-04","passed","2026-08-04","","test_RTP_callback_with_version_header","",""
"Each entry in ``INVALID_PAYER_IDS`` must be rejected with 400.

The ``description`` parameter appears in pytest output to identify which
case failed without having to inspect the raw value.
","455","Querying activation status with an invalid payerId format returns 400","functional-tests.tests.activation","2026-08-04","passed","2026-08-04","","test_debtor_activation_payer_status","",""
"Each entry in ``INVALID_PAYER_IDS`` must be rejected with 400.

The ``description`` parameter appears in pytest output to identify which
case failed without having to inspect the raw value.
","431","Querying activation status with an invalid payerId format returns 400","functional-tests.tests.activation","2026-08-04","passed","2026-08-04","","test_debtor_activation_payer_status","",""
"An EPC response containing fields not declared in the OpenAPI spec is treated as an invalid message and is NOT tolerated for accept/reject purposes (confirmed with rtp-sender-v2 maintainers, PR #26). The extra `invalid-field` property invalidates the whole response, so the RJCR confirmation is not processed and the RTP stays in RFC_SENT.","2674","Cancelling an RTP - EPC v4 mock unhappy path scenario: rjcr_extra_field","functional-tests.tests.cancel_rtp","2026-08-04","passed","2026-08-04","","test_RTP_cancel_MOCK_V2","",""
"","3377","Failed v2 document callback for invalid RTP transition - DS-document RJCT compliant","functional-tests.tests.callbacks_v2","2026-08-04","passed","2026-08-04","","test_RTP_callback_DS_document_rjct","",""
"","2852","A v2 RTP callback with status ACCP is successfully received","functional-tests.tests.callbacks_v2","2026-08-04","passed","2026-08-04","","test_RTP_callback_DS_08P_positive","",""
"
DS_12P CNCL RFC callback sent with the Version header must be rejected with 400.
The RTP must remain in RFC_SENT (transition to CANCELLED must not happen).

Flow:
1. Activate payer, send RTP, trigger cancel via GPD DELETE → RFC_SENT
2. Build a valid DS_12P CNCL payload
3. POST to RFC callback endpoint WITH Version header
4. Verify 400 is returned with the expected error body
5. Verify RTP status is still RFC_SENT
","2319","DS_12P CNCL RFC callback with Version header returns 400","functional-tests.tests.callbacks","2026-08-04","passed","2026-08-04","","test_RTP_callback_with_version_header","",""
"","974","An RTP is sent through API - through Web API","functional-tests.tests.send_rtp","2026-08-04","passed","2026-08-04","","test_RTP_send_MOCK","",""
"","973","An RTP is sent to a CBI service with activated fiscal code","functional-tests.tests.send_rtp","2026-08-04","passed","2026-08-04","","test_RTP_send_CBI","",""
"
Test RFC callback DS12P with CNCL status applied twice on the same RTP.

Flow:
1. Activate payer
2. Send an RTP via GPD message (CREATE VALID)
3. Cancel the RTP via GPD message (DELETE) -> RTP to RFC_SENT
4. Send DS12P callback with CxlStsId CNCL (Cancelled As Per Request) -> RTP to CANCELLED
5. Send the same DS12P CNCL callback again on the already cancelled RTP
6. Verify the second callback is rejected (400) since the transition is no longer valid
7. Verify RTP status remains CANCELLED
","4266","Failed RFC callback for invalid RTP transition - DS-12P CNCL compliant","functional-tests.tests.callbacks","2026-08-04","passed","2026-08-04","","test_RTP_callback_DS_12P","",""
"
Test v2 RFC callback DS12P with non-existing service provider.

Flow:
1. Activate payer
2. Send an RTP via GPD message v2 (CREATE VALID)
3. Cancel the RTP via GPD message v2 (DELETE) -> RTP to RFC_SENT
4. Send DS12P callback with non-existing BIC (MOCKSP99)
5. Verify callback is rejected with 400 (service provider not found)
6. Verify RTP status is still RFC_SENT
","2810","Failed v2 RFC callback for non existing Service Provider - DS-12P positive compliant","functional-tests.tests.callbacks_v2","2026-08-04","passed","2026-08-04","","test_RTP_callback_DS_12P_positive","",""
"Test sending a DELETE operation message via GPD message API after a CREATE VALID + UPDATE","1920","A DELETE message after CREATE VALID + UPDATE PARTIALLY_PAID","functional-tests.tests.process_messages_sender","2026-08-04","passed","2026-08-04","","test_RTP_process_sender_DELETE","",""
"The PSP synchronously rejects the cancellation request with 422 (per standard behaviour for the EPC 415 Unsupported Media Type scenario). The RTP then transitions to ERROR_CANCEL via ERROR_CANCEL_RTP.","2149","Cancelling an RTP - EPC v4 mock unhappy path scenario: epc_415","functional-tests.tests.cancel_rtp","2026-08-04","failed","2026-08-04","","test_RTP_cancel_MOCK_V2","",""
"","1932","Failed callback for non existing Service Provider - DS-05 redirect compliant","functional-tests.tests.callbacks_v2","2026-08-04","passed","2026-08-04","","test_RTP_callback_DS_05_redirect","",""
"
DS_12N RJCR RFC callback sent with the Version header must be rejected with 400.
The RTP must remain in RFC_SENT (transition to ERROR_CANCEL must not happen).

Flow:
1. Activate payer, send RTP, trigger cancel via GPD DELETE → RFC_SENT
2. Build a valid DS_12N RJCR payload
3. POST to RFC callback endpoint WITH Version header
4. Verify 400 is returned with the expected error body
5. Verify RTP status is still RFC_SENT
","3373","DS_12N RJCR RFC callback with Version header returns 400","functional-tests.tests.callbacks","2026-08-04","passed","2026-08-04","","test_RTP_callback_with_version_header","",""
"
Tests the retrieval of an access token from the POSTE authentication endpoint using client credentials and mutual TLS.

:param debtor_sp_mock_cert_key: Certificate and key tuple for mutual TLS authentication.
:type debtor_sp_mock_cert_key: Tuple[str, str]
","364","Auth endpoint returns valid token","functional-tests.tests.availability","2026-08-04","passed","2026-08-04","","test_availability_POSTE","",""
"","3783","Failed callback for invalid RTP transition - DS-08P RJCT compliant","functional-tests.tests.callbacks","2026-08-04","passed","2026-08-04","","test_RTP_callback_DS_08","",""
"","3130","Takeover fails with invalid OTP","bdd-tests","2026-08-04","passed","2026-08-04","Debtor_Activation_Takeover","RTP","",""
"
Test RFC callback DS12N with INVALID status.

Flow:
1. Activate payer
2. Send an RTP via GPD message (CREATE VALID)
3. Cancel the RTP via GPD message (DELETE) → RTP to RFC_SENT
4. Send DS12N callback with CxlStsId INVALID
5. Verify callback is rejected with 400
6. Verify RTP status is still RFC_SENT
","2369","An RFC callback DS12N INVALID is rejected with 400","functional-tests.tests.callbacks","2026-08-04","passed","2026-08-04","","test_RTP_callback_DS_12N","",""
"","2317","DS_document RJCT v2 callback with Version header returns 400","functional-tests.tests.callbacks_v2","2026-08-04","passed","2026-08-04","","test_RTP_callback_with_version_header","",""
"
Verify that a debt position can be deleted successfully.
","3065","Happy path: a debt position is deleted in DEV environment","functional-tests.tests.gpd_availability","2026-08-04","passed","2026-08-04","","test_availability_GPD","",""
"Test sending a DELETE operation message via GPD message API after a CREATE","1340","A DELETE message after CREATE PARTIALLY_PAID","functional-tests.tests.process_messages_sender","2026-08-04","passed","2026-08-04","","test_RTP_process_sender_DELETE","",""
"Each entry in ``INVALID_PAYER_IDS`` (see dataset docstring) must be rejected with 400.","430","The activation request must contain a validly formatted fiscal code","functional-tests.tests.activation","2026-08-04","passed","2026-08-04","","test_debtor_activation_create","",""
"Test that takeover fails when an invalid OTP is provided","1451","Test Takeover Fails with Invalid OTP","functional-tests.tests.takeover","2026-08-04","passed","2026-08-04","","test_debtor_takeover","",""
"Test sending an UPDATE operation message with different statuses via GPD message API before a CREATE","883","An UPDATE message with status PUBLISHED before CREATE","functional-tests.tests.process_messages_sender","2026-08-04","passed","2026-08-04","","test_RTP_process_sender_UPDATE_before_CREATE","",""
"Each entry in ``INVALID_PAYER_IDS`` (see dataset docstring) must be rejected with 400.","427","The activation request must contain a validly formatted fiscal code","functional-tests.tests.activation","2026-08-04","passed","2026-08-04","","test_debtor_activation_create","",""
"Test sending a CREATE operation message with different statuses via GPD message API","904","A CREATE message with status EXPIRED","functional-tests.tests.process_messages_sender","2026-08-04","passed","2026-08-04","","test_RTP_process_sender_CREATE","",""
"","2890","DS_12N negative RFC v2 callback with Version header returns 400","functional-tests.tests.callbacks_v2","2026-08-04","passed","2026-08-04","","test_RTP_callback_with_version_header","",""
"
Test RFC callback DS12P with INVALID status, cancel via REST Web API.

Flow:
1. Activate payer
2. Send an RTP via GPD message (CREATE VALID)
3. Cancel the RTP via REST cancel endpoint with cancel_reason → RTP to RFC_SENT
4. Send DS12P callback with CxlStsId INVALID
5. Verify callback is rejected with 400
6. Verify RTP status is still RFC_SENT
","2335","An RFC callback DS12P INVALID is rejected with 400 - through Web API cancel","functional-tests.tests.callbacks","2026-08-04","passed","2026-08-04","","test_RTP_callback_DS_12P","",""
"","7619","RTP form cancellation with reason MODT","ux-tests.tests","2026-08-04","failed","2026-08-04","","test_RTP_cancel_v3","",""
"Test sending a DELETE operation message via GPD message API after a CREATE VALID + UPDATE","2025","A DELETE message after CREATE VALID + UPDATE VALID","functional-tests.tests.process_messages_sender","2026-08-04","passed","2026-08-04","","test_RTP_process_sender_DELETE","",""
"","1987","An RTP sent with synchronous rejection is in status REJECTED - DS-08P N - through Web API","functional-tests.tests.send_rtp","2026-08-04","passed","2026-08-04","","test_RTP_send_MOCK","",""
"Each entry in ``INVALID_PAYER_IDS`` (see dataset docstring) must be rejected with 400.","460","The activation request must contain a validly formatted fiscal code","functional-tests.tests.activation","2026-08-04","passed","2026-08-04","","test_debtor_activation_create","",""
"Each entry in ``INVALID_PAYER_IDS`` must be rejected with 400.

The ``description`` parameter appears in pytest output to identify which
case failed without having to inspect the raw value.
","437","Querying activation status with an invalid payerId format returns 400","functional-tests.tests.activation","2026-08-04","passed","2026-08-04","","test_debtor_activation_payer_status","",""
"","880","A debtor activated with an owned but distinct Service Provider ID is retrieved by payer id","functional-tests.tests.activation","2026-08-04","passed","2026-08-04","","test_debtor_activation_get","",""
"","433","All auth fixtures expose a valid Bearer token format","functional-tests.tests.auth","2026-08-04","passed","2026-08-04","","test_auth","",""
"Test sending a DELETE operation message via GPD message API after a CREATE","1318","A DELETE message after CREATE INVALID","functional-tests.tests.process_messages_sender","2026-08-04","passed","2026-08-04","","test_RTP_process_sender_DELETE","",""
"
Given a noticeNumber that does not correspond to any RTP in the database,
when the payee queries the delivery-status endpoint,
then the response must be HTTP 200 with status=PD_RTP_NOT_DELIVERED and
processingDate absent or null.
","452","Non-existent noticeNumber → PD_RTP_NOT_DELIVERED","functional-tests.tests.get_rtp","2026-08-04","passed","2026-08-04","","test_RTP_get_delivery_status","",""
"","1136","A debtor with omocodia fiscal code is activated successfully","functional-tests.tests.activation","2026-08-04","passed","2026-08-04","","test_debtor_activation_create","",""
"
Given a debtor is activated and a GPD message (CREATE) is sent via POST /gpd/message,
when the rtp-sender processes it and the RTP reaches status SENT,
when the payee queries the delivery-status endpoint with the correct noticeNumber
(nav) and payeeId (ec_tax_code),
then the response body must contain status=PD_RTP_DELIVERED, a non-null processingDate
in ISO 8601 format, and processingDate must match the SEND_RTP event timestamp from
the GPD message response (truncated to millisecond precision).
","7017","GPD message sent → RTP SENT → PD_RTP_DELIVERED with processingDate","functional-tests.tests.get_rtp","2026-08-04","failed","2026-08-04","","test_RTP_get_delivery_status","",""
"","2383","DS_05 redirect v2 callback with Version header returns 400","functional-tests.tests.callbacks_v2","2026-08-04","passed","2026-08-04","","test_RTP_callback_with_version_header","",""
"Test sending a CREATE operation message with different statuses via GPD message API","1045","A CREATE message with status PARTIALLY_PAID","functional-tests.tests.process_messages_sender","2026-08-04","passed","2026-08-04","","test_RTP_process_sender_CREATE","",""
"","1524","A debtor with VAT number (Partita IVA) is activated successfully","functional-tests.tests.activation","2026-08-04","passed","2026-08-04","","test_debtor_activation_create","",""
"","1844","An RTP is sent through API - through Web API V2","functional-tests.tests.send_rtp","2026-08-04","passed","2026-08-04","","test_RTP_send_MOCK","",""
"The PSP synchronously rejects the cancellation request with 422 (per standard behaviour for the EPC 429 Too Many Requests scenario). The RTP then transitions to ERROR_CANCEL via ERROR_CANCEL_RTP.","9829","Cancelling an RTP - EPC v4 mock unhappy path scenario: epc_429","functional-tests.tests.cancel_rtp","2026-08-04","failed","2026-08-04","","test_RTP_cancel_MOCK_V2","",""
"","3129","An authenticated Service Provider cannot send an RTP to an activated debtor","bdd-tests","2026-08-04","passed","2026-08-04","RTP_Sending","RTP","",""
"
Test RFC callback DS12N with wrong certificate identity, cancel via REST Web API.

Flow:
1. Activate payer
2. Send an RTP via GPD message (CREATE VALID)
3. Cancel the RTP via REST cancel endpoint with cancel_reason → RTP to RFC_SENT
4. Send DS12N callback with assignee_bic='FAKESP01' (doesn't match certificate identity MOCKSP04)
5. Verify callback is rejected with 403 (certificate mismatch)
","1922","Unauthorized RFC callback due to wrong certificate serial - through Web API cancel","functional-tests.tests.callbacks","2026-08-04","passed","2026-08-04","","test_RTP_callback_DS_12N","",""
"","441","RTP cancellation fails if resource ID does not exist","functional-tests.tests.cancel_rtp","2026-08-04","passed","2026-08-04","","test_RTP_cancel","",""
"Payer activated under SP A queried by SP A → isActive must be true.","892","An active payer returns isActive true for the same Service Provider","functional-tests.tests.activation","2026-08-04","passed","2026-08-04","","test_debtor_activation_payer_status","",""
"The response body is not a recognizable cancellation confirmation (quoted plain string), so the RTP stays in RFC_SENT.","2025","Cancelling an RTP - EPC v4 mock happy path scenario: plain_string","functional-tests.tests.cancel_rtp","2026-08-04","passed","2026-08-04","","test_RTP_cancel_MOCK_V2","",""
"","1882","An RTP callback is received with invalid status","functional-tests.tests.callbacks","2026-08-04","passed","2026-08-04","","test_RTP_callback_DS_08","",""
"Test sending an UPDATE operation message with different statuses via GPD message API before a CREATE","884","An UPDATE message with status EXPIRED before CREATE","functional-tests.tests.process_messages_sender","2026-08-04","passed","2026-08-04","","test_RTP_process_sender_UPDATE_before_CREATE","",""
"","3156","DS_08N negative v2 callback with Version header returns 400","functional-tests.tests.callbacks_v2","2026-08-04","passed","2026-08-04","","test_RTP_callback_with_version_header","",""
"","882","A debtor with omocodia fiscal code is activated and retrieved by activation id","functional-tests.tests.activation","2026-08-04","passed","2026-08-04","","test_debtor_activation_get","",""
"Test sending a DELETE operation message via GPD message API after a standalone UPDATE (no prior CREATE)","1451","A DELETE message after standalone UPDATE INVALID","functional-tests.tests.process_messages_sender","2026-08-04","passed","2026-08-04","","test_RTP_process_sender_DELETE","",""
"","891","Get by activation id returns 404 when the token subject does not own the activation's Service Provider ID","functional-tests.tests.activation","2026-08-04","passed","2026-08-04","","test_debtor_activation_get","",""
"","437","Get payees consents with extreme page size returns 400","functional-tests.tests.service_registry","2026-08-04","passed","2026-08-04","","test_get_payees_consents","",""
"Test sending a DELETE operation message via GPD message API after a standalone UPDATE (no prior CREATE)","1361","A DELETE message after standalone UPDATE DRAFT","functional-tests.tests.process_messages_sender","2026-08-04","passed","2026-08-04","","test_RTP_process_sender_DELETE","",""
"","1460","An RTP is sent through ICCREA API","functional-tests.tests.availability","2026-08-04","passed","2026-08-04","","test_availability_ICCREA","",""
"Test sending an UPDATE operation message with different statuses via GPD message API before a CREATE","908","An UPDATE message with status INVALID before CREATE","functional-tests.tests.process_messages_sender","2026-08-04","passed","2026-08-04","","test_RTP_process_sender_UPDATE_before_CREATE","",""
"
Test RFC callback DS12P with CNCL status, cancel triggered via REST Web API with explicit reason.

Flow:
1. Activate payer
2. Send an RTP via GPD message (CREATE VALID)
3. Cancel the RTP via REST cancel endpoint with cancel_reason → RTP to RFC_SENT
4. Send DS12P callback with CxlStsId CNCL (Cancelled As Per Request)
5. Verify callback is accepted (200)
6. Verify RTP status is CANCELLED
","2339","An RFC callback DS12P CNCL is successfully received and RTP status is CANCEL - through Web API cancel","functional-tests.tests.callbacks","2026-08-04","passed","2026-08-04","","test_RTP_callback_DS_12P","",""
"Each entry in ``INVALID_PAYER_IDS`` must be rejected with 400.

The ``description`` parameter appears in pytest output to identify which
case failed without having to inspect the raw value.
","436","Querying activation status with an invalid payerId format returns 400","functional-tests.tests.activation","2026-08-04","passed","2026-08-04","","test_debtor_activation_payer_status","",""
"","2323","Failed callback for non compliant DS-04b payload","functional-tests.tests.callbacks","2026-08-04","passed","2026-08-04","","test_RTP_callback_DS_04","",""
"Payer activated then deactivated by SP A → isActive must be false.","1377","A deactivated payer returns isActive false","functional-tests.tests.activation","2026-08-04","passed","2026-08-04","","test_debtor_activation_payer_status","",""
"","2309","DS_08P positive v2 callback with Version header returns 400","functional-tests.tests.callbacks_v2","2026-08-04","passed","2026-08-04","","test_RTP_callback_with_version_header","",""
"
Given an RTP is sent successfully (status SENT) for a given noticeNumber + payeeId,
when the payee queries the delivery-status endpoint with the correct noticeNumber
but a different payeeId,
then the response must be HTTP 200 with status=PD_RTP_NOT_DELIVERED, verifying
that the endpoint filters on both fields.
","6418","Existing noticeNumber with wrong payeeId → PD_RTP_NOT_DELIVERED","functional-tests.tests.get_rtp","2026-08-04","passed","2026-08-04","","test_RTP_get_delivery_status","",""
"","2203","RTP is successfully cancelled with reason PAID","functional-tests.tests.cancel_rtp","2026-08-04","passed","2026-08-04","","test_RTP_cancel","",""
"Takeover with syntactically valid but nonsensical body should fail","1361","Test Takeover Fails with Nonsensical Body","functional-tests.tests.takeover","2026-08-04","passed","2026-08-04","","test_debtor_takeover","",""
"Test sending an UPDATE operation message with different statuses via GPD message API after a CREATE","2010","An UPDATE message with status PAID after CREATE","functional-tests.tests.process_messages_sender","2026-08-04","passed","2026-08-04","","test_RTP_process_sender_UPDATE","",""
"Test sending a CREATE operation message with different statuses via GPD message API","1012","A CREATE message with status VALID","functional-tests.tests.process_messages_sender","2026-08-04","passed","2026-08-04","","test_RTP_process_sender_CREATE","",""
"Each entry in ``INVALID_PAYER_IDS`` must be rejected with 400.

The ``description`` parameter appears in pytest output to identify which
case failed without having to inspect the raw value.
","587","Querying activation status with an invalid payerId format returns 400","functional-tests.tests.activation","2026-08-04","passed","2026-08-04","","test_debtor_activation_payer_status","",""
"","423","Invalid pagination parameters returns 400","functional-tests.tests.activation","2026-08-04","passed","2026-08-04","","test_debtor_activation_list","",""
"","2295","Failed callback for non existing Service Provider - DS-08N negative compliant","functional-tests.tests.callbacks_v2","2026-08-04","passed","2026-08-04","","test_RTP_callback_DS_08N_negative","",""
"The PSP synchronously rejects the cancellation request with 422 (per standard behaviour for the EPC 401 Unauthorized scenario). The RTP then transitions to ERROR_CANCEL via ERROR_CANCEL_RTP.","2138","Cancelling an RTP - EPC v4 mock unhappy path scenario: epc_401","functional-tests.tests.cancel_rtp","2026-08-04","failed","2026-08-04","","test_RTP_cancel_MOCK_V2","",""
"","1479","An RTP sent with synchronous acceptance is in status ACCEPTED - DS-05 ACTC - through Web API","functional-tests.tests.send_rtp","2026-08-04","passed","2026-08-04","","test_RTP_send_MOCK","",""
"","1058","Auth endpoint returns valid token","functional-tests.tests.availability","2026-08-04","passed","2026-08-04","","test_availability_CBI","",""
"
Tests that sending an RTP payload with an amount over the POSTE limit results in a 400 Bad Request response.

:param debtor_sp_mock_cert_key: Certificate and key tuple for mutual TLS authentication.
:type debtor_sp_mock_cert_key: Tuple[str, str]
","838","Cannot send RTP with an amount over the POSTE limit","functional-tests.tests.availability","2026-08-04","failed","2026-08-04","","test_availability_POSTE","",""
"CREATE VALID with an ec_tax_code that does not exist in GPD returns 422 Payee not found","910","A CREATE VALID message with a non-existent ec_tax_code is rejected","functional-tests.tests.process_messages_sender","2026-08-04","passed","2026-08-04","","test_RTP_process_sender_CREATE","",""
"","2370","An RTP is sent to ICCREA service with activated fiscal code - through Web API","functional-tests.tests.send_rtp","2026-08-04","failed","2026-08-04","","test_RTP_send_ICCREA","",""
"MOCKSP04 owns MOCKSP01 and triggers the OTP; FAKESP01, which owns neither, must be rejected
with an explicit ownership error, not merely a generic 403.","1349","Test Takeover Fails when Redeemer Does Not Own the OTP's Service Provider ID","functional-tests.tests.takeover","2026-08-04","passed","2026-08-04","","test_debtor_takeover","",""
"","1028","SP_B cannot retrieve activation by Activation ID created by SP_A","functional-tests.tests.activation","2026-08-04","passed","2026-08-04","","test_RTP_activation_security","",""
"","435","RTP cancellation fails if resource ID does not exist - V2","functional-tests.tests.cancel_rtp","2026-08-04","passed","2026-08-04","","test_RTP_cancel","",""
"Each entry in ``INVALID_PAYER_IDS`` (see dataset docstring) must be rejected with 400.","750","The activation request must contain a validly formatted fiscal code","functional-tests.tests.activation","2026-08-04","passed","2026-08-04","","test_debtor_activation_create","",""
"","438","Retrieving activation with malformed payer id returns 400","functional-tests.tests.activation","2026-08-04","passed","2026-08-04","","test_debtor_activation_get","",""
"
Test RFC callback DS12P with non-existing service provider, cancel via REST Web API.

Flow:
1. Activate payer
2. Send an RTP via GPD message (CREATE VALID)
3. Cancel the RTP via REST cancel endpoint with cancel_reason → RTP to RFC_SENT
4. Send DS12P callback with non-existing BIC (MOCKSP99)
5. Verify callback is rejected with 400 (service provider not found)
","2460","Failed RFC callback for non existing Service Provider - DS-12P CNCL compliant - through Web API cancel","functional-tests.tests.callbacks","2026-08-04","passed","2026-08-04","","test_RTP_callback_DS_12P","",""
"Test sending an UPDATE after CREATE VALID + DELETE with different statuses","1887","An UPDATE message with status PARTIALLY_PAID after CREATE VALID and DELETE","functional-tests.tests.process_messages_sender","2026-08-04","passed","2026-08-04","","test_RTP_process_sender_UPDATE","",""
"Empty OTP should be rejected","470","Test Takeover Fails with Empty OTP","functional-tests.tests.takeover","2026-08-04","passed","2026-08-04","","test_debtor_takeover","",""
"Each entry in ``INVALID_PAYER_IDS`` (see dataset docstring) must be rejected with 400.","440","The activation request must contain a validly formatted fiscal code","functional-tests.tests.activation","2026-08-04","passed","2026-08-04","","test_debtor_activation_create","",""
"Each entry in ``INVALID_PAYER_IDS`` must be rejected with 400.

The ``description`` parameter appears in pytest output to identify which
case failed without having to inspect the raw value.
","450","Querying activation status with an invalid payerId format returns 400","functional-tests.tests.activation","2026-08-04","passed","2026-08-04","","test_debtor_activation_payer_status","",""
"","31287","RTP form cancellation with reason MODT","ux-tests.tests","2026-08-04","broken","2026-08-04","","test_RTP_cancel_v4","",""
"","1113","Whitespaces is allowed in description and company name field","ux-tests.tests","2026-08-04","passed","2026-08-04","","test_RTP_submission_v4","",""
"`Sts.Conf = ""RJCR""` triggers CANCEL_RTP -> CONFIRM_RFC -> CANCEL_RTP_REJECTED, ending in CANCELLED_REJECTED.","2576","Cancelling an RTP - EPC v4 mock happy path scenario: rjcr_rejected","functional-tests.tests.cancel_rtp","2026-08-04","passed","2026-08-04","","test_RTP_cancel_MOCK_V2","",""
"Test sending a DELETE operation message via GPD message API after a CREATE","1457","A DELETE message after CREATE VALID","functional-tests.tests.process_messages_sender","2026-08-04","passed","2026-08-04","","test_RTP_process_sender_DELETE","",""
"
Test RFC callback DS12N with non-existing service provider, cancel via REST Web API.

Flow:
1. Activate payer
2. Send an RTP via GPD message (CREATE VALID)
3. Cancel the RTP via REST cancel endpoint with cancel_reason → RTP to RFC_SENT
4. Send DS12N callback with non-existing BIC (MOCKSP99)
5. Verify callback is rejected with 400 (service provider not found)
","1947","Failed RFC callback for non existing Service Provider - DS-12N RJCR compliant - through Web API cancel","functional-tests.tests.callbacks","2026-08-04","passed","2026-08-04","","test_RTP_callback_DS_12N","",""
"","904","Sending a GPD message with null operation returns 400","functional-tests.tests.send_rtp","2026-08-04","passed","2026-08-04","","test_RTP_send_MOCK","",""
"","437","The activation request must contain a Service Provider ID of valid length","functional-tests.tests.activation","2026-08-04","passed","2026-08-04","","test_debtor_activation_create","",""
"Payer that has never been activated → isActive must be false.","442","test_get_activation_status_not_active_payer","functional-tests.tests.activation","2026-08-04","passed","2026-08-04","","test_debtor_activation_payer_status","",""
"
Test v2 RFC callback DS12N with non-existing service provider.

Flow:
1. Activate payer
2. Send an RTP via GPD message v2 (CREATE VALID)
3. Cancel the RTP via GPD message v2 (DELETE) -> RTP to RFC_SENT
4. Send DS12N callback with non-existing BIC (MOCKSP99)
5. Verify callback is rejected with 400 (service provider not found)
6. Verify RTP status is still RFC_SENT
","2508","Failed v2 RFC callback for non existing Service Provider - DS-12N negative compliant","functional-tests.tests.callbacks_v2","2026-08-04","passed","2026-08-04","","test_RTP_callback_DS_12N_negative","",""
"Test sending an UPDATE operation message with different statuses via GPD message API after a CREATE","3043","An UPDATE message with status DRAFT after CREATE","functional-tests.tests.process_messages_sender","2026-08-04","passed","2026-08-04","","test_RTP_process_sender_UPDATE","",""
"","1428","An RTP sent when EPC response omits _links is in status ACCEPTED - through Web API","functional-tests.tests.send_rtp","2026-08-04","passed","2026-08-04","","test_RTP_send_MOCK","",""
"","2174","Failed callback for non existing Service Provider - DS-08P positive compliant","functional-tests.tests.callbacks_v2","2026-08-04","passed","2026-08-04","","test_RTP_callback_DS_08P_positive","",""
"","0","A Service Provider is authenticated","functional-tests.tests.auth","2026-08-04","passed","2026-08-04","","test_auth","",""
"","1416","RTP cancellation fails with an invalid reason","functional-tests.tests.cancel_rtp","2026-08-04","passed","2026-08-04","","test_RTP_cancel","",""
"No `Sts.Conf` confirmation is present (minimal JSON without Sts), so only CANCEL_RTP is triggered and the RTP stays in RFC_SENT.","2039","Cancelling an RTP - EPC v4 mock happy path scenario: minimal_json","functional-tests.tests.cancel_rtp","2026-08-04","passed","2026-08-04","","test_RTP_cancel_MOCK_V2","",""
"","1554","Cannot send RTP with invalid amount","functional-tests.tests.availability","2026-08-04","passed","2026-08-04","","test_availability_CBI","",""
"","1400","An RTP sent when EPC response contains an unknown field is ignored and remains in status SENT - through Web API","functional-tests.tests.send_rtp","2026-08-04","passed","2026-08-04","","test_RTP_send_MOCK","",""
"","1985","An RTP sent with synchronous rejection and missing _links results in status REJECTED - through Web API","functional-tests.tests.send_rtp","2026-08-04","passed","2026-08-04","","test_RTP_send_MOCK","",""
"
Test RFC callback DS12P with wrong certificate identity, cancel via REST Web API.

Flow:
1. Activate payer
2. Send an RTP via GPD message (CREATE VALID)
3. Cancel the RTP via REST cancel endpoint with cancel_reason → RTP to RFC_SENT
4. Send DS12P callback with assignee_bic='FAKESP01' (doesn't match certificate identity MOCKSP04)
5. Verify callback is rejected with 403 (certificate mismatch)
","2885","Unauthorized RFC callback due to wrong certificate serial - through Web API cancel","functional-tests.tests.callbacks","2026-08-04","passed","2026-08-04","","test_RTP_callback_DS_12P","",""
"Test sending a DELETE operation message via GPD message API after a standalone UPDATE (no prior CREATE)","1341","A DELETE message after standalone UPDATE PUBLISHED","functional-tests.tests.process_messages_sender","2026-08-04","passed","2026-08-04","","test_RTP_process_sender_DELETE","",""
"","896","Find by payer id returns 404 when the token subject does not own the activation's Service Provider ID","functional-tests.tests.activation","2026-08-04","passed","2026-08-04","","test_debtor_activation_get","",""
"","881","Sending a GPD message with null id returns 400","functional-tests.tests.send_rtp","2026-08-04","passed","2026-08-04","","test_RTP_send_MOCK","",""
"UPDATE VALID with an ec_tax_code that does not exist in GPD returns 422 Payee not found","894","An UPDATE VALID message with a non-existent ec_tax_code is rejected","functional-tests.tests.process_messages_sender","2026-08-04","passed","2026-08-04","","test_RTP_process_sender_UPDATE","",""
"Test sending a CREATE operation message with different statuses via GPD message API","895","A CREATE message with status INVALID","functional-tests.tests.process_messages_sender","2026-08-04","passed","2026-08-04","","test_RTP_process_sender_CREATE","",""
"","894","A debtor cannot be activated more than once by the same service provider","functional-tests.tests.activation","2026-08-04","passed","2026-08-04","","test_debtor_activation_create","",""
