"DESCRIPTION","DURATION IN MS","NAME","PARENT SUITE","START TIME","STATUS","STOP TIME","SUB SUITE","SUITE","TEST CLASS","TEST METHOD"
"MOCKSP04 owns MOCKSP01 as well as its own spId; activation must be allowed on either.","803","A debtor is activated using a Service Provider ID the token subject owns but does not itself represent","functional-tests.tests.activation","2026-08-24","passed","2026-08-24","","test_debtor_activation_create","",""
"","861","A debtor is deactivated by an authenticated service provider","functional-tests.tests.activation","2026-08-24","passed","2026-08-24","","test_debtor_deactivation","",""
"Test sending a DELETE operation message via GPD message API after a CREATE","1547","A DELETE message after CREATE VALID","functional-tests.tests.process_messages_sender","2026-08-24","passed","2026-08-24","","test_RTP_process_sender_DELETE","",""
"","1848","An RTP callback with status ACTC is successfully received","functional-tests.tests.callbacks","2026-08-24","passed","2026-08-24","","test_RTP_callback_DS_05","",""
"","1023","A debtor with foreign fiscal code is activated successfully","functional-tests.tests.activation","2026-08-24","passed","2026-08-24","","test_debtor_activation_create","",""
"","1655","An RTP callback is received with invalid status","functional-tests.tests.callbacks","2026-08-24","passed","2026-08-24","","test_RTP_callback_DS_08","",""
"","379","All auth fixtures expose a valid Bearer token format","functional-tests.tests.auth","2026-08-24","passed","2026-08-24","","test_auth","",""
"
Test v2 RFC callback DS12N with non-existing service provider.

Flow:
1. Activate payer
2. Send an RTP via GPD message v2 (CREATE VALID)
3. Cancel the RTP via GPD message v2 (DELETE) -> RTP to RFC_SENT
4. Send DS12N callback with non-existing BIC (MOCKSP99)
5. Verify callback is rejected with 400 (service provider not found)
6. Verify RTP status is still RFC_SENT
","0","Failed v2 RFC callback for non existing Service Provider - DS-12N negative compliant","functional-tests.tests.callbacks_v2","2026-08-24","broken","2026-08-24","","test_RTP_callback_DS_12N_negative","",""
"","831","An RTP is sent to ICCREA service with activated fiscal code - through Web API V2","functional-tests.tests.send_rtp","2026-08-24","failed","2026-08-24","","test_RTP_send_ICCREA","",""
"
Test RFC callback DS12P with non-existing service provider, cancel via REST Web API.

Flow:
1. Activate payer
2. Send an RTP via GPD message (CREATE VALID)
3. Cancel the RTP via REST cancel endpoint with cancel_reason → RTP to RFC_SENT
4. Send DS12P callback with non-existing BIC (MOCKSP99)
5. Verify callback is rejected with 400 (service provider not found)
","1696","Failed RFC callback for non existing Service Provider - DS-12P CNCL compliant - through Web API cancel","functional-tests.tests.callbacks","2026-08-24","passed","2026-08-24","","test_RTP_callback_DS_12P","",""
"Each entry in ``INVALID_PAYER_IDS`` (see dataset docstring) must be rejected with 400.","372","The activation request must contain a validly formatted fiscal code","functional-tests.tests.activation","2026-08-24","passed","2026-08-24","","test_debtor_activation_create","",""
"CREATE VALID with an ec_tax_code that does not exist in GPD returns 422 Payee not found","782","A CREATE VALID message with a non-existent ec_tax_code is rejected","functional-tests.tests.process_messages_sender","2026-08-24","passed","2026-08-24","","test_RTP_process_sender_CREATE","",""
"","372","The activation request must contain a validly formatted Service Provider ID","functional-tests.tests.activation","2026-08-24","passed","2026-08-24","","test_debtor_activation_create","",""
"","3279","Failed callback for invalid RTP transition - DS-05 ACTC compliant","functional-tests.tests.callbacks","2026-08-24","passed","2026-08-24","","test_RTP_callback_DS_05","",""
"","379","Sending an RTP when EPC returns an unexpected status code error (RTP_05.CHK.A0007) returns 500 - through Web API V2","functional-tests.tests.send_rtp","2026-08-24","failed","2026-08-24","","test_RTP_send_MOCK","",""
"
Test RFC callback DS12N with non-existing service provider, cancel via REST Web API.

Flow:
1. Activate payer
2. Send an RTP via GPD message (CREATE VALID)
3. Cancel the RTP via REST cancel endpoint with cancel_reason → RTP to RFC_SENT
4. Send DS12N callback with non-existing BIC (MOCKSP99)
5. Verify callback is rejected with 400 (service provider not found)
","1850","Failed RFC callback for non existing Service Provider - DS-12N RJCR compliant - through Web API cancel","functional-tests.tests.callbacks","2026-08-24","passed","2026-08-24","","test_RTP_callback_DS_12N","",""
"","813","A debtor with omocodia fiscal code is activated successfully","functional-tests.tests.activation","2026-08-24","passed","2026-08-24","","test_debtor_activation_create","",""
"Test sending an UPDATE operation message with different statuses via GPD message API before a CREATE","779","An UPDATE message with status PAID before CREATE","functional-tests.tests.process_messages_sender","2026-08-24","passed","2026-08-24","","test_RTP_process_sender_UPDATE_before_CREATE","",""
"Each entry in ``INVALID_PAYER_IDS`` (see dataset docstring) must be rejected with 400.","382","The activation request must contain a validly formatted fiscal code","functional-tests.tests.activation","2026-08-24","passed","2026-08-24","","test_debtor_activation_create","",""
"Test sending an UPDATE operation message with different statuses via GPD message API before a CREATE","767","An UPDATE message with status PUBLISHED before CREATE","functional-tests.tests.process_messages_sender","2026-08-24","passed","2026-08-24","","test_RTP_process_sender_UPDATE_before_CREATE","",""
"","393","All auth fixtures expose a valid Bearer token format","functional-tests.tests.auth","2026-08-24","passed","2026-08-24","","test_auth","",""
"FAKESP01 does not own MOCKSP01, a Service Provider ID owned by another tspId.","496","Activation is forbidden for a Service Provider ID not owned by the token subject","functional-tests.tests.activation","2026-08-24","passed","2026-08-24","","test_debtor_activation_create","",""
"
Test RFC callback DS12N with non-existing service provider, cancel via REST Web API.

Flow:
1. Activate payer
2. Send an RTP via GPD message (CREATE VALID)
3. Cancel the RTP via REST cancel endpoint with cancel_reason → RTP to RFC_SENT
4. Send DS12N callback with non-existing BIC (MOCKSP99)
5. Verify callback is rejected with 400 (service provider not found)
","1686","Failed RFC callback for non existing Service Provider - DS-12N RJCR compliant - through Web API cancel","functional-tests.tests.callbacks","2026-08-24","passed","2026-08-24","","test_RTP_callback_DS_12N","",""
"Test sending an UPDATE operation message with different statuses via GPD message API before a CREATE","794","An UPDATE message with status DRAFT before CREATE","functional-tests.tests.process_messages_sender","2026-08-24","passed","2026-08-24","","test_RTP_process_sender_UPDATE_before_CREATE","",""
"
Verify that a debt position can be created and published successfully.
","60352","Happy path: a debt position is created and published in DEV environment","functional-tests.tests.gpd_availability","2026-08-24","failed","2026-08-24","","test_availability_GPD","",""
"","421","Sending to non-activated debtor returns 422 - through Web API","functional-tests.tests.send_rtp","2026-08-24","passed","2026-08-24","","test_RTP_send_MOCK","",""
"
Test RFC callback DS12P with wrong certificate identity.

Flow:
1. Activate payer
2. Send an RTP via GPD message (CREATE VALID)
3. Cancel the RTP via GPD message (DELETE) → RTP to RFC_SENT
4. Send DS12P callback with assignee_bic='FAKESP01' (doesn't match certificate identity MOCKSP04)
5. Verify callback is rejected with 403 (certificate mismatch)
","1927","Unauthorized RFC callback due to wrong certificate serial","functional-tests.tests.callbacks","2026-08-24","passed","2026-08-24","","test_RTP_callback_DS_12P","",""
"
DS_05 ACTC callback sent with the Version header must be rejected with 400.
The RTP must remain in SENT (transition to ACCEPTED must not happen).

Flow:
1. Activate payer and send an RTP → resource_id
2. Build a valid DS_05 ACTC payload referencing the RTP
3. POST to callback endpoint WITH Version header
4. Verify 400 is returned with the expected error body
5. Verify RTP status is still SENT
","1632","DS_05 ACTC callback with Version header returns 400","functional-tests.tests.callbacks","2026-08-24","passed","2026-08-24","","test_RTP_callback_with_version_header","",""
"
Test RFC callback DS12P with wrong certificate identity, cancel via REST Web API.

Flow:
1. Activate payer
2. Send an RTP via GPD message (CREATE VALID)
3. Cancel the RTP via REST cancel endpoint with cancel_reason → RTP to RFC_SENT
4. Send DS12P callback with assignee_bic='FAKESP01' (doesn't match certificate identity MOCKSP04)
5. Verify callback is rejected with 403 (certificate mismatch)
","1845","Unauthorized RFC callback due to wrong certificate serial - through Web API cancel","functional-tests.tests.callbacks","2026-08-24","passed","2026-08-24","","test_RTP_callback_DS_12P","",""
"
Given a debtor is activated with the mock fiscal code that makes the debtor
service provider mock reply with a server error, when a GPD message (CREATE)
is sent via POST /gpd/message, then the rtp-sender fails to deliver the RTP
and records an ERROR_SEND_RTP event (RTP status becomes ERROR_SEND). When the
payee then queries the delivery-status endpoint with the matching noticeNumber
and payeeId, the response must be HTTP 200 with status=PD_RTP_NOT_DELIVERED
and processingDate absent or null.
","0","RTP with ERROR_SEND_RTP event → PD_RTP_NOT_DELIVERED","functional-tests.tests.get_rtp","2026-08-24","broken","2026-08-24","","test_RTP_get_delivery_status","",""
"","10981","Failed v2 document callback for invalid RTP transition - DS-document RJCT compliant","functional-tests.tests.callbacks_v2","2026-08-24","failed","2026-08-24","","test_RTP_callback_DS_document_rjct","",""
"Test sending a DELETE operation message via GPD message API after a CREATE VALID + UPDATE","2340","A DELETE message after CREATE VALID + UPDATE PAID","functional-tests.tests.process_messages_sender","2026-08-24","passed","2026-08-24","","test_RTP_process_sender_DELETE","",""
"
Verify that a debt position can be deleted successfully.
","357","Happy path: a debt position is deleted in UAT environment","functional-tests.tests.gpd_availability","2026-08-24","failed","2026-08-24","","test_availability_GPD","",""
"","7078","RTP form cancellation with reason PAID","ux-tests.tests","2026-08-24","failed","2026-08-24","","test_RTP_cancel_v4","",""
"Active payer with omocodia fiscal code (digit substitution) → isActive must be true.","773","An active payer with omocodia fiscal code returns isActive true","functional-tests.tests.activation","2026-08-24","passed","2026-08-24","","test_debtor_activation_payer_status","",""
"Test sending an UPDATE operation message with different statuses via GPD message API before a CREATE","800","An UPDATE message with status INVALID before CREATE","functional-tests.tests.process_messages_sender","2026-08-24","passed","2026-08-24","","test_RTP_process_sender_UPDATE_before_CREATE","",""
"`Sts.Conf = ""RJCR""` triggers CANCEL_RTP -> CONFIRM_RFC -> CANCEL_RTP_REJECTED, ending in CANCELLED_REJECTED.","1003","Cancelling an RTP - EPC v4 mock happy path scenario: rjcr_rejected","functional-tests.tests.cancel_rtp","2026-08-24","failed","2026-08-24","","test_RTP_cancel_MOCK_V2","",""
"","0","DS_12N negative RFC v2 callback with Version header returns 400","functional-tests.tests.callbacks_v2","2026-08-24","broken","2026-08-24","","test_RTP_callback_with_version_header","",""
"Test sending an UPDATE after CREATE VALID + DELETE with different statuses","1682","An UPDATE message with status VALID after CREATE VALID and DELETE","functional-tests.tests.process_messages_sender","2026-08-24","passed","2026-08-24","","test_RTP_process_sender_UPDATE","",""
"","11691","A v2 redirect RTP callback with status ACTC is successfully received","functional-tests.tests.callbacks_v2","2026-08-24","failed","2026-08-24","","test_RTP_callback_DS_05_redirect","",""
"MOCKSP04 owns both its own spId and MOCKSP01; redeeming an OTP scoped to MOCKSP01 must
assign MOCKSP01 to the new activation, not MOCKSP04 (the redeemer's own tspId).","2805","Test Takeover Redemption Assigns the OTP's Owned Service Provider ID","functional-tests.tests.takeover","2026-08-24","passed","2026-08-24","","test_debtor_takeover","",""
"","1609","An RTP is sent to a CBI service with activated fiscal code","functional-tests.tests.send_rtp","2026-08-24","passed","2026-08-24","","test_RTP_send_CBI","",""
"
Tests that sending an RTP payload with an expired date to the POSTE endpoint results in a 400 Bad Request response.

:param debtor_sp_mock_cert_key: Certificate and key tuple for mutual TLS authentication.
:type debtor_sp_mock_cert_key: Tuple[str, str]
","1069","Cannot send RTP with expired date","functional-tests.tests.availability","2026-08-24","failed","2026-08-24","","test_availability_POSTE","",""
"Each entry in ``INVALID_PAYER_IDS`` must be rejected with 400.

The ``description`` parameter appears in pytest output to identify which
case failed without having to inspect the raw value.
","382","Querying activation status with an invalid payerId format returns 400","functional-tests.tests.activation","2026-08-24","passed","2026-08-24","","test_debtor_activation_payer_status","",""
"","919","An RTP is sent to ICCREA service with activated fiscal code","functional-tests.tests.send_rtp","2026-08-24","passed","2026-08-24","","test_RTP_send_ICCREA","",""
"Each entry in ``INVALID_PAYER_IDS`` (see dataset docstring) must be rejected with 400.","492","The activation request must contain a validly formatted fiscal code","functional-tests.tests.activation","2026-08-24","passed","2026-08-24","","test_debtor_activation_create","",""
"UPDATE VALID with an ec_tax_code that does not exist in GPD returns 422 Payee not found","783","An UPDATE VALID message with a non-existent ec_tax_code is rejected","functional-tests.tests.process_messages_sender","2026-08-24","passed","2026-08-24","","test_RTP_process_sender_UPDATE","",""
"","3037","An RTP callback is successfully received","functional-tests.tests.callbacks","2026-08-24","passed","2026-08-24","","test_RTP_callback_DS_04","",""
"Authenticated but not authorized: token of SP A tries to use OTP issued for SP B","1294","Test Takeover Fails with Wrong SP Token","functional-tests.tests.takeover","2026-08-24","passed","2026-08-24","","test_debtor_takeover","",""
"","10861","Failed callback for non existing Service Provider - DS-05 redirect compliant","functional-tests.tests.callbacks_v2","2026-08-24","failed","2026-08-24","","test_RTP_callback_DS_05_redirect","",""
"
Test RFC callback DS12N with wrong certificate identity, cancel via REST Web API.

Flow:
1. Activate payer
2. Send an RTP via GPD message (CREATE VALID)
3. Cancel the RTP via REST cancel endpoint with cancel_reason → RTP to RFC_SENT
4. Send DS12N callback with assignee_bic='FAKESP01' (doesn't match certificate identity MOCKSP04)
5. Verify callback is rejected with 403 (certificate mismatch)
","1725","Unauthorized RFC callback due to wrong certificate serial - through Web API cancel","functional-tests.tests.callbacks","2026-08-24","passed","2026-08-24","","test_RTP_callback_DS_12N","",""
"","1252","An RTP sent when EPC response contains an unknown field is ignored and remains in status SENT - through Web API","functional-tests.tests.send_rtp","2026-08-24","passed","2026-08-24","","test_RTP_send_MOCK","",""
"Test sending a CREATE operation message with different statuses via GPD message API","896","A CREATE message with status EXPIRED","functional-tests.tests.process_messages_sender","2026-08-24","passed","2026-08-24","","test_RTP_process_sender_CREATE","",""
"
Test RFC callback DS12P with CNCL status applied twice on the same RTP.

Flow:
1. Activate payer
2. Send an RTP via GPD message (CREATE VALID)
3. Cancel the RTP via GPD message (DELETE) -> RTP to RFC_SENT
4. Send DS12P callback with CxlStsId CNCL (Cancelled As Per Request) -> RTP to CANCELLED
5. Send the same DS12P CNCL callback again on the already cancelled RTP
6. Verify the second callback is rejected (400) since the transition is no longer valid
7. Verify RTP status remains CANCELLED
","3726","Failed RFC callback for invalid RTP transition - DS-12P CNCL compliant","functional-tests.tests.callbacks","2026-08-24","passed","2026-08-24","","test_RTP_callback_DS_12P","",""
"
Test RFC callback DS12N with INVALID status, cancel via REST Web API.

Flow:
1. Activate payer
2. Send an RTP via GPD message (CREATE VALID)
3. Cancel the RTP via REST cancel endpoint with cancel_reason → RTP to RFC_SENT
4. Send DS12N callback with CxlStsId INVALID
5. Verify callback is rejected with 400
6. Verify RTP status is still RFC_SENT
","2506","An RFC callback DS12N INVALID is rejected with 400 - through Web API cancel","functional-tests.tests.callbacks","2026-08-24","passed","2026-08-24","","test_RTP_callback_DS_12N","",""
"Test sending a DELETE operation message via GPD message API after a CREATE","1155","A DELETE message after CREATE DRAFT","functional-tests.tests.process_messages_sender","2026-08-24","passed","2026-08-24","","test_RTP_process_sender_DELETE","",""
"The ownership check fails the same way whether the target spId belongs to someone else
or doesn't exist in the registry at all - NOEXIT00 is not a real Service Provider ID.","380","Activation is forbidden with the same error code for a Service Provider ID absent from the registry","functional-tests.tests.activation","2026-08-24","passed","2026-08-24","","test_debtor_activation_create","",""
"Each entry in ``INVALID_PAYER_IDS`` (see dataset docstring) must be rejected with 400.","528","The activation request must contain a validly formatted fiscal code","functional-tests.tests.activation","2026-08-24","passed","2026-08-24","","test_debtor_activation_create","",""
"","2060","An RTP callback with invalid status is received and processed with success without affecting the RTP status","functional-tests.tests.callbacks","2026-08-24","passed","2026-08-24","","test_RTP_callback_DS_05","",""
"The mock policy falls back to its default `{}` response when no notice number matches, so the RTP stays in RFC_SENT.","357","Cancelling an RTP - EPC v4 mock happy path scenario: no_match_fallback","functional-tests.tests.cancel_rtp","2026-08-24","failed","2026-08-24","","test_RTP_cancel_MOCK_V2","",""
"Each entry in ``INVALID_PAYER_IDS`` must be rejected with 400.

The ``description`` parameter appears in pytest output to identify which
case failed without having to inspect the raw value.
","374","Querying activation status with an invalid payerId format returns 400","functional-tests.tests.activation","2026-08-24","passed","2026-08-24","","test_debtor_activation_payer_status","",""
"Each entry in ``INVALID_PAYER_IDS`` must be rejected with 400.

The ``description`` parameter appears in pytest output to identify which
case failed without having to inspect the raw value.
","380","Querying activation status with an invalid payerId format returns 400","functional-tests.tests.activation","2026-08-24","passed","2026-08-24","","test_debtor_activation_payer_status","",""
"","467","Get payees with invalid authorization","functional-tests.tests.service_registry","2026-08-24","passed","2026-08-24","","test_service_registry_service_providers","",""
"","395","Retrieving activation with malformed payer id returns 400","functional-tests.tests.activation","2026-08-24","passed","2026-08-24","","test_debtor_activation_get","",""
"","2076","An RTP is sent through CBI API","functional-tests.tests.availability","2026-08-24","failed","2026-08-24","","test_availability_CBI","",""
"
Test v2 RFC callback DS12P with wrong certificate identity.

Flow:
1. Activate payer
2. Send an RTP via GPD message v2 (CREATE VALID)
3. Cancel the RTP via GPD message v2 (DELETE) -> RTP to RFC_SENT
4. Send DS12P callback with assignee_bic='FAKESP01' (doesn't match certificate identity)
5. Verify callback is rejected with 403 (certificate mismatch)
6. Verify RTP status is still RFC_SENT
","0","Unauthorized v2 RFC callback due to wrong certificate serial","functional-tests.tests.callbacks_v2","2026-08-24","broken","2026-08-24","","test_RTP_callback_DS_12P_positive","",""
"
DS_04b callback sent with the Version header must be rejected with 400.
The RTP state must be unchanged.

Flow:
1. Activate payer and send an RTP → resource_id
2. Capture current RTP status
3. Build a valid DS_04b payload referencing the RTP
4. POST to callback endpoint WITH Version header
5. Verify 400 is returned with the expected error body
6. Verify RTP status is unchanged
","2898","DS_04b callback with Version header returns 400","functional-tests.tests.callbacks","2026-08-24","passed","2026-08-24","","test_RTP_callback_with_version_header","",""
"","372","Retrieving activation with invalid UUID returns 400","functional-tests.tests.activation","2026-08-24","passed","2026-08-24","","test_debtor_activation_get","",""
"UPDATE VALID before any CREATE creates a new RTP; the RTP must be retrievable from the database","1290","An UPDATE VALID before CREATE creates the RTP in the database","functional-tests.tests.process_messages_sender","2026-08-24","passed","2026-08-24","","test_RTP_process_sender_UPDATE_before_CREATE","",""
"","0","Unauthorized callback due to wrong certificate serial","functional-tests.tests.callbacks_v2","2026-08-24","broken","2026-08-24","","test_RTP_callback_DS_document_rjct","",""
"
Test v2 RFC callback DS12N with INVALID status.

Flow:
1. Activate payer
2. Send an RTP via GPD message v2 (CREATE VALID)
3. Cancel the RTP via GPD message v2 (DELETE) -> RTP to RFC_SENT
4. Send DS12N callback with CxlStsId INVALID
5. Verify callback is rejected with 400
6. Verify RTP status is still RFC_SENT
","2209","A v2 RFC callback DS12N INVALID is rejected with 400","functional-tests.tests.callbacks_v2","2026-08-24","failed","2026-08-24","","test_RTP_callback_DS_12N_negative","",""
"Test sending an UPDATE after CREATE VALID + DELETE with different statuses","1679","An UPDATE message with status PARTIALLY_PAID after CREATE VALID and DELETE","functional-tests.tests.process_messages_sender","2026-08-24","passed","2026-08-24","","test_RTP_process_sender_UPDATE","",""
"
DS_08P ACCP callback sent with the Version header must be rejected with 400.
The RTP must remain in ACCEPTED (transition to USER_ACCEPTED must not happen).

Flow:
1. Activate payer, send RTP, advance to ACCEPTED via DS_05 (without header)
2. Build a valid DS_08P ACCP payload
3. POST WITH Version header
4. Verify 400 is returned with the expected error body
5. Verify RTP status is still ACCEPTED
","2034","DS_08P ACCP callback with Version header returns 400","functional-tests.tests.callbacks","2026-08-24","passed","2026-08-24","","test_RTP_callback_with_version_header","",""
"","931","A debtor with foreign fiscal code is activated and retrieved by activation id","functional-tests.tests.activation","2026-08-24","passed","2026-08-24","","test_debtor_activation_get","",""
"","10916","Unauthorized callback due to wrong certificate serial","functional-tests.tests.callbacks_v2","2026-08-24","failed","2026-08-24","","test_RTP_callback_DS_05_redirect","",""
"Test sending a DELETE operation message via GPD message API after a CREATE","1713","A DELETE message after CREATE PARTIALLY_PAID","functional-tests.tests.process_messages_sender","2026-08-24","passed","2026-08-24","","test_RTP_process_sender_DELETE","",""
"Cancel an RTP (v2) against an EPC v4 mock scenario where the cancel call is accepted (204)
and assert the resulting RTP status.
","0","Cancelling an RTP - EPC v4 mock happy path scenario: cncl_confirmed","functional-tests.tests.cancel_rtp","2026-08-24","broken","2026-08-24","","test_RTP_cancel_MOCK_V2","",""
"Parametrized contract test generated from the Send API OpenAPI spec.

Schemathesis derives one test case per endpoint defined in the spec, generating
request data (path params, query params, body) that is valid according to the schema.
Each case is executed against the live API and the response is validated with
CONTRACT_CHECKS.

An additional assertion verifies that the Location header is present on 201 responses
from POST /rtps, as required by the spec.
","142942","test_send_api_contract[POST /gpd/message]","contract-tests.tests","2026-08-24","passed","2026-08-24","","test_api_send_rtp","",""
"","389","RTP cancellation fails if resource ID does not exist - V2","functional-tests.tests.cancel_rtp","2026-08-24","passed","2026-08-24","","test_RTP_cancel","",""
"Test sending a CREATE operation message with different statuses via GPD message API","1097","A CREATE message with status VALID","functional-tests.tests.process_messages_sender","2026-08-24","passed","2026-08-24","","test_RTP_process_sender_CREATE","",""
"Availability probe for takeover notification mock endpoint: expects 204 No Content","351","Test Takeover Notification Endpoint","functional-tests.tests.takeover","2026-08-24","passed","2026-08-24","","test_debtor_takeover","",""
"","3414","Failed callback for invalid RTP transition - DS-08P RJCT compliant","functional-tests.tests.callbacks","2026-08-24","passed","2026-08-24","","test_RTP_callback_DS_08","",""
"","1003","SP_ACTIVATIONS_READ_ALL can retrieve activation by Fiscal Code created by SP_A","functional-tests.tests.activation","2026-08-24","passed","2026-08-24","","test_RTP_activation_security","",""
"","2120","Get payees consents with negative page size returns 400","functional-tests.tests.service_registry","2026-08-24","passed","2026-08-24","","test_get_payees_consents","",""
"","471","Get payees consents with wrong token type returns 403","functional-tests.tests.service_registry","2026-08-24","passed","2026-08-24","","test_get_payees_consents","",""
"","377","Retrieving non-existent activation by payer id returns 404","functional-tests.tests.activation","2026-08-24","passed","2026-08-24","","test_debtor_activation_get","",""
"
Test RFC callback DS12N with RJCR status, cancel triggered via REST Web API with explicit reason.

Flow:
1. Activate payer
2. Send an RTP via GPD message (CREATE VALID)
3. Cancel the RTP via REST cancel endpoint with cancel_reason → RTP to RFC_SENT
4. Send DS12N callback with CxlStsId RJCR (Rejected Cancellation Request)
5. Verify callback is accepted (200)
6. Verify RTP status is ERROR_CANCEL
","2657","An RFC callback DS12N RJCR is successfully received and RTP status is ERROR_CANCEL - through Web API cancel","functional-tests.tests.callbacks","2026-08-24","passed","2026-08-24","","test_RTP_callback_DS_12N","",""
"","0","RTP is successfully cancelled with reason PAID","functional-tests.tests.cancel_rtp","2026-08-24","broken","2026-08-24","","test_RTP_cancel","",""
"
DS_12N RJCR RFC callback sent with the Version header must be rejected with 400.
The RTP must remain in RFC_SENT (transition to ERROR_CANCEL must not happen).

Flow:
1. Activate payer, send RTP, trigger cancel via GPD DELETE → RFC_SENT
2. Build a valid DS_12N RJCR payload
3. POST to RFC callback endpoint WITH Version header
4. Verify 400 is returned with the expected error body
5. Verify RTP status is still RFC_SENT
","2041","DS_12N RJCR RFC callback with Version header returns 400","functional-tests.tests.callbacks","2026-08-24","passed","2026-08-24","","test_RTP_callback_with_version_header","",""
"","388","Sending an RTP when EPC returns an unexpected status code error (RTP_05.CHK.A0007) returns 500","functional-tests.tests.send_rtp","2026-08-24","failed","2026-08-24","","test_RTP_send_MOCK","",""
"","382","Unauthorized callback due to wrong certificate serial","functional-tests.tests.callbacks","2026-08-24","passed","2026-08-24","","test_RTP_callback_DS_04","",""
"Querying activation status with an empty payerId must be rejected with 404.","594","Querying activation status with an empty payerId returns 404","functional-tests.tests.activation","2026-08-24","passed","2026-08-24","","test_debtor_activation_payer_status","",""
"","0","RTP is successfully cancelled with reason MODT","functional-tests.tests.cancel_rtp","2026-08-24","broken","2026-08-24","","test_RTP_cancel","",""
"","5006","Successfully cancel a Request to Pay","bdd-tests","2026-08-24","passed","2026-08-24","RTP_Cancellation","RTP","",""
"","391","Get payees consents with invalid date format returns 400","functional-tests.tests.service_registry","2026-08-24","passed","2026-08-24","","test_get_payees_consents","",""
"
Tests sending an RTP payload to the POSTE endpoint with valid data and authentication.

:param debtor_sp_mock_cert_key: Certificate and key tuple for mutual TLS authentication.
:type debtor_sp_mock_cert_key: Tuple[str, str]
","1104","An RTP is sent through POSTE API","functional-tests.tests.availability","2026-08-24","passed","2026-08-24","","test_availability_POSTE","",""
"
Test RFC callback DS12N with RJCR status, cancel triggered via REST Web API with explicit reason.

Flow:
1. Activate payer
2. Send an RTP via GPD message (CREATE VALID)
3. Cancel the RTP via REST cancel endpoint with cancel_reason → RTP to RFC_SENT
4. Send DS12N callback with CxlStsId RJCR (Rejected Cancellation Request)
5. Verify callback is accepted (200)
6. Verify RTP status is ERROR_CANCEL
","2615","An RFC callback DS12N RJCR is successfully received and RTP status is ERROR_CANCEL - through Web API cancel","functional-tests.tests.callbacks","2026-08-24","passed","2026-08-24","","test_RTP_callback_DS_12N","",""
"","1082","A debtor is activated by an authenticated service provider","functional-tests.tests.activation","2026-08-24","passed","2026-08-24","","test_debtor_activation_create","",""
"","1118","SP_ACTIVATIONS_READ_ALL can retrieve activation by Activation ID created by SP_A","functional-tests.tests.activation","2026-08-24","passed","2026-08-24","","test_RTP_activation_security","",""
"Payer that has never been activated → isActive must be false.","407","test_get_activation_status_not_active_payer","functional-tests.tests.activation","2026-08-24","passed","2026-08-24","","test_debtor_activation_payer_status","",""
"","372","Invalid pagination parameters returns 400","functional-tests.tests.activation","2026-08-24","passed","2026-08-24","","test_debtor_activation_list","",""
"Test sending a CREATE operation message via GPD message API","1531","A CREATE message is successfully sent through GPD message API","functional-tests.tests.process_messages_sender","2026-08-24","passed","2026-08-24","","test_RTP_process_sender","",""
"Cancel an RTP (v2) against an EPC v4 mock error/edge-case scenario and assert both the
cancel call's HTTP status and the resulting RTP status.
","0","Cancelling an RTP - EPC v4 mock unhappy path scenario: epc_410","functional-tests.tests.cancel_rtp","2026-08-24","broken","2026-08-24","","test_RTP_cancel_MOCK_V2","",""
"
Given a noticeNumber that does not correspond to any RTP in the database,
when the payee queries the delivery-status endpoint,
then the response must be HTTP 200 with status=PD_RTP_NOT_DELIVERED and
processingDate absent or null.
","677","Non-existent noticeNumber → PD_RTP_NOT_DELIVERED","functional-tests.tests.get_rtp","2026-08-24","passed","2026-08-24","","test_RTP_get_delivery_status","",""
"Test sending an UPDATE operation message with different statuses via GPD message API after a CREATE","1258","An UPDATE message with status PUBLISHED after CREATE","functional-tests.tests.process_messages_sender","2026-08-24","passed","2026-08-24","","test_RTP_process_sender_UPDATE","",""
"
Test RFC callback DS12N with wrong certificate identity, cancel via REST Web API.

Flow:
1. Activate payer
2. Send an RTP via GPD message (CREATE VALID)
3. Cancel the RTP via REST cancel endpoint with cancel_reason → RTP to RFC_SENT
4. Send DS12N callback with assignee_bic='FAKESP01' (doesn't match certificate identity MOCKSP04)
5. Verify callback is rejected with 403 (certificate mismatch)
","1703","Unauthorized RFC callback due to wrong certificate serial - through Web API cancel","functional-tests.tests.callbacks","2026-08-24","passed","2026-08-24","","test_RTP_callback_DS_12N","",""
"Cancel an RTP (v2) against an EPC v4 mock scenario where the cancel call is accepted (204)
and assert the resulting RTP status.
","0","Cancelling an RTP - EPC v4 mock happy path scenario: no_sts_block","functional-tests.tests.cancel_rtp","2026-08-24","broken","2026-08-24","","test_RTP_cancel_MOCK_V2","",""
"Test sending an UPDATE after CREATE VALID + DELETE with different statuses","1664","An UPDATE message with status DRAFT after CREATE VALID and DELETE","functional-tests.tests.process_messages_sender","2026-08-24","passed","2026-08-24","","test_RTP_process_sender_UPDATE","",""
"Each entry in ``INVALID_PAYER_IDS`` (see dataset docstring) must be rejected with 400.","371","The activation request must contain a validly formatted fiscal code","functional-tests.tests.activation","2026-08-24","passed","2026-08-24","","test_debtor_activation_create","",""
"Each entry in ``INVALID_PAYER_IDS`` (see dataset docstring) must be rejected with 400.","382","The activation request must contain a validly formatted fiscal code","functional-tests.tests.activation","2026-08-24","passed","2026-08-24","","test_debtor_activation_create","",""
"
DS_12P CNCL RFC callback sent with the Version header must be rejected with 400.
The RTP must remain in RFC_SENT (transition to CANCELLED must not happen).

Flow:
1. Activate payer, send RTP, trigger cancel via GPD DELETE → RFC_SENT
2. Build a valid DS_12P CNCL payload
3. POST to RFC callback endpoint WITH Version header
4. Verify 400 is returned with the expected error body
5. Verify RTP status is still RFC_SENT
","2801","DS_12P CNCL RFC callback with Version header returns 400","functional-tests.tests.callbacks","2026-08-24","passed","2026-08-24","","test_RTP_callback_with_version_header","",""
"Test sending an UPDATE operation message with different statuses via GPD message API before a CREATE","797","An UPDATE message with status EXPIRED before CREATE","functional-tests.tests.process_messages_sender","2026-08-24","passed","2026-08-24","","test_RTP_process_sender_UPDATE_before_CREATE","",""
"Each entry in ``INVALID_PAYER_IDS`` must be rejected with 400.

The ``description`` parameter appears in pytest output to identify which
case failed without having to inspect the raw value.
","396","Querying activation status with an invalid payerId format returns 400","functional-tests.tests.activation","2026-08-24","passed","2026-08-24","","test_debtor_activation_payer_status","",""
"","2966","An authenticated creditor Service Provider can send an RTP to an activated debtor","bdd-tests","2026-08-24","passed","2026-08-24","RTP_Sending","RTP","",""
"
Send the same CREATE VALID message twice.

Because send_gpd_message derives the Idempotency-Key deterministically from
the message id (msg_id), reusing the same payload reuses the same key.

Expectations:
- Both calls return HTTP 200 (idempotent, not an error).
- The resourceId in both responses is identical, proving the API returned
  the cached response and did not process the message twice.
- Querying by notice number returns exactly one RTP, confirming that only
  one record was written to the database.
","4158","Two CREATE VALID messages with the same Idempotency-Key both succeed but only one RTP is stored","functional-tests.tests.process_messages_sender","2026-08-24","passed","2026-08-24","","test_RTP_process_sender_IDEMPOTENCY","",""
"","2054","RTP form is filled and submitted","ux-tests.tests","2026-08-24","passed","2026-08-24","","test_RTP_submission_v4","",""
"","0","A v2 document RTP callback with status RJCT is successfully received","functional-tests.tests.callbacks_v2","2026-08-24","broken","2026-08-24","","test_RTP_callback_DS_document_rjct","",""
"","607","A Service Provider tries to activates a debtor without having the correct credentials","bdd-tests","2026-08-24","passed","2026-08-24","Debtor_Activation","RTP","",""
"Takeover with syntactically valid but nonsensical body should fail","1177","Test Takeover Fails with Nonsensical Body","functional-tests.tests.takeover","2026-08-24","passed","2026-08-24","","test_debtor_takeover","",""
"","379","All auth fixtures expose a valid Bearer token format","functional-tests.tests.auth","2026-08-24","passed","2026-08-24","","test_auth","",""
"Each entry in ``INVALID_PAYER_IDS`` must be rejected with 400.

The ``description`` parameter appears in pytest output to identify which
case failed without having to inspect the raw value.
","975","Querying activation status with an invalid payerId format returns 400","functional-tests.tests.activation","2026-08-24","passed","2026-08-24","","test_debtor_activation_payer_status","",""
"","8308","A v2 RTP callback with invalid status is rejected without affecting the RTP status","functional-tests.tests.callbacks_v2","2026-08-24","failed","2026-08-24","","test_RTP_callback_DS_08N_negative","",""
"An EPC response containing fields not declared in the OpenAPI spec is treated as an invalid message and is NOT tolerated for accept/reject purposes (confirmed with rtp-sender-v2 maintainers, PR #26). The extra `invalid-field` property invalidates the whole response, so the RJCR confirmation is not processed and the RTP stays in RFC_SENT.","886","Cancelling an RTP - EPC v4 mock unhappy path scenario: rjcr_extra_field","functional-tests.tests.cancel_rtp","2026-08-24","failed","2026-08-24","","test_RTP_cancel_MOCK_V2","",""
"Each entry in ``INVALID_PAYER_IDS`` must be rejected with 400.

The ``description`` parameter appears in pytest output to identify which
case failed without having to inspect the raw value.
","370","Querying activation status with an invalid payerId format returns 400","functional-tests.tests.activation","2026-08-24","passed","2026-08-24","","test_debtor_activation_payer_status","",""
"Test sending a DELETE operation message via GPD message API after a CREATE VALID + UPDATE","1781","A DELETE message after CREATE VALID + UPDATE EXPIRED","functional-tests.tests.process_messages_sender","2026-08-24","passed","2026-08-24","","test_RTP_process_sender_DELETE","",""
"Test sending an UPDATE operation message with different statuses via GPD message API before a CREATE","790","An UPDATE message with status PARTIALLY_PAID before CREATE","functional-tests.tests.process_messages_sender","2026-08-24","passed","2026-08-24","","test_RTP_process_sender_UPDATE_before_CREATE","",""
"","375","Invalid pagination parameters returns 400","functional-tests.tests.activation","2026-08-24","passed","2026-08-24","","test_debtor_activation_list","",""
"DS_08N RJCT callback sent directly on a SENT RTP (no prior DS_05 ACTC callback).

The RTP is expected to transition from SENT to REJECTED.
","10871","A v2 RTP callback with status RJCT is successfully received","functional-tests.tests.callbacks_v2","2026-08-24","failed","2026-08-24","","test_RTP_callback_DS_08N_negative","",""
"UPDATE PAID with psp_tax_code=None (invalid PSP) results in RTP state RFC_SENT","1345","An UPDATE PAID message with an invalid PSP results in RFC_SENT state","functional-tests.tests.process_messages_sender","2026-08-24","passed","2026-08-24","","test_RTP_process_sender_UPDATE","",""
"Test sending a DELETE operation message via GPD message API after a CREATE","1166","A DELETE message after CREATE EXPIRED","functional-tests.tests.process_messages_sender","2026-08-24","passed","2026-08-24","","test_RTP_process_sender_DELETE","",""
"","0","RTP cancellation fails with an invalid reason","functional-tests.tests.cancel_rtp","2026-08-24","broken","2026-08-24","","test_RTP_cancel","",""
"","1259","An RTP is sent to Poste service with activated fiscal code","functional-tests.tests.send_rtp","2026-08-24","passed","2026-08-24","","test_RTP_send_POSTE","",""
"","348","Missing Version header returns 200","functional-tests.tests.activation","2026-08-24","passed","2026-08-24","","test_debtor_activation_list","",""
"","3618","Attempt to cancel an already cancelled RTP","bdd-tests","2026-08-24","passed","2026-08-24","RTP_Cancellation","RTP","",""
"","0","Failed callback for non existing Service Provider - DS-document RJCT compliant","functional-tests.tests.callbacks_v2","2026-08-24","broken","2026-08-24","","test_RTP_callback_DS_document_rjct","",""
"","7349","RTP form cancellation with reason MODT","ux-tests.tests","2026-08-24","failed","2026-08-24","","test_RTP_cancel_v3","",""
"","49","The RTP web page is reachable","functional-tests.tests.availability","2026-08-24","passed","2026-08-24","","test_availability_RTP_webform","",""
"Test sending a CREATE operation message with an Italian VAT number via GPD message API","934","A CREATE message with VAT number (Partita IVA) is successfully sent through GPD message API","functional-tests.tests.process_messages_sender","2026-08-24","passed","2026-08-24","","test_RTP_process_sender","",""
"","1817","An RTP callback is received with invalid status","functional-tests.tests.callbacks","2026-08-24","passed","2026-08-24","","test_RTP_callback_DS_08","",""
"Each entry in ``INVALID_PAYER_IDS`` (see dataset docstring) must be rejected with 400.","452","The activation request must contain a validly formatted fiscal code","functional-tests.tests.activation","2026-08-24","passed","2026-08-24","","test_debtor_activation_create","",""
"","372","All auth fixtures expose a valid Bearer token format","functional-tests.tests.auth","2026-08-24","passed","2026-08-24","","test_auth","",""
"","476","Get payees consents with invalid consent value returns 400","functional-tests.tests.service_registry","2026-08-24","passed","2026-08-24","","test_get_payees_consents","",""
"Payer activated then deactivated by SP A → isActive must be false.","1214","A deactivated payer returns isActive false","functional-tests.tests.activation","2026-08-24","passed","2026-08-24","","test_debtor_activation_payer_status","",""
"","2820","Failed callback for non compliant DS-04b payload","functional-tests.tests.callbacks","2026-08-24","passed","2026-08-24","","test_RTP_callback_DS_04","",""
"Test sending an UPDATE operation message with different statuses via GPD message API before a CREATE","886","An UPDATE message with status VALID before CREATE","functional-tests.tests.process_messages_sender","2026-08-24","passed","2026-08-24","","test_RTP_process_sender_UPDATE_before_CREATE","",""
"","908","A second service provider triggers takeover when debtor is already active on another service provider","functional-tests.tests.activation","2026-08-24","passed","2026-08-24","","test_debtor_activation_create","",""
"","373","All auth fixtures expose a valid Bearer token format","functional-tests.tests.auth","2026-08-24","passed","2026-08-24","","test_auth","",""
"","794","A debtor activated with an owned but distinct Service Provider ID is retrieved by payer id","functional-tests.tests.activation","2026-08-24","passed","2026-08-24","","test_debtor_activation_get","",""
"","897","The service returns the mocked server error","functional-tests.tests.availability","2026-08-24","passed","2026-08-24","","test_availability_MOCK","",""
"","421","Sending to non-activated debtor returns 422 - through Web API V2","functional-tests.tests.send_rtp","2026-08-24","passed","2026-08-24","","test_RTP_send_MOCK","",""
"","2257","A debtor Service Provider tries to activates a debtor 2 times, failing the second attempt","bdd-tests","2026-08-24","passed","2026-08-24","Debtor_Activation","RTP","",""
"","3039","Attempt to cancel a non-existing RTP","bdd-tests","2026-08-24","passed","2026-08-24","RTP_Cancellation","RTP","",""
"","2229","RTP form is filled and submitted","ux-tests.tests","2026-08-24","passed","2026-08-24","","test_RTP_cancel_v4","",""
"
Test v2 RFC callback DS12P with INVALID status.

Flow:
1. Activate payer
2. Send an RTP via GPD message v2 (CREATE VALID)
3. Cancel the RTP via GPD message v2 (DELETE) -> RTP to RFC_SENT
4. Send DS12P callback with CxlStsId INVALID
5. Verify callback is rejected with 400
6. Verify RTP status is still RFC_SENT
","0","A v2 RFC callback DS12P INVALID is rejected with 400","functional-tests.tests.callbacks_v2","2026-08-24","broken","2026-08-24","","test_RTP_callback_DS_12P_positive","",""
"Test sending a CREATE operation message with different statuses via GPD message API","876","A CREATE message with status PAID","functional-tests.tests.process_messages_sender","2026-08-24","passed","2026-08-24","","test_RTP_process_sender_CREATE","",""
"","6946","RTP form cancellation with reason MODT","ux-tests.tests","2026-08-24","failed","2026-08-24","","test_RTP_cancel_v4","",""
"Test sending an UPDATE operation message with different statuses via GPD message API after a CREATE","1340","An UPDATE message with status EXPIRED after CREATE","functional-tests.tests.process_messages_sender","2026-08-24","passed","2026-08-24","","test_RTP_process_sender_UPDATE","",""
"","782","Unauthorized callback due to wrong certificate serial","functional-tests.tests.callbacks_v2","2026-08-24","failed","2026-08-24","","test_RTP_callback_DS_08P_positive","",""
"","381","Unauthorized callback due to wrong certificate serial","functional-tests.tests.callbacks","2026-08-24","passed","2026-08-24","","test_RTP_callback_DS_08","",""
"","1316","An RTP sent when EPC response contains an unknown field is ignored and remains in status SENT - through Web API V2","functional-tests.tests.send_rtp","2026-08-24","passed","2026-08-24","","test_RTP_send_MOCK","",""
"Test sending a DELETE operation message via GPD message API after a CREATE VALID + UPDATE","1707","A DELETE message after CREATE VALID + UPDATE PARTIALLY_PAID","functional-tests.tests.process_messages_sender","2026-08-24","passed","2026-08-24","","test_RTP_process_sender_DELETE","",""
"","0","malformed rtp_id → 400 Bad Request","functional-tests.tests.get_rtp","2026-08-24","broken","2026-08-24","","test_RTP_get","",""
"
Test RFC callback DS12P with INVALID status, cancel via REST Web API.

Flow:
1. Activate payer
2. Send an RTP via GPD message (CREATE VALID)
3. Cancel the RTP via REST cancel endpoint with cancel_reason → RTP to RFC_SENT
4. Send DS12P callback with CxlStsId INVALID
5. Verify callback is rejected with 400
6. Verify RTP status is still RFC_SENT
","2966","An RFC callback DS12P INVALID is rejected with 400 - through Web API cancel","functional-tests.tests.callbacks","2026-08-24","passed","2026-08-24","","test_RTP_callback_DS_12P","",""
"","793","A debtor activated with an owned but distinct Service Provider ID is deactivated","functional-tests.tests.activation","2026-08-24","passed","2026-08-24","","test_debtor_deactivation","",""
"Each entry in ``INVALID_PAYER_IDS`` (see dataset docstring) must be rejected with 400.","380","The activation request must contain a validly formatted fiscal code","functional-tests.tests.activation","2026-08-24","passed","2026-08-24","","test_debtor_activation_create","",""
"Each entry in ``INVALID_PAYER_IDS`` (see dataset docstring) must be rejected with 400.","374","The activation request must contain a validly formatted fiscal code","functional-tests.tests.activation","2026-08-24","passed","2026-08-24","","test_debtor_activation_create","",""
"","381","Find by payer id request must contain lower case fiscal code","functional-tests.tests.activation","2026-08-24","passed","2026-08-24","","test_debtor_activation_create","",""
"Test sending an UPDATE operation message with different statuses via GPD message API after a CREATE","1311","An UPDATE message with status INVALID after CREATE","functional-tests.tests.process_messages_sender","2026-08-24","passed","2026-08-24","","test_RTP_process_sender_UPDATE","",""
"","0","inexistent RTP -> empty body","functional-tests.tests.get_rtp","2026-08-24","broken","2026-08-24","","test_RTP_get","",""
"Cancel an RTP (v2) against an EPC v4 mock error/edge-case scenario and assert both the
cancel call's HTTP status and the resulting RTP status.
","0","Cancelling an RTP - EPC v4 mock unhappy path scenario: epc_429","functional-tests.tests.cancel_rtp","2026-08-24","broken","2026-08-24","","test_RTP_cancel_MOCK_V2","",""
"","371","The service returns the mocked server error","functional-tests.tests.availability","2026-08-24","passed","2026-08-24","","test_availability_MOCK","",""
"Same privacy rule as the cross-SP case: no explicit error, isActive is just false.","792","Get payer status returns isActive false when the token subject does not own the activation's Service Provider ID","functional-tests.tests.activation","2026-08-24","passed","2026-08-24","","test_debtor_activation_payer_status","",""
"
Payer activated under SP A.
Token with read_rtp_all can read across all Service Providers:
the admin client sub does not match SP A, yet isActive must be true.
","784","read_rtp_all role returns isActive true for a payer on any Service Provider","functional-tests.tests.activation","2026-08-24","passed","2026-08-24","","test_debtor_activation_payer_status","",""
"Test the takeover flow where a user changes service provider","3309","Test Takeover Flow","functional-tests.tests.takeover","2026-08-24","passed","2026-08-24","","test_debtor_takeover","",""
"","941","Get a page of activations","functional-tests.tests.activation","2026-08-24","passed","2026-08-24","","test_debtor_activation_list","",""
"Each entry in ``INVALID_PAYER_IDS`` must be rejected with 400.

The ``description`` parameter appears in pytest output to identify which
case failed without having to inspect the raw value.
","379","Querying activation status with an invalid payerId format returns 400","functional-tests.tests.activation","2026-08-24","passed","2026-08-24","","test_debtor_activation_payer_status","",""
"
Tests that sending an RTP payload with an invalid amount to the POSTE endpoint results in a 400 Bad Request response.

:param debtor_sp_mock_cert_key: Certificate and key tuple for mutual TLS authentication.
:type debtor_sp_mock_cert_key: Tuple[str, str]
","1145","Cannot send RTP with invalid amount","functional-tests.tests.availability","2026-08-24","passed","2026-08-24","","test_availability_POSTE","",""
"","0","RTP is successfully cancelled with reason PAID - V2","functional-tests.tests.cancel_rtp","2026-08-24","broken","2026-08-24","","test_RTP_cancel","",""
"","1281","An RTP sent when EPC response omits _links is in status ACCEPTED - through Web API","functional-tests.tests.send_rtp","2026-08-24","passed","2026-08-24","","test_RTP_send_MOCK","",""
"Test sending an UPDATE operation message with different statuses via GPD message API after a CREATE","2004","An UPDATE message with status PARTIALLY_PAID after CREATE","functional-tests.tests.process_messages_sender","2026-08-24","passed","2026-08-24","","test_RTP_process_sender_UPDATE","",""
"Cancel an RTP (v2) against an EPC v4 mock error/edge-case scenario and assert both the
cancel call's HTTP status and the resulting RTP status.
","0","Cancelling an RTP - EPC v4 mock unhappy path scenario: epc_400","functional-tests.tests.cancel_rtp","2026-08-24","broken","2026-08-24","","test_RTP_cancel_MOCK_V2","",""
"Test sending a DELETE operation message via GPD message API after a standalone UPDATE (no prior CREATE)","2233","A DELETE message after standalone UPDATE DRAFT","functional-tests.tests.process_messages_sender","2026-08-24","passed","2026-08-24","","test_RTP_process_sender_DELETE","",""
"","3578","Failed callback for invalid RTP transition - DS-08P ACCP compliant","functional-tests.tests.callbacks","2026-08-24","passed","2026-08-24","","test_RTP_callback_DS_08","",""
"","379","A debtor service provider fails activation due to wrong service provider id","functional-tests.tests.activation","2026-08-24","passed","2026-08-24","","test_debtor_activation_list","",""
"
Test RFC callback DS12P with non-existing service provider, cancel via REST Web API.

Flow:
1. Activate payer
2. Send an RTP via GPD message (CREATE VALID)
3. Cancel the RTP via REST cancel endpoint with cancel_reason → RTP to RFC_SENT
4. Send DS12P callback with non-existing BIC (MOCKSP99)
5. Verify callback is rejected with 400 (service provider not found)
","1674","Failed RFC callback for non existing Service Provider - DS-12P CNCL compliant - through Web API cancel","functional-tests.tests.callbacks","2026-08-24","passed","2026-08-24","","test_RTP_callback_DS_12P","",""
"","1390","An RTP is sent to a CBI service with activated fiscal code - through Web API V2","functional-tests.tests.send_rtp","2026-08-24","failed","2026-08-24","","test_RTP_send_CBI","",""
"","0","A v2 RTP callback with invalid status is rejected without affecting the RTP status","functional-tests.tests.callbacks_v2","2026-08-24","broken","2026-08-24","","test_RTP_callback_DS_08P_positive","",""
"","474","Get payees consents with negative page number returns 400","functional-tests.tests.service_registry","2026-08-24","passed","2026-08-24","","test_get_payees_consents","",""
"","1116","Whitespaces is allowed in description and company name field","ux-tests.tests","2026-08-24","passed","2026-08-24","","test_RTP_submission_v4","",""
"","2494","An authenticated Service Provider cannot send an RTP to an activated debtor","bdd-tests","2026-08-24","passed","2026-08-24","RTP_Sending","RTP","",""
"","10851","Failed v2 redirect callback for invalid RTP transition - DS-05 ACTC compliant","functional-tests.tests.callbacks_v2","2026-08-24","failed","2026-08-24","","test_RTP_callback_DS_05_redirect","",""
"","3052","An RTP sent with synchronous acceptance is in status ACCEPTED - DS-05 ACTC - through Web API V2","functional-tests.tests.send_rtp","2026-08-24","passed","2026-08-24","","test_RTP_send_MOCK","",""
"Test sending a DELETE operation message via GPD message API after a CREATE VALID + UPDATE","2239","A DELETE message after CREATE VALID + UPDATE PUBLISHED","functional-tests.tests.process_messages_sender","2026-08-24","passed","2026-08-24","","test_RTP_process_sender_DELETE","",""
"","0","RTP is successfully cancelled with reason MODT - V2","functional-tests.tests.cancel_rtp","2026-08-24","broken","2026-08-24","","test_RTP_cancel","",""
"Takeover without a previously issued OTP should fail","888","Test Takeover Fails without Prior OTP","functional-tests.tests.takeover","2026-08-24","passed","2026-08-24","","test_debtor_takeover","",""
"
Test RFC callback DS12N with non-existing service provider.

Flow:
1. Activate payer
2. Send an RTP via GPD message (CREATE VALID)
3. Cancel the RTP via GPD message (DELETE) → RTP to RFC_SENT
4. Send DS12N callback with non-existing BIC (MOCKSP99)
5. Verify callback is rejected with 400 (service provider not found)
","1683","Failed RFC callback for non existing Service Provider - DS-12N RJCR compliant","functional-tests.tests.callbacks","2026-08-24","passed","2026-08-24","","test_RTP_callback_DS_12N","",""
"
Test RFC callback DS12P with non-existing service provider.

Flow:
1. Activate payer
2. Send an RTP via GPD message (CREATE VALID)
3. Cancel the RTP via GPD message (DELETE) → RTP to RFC_SENT
4. Send DS12P callback with non-existing BIC (MOCKSP99)
5. Verify callback is rejected with 400 (service provider not found)
","1790","Failed RFC callback for non existing Service Provider - DS-12P CNCL compliant","functional-tests.tests.callbacks","2026-08-24","passed","2026-08-24","","test_RTP_callback_DS_12P","",""
"Test sending an UPDATE operation message with different statuses via GPD message API after a CREATE","2334","An UPDATE message with status VALID after CREATE","functional-tests.tests.process_messages_sender","2026-08-24","passed","2026-08-24","","test_RTP_process_sender_UPDATE","",""
"","2606","An RTP is sent to ICCREA service with activated fiscal code - through Web API","functional-tests.tests.send_rtp","2026-08-24","failed","2026-08-24","","test_RTP_send_ICCREA","",""
"Each entry in ``INVALID_PAYER_IDS`` must be rejected with 400.

The ``description`` parameter appears in pytest output to identify which
case failed without having to inspect the raw value.
","385","Querying activation status with an invalid payerId format returns 400","functional-tests.tests.activation","2026-08-24","passed","2026-08-24","","test_debtor_activation_payer_status","",""
"
Test RFC callback DS12P with INVALID status, cancel via REST Web API.

Flow:
1. Activate payer
2. Send an RTP via GPD message (CREATE VALID)
3. Cancel the RTP via REST cancel endpoint with cancel_reason → RTP to RFC_SENT
4. Send DS12P callback with CxlStsId INVALID
5. Verify callback is rejected with 400
6. Verify RTP status is still RFC_SENT
","2059","An RFC callback DS12P INVALID is rejected with 400 - through Web API cancel","functional-tests.tests.callbacks","2026-08-24","passed","2026-08-24","","test_RTP_callback_DS_12P","",""
"","2251","An RTP sent when EPC response omits _links is in status ACCEPTED","functional-tests.tests.send_rtp","2026-08-24","passed","2026-08-24","","test_RTP_send_MOCK","",""
"","3195","An RTP callback is successfully received with status RJCT","functional-tests.tests.callbacks","2026-08-24","passed","2026-08-24","","test_RTP_callback_DS_08","",""
"Test sending a DELETE operation message via GPD message API after a CREATE VALID + UPDATE","1922","A DELETE message after CREATE VALID + UPDATE VALID","functional-tests.tests.process_messages_sender","2026-08-24","passed","2026-08-24","","test_RTP_process_sender_DELETE","",""
"","388","The activation request must contain a Service Provider ID of valid length","functional-tests.tests.activation","2026-08-24","passed","2026-08-24","","test_debtor_activation_create","",""
"","373","Failed callback for non existing Service Provider - DS-08P compliant","functional-tests.tests.callbacks","2026-08-24","passed","2026-08-24","","test_RTP_callback_DS_08","",""
"","794","Deactivation returns 404 when the token subject does not own the activation's Service Provider ID","functional-tests.tests.activation","2026-08-24","passed","2026-08-24","","test_debtor_deactivation","",""
"Test sending a DELETE operation message via GPD message API after a standalone UPDATE (no prior CREATE)","1273","A DELETE message after standalone UPDATE EXPIRED","functional-tests.tests.process_messages_sender","2026-08-24","passed","2026-08-24","","test_RTP_process_sender_DELETE","",""
"","1821","RTP form is filled and submitted","ux-tests.tests","2026-08-24","passed","2026-08-24","","test_RTP_submission_v3","",""
"","371","RTP cancellation fails with an invalid reason - V2","functional-tests.tests.cancel_rtp","2026-08-24","failed","2026-08-24","","test_RTP_cancel","",""
"Each entry in ``INVALID_PAYER_IDS`` must be rejected with 400.

The ``description`` parameter appears in pytest output to identify which
case failed without having to inspect the raw value.
","387","Querying activation status with an invalid payerId format returns 400","functional-tests.tests.activation","2026-08-24","passed","2026-08-24","","test_debtor_activation_payer_status","",""
"Test sending a CREATE operation message with different statuses via GPD message API","917","A CREATE message with status PUBLISHED","functional-tests.tests.process_messages_sender","2026-08-24","passed","2026-08-24","","test_RTP_process_sender_CREATE","",""
"","894","An RTP is sent through GPD message API","functional-tests.tests.send_rtp","2026-08-24","passed","2026-08-24","","test_RTP_send_MOCK","",""
"Each entry in ``INVALID_PAYER_IDS`` must be rejected with 400.

The ``description`` parameter appears in pytest output to identify which
case failed without having to inspect the raw value.
","372","Querying activation status with an invalid payerId format returns 400","functional-tests.tests.activation","2026-08-24","passed","2026-08-24","","test_debtor_activation_payer_status","",""
"Each entry in ``INVALID_PAYER_IDS`` must be rejected with 400.

The ``description`` parameter appears in pytest output to identify which
case failed without having to inspect the raw value.
","380","Querying activation status with an invalid payerId format returns 400","functional-tests.tests.activation","2026-08-24","passed","2026-08-24","","test_debtor_activation_payer_status","",""
"","564","DS_12P positive RFC v2 callback with Version header returns 400","functional-tests.tests.callbacks_v2","2026-08-24","failed","2026-08-24","","test_RTP_callback_with_version_header","",""
"Test sending an UPDATE after CREATE VALID + DELETE with different statuses","1752","An UPDATE message with status INVALID after CREATE VALID and DELETE","functional-tests.tests.process_messages_sender","2026-08-24","passed","2026-08-24","","test_RTP_process_sender_UPDATE","",""
"","0","DS_document RJCT v2 callback with Version header returns 400","functional-tests.tests.callbacks_v2","2026-08-24","broken","2026-08-24","","test_RTP_callback_with_version_header","",""
"A valid token that carries neither read_rtp_activations nor read_rtp_all must be rejected with 403.","378","Token without read_rtp_activations or read_rtp_all role returns 403 Forbidden","functional-tests.tests.activation","2026-08-24","passed","2026-08-24","","test_debtor_activation_payer_status","",""
"","1662","An RTP sent when EPC response contains an unknown field is ignored and remains in status SENT","functional-tests.tests.send_rtp","2026-08-24","passed","2026-08-24","","test_RTP_send_MOCK","",""
"Test sending a DELETE operation message via GPD message API after a standalone UPDATE (no prior CREATE)","1164","A DELETE message after standalone UPDATE PARTIALLY_PAID","functional-tests.tests.process_messages_sender","2026-08-24","passed","2026-08-24","","test_RTP_process_sender_DELETE","",""
"Test sending a DELETE operation message via GPD message API after a standalone UPDATE (no prior CREATE)","1293","A DELETE message after standalone UPDATE VALID","functional-tests.tests.process_messages_sender","2026-08-24","passed","2026-08-24","","test_RTP_process_sender_DELETE","",""
"","0","DS_08N negative v2 callback with Version header returns 400","functional-tests.tests.callbacks_v2","2026-08-24","broken","2026-08-24","","test_RTP_callback_with_version_header","",""
"Parametrized contract test generated from the Activation API OpenAPI spec.

Schemathesis derives one test case per endpoint defined in the spec, generating
request data (path params, query params, body) that is valid according to the schema.
Each case is executed against the live API and the response is validated with
CONTRACT_CHECKS.
","71516","test_activation_contract[GET /activations/payer]","contract-tests.tests","2026-08-24","passed","2026-08-24","","test_activation","",""
"","778","Find by payer id returns 404 when the token subject does not own the activation's Service Provider ID","functional-tests.tests.activation","2026-08-24","passed","2026-08-24","","test_debtor_activation_get","",""
"
Test v2 RFC callback DS12P with CNCL status.

Flow:
1. Activate payer
2. Send an RTP via GPD message v2 (CREATE VALID)
3. Cancel the RTP via GPD message v2 (DELETE) -> RTP to RFC_SENT
4. Send DS12P callback with CxlStsId CNCL (Cancelled As Per Request)
5. Verify callback is accepted (200)
6. Verify RTP status is CANCELLED
","0","A v2 RFC callback DS12P CNCL is successfully received and RTP status is CANCELLED","functional-tests.tests.callbacks_v2","2026-08-24","broken","2026-08-24","","test_RTP_callback_DS_12P_positive","",""
"","767","Get paginated list of payees successfully","functional-tests.tests.service_registry","2026-08-24","passed","2026-08-24","","test_service_registry_payees_registry","",""
"","385","A Service Provider with invalid client ID is not authenticated on Keycloak","functional-tests.tests.auth","2026-08-24","passed","2026-08-24","","test_auth","",""
"Each entry in ``INVALID_PAYER_IDS`` must be rejected with 400.

The ``description`` parameter appears in pytest output to identify which
case failed without having to inspect the raw value.
","370","Querying activation status with an invalid payerId format returns 400","functional-tests.tests.activation","2026-08-24","passed","2026-08-24","","test_debtor_activation_payer_status","",""
"","2306","An RTP sent with synchronous rejection is in status REJECTED - DS-08P N","functional-tests.tests.send_rtp","2026-08-24","passed","2026-08-24","","test_RTP_send_MOCK","",""
"","480","Sending to non-activated debtor returns 422","functional-tests.tests.send_rtp","2026-08-24","passed","2026-08-24","","test_RTP_send_MOCK","",""
"","1727","An RTP is sent through API - through Web API V2","functional-tests.tests.send_rtp","2026-08-24","passed","2026-08-24","","test_RTP_send_MOCK","",""
"","10860","A v2 redirect RTP callback with invalid status is rejected without affecting the RTP status","functional-tests.tests.callbacks_v2","2026-08-24","failed","2026-08-24","","test_RTP_callback_DS_05_redirect","",""
"
SP A activates the payer.
SP B queries the status → must get isActive=false to avoid disclosing
that the payer is registered under a competitor SP.
","778","A payer active on a different Service Provider returns isActive false (privacy)","functional-tests.tests.activation","2026-08-24","passed","2026-08-24","","test_debtor_activation_payer_status","",""
"
Verify that a debt position can be updated successfully.
","366","Happy path: a debt position is updated in DEV environment","functional-tests.tests.gpd_availability","2026-08-24","failed","2026-08-24","","test_availability_GPD","",""
"The PSP synchronously rejects the cancellation request with 422 (per standard behaviour for the EPC 406 Not Acceptable scenario). The RTP then transitions to ERROR_CANCEL via ERROR_CANCEL_RTP.","2449","Cancelling an RTP - EPC v4 mock unhappy path scenario: epc_406","functional-tests.tests.cancel_rtp","2026-08-24","failed","2026-08-24","","test_RTP_cancel_MOCK_V2","",""
"","932","An RTP is sent to Poste service with activated fiscal code - through Web API V2","functional-tests.tests.send_rtp","2026-08-24","failed","2026-08-24","","test_RTP_send_POSTE","",""
"","916","An RTP is sent through API - through Web API","functional-tests.tests.send_rtp","2026-08-24","passed","2026-08-24","","test_RTP_send_MOCK","",""
"","0","RTP cancellation fails if resource ID does not exist","functional-tests.tests.cancel_rtp","2026-08-24","broken","2026-08-24","","test_RTP_cancel","",""
"Empty OTP should be rejected","407","Test Takeover Fails with Empty OTP","functional-tests.tests.takeover","2026-08-24","passed","2026-08-24","","test_debtor_takeover","",""
"Test sending a CREATE operation message with different statuses via GPD message API","985","A CREATE message with status INVALID","functional-tests.tests.process_messages_sender","2026-08-24","passed","2026-08-24","","test_RTP_process_sender_CREATE","",""
"","403","Retrieving non-existent activation returns 404","functional-tests.tests.activation","2026-08-24","passed","2026-08-24","","test_debtor_activation_get","",""
"Test sending a DELETE operation message via GPD message API after a CREATE","1158","A DELETE message after CREATE INVALID","functional-tests.tests.process_messages_sender","2026-08-24","passed","2026-08-24","","test_RTP_process_sender_DELETE","",""
"
Test RFC callback DS12N with RJCR status applied twice on the same RTP.

Flow:
1. Activate payer
2. Send an RTP via GPD message (CREATE VALID)
3. Cancel the RTP via GPD message (DELETE) -> RTP to RFC_SENT
4. Send DS12N callback with CxlStsId RJCR (Rejected Cancellation Request) -> RTP to ERROR_CANCEL
5. Send the same DS12N RJCR callback again on the already transitioned RTP
6. Verify the second callback is rejected (400) since the transition is no longer valid
7. Verify RTP status remains ERROR_CANCEL
","3820","Failed RFC callback for invalid RTP transition - DS-12N RJCR compliant","functional-tests.tests.callbacks","2026-08-24","passed","2026-08-24","","test_RTP_callback_DS_12N","",""
"","798","A debtor is activated and retrieved by activation id","functional-tests.tests.activation","2026-08-24","passed","2026-08-24","","test_debtor_activation_get","",""
"
Payer activated under SP A.
- SP B (read_rtp_activations): isActive must be false - privacy rule hides cross-SP activation.
- Admin (read_rtp_all): isActive must be true - role grants visibility across all SPs.
Same payer, same endpoint, different roles → different results.
","1168","read_rtp_all role returns isActive true while read_rtp_activations returns false for the same cross-SP payer","functional-tests.tests.activation","2026-08-24","passed","2026-08-24","","test_debtor_activation_payer_status","",""
"","2456","An RTP sent with synchronous rejection is in status REJECTED - DS-08P N - through Web API","functional-tests.tests.send_rtp","2026-08-24","passed","2026-08-24","","test_RTP_send_MOCK","",""
"","372","Sending an RTP when EPC returns a malformed/invalid response body returns 500","functional-tests.tests.send_rtp","2026-08-24","failed","2026-08-24","","test_RTP_send_MOCK","",""
"","1881","An RTP sent with synchronous rejection containing extra fields results in status REJECTED","functional-tests.tests.send_rtp","2026-08-24","passed","2026-08-24","","test_RTP_send_MOCK","",""
"Each entry in ``INVALID_PAYER_IDS`` must be rejected with 400.

The ``description`` parameter appears in pytest output to identify which
case failed without having to inspect the raw value.
","382","Querying activation status with an invalid payerId format returns 400","functional-tests.tests.activation","2026-08-24","failed","2026-08-24","","test_debtor_activation_payer_status","",""
"
Test RFC callback DS12N with RJCR status.

Flow:
1. Activate payer
2. Send an RTP via GPD message (CREATE VALID)
3. Cancel the RTP via GPD message (DELETE) → RTP to RFC_SENT
4. Send DS12N callback with CxlStsId RJCR (Rejected Cancellation Request)
5. Verify callback is accepted (200)
6. Verify RTP status is ERROR_CANCEL
","2669","An RFC callback DS12N RJCR is successfully received and RTP status is ERROR_CANCEL","functional-tests.tests.callbacks","2026-08-24","passed","2026-08-24","","test_RTP_callback_DS_12N","",""
"
Test RFC callback DS12P with CNCL status, cancel triggered via REST Web API with explicit reason.

Flow:
1. Activate payer
2. Send an RTP via GPD message (CREATE VALID)
3. Cancel the RTP via REST cancel endpoint with cancel_reason → RTP to RFC_SENT
4. Send DS12P callback with CxlStsId CNCL (Cancelled As Per Request)
5. Verify callback is accepted (200)
6. Verify RTP status is CANCELLED
","2081","An RFC callback DS12P CNCL is successfully received and RTP status is CANCEL - through Web API cancel","functional-tests.tests.callbacks","2026-08-24","passed","2026-08-24","","test_RTP_callback_DS_12P","",""
"Each entry in ``INVALID_PAYER_IDS`` (see dataset docstring) must be rejected with 400.","385","The activation request must contain a validly formatted fiscal code","functional-tests.tests.activation","2026-08-24","passed","2026-08-24","","test_debtor_activation_create","",""
"","390","Deactivation fails for non-existing activation","functional-tests.tests.activation","2026-08-24","passed","2026-08-24","","test_debtor_deactivation","",""
"Test sending an UPDATE operation message with different statuses via GPD message API after a CREATE","2043","An UPDATE message with status PAID after CREATE","functional-tests.tests.process_messages_sender","2026-08-24","passed","2026-08-24","","test_RTP_process_sender_UPDATE","",""
"","379","Sending an RTP when EPC returns a malformed/invalid response body returns 500 - through Web API","functional-tests.tests.send_rtp","2026-08-24","failed","2026-08-24","","test_RTP_send_MOCK","",""
"","2503","Takeover fails with invalid OTP","bdd-tests","2026-08-24","passed","2026-08-24","Debtor_Activation_Takeover","RTP","",""
"","777","A debtor with VAT number is activated and retrieved by activation id","functional-tests.tests.activation","2026-08-24","passed","2026-08-24","","test_debtor_activation_get","",""
"Each entry in ``INVALID_PAYER_IDS`` (see dataset docstring) must be rejected with 400.","380","The activation request must contain a validly formatted fiscal code","functional-tests.tests.activation","2026-08-24","passed","2026-08-24","","test_debtor_activation_create","",""
"","1881","An RTP is sent to Poste service with activated fiscal code - through Web API","functional-tests.tests.send_rtp","2026-08-24","passed","2026-08-24","","test_RTP_send_POSTE","",""
"","8731","A v2 document RTP callback with invalid status is rejected without affecting the RTP status","functional-tests.tests.callbacks_v2","2026-08-24","failed","2026-08-24","","test_RTP_callback_DS_document_rjct","",""
"
Test RFC callback DS12P with wrong certificate identity, cancel via REST Web API.

Flow:
1. Activate payer
2. Send an RTP via GPD message (CREATE VALID)
3. Cancel the RTP via REST cancel endpoint with cancel_reason → RTP to RFC_SENT
4. Send DS12P callback with assignee_bic='FAKESP01' (doesn't match certificate identity MOCKSP04)
5. Verify callback is rejected with 403 (certificate mismatch)
","2229","Unauthorized RFC callback due to wrong certificate serial - through Web API cancel","functional-tests.tests.callbacks","2026-08-24","passed","2026-08-24","","test_RTP_callback_DS_12P","",""
"DS_08P ACCP callback sent twice on the same RTP (direct SENT -> USER_ACCEPTED).

The second callback must be rejected with 400 since the transition is no
longer valid once the RTP is already USER_ACCEPTED.
","0","Failed v2 callback for invalid RTP transition - DS-08P positive compliant","functional-tests.tests.callbacks_v2","2026-08-24","broken","2026-08-24","","test_RTP_callback_DS_08P_positive","",""
"
Test v2 RFC callback DS12P with non-existing service provider.

Flow:
1. Activate payer
2. Send an RTP via GPD message v2 (CREATE VALID)
3. Cancel the RTP via GPD message v2 (DELETE) -> RTP to RFC_SENT
4. Send DS12P callback with non-existing BIC (MOCKSP99)
5. Verify callback is rejected with 400 (service provider not found)
6. Verify RTP status is still RFC_SENT
","0","Failed v2 RFC callback for non existing Service Provider - DS-12P positive compliant","functional-tests.tests.callbacks_v2","2026-08-24","broken","2026-08-24","","test_RTP_callback_DS_12P_positive","",""
"","785","Sending a GPD message with null operation returns 400","functional-tests.tests.send_rtp","2026-08-24","passed","2026-08-24","","test_RTP_send_MOCK","",""
"","7076","RTP form cancellation with reason PAID","ux-tests.tests","2026-08-24","failed","2026-08-24","","test_RTP_cancel_v3","",""
"Test sending an UPDATE after CREATE VALID + DELETE with different statuses","2275","An UPDATE message with status PAID after CREATE VALID and DELETE","functional-tests.tests.process_messages_sender","2026-08-24","passed","2026-08-24","","test_RTP_process_sender_UPDATE","",""
"","665","Get payees consents with invalid authorization returns 401","functional-tests.tests.service_registry","2026-08-24","passed","2026-08-24","","test_get_payees_consents","",""
"","40156","Get paginated list of OPT_OUT payees consents successfully","functional-tests.tests.service_registry","2026-08-24","failed","2026-08-24","","test_get_payees_consents","",""
"
Test RFC callback DS12N with INVALID status.

Flow:
1. Activate payer
2. Send an RTP via GPD message (CREATE VALID)
3. Cancel the RTP via GPD message (DELETE) → RTP to RFC_SENT
4. Send DS12N callback with CxlStsId INVALID
5. Verify callback is rejected with 400
6. Verify RTP status is still RFC_SENT
","2107","An RFC callback DS12N INVALID is rejected with 400","functional-tests.tests.callbacks","2026-08-24","passed","2026-08-24","","test_RTP_callback_DS_12N","",""
"Test that takeover fails when the service provider is unauthenticated","1131","Test Takeover Fails with Unauthenticated SP","functional-tests.tests.takeover","2026-08-24","passed","2026-08-24","","test_debtor_takeover","",""
"","386","missing token → 401 Unauthorized","functional-tests.tests.get_rtp","2026-08-24","passed","2026-08-24","","test_RTP_get","",""
"Test sending a CREATE operation message with different statuses via GPD message API","880","A CREATE message with status DRAFT","functional-tests.tests.process_messages_sender","2026-08-24","passed","2026-08-24","","test_RTP_process_sender_CREATE","",""
"
Test RFC callback DS12P with INVALID status.

Flow:
1. Activate payer
2. Send an RTP via GPD message (CREATE VALID)
3. Cancel the RTP via GPD message (DELETE) → RTP to RFC_SENT
4. Send DS12P callback with CxlStsId INVALID
5. Verify callback is rejected with 400
6. Verify RTP status is still RFC_SENT
","3261","An RFC callback DS12P INVALID is rejected with 400","functional-tests.tests.callbacks","2026-08-24","passed","2026-08-24","","test_RTP_callback_DS_12P","",""
"Test sending a DELETE operation message via GPD message API after a CREATE","1160","A DELETE message after CREATE PUBLISHED","functional-tests.tests.process_messages_sender","2026-08-24","passed","2026-08-24","","test_RTP_process_sender_DELETE","",""
"","1298","An RTP sent when EPC response omits _links is in status ACCEPTED - through Web API V2","functional-tests.tests.send_rtp","2026-08-24","passed","2026-08-24","","test_RTP_send_MOCK","",""
"","773","Deactivation fails for activation by another service provider","functional-tests.tests.activation","2026-08-24","passed","2026-08-24","","test_debtor_deactivation","",""
"Test sending a DELETE operation message via GPD message API after a standalone UPDATE (no prior CREATE)","1157","A DELETE message after standalone UPDATE PUBLISHED","functional-tests.tests.process_messages_sender","2026-08-24","passed","2026-08-24","","test_RTP_process_sender_DELETE","",""
"","1322","An RTP sent with synchronous rejection containing extra fields results in status SENT - through Web API V2","functional-tests.tests.send_rtp","2026-08-24","passed","2026-08-24","","test_RTP_send_MOCK","",""
"Each entry in ``INVALID_PAYER_IDS`` (see dataset docstring) must be rejected with 400.","374","The activation request must contain a validly formatted fiscal code","functional-tests.tests.activation","2026-08-24","passed","2026-08-24","","test_debtor_activation_create","",""
"","5740","RTP form is filled and submitted","ux-tests.tests","2026-08-24","passed","2026-08-24","","test_RTP_cancel_v3","",""
"
Test RFC callback DS12P with CNCL status, cancel triggered via REST Web API with explicit reason.

Flow:
1. Activate payer
2. Send an RTP via GPD message (CREATE VALID)
3. Cancel the RTP via REST cancel endpoint with cancel_reason → RTP to RFC_SENT
4. Send DS12P callback with CxlStsId CNCL (Cancelled As Per Request)
5. Verify callback is accepted (200)
6. Verify RTP status is CANCELLED
","2117","An RFC callback DS12P CNCL is successfully received and RTP status is CANCEL - through Web API cancel","functional-tests.tests.callbacks","2026-08-24","passed","2026-08-24","","test_RTP_callback_DS_12P","",""
"No `Sts.Conf` confirmation is present (empty JSON object), so only CANCEL_RTP is triggered and the RTP stays in RFC_SENT.","1046","Cancelling an RTP - EPC v4 mock happy path scenario: empty_json_object","functional-tests.tests.cancel_rtp","2026-08-24","failed","2026-08-24","","test_RTP_cancel_MOCK_V2","",""
"Reusing the same OTP after a successful takeover should fail","1733","Test Takeover Fails with Reused OTP","functional-tests.tests.takeover","2026-08-24","passed","2026-08-24","","test_debtor_takeover","",""
"","1786","An RTP sent with synchronous rejection containing extra fields results in status REJECTED - through Web API","functional-tests.tests.send_rtp","2026-08-24","passed","2026-08-24","","test_RTP_send_MOCK","",""
"Active payer identified by an 11-digit Partita IVA → isActive must be true.","763","An active payer with VAT number (Partita IVA) returns isActive true","functional-tests.tests.activation","2026-08-24","passed","2026-08-24","","test_debtor_activation_payer_status","",""
"The PSP synchronously rejects the cancellation request with 422 (per standard behaviour for the EPC 401 Unauthorized scenario). The RTP then transitions to ERROR_CANCEL via ERROR_CANCEL_RTP.","10107","Cancelling an RTP - EPC v4 mock unhappy path scenario: epc_401","functional-tests.tests.cancel_rtp","2026-08-24","failed","2026-08-24","","test_RTP_cancel_MOCK_V2","",""
"","775","A debtor with omocodia fiscal code is activated and retrieved by activation id","functional-tests.tests.activation","2026-08-24","passed","2026-08-24","","test_debtor_activation_get","",""
"Each entry in ``INVALID_PAYER_IDS`` (see dataset docstring) must be rejected with 400.","390","The activation request must contain a validly formatted fiscal code","functional-tests.tests.activation","2026-08-24","passed","2026-08-24","","test_debtor_activation_create","",""
"","1944","An RTP sent with synchronous rejection and missing _links results in status REJECTED - through Web API V2","functional-tests.tests.send_rtp","2026-08-24","passed","2026-08-24","","test_RTP_send_MOCK","",""
"Cancel an RTP (v2) against an EPC v4 mock scenario where the cancel call is accepted (204)
and assert the resulting RTP status.
","0","Cancelling an RTP - EPC v4 mock happy path scenario: minimal_json","functional-tests.tests.cancel_rtp","2026-08-24","broken","2026-08-24","","test_RTP_cancel_MOCK_V2","",""
"Test sending a DELETE operation message via GPD message API after a CREATE VALID + UPDATE","2259","A DELETE message after CREATE VALID + UPDATE INVALID","functional-tests.tests.process_messages_sender","2026-08-24","passed","2026-08-24","","test_RTP_process_sender_DELETE","",""
"DS_08N RJCT callback sent after a prior DS_05 ACTC callback.

The RTP is expected to transition from SENT to ACCEPTED, then to USER_REJECTED.
","10905","A v2 RTP callback with status RJCT after DS_05 transitions the RTP to USER_REJECTED","functional-tests.tests.callbacks_v2","2026-08-24","failed","2026-08-24","","test_RTP_callback_DS_08N_negative","",""
"","1952","Cannot send RTP with expired date","functional-tests.tests.availability","2026-08-24","passed","2026-08-24","","test_availability_CBI","",""
"Each entry in ``INVALID_PAYER_IDS`` must be rejected with 400.

The ``description`` parameter appears in pytest output to identify which
case failed without having to inspect the raw value.
","397","Querying activation status with an invalid payerId format returns 400","functional-tests.tests.activation","2026-08-24","passed","2026-08-24","","test_debtor_activation_payer_status","",""
"Each entry in ``INVALID_PAYER_IDS`` (see dataset docstring) must be rejected with 400.","385","The activation request must contain a validly formatted fiscal code","functional-tests.tests.activation","2026-08-24","passed","2026-08-24","","test_debtor_activation_create","",""
"DS_08P ACCP callback sent directly on a SENT RTP (no prior DS_05 ACTC callback).

The RTP is expected to transition straight from SENT to USER_ACCEPTED.
","0","A v2 RTP callback with status ACCP is successfully received without a prior DS_05 callback","functional-tests.tests.callbacks_v2","2026-08-24","broken","2026-08-24","","test_RTP_callback_DS_08P_positive","",""
"","774","Get list of service providers successfully","functional-tests.tests.service_registry","2026-08-24","passed","2026-08-24","","test_service_registry_service_providers","",""
"Each entry in ``INVALID_PAYER_IDS`` must be rejected with 400.

The ``description`` parameter appears in pytest output to identify which
case failed without having to inspect the raw value.
","370","Querying activation status with an invalid payerId format returns 400","functional-tests.tests.activation","2026-08-24","passed","2026-08-24","","test_debtor_activation_payer_status","",""
"","1887","Takeover fails without authentication","bdd-tests","2026-08-24","passed","2026-08-24","Debtor_Activation_Takeover","RTP","",""
"","394","Non-existent NextActivationId returns 200 with empty body","functional-tests.tests.activation","2026-08-24","passed","2026-08-24","","test_debtor_activation_list","",""
"Each entry in ``INVALID_PAYER_IDS`` (see dataset docstring) must be rejected with 400.","384","The activation request must contain a validly formatted fiscal code","functional-tests.tests.activation","2026-08-24","failed","2026-08-24","","test_debtor_activation_create","",""
"","1146","Whitespaces is allowed in description and company name field","ux-tests.tests","2026-08-24","passed","2026-08-24","","test_RTP_submission_v3","",""
"","1845","SP_B cannot retrieve activation by Fiscal Code created by SP_A","functional-tests.tests.activation","2026-08-24","passed","2026-08-24","","test_RTP_activation_security","",""
"
Test v2 RFC callback DS12N with wrong certificate identity.

Flow:
1. Activate payer
2. Send an RTP via GPD message v2 (CREATE VALID)
3. Cancel the RTP via GPD message v2 (DELETE) -> RTP to RFC_SENT
4. Send DS12N callback with assignee_bic='FAKESP01' (doesn't match certificate identity)
5. Verify callback is rejected with 403 (certificate mismatch)
6. Verify RTP status is still RFC_SENT
","0","Unauthorized v2 RFC callback due to wrong certificate serial","functional-tests.tests.callbacks_v2","2026-08-24","broken","2026-08-24","","test_RTP_callback_DS_12N_negative","",""
"Active payer with a foreign-country fiscal code (Z + 3 digits municipality) → isActive must be true.","777","An active payer with foreign fiscal code returns isActive true","functional-tests.tests.activation","2026-08-24","passed","2026-08-24","","test_debtor_activation_payer_status","",""
"Each entry in ``INVALID_PAYER_IDS`` (see dataset docstring) must be rejected with 400.","374","The activation request must contain a validly formatted fiscal code","functional-tests.tests.activation","2026-08-24","passed","2026-08-24","","test_debtor_activation_create","",""
"","2288","An RTP callback with status REJECTED is successfully received","functional-tests.tests.callbacks","2026-08-24","passed","2026-08-24","","test_RTP_callback_DS_08","",""
"","1911","An RTP sent with synchronous rejection and missing _links results in status REJECTED","functional-tests.tests.send_rtp","2026-08-24","passed","2026-08-24","","test_RTP_send_MOCK","",""
"
Test v2 RFC callback DS12N with RJCR status.

Flow:
1. Activate payer
2. Send an RTP via GPD message v2 (CREATE VALID)
3. Cancel the RTP via GPD message v2 (DELETE) -> RTP to RFC_SENT
4. Send DS12N callback with CxlStsId RJCR (Rejected Cancellation Request)
5. Verify callback is accepted (200)
6. Verify RTP status is CANCELLED_REJECTED
","0","A v2 RFC callback DS12N RJCR is successfully received and RTP status is CANCELLED_REJECTED","functional-tests.tests.callbacks_v2","2026-08-24","broken","2026-08-24","","test_RTP_callback_DS_12N_negative","",""
"","389","Get payees consents with extreme page size returns 400","functional-tests.tests.service_registry","2026-08-24","passed","2026-08-24","","test_get_payees_consents","",""
"Cancel an RTP (v2) against an EPC v4 mock scenario where the cancel call is accepted (204)
and assert the resulting RTP status.
","0","Cancelling an RTP - EPC v4 mock happy path scenario: plain_string","functional-tests.tests.cancel_rtp","2026-08-24","broken","2026-08-24","","test_RTP_cancel_MOCK_V2","",""
"Test sending a DELETE operation message via GPD message API after a standalone UPDATE (no prior CREATE)","1171","A DELETE message after standalone UPDATE INVALID","functional-tests.tests.process_messages_sender","2026-08-24","passed","2026-08-24","","test_RTP_process_sender_DELETE","",""
"
Test RFC callback DS12P with CNCL status.

Flow:
1. Activate payer
2. Send an RTP via GPD message (CREATE VALID)
3. Cancel the RTP via GPD message (DELETE) → RTP to RFC_SENT
4. Send DS12P callback with CxlStsId CNCL (Cancelled As Per Request)
5. Verify callback is accepted (200)
6. Verify RTP status is CANCELLED
","2210","An RFC callback DS12P CNCL is successfully received and RTP status is CANCEL","functional-tests.tests.callbacks","2026-08-24","passed","2026-08-24","","test_RTP_callback_DS_12P","",""
"","3257","A debtor Service Provider activates a debtor","bdd-tests","2026-08-24","passed","2026-08-24","Debtor_Activation","RTP","",""
"The PSP synchronously rejects the cancellation request with 422 (per standard behaviour for the EPC 404 Not Found scenario). The RTP then transitions to ERROR_CANCEL via ERROR_CANCEL_RTP.","10836","Cancelling an RTP - EPC v4 mock unhappy path scenario: epc_404","functional-tests.tests.cancel_rtp","2026-08-24","failed","2026-08-24","","test_RTP_cancel_MOCK_V2","",""
"Test sending a CREATE operation message with a foreign fiscal code via GPD message API","902","A CREATE message with foreign fiscal code is successfully sent through GPD message API","functional-tests.tests.process_messages_sender","2026-08-24","passed","2026-08-24","","test_RTP_process_sender","",""
"","8992","Failed callback for non existing Service Provider - DS-08N negative compliant","functional-tests.tests.callbacks_v2","2026-08-24","failed","2026-08-24","","test_RTP_callback_DS_08N_negative","",""
"
Test v2 RFC callback DS12N with RJCR status applied twice on the same RTP.

Flow:
1. Activate payer
2. Send an RTP via GPD message v2 (CREATE VALID)
3. Cancel the RTP via GPD message v2 (DELETE) -> RTP to RFC_SENT
4. Send DS12N callback with CxlStsId RJCR (Rejected Cancellation Request) -> RTP to CANCELLED_REJECTED
5. Send the same DS12N RJCR callback again on the already transitioned RTP
6. Verify the second callback is rejected (400) since the transition is no longer valid
7. Verify RTP status remains CANCELLED_REJECTED
","0","Failed v2 RFC callback for invalid RTP transition - DS-12N negative compliant","functional-tests.tests.callbacks_v2","2026-08-24","broken","2026-08-24","","test_RTP_callback_DS_12N_negative","",""
"Test sending a DELETE operation message via GPD message API after a CREATE","2039","A DELETE message after CREATE PAID","functional-tests.tests.process_messages_sender","2026-08-24","passed","2026-08-24","","test_RTP_process_sender_DELETE","",""
"Each entry in ``INVALID_PAYER_IDS`` (see dataset docstring) must be rejected with 400.","372","The activation request must contain a validly formatted fiscal code","functional-tests.tests.activation","2026-08-24","passed","2026-08-24","","test_debtor_activation_create","",""
"","408","RTP is successfully retrieved","functional-tests.tests.get_rtp","2026-08-24","failed","2026-08-24","","test_RTP_get","",""
"Each entry in ``INVALID_PAYER_IDS`` (see dataset docstring) must be rejected with 400.","387","The activation request must contain a validly formatted fiscal code","functional-tests.tests.activation","2026-08-24","passed","2026-08-24","","test_debtor_activation_create","",""
"
Given a debtor is activated and a GPD message (CREATE) is sent via POST /gpd/message,
when the rtp-sender processes it and the RTP reaches status SENT,
when the payee queries the delivery-status endpoint with the correct noticeNumber
(nav) and payeeId (ec_tax_code),
then the response body must contain status=PD_RTP_DELIVERED, a non-null processingDate
in ISO 8601 format, and processingDate must match the SEND_RTP event timestamp from
the GPD message response (truncated to millisecond precision).
","7658","GPD message sent → RTP SENT → PD_RTP_DELIVERED with processingDate","functional-tests.tests.get_rtp","2026-08-24","failed","2026-08-24","","test_RTP_get_delivery_status","",""
"Each entry in ``INVALID_PAYER_IDS`` (see dataset docstring) must be rejected with 400.","383","The activation request must contain a validly formatted fiscal code","functional-tests.tests.activation","2026-08-24","passed","2026-08-24","","test_debtor_activation_create","",""
"","1501","An authenticated Service Provider cannot send an RTP to an unactivated debtor","bdd-tests","2026-08-24","passed","2026-08-24","RTP_Sending","RTP","",""
"Cancel an RTP (v2) against an EPC v4 mock error/edge-case scenario and assert both the
cancel call's HTTP status and the resulting RTP status.
","0","Cancelling an RTP - EPC v4 mock unhappy path scenario: cncl_extra_field","functional-tests.tests.cancel_rtp","2026-08-24","broken","2026-08-24","","test_RTP_cancel_MOCK_V2","",""
"","2993","Failed callback for invalid RTP transition - DS-08N compliant","functional-tests.tests.callbacks","2026-08-24","passed","2026-08-24","","test_RTP_callback_DS_08","",""
"","944","Auth endpoint returns valid token","functional-tests.tests.availability","2026-08-24","passed","2026-08-24","","test_availability_CBI","",""
"MOCKSP04 owns MOCKSP01 as well as its own spId; status must reflect the activation either way.","797","An active payer returns isActive true when activated under an owned but distinct Service Provider ID","functional-tests.tests.activation","2026-08-24","passed","2026-08-24","","test_debtor_activation_payer_status","",""
"","3407","An RTP callback with status ACWC is successfully received","functional-tests.tests.callbacks","2026-08-24","passed","2026-08-24","","test_RTP_callback_DS_08","",""
"Test sending a CREATE operation message with an omocodia fiscal code via GPD message API","1056","A CREATE message with omocodia fiscal code is successfully sent through GPD message API","functional-tests.tests.process_messages_sender","2026-08-24","passed","2026-08-24","","test_RTP_process_sender","",""
"","379","A Service Provider with invalid client secret is not authenticated on Keycloak","functional-tests.tests.auth","2026-08-24","passed","2026-08-24","","test_auth","",""
"Each entry in ``INVALID_PAYER_IDS`` must be rejected with 400.

The ``description`` parameter appears in pytest output to identify which
case failed without having to inspect the raw value.
","387","Querying activation status with an invalid payerId format returns 400","functional-tests.tests.activation","2026-08-24","passed","2026-08-24","","test_debtor_activation_payer_status","",""
"","1158","Cannot send RTP with invalid amount","functional-tests.tests.availability","2026-08-24","passed","2026-08-24","","test_availability_CBI","",""
"Test sending a CREATE operation message with different statuses via GPD message API","887","A CREATE message with status PARTIALLY_PAID","functional-tests.tests.process_messages_sender","2026-08-24","passed","2026-08-24","","test_RTP_process_sender_CREATE","",""
"
Test RFC callback DS12N with INVALID status, cancel via REST Web API.

Flow:
1. Activate payer
2. Send an RTP via GPD message (CREATE VALID)
3. Cancel the RTP via REST cancel endpoint with cancel_reason → RTP to RFC_SENT
4. Send DS12N callback with CxlStsId INVALID
5. Verify callback is rejected with 400
6. Verify RTP status is still RFC_SENT
","3543","An RFC callback DS12N INVALID is rejected with 400 - through Web API cancel","functional-tests.tests.callbacks","2026-08-24","passed","2026-08-24","","test_RTP_callback_DS_12N","",""
"
Given an RTP is sent successfully (status SENT) for a given noticeNumber + payeeId,
when the payee queries the delivery-status endpoint with the correct noticeNumber
but a different payeeId,
then the response must be HTTP 200 with status=PD_RTP_NOT_DELIVERED, verifying
that the endpoint filters on both fields.
","431","Existing noticeNumber with wrong payeeId → PD_RTP_NOT_DELIVERED","functional-tests.tests.get_rtp","2026-08-24","failed","2026-08-24","","test_RTP_get_delivery_status","",""
"Each entry in ``INVALID_PAYER_IDS`` must be rejected with 400.

The ``description`` parameter appears in pytest output to identify which
case failed without having to inspect the raw value.
","383","Querying activation status with an invalid payerId format returns 400","functional-tests.tests.activation","2026-08-24","passed","2026-08-24","","test_debtor_activation_payer_status","",""
"
Verify that a debt position can be created and published successfully.
","0","test_create_debt_position[environment_uat]","functional-tests.tests.gpd_availability","2026-08-24","failed","2026-08-24","","test_availability_GPD","",""
"","378","Sending an RTP when EPC returns a malformed/invalid response body returns 500 - through Web API V2","functional-tests.tests.send_rtp","2026-08-24","failed","2026-08-24","","test_RTP_send_MOCK","",""
"","1352","SP_B cannot retrieve activation by Activation ID created by SP_A","functional-tests.tests.activation","2026-08-24","passed","2026-08-24","","test_RTP_activation_security","",""
"Each entry in ``INVALID_PAYER_IDS`` (see dataset docstring) must be rejected with 400.","379","The activation request must contain a validly formatted fiscal code","functional-tests.tests.activation","2026-08-24","passed","2026-08-24","","test_debtor_activation_create","",""
"
Verify that a debt position can be deleted successfully.
","60381","Happy path: a debt position is deleted in DEV environment","functional-tests.tests.gpd_availability","2026-08-24","failed","2026-08-24","","test_availability_GPD","",""
"
Tests that sending an RTP payload with an amount over the POSTE limit results in a 400 Bad Request response.

:param debtor_sp_mock_cert_key: Certificate and key tuple for mutual TLS authentication.
:type debtor_sp_mock_cert_key: Tuple[str, str]
","1507","Cannot send RTP with an amount over the POSTE limit","functional-tests.tests.availability","2026-08-24","failed","2026-08-24","","test_availability_POSTE","",""
"","10119","DS_05 redirect v2 callback with Version header returns 400","functional-tests.tests.callbacks_v2","2026-08-24","failed","2026-08-24","","test_RTP_callback_with_version_header","",""
"
Verify that a debt position can be updated successfully.
","585","Happy path: a debt position is updated in UAT environment","functional-tests.tests.gpd_availability","2026-08-24","failed","2026-08-24","","test_availability_GPD","",""
"
Tests the retrieval of an access token from the POSTE authentication endpoint using client credentials and mutual TLS.

:param debtor_sp_mock_cert_key: Certificate and key tuple for mutual TLS authentication.
:type debtor_sp_mock_cert_key: Tuple[str, str]
","172","Auth endpoint returns valid token","functional-tests.tests.availability","2026-08-24","passed","2026-08-24","","test_availability_POSTE","",""
"","791","A debtor cannot be activated more than once by the same service provider","functional-tests.tests.activation","2026-08-24","passed","2026-08-24","","test_debtor_activation_create","",""
"","2417","An RTP callback is successfully received with status ACCP","functional-tests.tests.callbacks","2026-08-24","passed","2026-08-24","","test_RTP_callback_DS_08","",""
"","0","Failed callback for non existing Service Provider - DS-08P positive compliant","functional-tests.tests.callbacks_v2","2026-08-24","broken","2026-08-24","","test_RTP_callback_DS_08P_positive","",""
"Each entry in ``INVALID_PAYER_IDS`` must be rejected with 400.

The ``description`` parameter appears in pytest output to identify which
case failed without having to inspect the raw value.
","372","Querying activation status with an invalid payerId format returns 400","functional-tests.tests.activation","2026-08-24","passed","2026-08-24","","test_debtor_activation_payer_status","",""
"","455","Get payees with invalid authorization","functional-tests.tests.service_registry","2026-08-24","passed","2026-08-24","","test_service_registry_payees_registry","",""
"Test that takeover fails when an invalid OTP is provided","1382","Test Takeover Fails with Invalid OTP","functional-tests.tests.takeover","2026-08-24","passed","2026-08-24","","test_debtor_takeover","",""
"Payer activated under SP A queried by SP A → isActive must be true.","802","An active payer returns isActive true for the same Service Provider","functional-tests.tests.activation","2026-08-24","passed","2026-08-24","","test_debtor_activation_payer_status","",""
"","381","All auth fixtures expose a valid Bearer token format","functional-tests.tests.auth","2026-08-24","passed","2026-08-24","","test_auth","",""
"","786","Get by activation id returns 404 when the token subject does not own the activation's Service Provider ID","functional-tests.tests.activation","2026-08-24","passed","2026-08-24","","test_debtor_activation_get","",""
"","371","Unauthorized request returns 401","functional-tests.tests.activation","2026-08-24","passed","2026-08-24","","test_debtor_activation_list","",""
"","371","Invalid NextActivationId format returns 400","functional-tests.tests.activation","2026-08-24","passed","2026-08-24","","test_debtor_activation_list","",""
"Cancel an RTP (v2) against an EPC v4 mock error/edge-case scenario and assert both the
cancel call's HTTP status and the resulting RTP status.
","0","Cancelling an RTP - EPC v4 mock unhappy path scenario: epc_422","functional-tests.tests.cancel_rtp","2026-08-24","broken","2026-08-24","","test_RTP_cancel_MOCK_V2","",""
"","0","A Service Provider is authenticated","functional-tests.tests.auth","2026-08-24","passed","2026-08-24","","test_auth","",""
"","1002","A v2 RTP callback with status ACCP is successfully received","functional-tests.tests.callbacks_v2","2026-08-24","failed","2026-08-24","","test_RTP_callback_DS_08P_positive","",""
"","10866","Unauthorized callback due to wrong certificate serial","functional-tests.tests.callbacks_v2","2026-08-24","failed","2026-08-24","","test_RTP_callback_DS_08N_negative","",""
"","1","Successful login","bdd-tests","2026-08-24","passed","2026-08-24","RTP_Web_Sending","RTP","",""
"","4124","A debtor Service Provider successfully takes over an activation from another provider","bdd-tests","2026-08-24","passed","2026-08-24","Debtor_Activation_Takeover","RTP","",""
"Each entry in ``INVALID_PAYER_IDS`` must be rejected with 400.

The ``description`` parameter appears in pytest output to identify which
case failed without having to inspect the raw value.
","380","Querying activation status with an invalid payerId format returns 400","functional-tests.tests.activation","2026-08-24","passed","2026-08-24","","test_debtor_activation_payer_status","",""
"
DS_08N callback sent with the Version header must be rejected with 400.
The RTP must remain in SENT (transition to REJECTED must not happen).

Flow:
1. Activate payer and send an RTP → resource_id
2. Build a valid DS_08N payload referencing the RTP
3. POST to callback endpoint WITH Version header
4. Verify 400 is returned with the expected error body
5. Verify RTP status is still SENT
","2456","DS_08N callback with Version header returns 400","functional-tests.tests.callbacks","2026-08-24","passed","2026-08-24","","test_RTP_callback_with_version_header","",""
"","1286","An RTP sent with synchronous acceptance is in status ACCEPTED - DS-05 ACTC - through Web API","functional-tests.tests.send_rtp","2026-08-24","passed","2026-08-24","","test_RTP_send_MOCK","",""
"Cancel an RTP (v2) against an EPC v4 mock error/edge-case scenario and assert both the
cancel call's HTTP status and the resulting RTP status.
","0","Cancelling an RTP - EPC v4 mock unhappy path scenario: malformed_string","functional-tests.tests.cancel_rtp","2026-08-24","broken","2026-08-24","","test_RTP_cancel_MOCK_V2","",""
"Test sending an UPDATE operation message with different statuses via GPD message API after a CREATE","1295","An UPDATE message with status DRAFT after CREATE","functional-tests.tests.process_messages_sender","2026-08-24","passed","2026-08-24","","test_RTP_process_sender_UPDATE","",""
"Test sending a DELETE operation message via GPD message API after a standalone UPDATE (no prior CREATE)","1177","A DELETE message after standalone UPDATE PAID","functional-tests.tests.process_messages_sender","2026-08-24","passed","2026-08-24","","test_RTP_process_sender_DELETE","",""
"","350","Retrieving activation without valid token returns 401","functional-tests.tests.activation","2026-08-24","passed","2026-08-24","","test_debtor_activation_get","",""
"","772","A debtor with VAT number (Partita IVA) is activated successfully","functional-tests.tests.activation","2026-08-24","passed","2026-08-24","","test_debtor_activation_create","",""
"","1243","An RTP sent with synchronous acceptance is in status ACCEPTED - DS-05 ACTC","functional-tests.tests.send_rtp","2026-08-24","passed","2026-08-24","","test_RTP_send_MOCK","",""
"OTP bound to payer1 should not work for payer2","1253","Test Takeover Fails with OTP Bound to Different Payer","functional-tests.tests.takeover","2026-08-24","passed","2026-08-24","","test_debtor_takeover","",""
"Each entry in ``INVALID_PAYER_IDS`` must be rejected with 400.

The ``description`` parameter appears in pytest output to identify which
case failed without having to inspect the raw value.
","391","Querying activation status with an invalid payerId format returns 400","functional-tests.tests.activation","2026-08-24","passed","2026-08-24","","test_debtor_activation_payer_status","",""
"","1484","An RTP is sent through ICCREA API","functional-tests.tests.availability","2026-08-24","passed","2026-08-24","","test_availability_ICCREA","",""
"","2160","An RTP sent with synchronous rejection is in status REJECTED - DS-08P N - through Web API V2","functional-tests.tests.send_rtp","2026-08-24","passed","2026-08-24","","test_RTP_send_MOCK","",""
"","2022","A debtor Service Provider cannot send an RTP","bdd-tests","2026-08-24","passed","2026-08-24","RTP_Sending","RTP","",""
"","766","Sending a GPD message with null id returns 400","functional-tests.tests.send_rtp","2026-08-24","passed","2026-08-24","","test_RTP_send_MOCK","",""
"MOCKSP04 owns MOCKSP01 and triggers the OTP; FAKESP01, which owns neither, must be rejected
with an explicit ownership error, not merely a generic 403.","1271","Test Takeover Fails when Redeemer Does Not Own the OTP's Service Provider ID","functional-tests.tests.takeover","2026-08-24","passed","2026-08-24","","test_debtor_takeover","",""
"Each entry in ``INVALID_PAYER_IDS`` must be rejected with 400.

The ``description`` parameter appears in pytest output to identify which
case failed without having to inspect the raw value.
","381","Querying activation status with an invalid payerId format returns 400","functional-tests.tests.activation","2026-08-24","passed","2026-08-24","","test_debtor_activation_payer_status","",""
"
Test v2 RFC callback DS12P with CNCL status applied twice on the same RTP.

Flow:
1. Activate payer
2. Send an RTP via GPD message v2 (CREATE VALID)
3. Cancel the RTP via GPD message v2 (DELETE) -> RTP to RFC_SENT
4. Send DS12P callback with CxlStsId CNCL (Cancelled As Per Request) -> RTP to CANCELLED
5. Send the same DS12P CNCL callback again on the already cancelled RTP
6. Verify the second callback is rejected (400) since the transition is no longer valid
7. Verify RTP status remains CANCELLED
","0","Failed v2 RFC callback for invalid RTP transition - DS-12P positive compliant","functional-tests.tests.callbacks_v2","2026-08-24","broken","2026-08-24","","test_RTP_callback_DS_12P_positive","",""
"
Test RFC callback DS12N with wrong certificate identity.

Flow:
1. Activate payer
2. Send an RTP via GPD message (CREATE VALID)
3. Cancel the RTP via GPD message (DELETE) → RTP to RFC_SENT
4. Send DS12N callback with assignee_bic='FAKESP01' (doesn't match certificate identity MOCKSP04)
5. Verify callback is rejected with 403 (certificate mismatch)
","1715","Unauthorized RFC callback due to wrong certificate serial","functional-tests.tests.callbacks","2026-08-24","passed","2026-08-24","","test_RTP_callback_DS_12N","",""
"Test sending an UPDATE after CREATE VALID + DELETE with different statuses","1697","An UPDATE message with status EXPIRED after CREATE VALID and DELETE","functional-tests.tests.process_messages_sender","2026-08-24","passed","2026-08-24","","test_RTP_process_sender_UPDATE","",""
"Cancel an RTP (v2) against an EPC v4 mock error/edge-case scenario and assert both the
cancel call's HTTP status and the resulting RTP status.
","0","Cancelling an RTP - EPC v4 mock unhappy path scenario: epc_415","functional-tests.tests.cancel_rtp","2026-08-24","broken","2026-08-24","","test_RTP_cancel_MOCK_V2","",""
"","1834","An RTP sent with synchronous rejection and missing _links results in status REJECTED - through Web API","functional-tests.tests.send_rtp","2026-08-24","passed","2026-08-24","","test_RTP_send_MOCK","",""
"DS_08N RJCT callback sent twice on the same RTP (direct SENT -> REJECTED).

The second callback must be rejected with 400 since the transition is no
longer valid once the RTP is already REJECTED.
","8198","Failed v2 callback for invalid RTP transition - DS-08N negative compliant","functional-tests.tests.callbacks_v2","2026-08-24","failed","2026-08-24","","test_RTP_callback_DS_08N_negative","",""
"Test sending a DELETE operation message via GPD message API after a CREATE VALID + UPDATE","1722","A DELETE message after CREATE VALID + UPDATE DRAFT","functional-tests.tests.process_messages_sender","2026-08-24","passed","2026-08-24","","test_RTP_process_sender_DELETE","",""
"","1003","DS_08P positive v2 callback with Version header returns 400","functional-tests.tests.callbacks_v2","2026-08-24","failed","2026-08-24","","test_RTP_callback_with_version_header","",""
"Each entry in ``INVALID_PAYER_IDS`` (see dataset docstring) must be rejected with 400.","381","The activation request must contain a validly formatted fiscal code","functional-tests.tests.activation","2026-08-24","passed","2026-08-24","","test_debtor_activation_create","",""
"","376","Non-integer size returns 400","functional-tests.tests.activation","2026-08-24","passed","2026-08-24","","test_debtor_activation_list","",""
"","379","Sending an RTP when EPC returns an unexpected status code error (RTP_05.CHK.A0007) returns 500 - through Web API","functional-tests.tests.send_rtp","2026-08-24","failed","2026-08-24","","test_RTP_send_MOCK","",""
"","9573","An RTP is sent to a CBI service with activated fiscal code - through Web API","functional-tests.tests.send_rtp","2026-08-24","passed","2026-08-24","","test_RTP_send_CBI","",""
"Missing or invalid Bearer token → the endpoint must return 401.","363","Querying activation status without a valid token returns 401","functional-tests.tests.activation","2026-08-24","passed","2026-08-24","","test_debtor_activation_payer_status","",""
"Test sending an UPDATE after CREATE VALID + DELETE with different statuses","1696","An UPDATE message with status PUBLISHED after CREATE VALID and DELETE","functional-tests.tests.process_messages_sender","2026-08-24","passed","2026-08-24","","test_RTP_process_sender_UPDATE","",""
"","810","A debtor activated with an owned but distinct Service Provider ID is retrieved by activation id","functional-tests.tests.activation","2026-08-24","passed","2026-08-24","","test_debtor_activation_get","",""
"","459","Failed callback for non existing Service Provider - DS-04b compliant","functional-tests.tests.callbacks","2026-08-24","passed","2026-08-24","","test_RTP_callback_DS_04","",""
"","392","All auth fixtures expose a valid Bearer token format","functional-tests.tests.auth","2026-08-24","passed","2026-08-24","","test_auth","",""
