"DESCRIPTION","DURATION IN MS","NAME","PARENT SUITE","START TIME","STATUS","STOP TIME","SUB SUITE","SUITE","TEST CLASS","TEST METHOD"
"
Test RFC callback DS12P with non-existing service provider.

Flow:
1. Activate payer
2. Send an RTP via GPD message (CREATE VALID)
3. Cancel the RTP via GPD message (DELETE) → RTP to RFC_SENT
4. Send DS12P callback with non-existing BIC (MOCKSP99)
5. Verify callback is rejected with 400 (service provider not found)
","2241","Failed RFC callback for non existing Service Provider - DS-12P CNCL compliant","functional-tests.tests.callbacks","2026-09-07","passed","2026-09-07","","test_RTP_callback_DS_12P","",""
"","942","Sending a GPD message with null id returns 400","functional-tests.tests.send_rtp","2026-09-07","passed","2026-09-07","","test_RTP_send_MOCK","",""
"Each entry in ``INVALID_PAYER_IDS`` (see dataset docstring) must be rejected with 400.","602","The activation request must contain a validly formatted fiscal code","functional-tests.tests.activation","2026-09-07","passed","2026-09-07","","test_debtor_activation_create","",""
"","477","Retrieving activation with malformed payer id returns 400","functional-tests.tests.activation","2026-09-07","passed","2026-09-07","","test_debtor_activation_get","",""
"Test sending a DELETE operation message via GPD message API after a standalone UPDATE (no prior CREATE)","1480","A DELETE message after standalone UPDATE EXPIRED","functional-tests.tests.process_messages_sender","2026-09-07","passed","2026-09-07","","test_RTP_process_sender_DELETE","",""
"Each entry in ``INVALID_PAYER_IDS`` must be rejected with 400.

The ``description`` parameter appears in pytest output to identify which
case failed without having to inspect the raw value.
","499","Querying activation status with an invalid payerId format returns 400","functional-tests.tests.activation","2026-09-07","passed","2026-09-07","","test_debtor_activation_payer_status","",""
"","490","Invalid NextActivationId format returns 400","functional-tests.tests.activation","2026-09-07","passed","2026-09-07","","test_debtor_activation_list","",""
"","1111","An RTP is sent through GPD message API","functional-tests.tests.send_rtp","2026-09-07","passed","2026-09-07","","test_RTP_send_MOCK","",""
"","488","All auth fixtures expose a valid Bearer token format","functional-tests.tests.auth","2026-09-07","passed","2026-09-07","","test_auth","",""
"
Test RFC callback DS12N with INVALID status, cancel via REST Web API.

Flow:
1. Activate payer
2. Send an RTP via GPD message (CREATE VALID)
3. Cancel the RTP via REST cancel endpoint with cancel_reason → RTP to RFC_SENT
4. Send DS12N callback with CxlStsId INVALID
5. Verify callback is rejected with 400
6. Verify RTP status is still RFC_SENT
","2520","An RFC callback DS12N INVALID is rejected with 400 - through Web API cancel","functional-tests.tests.callbacks","2026-09-07","passed","2026-09-07","","test_RTP_callback_DS_12N","",""
"","2577","An RTP callback with status ACWC is successfully received","functional-tests.tests.callbacks","2026-09-07","passed","2026-09-07","","test_RTP_callback_DS_08","",""
"","491","The activation request must contain a validly formatted Service Provider ID","functional-tests.tests.activation","2026-09-07","passed","2026-09-07","","test_debtor_activation_create","",""
"Active payer with omocodia fiscal code (digit substitution) → isActive must be true.","965","An active payer with omocodia fiscal code returns isActive true","functional-tests.tests.activation","2026-09-07","passed","2026-09-07","","test_debtor_activation_payer_status","",""
"","2602","An RTP sent with synchronous rejection and missing _links results in status REJECTED - through Web API V2","functional-tests.tests.send_rtp","2026-09-07","passed","2026-09-07","","test_RTP_send_MOCK","",""
"The PSP synchronously rejects the cancellation request with 422 (per standard behaviour for the EPC 429 Too Many Requests scenario). The RTP then transitions to ERROR_CANCEL via ERROR_CANCEL_RTP.","11463","Cancelling an RTP - EPC v4 mock unhappy path scenario: epc_429","functional-tests.tests.cancel_rtp","2026-09-07","passed","2026-09-07","","test_RTP_cancel_MOCK_V2","",""
"","1006","A debtor with VAT number is activated and retrieved by activation id","functional-tests.tests.activation","2026-09-07","passed","2026-09-07","","test_debtor_activation_get","",""
"Querying activation status with an empty payerId must be rejected with 404.","482","Querying activation status with an empty payerId returns 404","functional-tests.tests.activation","2026-09-07","passed","2026-09-07","","test_debtor_activation_payer_status","",""
"","3334","A v2 redirect RTP callback with status ACTC is successfully received","functional-tests.tests.callbacks_v2","2026-09-07","passed","2026-09-07","","test_RTP_callback_DS_05_redirect","",""
"","983","A debtor with omocodia fiscal code is activated successfully","functional-tests.tests.activation","2026-09-07","passed","2026-09-07","","test_debtor_activation_create","",""
"Test that takeover fails when an invalid OTP is provided","1487","Test Takeover Fails with Invalid OTP","functional-tests.tests.takeover","2026-09-07","passed","2026-09-07","","test_debtor_takeover","",""
"Each entry in ``INVALID_PAYER_IDS`` must be rejected with 400.

The ``description`` parameter appears in pytest output to identify which
case failed without having to inspect the raw value.
","451","Querying activation status with an invalid payerId format returns 400","functional-tests.tests.activation","2026-09-07","passed","2026-09-07","","test_debtor_activation_payer_status","",""
"Test sending an UPDATE operation message with different statuses via GPD message API after a CREATE","1692","An UPDATE message with status VALID after CREATE","functional-tests.tests.process_messages_sender","2026-09-07","passed","2026-09-07","","test_RTP_process_sender_UPDATE","",""
"","493","Deactivation fails for non-existing activation","functional-tests.tests.activation","2026-09-07","passed","2026-09-07","","test_debtor_deactivation","",""
"Test sending an UPDATE after CREATE VALID + DELETE with different statuses","2085","An UPDATE message with status VALID after CREATE VALID and DELETE","functional-tests.tests.process_messages_sender","2026-09-07","passed","2026-09-07","","test_RTP_process_sender_UPDATE","",""
"","1858","Takeover fails without authentication","bdd-tests","2026-09-07","passed","2026-09-07","Debtor_Activation_Takeover","RTP","",""
"","982","A debtor with foreign fiscal code is activated and retrieved by activation id","functional-tests.tests.activation","2026-09-07","passed","2026-09-07","","test_debtor_activation_get","",""
"
Test RFC callback DS12P with INVALID status, cancel via REST Web API.

Flow:
1. Activate payer
2. Send an RTP via GPD message (CREATE VALID)
3. Cancel the RTP via REST cancel endpoint with cancel_reason → RTP to RFC_SENT
4. Send DS12P callback with CxlStsId INVALID
5. Verify callback is rejected with 400
6. Verify RTP status is still RFC_SENT
","2569","An RFC callback DS12P INVALID is rejected with 400 - through Web API cancel","functional-tests.tests.callbacks","2026-09-07","passed","2026-09-07","","test_RTP_callback_DS_12P","",""
"Test sending a DELETE operation message via GPD message API after a CREATE","2403","A DELETE message after CREATE DRAFT","functional-tests.tests.process_messages_sender","2026-09-07","passed","2026-09-07","","test_RTP_process_sender_DELETE","",""
"Each entry in ``INVALID_PAYER_IDS`` (see dataset docstring) must be rejected with 400.","608","The activation request must contain a validly formatted fiscal code","functional-tests.tests.activation","2026-09-07","failed","2026-09-07","","test_debtor_activation_create","",""
"The PSP synchronously rejects the cancellation request with 422 (per standard behaviour for the EPC 410 Gone scenario). The RTP then transitions to ERROR_CANCEL via ERROR_CANCEL_RTP.","3823","Cancelling an RTP - EPC v4 mock unhappy path scenario: epc_410","functional-tests.tests.cancel_rtp","2026-09-07","passed","2026-09-07","","test_RTP_cancel_MOCK_V2","",""
"
Test RFC callback DS12P with wrong certificate identity.

Flow:
1. Activate payer
2. Send an RTP via GPD message (CREATE VALID)
3. Cancel the RTP via GPD message (DELETE) → RTP to RFC_SENT
4. Send DS12P callback with assignee_bic='FAKESP01' (doesn't match certificate identity MOCKSP04)
5. Verify callback is rejected with 403 (certificate mismatch)
","2004","Unauthorized RFC callback due to wrong certificate serial","functional-tests.tests.callbacks","2026-09-07","passed","2026-09-07","","test_RTP_callback_DS_12P","",""
"Each entry in ``INVALID_PAYER_IDS`` (see dataset docstring) must be rejected with 400.","506","The activation request must contain a validly formatted fiscal code","functional-tests.tests.activation","2026-09-07","passed","2026-09-07","","test_debtor_activation_create","",""
"Test sending an UPDATE after CREATE VALID + DELETE with different statuses","2943","An UPDATE message with status DRAFT after CREATE VALID and DELETE","functional-tests.tests.process_messages_sender","2026-09-07","passed","2026-09-07","","test_RTP_process_sender_UPDATE","",""
"The ownership check fails the same way whether the target spId belongs to someone else
or doesn't exist in the registry at all - NOEXIT00 is not a real Service Provider ID.","500","Activation is forbidden with the same error code for a Service Provider ID absent from the registry","functional-tests.tests.activation","2026-09-07","passed","2026-09-07","","test_debtor_activation_create","",""
"","28535","An RTP is sent through CBI API","functional-tests.tests.availability","2026-09-07","passed","2026-09-07","","test_availability_CBI","",""
"","2084","An RTP callback with status ACTC is successfully received","functional-tests.tests.callbacks","2026-09-07","passed","2026-09-07","","test_RTP_callback_DS_05","",""
"Test sending an UPDATE operation message with different statuses via GPD message API before a CREATE","951","An UPDATE message with status INVALID before CREATE","functional-tests.tests.process_messages_sender","2026-09-07","passed","2026-09-07","","test_RTP_process_sender_UPDATE_before_CREATE","",""
"Test sending a CREATE operation message with different statuses via GPD message API","1122","A CREATE message with status EXPIRED","functional-tests.tests.process_messages_sender","2026-09-07","passed","2026-09-07","","test_RTP_process_sender_CREATE","",""
"Each entry in ``INVALID_PAYER_IDS`` must be rejected with 400.

The ``description`` parameter appears in pytest output to identify which
case failed without having to inspect the raw value.
","484","Querying activation status with an invalid payerId format returns 400","functional-tests.tests.activation","2026-09-07","passed","2026-09-07","","test_debtor_activation_payer_status","",""
"
Payer activated under SP A.
Token with read_rtp_all can read across all Service Providers:
the admin client sub does not match SP A, yet isActive must be true.
","1534","read_rtp_all role returns isActive true for a payer on any Service Provider","functional-tests.tests.activation","2026-09-07","passed","2026-09-07","","test_debtor_activation_payer_status","",""
"Test sending a CREATE operation message with a foreign fiscal code via GPD message API","1670","A CREATE message with foreign fiscal code is successfully sent through GPD message API","functional-tests.tests.process_messages_sender","2026-09-07","passed","2026-09-07","","test_RTP_process_sender","",""
"Payer that has never been activated → isActive must be false.","477","test_get_activation_status_not_active_payer","functional-tests.tests.activation","2026-09-07","passed","2026-09-07","","test_debtor_activation_payer_status","",""
"The PSP synchronously rejects the cancellation request with 422 (per standard behaviour for the EPC 401 Unauthorized scenario). The RTP then transitions to ERROR_CANCEL via ERROR_CANCEL_RTP.","2686","Cancelling an RTP - EPC v4 mock unhappy path scenario: epc_401","functional-tests.tests.cancel_rtp","2026-09-07","passed","2026-09-07","","test_RTP_cancel_MOCK_V2","",""
"","504","Find by payer id request must contain lower case fiscal code","functional-tests.tests.activation","2026-09-07","passed","2026-09-07","","test_debtor_activation_create","",""
"","2826","RTP form cancellation with reason MODT","ux-tests.tests","2026-09-07","passed","2026-09-07","","test_RTP_cancel_v4","",""
"MOCKSP04 owns MOCKSP01 as well as its own spId; status must reflect the activation either way.","960","An active payer returns isActive true when activated under an owned but distinct Service Provider ID","functional-tests.tests.activation","2026-09-07","passed","2026-09-07","","test_debtor_activation_payer_status","",""
"Each entry in ``INVALID_PAYER_IDS`` (see dataset docstring) must be rejected with 400.","658","The activation request must contain a validly formatted fiscal code","functional-tests.tests.activation","2026-09-07","passed","2026-09-07","","test_debtor_activation_create","",""
"
Test RFC callback DS12P with CNCL status, cancel triggered via REST Web API with explicit reason.

Flow:
1. Activate payer
2. Send an RTP via GPD message (CREATE VALID)
3. Cancel the RTP via REST cancel endpoint with cancel_reason → RTP to RFC_SENT
4. Send DS12P callback with CxlStsId CNCL (Cancelled As Per Request)
5. Verify callback is accepted (200)
6. Verify RTP status is CANCELLED
","2837","An RFC callback DS12P CNCL is successfully received and RTP status is CANCEL - through Web API cancel","functional-tests.tests.callbacks","2026-09-07","passed","2026-09-07","","test_RTP_callback_DS_12P","",""
"Payer activated then deactivated by SP A → isActive must be false.","1626","A deactivated payer returns isActive false","functional-tests.tests.activation","2026-09-07","passed","2026-09-07","","test_debtor_activation_payer_status","",""
"","4230","Failed callback for invalid RTP transition - DS-08P RJCT compliant","functional-tests.tests.callbacks","2026-09-07","passed","2026-09-07","","test_RTP_callback_DS_08","",""
"Test sending a CREATE operation message with an omocodia fiscal code via GPD message API","2764","A CREATE message with omocodia fiscal code is successfully sent through GPD message API","functional-tests.tests.process_messages_sender","2026-09-07","passed","2026-09-07","","test_RTP_process_sender","",""
"Test sending a CREATE operation message with different statuses via GPD message API","1204","A CREATE message with status DRAFT","functional-tests.tests.process_messages_sender","2026-09-07","passed","2026-09-07","","test_RTP_process_sender_CREATE","",""
"MOCKSP04 owns MOCKSP01 and triggers the OTP; FAKESP01, which owns neither, must be rejected
with an explicit ownership error, not merely a generic 403.","2243","Test Takeover Fails when Redeemer Does Not Own the OTP's Service Provider ID","functional-tests.tests.takeover","2026-09-07","passed","2026-09-07","","test_debtor_takeover","",""
"No `Sts.Conf` confirmation is present (minimal JSON without Sts), so only CANCEL_RTP is triggered and the RTP stays in RFC_SENT.","3031","Cancelling an RTP - EPC v4 mock happy path scenario: minimal_json","functional-tests.tests.cancel_rtp","2026-09-07","passed","2026-09-07","","test_RTP_cancel_MOCK_V2","",""
"Test sending a DELETE operation message via GPD message API after a CREATE VALID + UPDATE","3711","A DELETE message after CREATE VALID + UPDATE PAID","functional-tests.tests.process_messages_sender","2026-09-07","passed","2026-09-07","","test_RTP_process_sender_DELETE","",""
"Each entry in ``INVALID_PAYER_IDS`` (see dataset docstring) must be rejected with 400.","952","The activation request must contain a validly formatted fiscal code","functional-tests.tests.activation","2026-09-07","passed","2026-09-07","","test_debtor_activation_create","",""
"","452","Get payees consents with extreme page size returns 400","functional-tests.tests.service_registry","2026-09-07","passed","2026-09-07","","test_get_payees_consents","",""
"","487","A Service Provider with invalid client ID is not authenticated on Keycloak","functional-tests.tests.auth","2026-09-07","passed","2026-09-07","","test_auth","",""
"Each entry in ``INVALID_PAYER_IDS`` must be rejected with 400.

The ``description`` parameter appears in pytest output to identify which
case failed without having to inspect the raw value.
","460","Querying activation status with an invalid payerId format returns 400","functional-tests.tests.activation","2026-09-07","passed","2026-09-07","","test_debtor_activation_payer_status","",""
"
Verify that a debt position can be deleted successfully.
","2459","Happy path: a debt position is deleted in DEV environment","functional-tests.tests.gpd_availability","2026-09-07","passed","2026-09-07","","test_availability_GPD","",""
"UPDATE VALID with an ec_tax_code that does not exist in GPD returns 422 Payee not found","974","An UPDATE VALID message with a non-existent ec_tax_code is rejected","functional-tests.tests.process_messages_sender","2026-09-07","passed","2026-09-07","","test_RTP_process_sender_UPDATE","",""
"Empty OTP should be rejected","500","Test Takeover Fails with Empty OTP","functional-tests.tests.takeover","2026-09-07","passed","2026-09-07","","test_debtor_takeover","",""
"Test sending a DELETE operation message via GPD message API after a CREATE","1528","A DELETE message after CREATE PAID","functional-tests.tests.process_messages_sender","2026-09-07","passed","2026-09-07","","test_RTP_process_sender_DELETE","",""
"
Test v2 RFC callback DS12P with INVALID status.

Flow:
1. Activate payer
2. Send an RTP via GPD message v2 (CREATE VALID)
3. Cancel the RTP via GPD message v2 (DELETE) -> RTP to RFC_SENT
4. Send DS12P callback with CxlStsId INVALID
5. Verify callback is rejected with 400
6. Verify RTP status is still RFC_SENT
","3058","A v2 RFC callback DS12P INVALID is rejected with 400","functional-tests.tests.callbacks_v2","2026-09-07","passed","2026-09-07","","test_RTP_callback_DS_12P_positive","",""
"","545","A Service Provider tries to activates a debtor without having the correct credentials","bdd-tests","2026-09-07","passed","2026-09-07","Debtor_Activation","RTP","",""
"The response body is not a recognizable cancellation confirmation (quoted plain string), so the RTP stays in RFC_SENT.","2503","Cancelling an RTP - EPC v4 mock happy path scenario: plain_string","functional-tests.tests.cancel_rtp","2026-09-07","passed","2026-09-07","","test_RTP_cancel_MOCK_V2","",""
"","565","Sending to non-activated debtor returns 422","functional-tests.tests.send_rtp","2026-09-07","passed","2026-09-07","","test_RTP_send_MOCK","",""
"","467","The service returns the mocked server error","functional-tests.tests.availability","2026-09-07","passed","2026-09-07","","test_availability_MOCK","",""
"A valid token that carries neither read_rtp_activations nor read_rtp_all must be rejected with 403.","523","Token without read_rtp_activations or read_rtp_all role returns 403 Forbidden","functional-tests.tests.activation","2026-09-07","passed","2026-09-07","","test_debtor_activation_payer_status","",""
"","2071","Failed callback for non existing Service Provider - DS-08P positive compliant","functional-tests.tests.callbacks_v2","2026-09-07","passed","2026-09-07","","test_RTP_callback_DS_08P_positive","",""
"","973","Sending a GPD message with null operation returns 400","functional-tests.tests.send_rtp","2026-09-07","passed","2026-09-07","","test_RTP_send_MOCK","",""
"","2132","Unauthorized callback due to wrong certificate serial","functional-tests.tests.callbacks_v2","2026-09-07","passed","2026-09-07","","test_RTP_callback_DS_08N_negative","",""
"","3096","Failed v2 redirect callback for invalid RTP transition - DS-05 ACTC compliant","functional-tests.tests.callbacks_v2","2026-09-07","passed","2026-09-07","","test_RTP_callback_DS_05_redirect","",""
"Each entry in ``INVALID_PAYER_IDS`` (see dataset docstring) must be rejected with 400.","476","The activation request must contain a validly formatted fiscal code","functional-tests.tests.activation","2026-09-07","passed","2026-09-07","","test_debtor_activation_create","",""
"
Test v2 RFC callback DS12P with CNCL status.

Flow:
1. Activate payer
2. Send an RTP via GPD message v2 (CREATE VALID)
3. Cancel the RTP via GPD message v2 (DELETE) -> RTP to RFC_SENT
4. Send DS12P callback with CxlStsId CNCL (Cancelled As Per Request)
5. Verify callback is accepted (200)
6. Verify RTP status is CANCELLED
","2887","A v2 RFC callback DS12P CNCL is successfully received and RTP status is CANCELLED","functional-tests.tests.callbacks_v2","2026-09-07","passed","2026-09-07","","test_RTP_callback_DS_12P_positive","",""
"
Test v2 RFC callback DS12N with non-existing service provider.

Flow:
1. Activate payer
2. Send an RTP via GPD message v2 (CREATE VALID)
3. Cancel the RTP via GPD message v2 (DELETE) -> RTP to RFC_SENT
4. Send DS12N callback with non-existing BIC (MOCKSP99)
5. Verify callback is rejected with 400 (service provider not found)
6. Verify RTP status is still RFC_SENT
","4838","Failed v2 RFC callback for non existing Service Provider - DS-12N negative compliant","functional-tests.tests.callbacks_v2","2026-09-07","passed","2026-09-07","","test_RTP_callback_DS_12N_negative","",""
"","2323","An authenticated creditor Service Provider can send an RTP to an activated debtor","bdd-tests","2026-09-07","passed","2026-09-07","RTP_Sending","RTP","",""
"","1216","Non-existent NextActivationId returns 200 with empty body","functional-tests.tests.activation","2026-09-07","passed","2026-09-07","","test_debtor_activation_list","",""
"Test sending an UPDATE operation message with different statuses via GPD message API before a CREATE","1005","An UPDATE message with status PAID before CREATE","functional-tests.tests.process_messages_sender","2026-09-07","passed","2026-09-07","","test_RTP_process_sender_UPDATE_before_CREATE","",""
"
DS_08N callback sent with the Version header must be rejected with 400.
The RTP must remain in SENT (transition to REJECTED must not happen).

Flow:
1. Activate payer and send an RTP → resource_id
2. Build a valid DS_08N payload referencing the RTP
3. POST to callback endpoint WITH Version header
4. Verify 400 is returned with the expected error body
5. Verify RTP status is still SENT
","2040","DS_08N callback with Version header returns 400","functional-tests.tests.callbacks","2026-09-07","passed","2026-09-07","","test_RTP_callback_with_version_header","",""
"Test sending an UPDATE operation message with different statuses via GPD message API before a CREATE","990","An UPDATE message with status PARTIALLY_PAID before CREATE","functional-tests.tests.process_messages_sender","2026-09-07","passed","2026-09-07","","test_RTP_process_sender_UPDATE_before_CREATE","",""
"","3901","DS_12P positive RFC v2 callback with Version header returns 400","functional-tests.tests.callbacks_v2","2026-09-07","passed","2026-09-07","","test_RTP_callback_with_version_header","",""
"","2190","SP_B cannot retrieve activation by Fiscal Code created by SP_A","functional-tests.tests.activation","2026-09-07","passed","2026-09-07","","test_RTP_activation_security","",""
"
Test RFC callback DS12N with wrong certificate identity.

Flow:
1. Activate payer
2. Send an RTP via GPD message (CREATE VALID)
3. Cancel the RTP via GPD message (DELETE) → RTP to RFC_SENT
4. Send DS12N callback with assignee_bic='FAKESP01' (doesn't match certificate identity MOCKSP04)
5. Verify callback is rejected with 403 (certificate mismatch)
","2114","Unauthorized RFC callback due to wrong certificate serial","functional-tests.tests.callbacks","2026-09-07","passed","2026-09-07","","test_RTP_callback_DS_12N","",""
"","509","Failed callback for non existing Service Provider - DS-04b compliant","functional-tests.tests.callbacks","2026-09-07","passed","2026-09-07","","test_RTP_callback_DS_04","",""
"Each entry in ``INVALID_PAYER_IDS`` (see dataset docstring) must be rejected with 400.","490","The activation request must contain a validly formatted fiscal code","functional-tests.tests.activation","2026-09-07","passed","2026-09-07","","test_debtor_activation_create","",""
"","499","Failed callback for non existing Service Provider - DS-08P compliant","functional-tests.tests.callbacks","2026-09-07","passed","2026-09-07","","test_RTP_callback_DS_08","",""
"","1045","A debtor activated with an owned but distinct Service Provider ID is retrieved by activation id","functional-tests.tests.activation","2026-09-07","passed","2026-09-07","","test_debtor_activation_get","",""
"","2743","Unauthorized callback due to wrong certificate serial","functional-tests.tests.callbacks_v2","2026-09-07","passed","2026-09-07","","test_RTP_callback_DS_document_rjct","",""
"","830","Get payees consents with wrong token type returns 403","functional-tests.tests.service_registry","2026-09-07","passed","2026-09-07","","test_get_payees_consents","",""
"","1868","RTP form is filled and submitted","ux-tests.tests","2026-09-07","passed","2026-09-07","","test_RTP_submission_v3","",""
"Active payer identified by an 11-digit Partita IVA → isActive must be true.","939","An active payer with VAT number (Partita IVA) returns isActive true","functional-tests.tests.activation","2026-09-07","passed","2026-09-07","","test_debtor_activation_payer_status","",""
"Test sending a DELETE operation message via GPD message API after a standalone UPDATE (no prior CREATE)","1467","A DELETE message after standalone UPDATE PUBLISHED","functional-tests.tests.process_messages_sender","2026-09-07","passed","2026-09-07","","test_RTP_process_sender_DELETE","",""
"
Test RFC callback DS12P with INVALID status.

Flow:
1. Activate payer
2. Send an RTP via GPD message (CREATE VALID)
3. Cancel the RTP via GPD message (DELETE) → RTP to RFC_SENT
4. Send DS12P callback with CxlStsId INVALID
5. Verify callback is rejected with 400
6. Verify RTP status is still RFC_SENT
","2536","An RFC callback DS12P INVALID is rejected with 400","functional-tests.tests.callbacks","2026-09-07","passed","2026-09-07","","test_RTP_callback_DS_12P","",""
"","972","Deactivation returns 404 when the token subject does not own the activation's Service Provider ID","functional-tests.tests.activation","2026-09-07","passed","2026-09-07","","test_debtor_deactivation","",""
"Test sending a CREATE operation message with different statuses via GPD message API","1345","A CREATE message with status VALID","functional-tests.tests.process_messages_sender","2026-09-07","passed","2026-09-07","","test_RTP_process_sender_CREATE","",""
"","974","A debtor cannot be activated more than once by the same service provider","functional-tests.tests.activation","2026-09-07","passed","2026-09-07","","test_debtor_activation_create","",""
"Test sending a CREATE operation message with an Italian VAT number via GPD message API","2341","A CREATE message with VAT number (Partita IVA) is successfully sent through GPD message API","functional-tests.tests.process_messages_sender","2026-09-07","passed","2026-09-07","","test_RTP_process_sender","",""
"
Test RFC callback DS12N with non-existing service provider, cancel via REST Web API.

Flow:
1. Activate payer
2. Send an RTP via GPD message (CREATE VALID)
3. Cancel the RTP via REST cancel endpoint with cancel_reason → RTP to RFC_SENT
4. Send DS12N callback with non-existing BIC (MOCKSP99)
5. Verify callback is rejected with 400 (service provider not found)
","2274","Failed RFC callback for non existing Service Provider - DS-12N RJCR compliant - through Web API cancel","functional-tests.tests.callbacks","2026-09-07","passed","2026-09-07","","test_RTP_callback_DS_12N","",""
"","2687","A v2 RTP callback with invalid status is rejected without affecting the RTP status","functional-tests.tests.callbacks_v2","2026-09-07","passed","2026-09-07","","test_RTP_callback_DS_08N_negative","",""
"","3289","RTP form cancellation with reason MODT","ux-tests.tests","2026-09-07","passed","2026-09-07","","test_RTP_cancel_v3","",""
"","500","The activation request must contain a Service Provider ID of valid length","functional-tests.tests.activation","2026-09-07","passed","2026-09-07","","test_debtor_activation_create","",""
"","1030","A debtor is activated and retrieved by activation id","functional-tests.tests.activation","2026-09-07","passed","2026-09-07","","test_debtor_activation_get","",""
"
Test RFC callback DS12P with non-existing service provider, cancel via REST Web API.

Flow:
1. Activate payer
2. Send an RTP via GPD message (CREATE VALID)
3. Cancel the RTP via REST cancel endpoint with cancel_reason → RTP to RFC_SENT
4. Send DS12P callback with non-existing BIC (MOCKSP99)
5. Verify callback is rejected with 400 (service provider not found)
","3391","Failed RFC callback for non existing Service Provider - DS-12P CNCL compliant - through Web API cancel","functional-tests.tests.callbacks","2026-09-07","passed","2026-09-07","","test_RTP_callback_DS_12P","",""
"The PSP synchronously rejects the cancellation request with 422 (per standard behaviour for the EPC 422 Unprocessable Entity scenario). The RTP then transitions to ERROR_CANCEL via ERROR_CANCEL_RTP.","2765","Cancelling an RTP - EPC v4 mock unhappy path scenario: epc_422","functional-tests.tests.cancel_rtp","2026-09-07","passed","2026-09-07","","test_RTP_cancel_MOCK_V2","",""
"Test sending an UPDATE operation message with different statuses via GPD message API after a CREATE","2548","An UPDATE message with status EXPIRED after CREATE","functional-tests.tests.process_messages_sender","2026-09-07","passed","2026-09-07","","test_RTP_process_sender_UPDATE","",""
"Each entry in ``INVALID_PAYER_IDS`` must be rejected with 400.

The ``description`` parameter appears in pytest output to identify which
case failed without having to inspect the raw value.
","486","Querying activation status with an invalid payerId format returns 400","functional-tests.tests.activation","2026-09-07","passed","2026-09-07","","test_debtor_activation_payer_status","",""
"","496","Retrieving non-existent activation by payer id returns 404","functional-tests.tests.activation","2026-09-07","passed","2026-09-07","","test_debtor_activation_get","",""
"Each entry in ``INVALID_PAYER_IDS`` (see dataset docstring) must be rejected with 400.","599","The activation request must contain a validly formatted fiscal code","functional-tests.tests.activation","2026-09-07","passed","2026-09-07","","test_debtor_activation_create","",""
"","2768","Attempt to cancel a non-existing RTP","bdd-tests","2026-09-07","passed","2026-09-07","RTP_Cancellation","RTP","",""
"
Test RFC callback DS12N with INVALID status, cancel via REST Web API.

Flow:
1. Activate payer
2. Send an RTP via GPD message (CREATE VALID)
3. Cancel the RTP via REST cancel endpoint with cancel_reason → RTP to RFC_SENT
4. Send DS12N callback with CxlStsId INVALID
5. Verify callback is rejected with 400
6. Verify RTP status is still RFC_SENT
","2641","An RFC callback DS12N INVALID is rejected with 400 - through Web API cancel","functional-tests.tests.callbacks","2026-09-07","passed","2026-09-07","","test_RTP_callback_DS_12N","",""
"","1442","SP_ACTIVATIONS_READ_ALL can retrieve activation by Activation ID created by SP_A","functional-tests.tests.activation","2026-09-07","passed","2026-09-07","","test_RTP_activation_security","",""
"","1322","A debtor with VAT number (Partita IVA) is activated successfully","functional-tests.tests.activation","2026-09-07","passed","2026-09-07","","test_debtor_activation_create","",""
"","1931","An RTP sent when EPC response omits _links is in status ACCEPTED - through Web API V2","functional-tests.tests.send_rtp","2026-09-07","passed","2026-09-07","","test_RTP_send_MOCK","",""
"
DS_05 ACTC callback sent with the Version header must be rejected with 400.
The RTP must remain in SENT (transition to ACCEPTED must not happen).

Flow:
1. Activate payer and send an RTP → resource_id
2. Build a valid DS_05 ACTC payload referencing the RTP
3. POST to callback endpoint WITH Version header
4. Verify 400 is returned with the expected error body
5. Verify RTP status is still SENT
","2010","DS_05 ACTC callback with Version header returns 400","functional-tests.tests.callbacks","2026-09-07","passed","2026-09-07","","test_RTP_callback_with_version_header","",""
"DS_08N RJCT callback sent after a prior DS_05 ACTC callback.

The RTP is expected to transition from SENT to ACCEPTED, then to USER_REJECTED.
","4541","A v2 RTP callback with status RJCT after DS_05 transitions the RTP to USER_REJECTED","functional-tests.tests.callbacks_v2","2026-09-07","passed","2026-09-07","","test_RTP_callback_DS_08N_negative","",""
"","2537","A v2 document RTP callback with invalid status is rejected without affecting the RTP status","functional-tests.tests.callbacks_v2","2026-09-07","passed","2026-09-07","","test_RTP_callback_DS_document_rjct","",""
"Test that takeover fails when the service provider is unauthenticated","1447","Test Takeover Fails with Unauthenticated SP","functional-tests.tests.takeover","2026-09-07","passed","2026-09-07","","test_debtor_takeover","",""
"UPDATE VALID before any CREATE creates a new RTP; the RTP must be retrievable from the database","1628","An UPDATE VALID before CREATE creates the RTP in the database","functional-tests.tests.process_messages_sender","2026-09-07","passed","2026-09-07","","test_RTP_process_sender_UPDATE_before_CREATE","",""
"","2388","An RTP sent with synchronous rejection is in status REJECTED - DS-08P N - through Web API V2","functional-tests.tests.send_rtp","2026-09-07","passed","2026-09-07","","test_RTP_send_MOCK","",""
"Test sending an UPDATE operation message with different statuses via GPD message API after a CREATE","2114","An UPDATE message with status PAID after CREATE","functional-tests.tests.process_messages_sender","2026-09-07","passed","2026-09-07","","test_RTP_process_sender_UPDATE","",""
"","2155","An RTP sent with synchronous rejection containing extra fields results in status REJECTED","functional-tests.tests.send_rtp","2026-09-07","passed","2026-09-07","","test_RTP_send_MOCK","",""
"","1128","SP_B cannot retrieve activation by Activation ID created by SP_A","functional-tests.tests.activation","2026-09-07","passed","2026-09-07","","test_RTP_activation_security","",""
"Each entry in ``INVALID_PAYER_IDS`` (see dataset docstring) must be rejected with 400.","636","The activation request must contain a validly formatted fiscal code","functional-tests.tests.activation","2026-09-07","passed","2026-09-07","","test_debtor_activation_create","",""
"
Tests the retrieval of an access token from the POSTE authentication endpoint using client credentials and mutual TLS.

:param debtor_sp_mock_cert_key: Certificate and key tuple for mutual TLS authentication.
:type debtor_sp_mock_cert_key: Tuple[str, str]
","517","Auth endpoint returns valid token","functional-tests.tests.availability","2026-09-07","passed","2026-09-07","","test_availability_POSTE","",""
"","2104","Unauthorized callback due to wrong certificate serial","functional-tests.tests.callbacks_v2","2026-09-07","passed","2026-09-07","","test_RTP_callback_DS_08P_positive","",""
"Test sending an UPDATE operation message with different statuses via GPD message API before a CREATE","1053","An UPDATE message with status VALID before CREATE","functional-tests.tests.process_messages_sender","2026-09-07","passed","2026-09-07","","test_RTP_process_sender_UPDATE_before_CREATE","",""
"Test sending an UPDATE after CREATE VALID + DELETE with different statuses","2110","An UPDATE message with status PAID after CREATE VALID and DELETE","functional-tests.tests.process_messages_sender","2026-09-07","passed","2026-09-07","","test_RTP_process_sender_UPDATE","",""
"","2051","RTP cancellation fails with an invalid reason - V2","functional-tests.tests.cancel_rtp","2026-09-07","passed","2026-09-07","","test_RTP_cancel","",""
"
Given an RTP is sent successfully (status SENT) for a given noticeNumber + payeeId,
when the payee queries the delivery-status endpoint with the correct noticeNumber
but a different payeeId,
then the response must be HTTP 200 with status=PD_RTP_NOT_DELIVERED, verifying
that the endpoint filters on both fields.
","6543","Existing noticeNumber with wrong payeeId → PD_RTP_NOT_DELIVERED","functional-tests.tests.get_rtp","2026-09-07","passed","2026-09-07","","test_RTP_get_delivery_status","",""
"","2052","An RTP sent when EPC response contains an unknown field is ignored and remains in status SENT - through Web API V2","functional-tests.tests.send_rtp","2026-09-07","passed","2026-09-07","","test_RTP_send_MOCK","",""
"","2297","Failed callback for non existing Service Provider - DS-document RJCT compliant","functional-tests.tests.callbacks_v2","2026-09-07","passed","2026-09-07","","test_RTP_callback_DS_document_rjct","",""
"
Test v2 RFC callback DS12P with non-existing service provider.

Flow:
1. Activate payer
2. Send an RTP via GPD message v2 (CREATE VALID)
3. Cancel the RTP via GPD message v2 (DELETE) -> RTP to RFC_SENT
4. Send DS12P callback with non-existing BIC (MOCKSP99)
5. Verify callback is rejected with 400 (service provider not found)
6. Verify RTP status is still RFC_SENT
","3651","Failed v2 RFC callback for non existing Service Provider - DS-12P positive compliant","functional-tests.tests.callbacks_v2","2026-09-07","passed","2026-09-07","","test_RTP_callback_DS_12P_positive","",""
"","990","A debtor with omocodia fiscal code is activated and retrieved by activation id","functional-tests.tests.activation","2026-09-07","passed","2026-09-07","","test_debtor_activation_get","",""
"","502","Invalid pagination parameters returns 400","functional-tests.tests.activation","2026-09-07","passed","2026-09-07","","test_debtor_activation_list","",""
"","3141","An RTP sent with synchronous rejection and missing _links results in status REJECTED","functional-tests.tests.send_rtp","2026-09-07","passed","2026-09-07","","test_RTP_send_MOCK","",""
"
Test RFC callback DS12P with wrong certificate identity, cancel via REST Web API.

Flow:
1. Activate payer
2. Send an RTP via GPD message (CREATE VALID)
3. Cancel the RTP via REST cancel endpoint with cancel_reason → RTP to RFC_SENT
4. Send DS12P callback with assignee_bic='FAKESP01' (doesn't match certificate identity MOCKSP04)
5. Verify callback is rejected with 403 (certificate mismatch)
","2026","Unauthorized RFC callback due to wrong certificate serial - through Web API cancel","functional-tests.tests.callbacks","2026-09-07","passed","2026-09-07","","test_RTP_callback_DS_12P","",""
"DS_08P ACCP callback sent directly on a SENT RTP (no prior DS_05 ACTC callback).

The RTP is expected to transition straight from SENT to USER_ACCEPTED.
","2561","A v2 RTP callback with status ACCP is successfully received without a prior DS_05 callback","functional-tests.tests.callbacks_v2","2026-09-07","passed","2026-09-07","","test_RTP_callback_DS_08P_positive","",""
"Test sending a CREATE operation message with different statuses via GPD message API","1260","A CREATE message with status INVALID","functional-tests.tests.process_messages_sender","2026-09-07","passed","2026-09-07","","test_RTP_process_sender_CREATE","",""
"Test sending a CREATE operation message with different statuses via GPD message API","1288","A CREATE message with status PARTIALLY_PAID","functional-tests.tests.process_messages_sender","2026-09-07","passed","2026-09-07","","test_RTP_process_sender_CREATE","",""
"","4762","Successfully cancel a Request to Pay","bdd-tests","2026-09-07","passed","2026-09-07","RTP_Cancellation","RTP","",""
"","1663","RTP is successfully cancelled with reason MODT - V2","functional-tests.tests.cancel_rtp","2026-09-07","passed","2026-09-07","","test_RTP_cancel","",""
"Each entry in ``INVALID_PAYER_IDS`` must be rejected with 400.

The ``description`` parameter appears in pytest output to identify which
case failed without having to inspect the raw value.
","508","Querying activation status with an invalid payerId format returns 400","functional-tests.tests.activation","2026-09-07","passed","2026-09-07","","test_debtor_activation_payer_status","",""
"Each entry in ``INVALID_PAYER_IDS`` must be rejected with 400.

The ``description`` parameter appears in pytest output to identify which
case failed without having to inspect the raw value.
","460","Querying activation status with an invalid payerId format returns 400","functional-tests.tests.activation","2026-09-07","passed","2026-09-07","","test_debtor_activation_payer_status","",""
"","1783","A debtor Service Provider tries to activates a debtor 2 times, failing the second attempt","bdd-tests","2026-09-07","passed","2026-09-07","Debtor_Activation","RTP","",""
"","1239","An RTP is sent to Poste service with activated fiscal code","functional-tests.tests.send_rtp","2026-09-07","passed","2026-09-07","","test_RTP_send_POSTE","",""
"Test sending a DELETE operation message via GPD message API after a CREATE VALID + UPDATE","4112","A DELETE message after CREATE VALID + UPDATE PUBLISHED","functional-tests.tests.process_messages_sender","2026-09-07","passed","2026-09-07","","test_RTP_process_sender_DELETE","",""
"Test sending an UPDATE after CREATE VALID + DELETE with different statuses","2072","An UPDATE message with status PARTIALLY_PAID after CREATE VALID and DELETE","functional-tests.tests.process_messages_sender","2026-09-07","passed","2026-09-07","","test_RTP_process_sender_UPDATE","",""
"","841","Get paginated list of OPT_OUT payees consents successfully","functional-tests.tests.service_registry","2026-09-07","passed","2026-09-07","","test_get_payees_consents","",""
"","476","A Service Provider with invalid client secret is not authenticated on Keycloak","functional-tests.tests.auth","2026-09-07","passed","2026-09-07","","test_auth","",""
"","2064","Unauthorized callback due to wrong certificate serial","functional-tests.tests.callbacks_v2","2026-09-07","passed","2026-09-07","","test_RTP_callback_DS_05_redirect","",""
"Each entry in ``INVALID_PAYER_IDS`` must be rejected with 400.

The ``description`` parameter appears in pytest output to identify which
case failed without having to inspect the raw value.
","494","Querying activation status with an invalid payerId format returns 400","functional-tests.tests.activation","2026-09-07","passed","2026-09-07","","test_debtor_activation_payer_status","",""
"Test sending a DELETE operation message via GPD message API after a CREATE","1434","A DELETE message after CREATE EXPIRED","functional-tests.tests.process_messages_sender","2026-09-07","passed","2026-09-07","","test_RTP_process_sender_DELETE","",""
"Test sending an UPDATE operation message with different statuses via GPD message API after a CREATE","2362","An UPDATE message with status PUBLISHED after CREATE","functional-tests.tests.process_messages_sender","2026-09-07","passed","2026-09-07","","test_RTP_process_sender_UPDATE","",""
"","479","Missing Version header returns 200","functional-tests.tests.activation","2026-09-07","passed","2026-09-07","","test_debtor_activation_list","",""
"","452","The service returns the mocked server error","functional-tests.tests.availability","2026-09-07","passed","2026-09-07","","test_availability_MOCK","",""
"Test sending a DELETE operation message via GPD message API after a CREATE VALID + UPDATE","2109","A DELETE message after CREATE VALID + UPDATE DRAFT","functional-tests.tests.process_messages_sender","2026-09-07","passed","2026-09-07","","test_RTP_process_sender_DELETE","",""
"","488","All auth fixtures expose a valid Bearer token format","functional-tests.tests.auth","2026-09-07","passed","2026-09-07","","test_auth","",""
"","2566","A v2 redirect RTP callback with invalid status is rejected without affecting the RTP status","functional-tests.tests.callbacks_v2","2026-09-07","passed","2026-09-07","","test_RTP_callback_DS_05_redirect","",""
"
Payer activated under SP A.
- SP B (read_rtp_activations): isActive must be false - privacy rule hides cross-SP activation.
- Admin (read_rtp_all): isActive must be true - role grants visibility across all SPs.
Same payer, same endpoint, different roles → different results.
","1468","read_rtp_all role returns isActive true while read_rtp_activations returns false for the same cross-SP payer","functional-tests.tests.activation","2026-09-07","passed","2026-09-07","","test_debtor_activation_payer_status","",""
"Each entry in ``INVALID_PAYER_IDS`` (see dataset docstring) must be rejected with 400.","807","The activation request must contain a validly formatted fiscal code","functional-tests.tests.activation","2026-09-07","passed","2026-09-07","","test_debtor_activation_create","",""
"MOCKSP04 owns both its own spId and MOCKSP01; redeeming an OTP scoped to MOCKSP01 must
assign MOCKSP01 to the new activation, not MOCKSP04 (the redeemer's own tspId).","3373","Test Takeover Redemption Assigns the OTP's Owned Service Provider ID","functional-tests.tests.takeover","2026-09-07","passed","2026-09-07","","test_debtor_takeover","",""
"","548","Sending to non-activated debtor returns 422 - through Web API V2","functional-tests.tests.send_rtp","2026-09-07","passed","2026-09-07","","test_RTP_send_MOCK","",""
"","3242","A v2 RTP callback with status ACCP is successfully received","functional-tests.tests.callbacks_v2","2026-09-07","passed","2026-09-07","","test_RTP_callback_DS_08P_positive","",""
"","467","Unauthorized callback due to wrong certificate serial","functional-tests.tests.callbacks","2026-09-07","passed","2026-09-07","","test_RTP_callback_DS_08","",""
"","942","Get by activation id returns 404 when the token subject does not own the activation's Service Provider ID","functional-tests.tests.activation","2026-09-07","passed","2026-09-07","","test_debtor_activation_get","",""
"The PSP synchronously rejects the cancellation request with 422 (per standard behaviour for the EPC 400 Bad Request scenario). The RTP then transitions to ERROR_CANCEL via ERROR_CANCEL_RTP.","2669","Cancelling an RTP - EPC v4 mock unhappy path scenario: epc_400","functional-tests.tests.cancel_rtp","2026-09-07","passed","2026-09-07","","test_RTP_cancel_MOCK_V2","",""
"","2553","RTP form is filled and submitted","ux-tests.tests","2026-09-07","passed","2026-09-07","","test_RTP_cancel_v4","",""
"`Sts.Conf = ""RJCR""` triggers CANCEL_RTP -> CONFIRM_RFC -> CANCEL_RTP_REJECTED, ending in CANCELLED_REJECTED.","2771","Cancelling an RTP - EPC v4 mock happy path scenario: rjcr_rejected","functional-tests.tests.cancel_rtp","2026-09-07","passed","2026-09-07","","test_RTP_cancel_MOCK_V2","",""
"
Given a debtor is activated with the mock fiscal code that makes the debtor
service provider mock reply with a server error, when a GPD message (CREATE)
is sent via POST /gpd/message, then the rtp-sender fails to deliver the RTP
and records an ERROR_SEND_RTP event (RTP status becomes ERROR_SEND). RTPs in
ERROR_SEND status are purged from both Cosmos and ADX, so querying by
noticeNumber returns an empty list. When the payee then queries the
delivery-status endpoint with the matching noticeNumber and payeeId, the
response must still be HTTP 200 with status=PD_RTP_NOT_DELIVERED and
processingDate absent or null.
","8544","RTP with ERROR_SEND_RTP event → PD_RTP_NOT_DELIVERED","functional-tests.tests.get_rtp","2026-09-07","passed","2026-09-07","","test_RTP_get_delivery_status","",""
"","1341","An RTP is sent to ICCREA service with activated fiscal code - through Web API V2","functional-tests.tests.send_rtp","2026-09-07","failed","2026-09-07","","test_RTP_send_ICCREA","",""
"
Send the same CREATE VALID message twice.

Because send_gpd_message derives the Idempotency-Key deterministically from
the message id (msg_id), reusing the same payload reuses the same key.

Expectations:
- Both calls return HTTP 200 (idempotent, not an error).
- The resourceId in both responses is identical, proving the API returned
  the cached response and did not process the message twice.
- Querying by notice number returns exactly one RTP, confirming that only
  one record was written to the database.
","2105","Two CREATE VALID messages with the same Idempotency-Key both succeed but only one RTP is stored","functional-tests.tests.process_messages_sender","2026-09-07","passed","2026-09-07","","test_RTP_process_sender_IDEMPOTENCY","",""
"","3668","Failed v2 document callback for invalid RTP transition - DS-document RJCT compliant","functional-tests.tests.callbacks_v2","2026-09-07","passed","2026-09-07","","test_RTP_callback_DS_document_rjct","",""
"
Test RFC callback DS12P with CNCL status.

Flow:
1. Activate payer
2. Send an RTP via GPD message (CREATE VALID)
3. Cancel the RTP via GPD message (DELETE) → RTP to RFC_SENT
4. Send DS12P callback with CxlStsId CNCL (Cancelled As Per Request)
5. Verify callback is accepted (200)
6. Verify RTP status is CANCELLED
","2584","An RFC callback DS12P CNCL is successfully received and RTP status is CANCEL","functional-tests.tests.callbacks","2026-09-07","passed","2026-09-07","","test_RTP_callback_DS_12P","",""
"
Tests that sending an RTP payload with an invalid amount to the POSTE endpoint results in a 400 Bad Request response.

:param debtor_sp_mock_cert_key: Certificate and key tuple for mutual TLS authentication.
:type debtor_sp_mock_cert_key: Tuple[str, str]
","975","Cannot send RTP with invalid amount","functional-tests.tests.availability","2026-09-07","passed","2026-09-07","","test_availability_POSTE","",""
"","3128","An RTP callback with invalid status is received and processed with success without affecting the RTP status","functional-tests.tests.callbacks","2026-09-07","passed","2026-09-07","","test_RTP_callback_DS_05","",""
"UPDATE PAID with psp_tax_code=None (invalid PSP) results in RTP state RFC_SENT","1589","An UPDATE PAID message with an invalid PSP results in RFC_SENT state","functional-tests.tests.process_messages_sender","2026-09-07","passed","2026-09-07","","test_RTP_process_sender_UPDATE","",""
"
Test RFC callback DS12P with wrong certificate identity, cancel via REST Web API.

Flow:
1. Activate payer
2. Send an RTP via GPD message (CREATE VALID)
3. Cancel the RTP via REST cancel endpoint with cancel_reason → RTP to RFC_SENT
4. Send DS12P callback with assignee_bic='FAKESP01' (doesn't match certificate identity MOCKSP04)
5. Verify callback is rejected with 403 (certificate mismatch)
","2063","Unauthorized RFC callback due to wrong certificate serial - through Web API cancel","functional-tests.tests.callbacks","2026-09-07","passed","2026-09-07","","test_RTP_callback_DS_12P","",""
"","596","Get payees with invalid authorization","functional-tests.tests.service_registry","2026-09-07","passed","2026-09-07","","test_service_registry_payees_registry","",""
"","1087","Sending an RTP when EPC returns a malformed/invalid response body returns 500","functional-tests.tests.send_rtp","2026-09-07","passed","2026-09-07","","test_RTP_send_MOCK","",""
"Same privacy rule as the cross-SP case: no explicit error, isActive is just false.","974","Get payer status returns isActive false when the token subject does not own the activation's Service Provider ID","functional-tests.tests.activation","2026-09-07","passed","2026-09-07","","test_debtor_activation_payer_status","",""
"
DS_12P CNCL RFC callback sent with the Version header must be rejected with 400.
The RTP must remain in RFC_SENT (transition to CANCELLED must not happen).

Flow:
1. Activate payer, send RTP, trigger cancel via GPD DELETE → RFC_SENT
2. Build a valid DS_12P CNCL payload
3. POST to RFC callback endpoint WITH Version header
4. Verify 400 is returned with the expected error body
5. Verify RTP status is still RFC_SENT
","3317","DS_12P CNCL RFC callback with Version header returns 400","functional-tests.tests.callbacks","2026-09-07","passed","2026-09-07","","test_RTP_callback_with_version_header","",""
"","1219","An RTP is sent to Poste service with activated fiscal code - through Web API","functional-tests.tests.send_rtp","2026-09-07","passed","2026-09-07","","test_RTP_send_POSTE","",""
"Test the takeover flow where a user changes service provider","3991","Test Takeover Flow","functional-tests.tests.takeover","2026-09-07","passed","2026-09-07","","test_debtor_takeover","",""
"Missing or invalid Bearer token → the endpoint must return 401.","471","Querying activation status without a valid token returns 401","functional-tests.tests.activation","2026-09-07","passed","2026-09-07","","test_debtor_activation_payer_status","",""
"`Sts.Conf = ""CNCL""` triggers CANCEL_RTP -> CONFIRM_RFC -> CANCEL_RTP_ACCR, ending in CANCELLED_ACCR.","4029","Cancelling an RTP - EPC v4 mock happy path scenario: cncl_confirmed","functional-tests.tests.cancel_rtp","2026-09-07","passed","2026-09-07","","test_RTP_cancel_MOCK_V2","",""
"
Verify that a debt position can be created and published successfully.
","1068","Happy path: a debt position is created and published in DEV environment","functional-tests.tests.gpd_availability","2026-09-07","passed","2026-09-07","","test_availability_GPD","",""
"
DS_04b callback sent with the Version header must be rejected with 400.
The RTP state must be unchanged.

Flow:
1. Activate payer and send an RTP → resource_id
2. Capture current RTP status
3. Build a valid DS_04b payload referencing the RTP
4. POST to callback endpoint WITH Version header
5. Verify 400 is returned with the expected error body
6. Verify RTP status is unchanged
","2793","DS_04b callback with Version header returns 400","functional-tests.tests.callbacks","2026-09-07","passed","2026-09-07","","test_RTP_callback_with_version_header","",""
"The mock policy falls back to its default `{}` response when no notice number matches, so the RTP stays in RFC_SENT.","2191","Cancelling an RTP - EPC v4 mock happy path scenario: no_match_fallback","functional-tests.tests.cancel_rtp","2026-09-07","passed","2026-09-07","","test_RTP_cancel_MOCK_V2","",""
"","2357","Cannot send RTP with expired date","functional-tests.tests.availability","2026-09-07","passed","2026-09-07","","test_availability_CBI","",""
"
Test RFC callback DS12P with INVALID status, cancel via REST Web API.

Flow:
1. Activate payer
2. Send an RTP via GPD message (CREATE VALID)
3. Cancel the RTP via REST cancel endpoint with cancel_reason → RTP to RFC_SENT
4. Send DS12P callback with CxlStsId INVALID
5. Verify callback is rejected with 400
6. Verify RTP status is still RFC_SENT
","2517","An RFC callback DS12P INVALID is rejected with 400 - through Web API cancel","functional-tests.tests.callbacks","2026-09-07","passed","2026-09-07","","test_RTP_callback_DS_12P","",""
"","3094","DS_12N negative RFC v2 callback with Version header returns 400","functional-tests.tests.callbacks_v2","2026-09-07","passed","2026-09-07","","test_RTP_callback_with_version_header","",""
"","1092","An RTP is sent to a CBI service with activated fiscal code","functional-tests.tests.send_rtp","2026-09-07","passed","2026-09-07","","test_RTP_send_CBI","",""
"","2524","Failed callback for non compliant DS-04b payload","functional-tests.tests.callbacks","2026-09-07","passed","2026-09-07","","test_RTP_callback_DS_04","",""
"","1097","An RTP is sent to Poste service with activated fiscal code - through Web API V2","functional-tests.tests.send_rtp","2026-09-07","failed","2026-09-07","","test_RTP_send_POSTE","",""
"
Tests that sending an RTP payload with an amount over the POSTE limit results in a 400 Bad Request response.

:param debtor_sp_mock_cert_key: Certificate and key tuple for mutual TLS authentication.
:type debtor_sp_mock_cert_key: Tuple[str, str]
","1188","Cannot send RTP with an amount over the POSTE limit","functional-tests.tests.availability","2026-09-07","failed","2026-09-07","","test_availability_POSTE","",""
"","3013","An RTP callback is successfully received with status ACCP","functional-tests.tests.callbacks","2026-09-07","passed","2026-09-07","","test_RTP_callback_DS_08","",""
"","2512","DS_document RJCT v2 callback with Version header returns 400","functional-tests.tests.callbacks_v2","2026-09-07","passed","2026-09-07","","test_RTP_callback_with_version_header","",""
"","1520","An RTP sent when EPC response contains an unknown field is ignored and remains in status SENT - through Web API","functional-tests.tests.send_rtp","2026-09-07","passed","2026-09-07","","test_RTP_send_MOCK","",""
"","1166","A second service provider triggers takeover when debtor is already active on another service provider","functional-tests.tests.activation","2026-09-07","passed","2026-09-07","","test_debtor_activation_create","",""
"An EPC response containing fields not declared in the OpenAPI spec is treated as an invalid message and is NOT tolerated for accept/reject purposes (confirmed with rtp-sender-v2 maintainers, PR #26). The extra `invalid-field` property invalidates the whole response, so the RJCR confirmation is not processed and the RTP stays in RFC_SENT.","3491","Cancelling an RTP - EPC v4 mock unhappy path scenario: rjcr_extra_field","functional-tests.tests.cancel_rtp","2026-09-07","passed","2026-09-07","","test_RTP_cancel_MOCK_V2","",""
"","0","A Service Provider is authenticated","functional-tests.tests.auth","2026-09-07","passed","2026-09-07","","test_auth","",""
"An EPC response containing fields not declared in the OpenAPI spec is treated as an invalid message and is NOT tolerated for accept/reject purposes (confirmed with rtp-sender-v2 maintainers, PR #26). The extra `invalid-field` property invalidates the whole response, so the CNCL confirmation is not processed and the RTP stays in RFC_SENT.","2154","Cancelling an RTP - EPC v4 mock unhappy path scenario: cncl_extra_field","functional-tests.tests.cancel_rtp","2026-09-07","passed","2026-09-07","","test_RTP_cancel_MOCK_V2","",""
"","1815","SP_ACTIVATIONS_READ_ALL can retrieve activation by Fiscal Code created by SP_A","functional-tests.tests.activation","2026-09-07","passed","2026-09-07","","test_RTP_activation_security","",""
"","2263","Failed callback for non existing Service Provider - DS-08N negative compliant","functional-tests.tests.callbacks_v2","2026-09-07","passed","2026-09-07","","test_RTP_callback_DS_08N_negative","",""
"","480","RTP cancellation fails if resource ID does not exist","functional-tests.tests.cancel_rtp","2026-09-07","passed","2026-09-07","","test_RTP_cancel","",""
"
Test RFC callback DS12N with INVALID status.

Flow:
1. Activate payer
2. Send an RTP via GPD message (CREATE VALID)
3. Cancel the RTP via GPD message (DELETE) → RTP to RFC_SENT
4. Send DS12N callback with CxlStsId INVALID
5. Verify callback is rejected with 400
6. Verify RTP status is still RFC_SENT
","3530","An RFC callback DS12N INVALID is rejected with 400","functional-tests.tests.callbacks","2026-09-07","passed","2026-09-07","","test_RTP_callback_DS_12N","",""
"","1552","An RTP sent with synchronous acceptance is in status ACCEPTED - DS-05 ACTC - through Web API","functional-tests.tests.send_rtp","2026-09-07","passed","2026-09-07","","test_RTP_send_MOCK","",""
"","1089","Sending an RTP when EPC returns an unexpected status code error (RTP_05.CHK.A0007) returns 500","functional-tests.tests.send_rtp","2026-09-07","passed","2026-09-07","","test_RTP_send_MOCK","",""
"Parametrized contract test generated from the Send API OpenAPI spec.

Schemathesis derives one test case per endpoint defined in the spec, generating
request data (path params, query params, body) that is valid according to the schema.
Each case is executed against the live API and the response is validated with
CONTRACT_CHECKS.

An additional assertion verifies that the Location header is present on 201 responses
from POST /rtps, as required by the spec.
","119247","test_send_api_contract[POST /gpd/message]","contract-tests.tests","2026-09-07","passed","2026-09-07","","test_api_send_rtp","",""
"","1795","An RTP sent with synchronous rejection containing extra fields results in status SENT - through Web API V2","functional-tests.tests.send_rtp","2026-09-07","passed","2026-09-07","","test_RTP_send_MOCK","",""
"DS_08N RJCT callback sent twice on the same RTP (direct SENT -> REJECTED).

The second callback must be rejected with 400 since the transition is no
longer valid once the RTP is already REJECTED.
","3845","Failed v2 callback for invalid RTP transition - DS-08N negative compliant","functional-tests.tests.callbacks_v2","2026-09-07","passed","2026-09-07","","test_RTP_callback_DS_08N_negative","",""
"Test sending a CREATE operation message with different statuses via GPD message API","974","A CREATE message with status PAID","functional-tests.tests.process_messages_sender","2026-09-07","passed","2026-09-07","","test_RTP_process_sender_CREATE","",""
"","2674","A debtor Service Provider cannot send an RTP","bdd-tests","2026-09-07","passed","2026-09-07","RTP_Sending","RTP","",""
"Authenticated but not authorized: token of SP A tries to use OTP issued for SP B","1463","Test Takeover Fails with Wrong SP Token","functional-tests.tests.takeover","2026-09-07","passed","2026-09-07","","test_debtor_takeover","",""
"","1549","An RTP sent when EPC response omits _links is in status ACCEPTED","functional-tests.tests.send_rtp","2026-09-07","passed","2026-09-07","","test_RTP_send_MOCK","",""
"","493","Retrieving activation without valid token returns 401","functional-tests.tests.activation","2026-09-07","passed","2026-09-07","","test_debtor_activation_get","",""
"Takeover with syntactically valid but nonsensical body should fail","1464","Test Takeover Fails with Nonsensical Body","functional-tests.tests.takeover","2026-09-07","passed","2026-09-07","","test_debtor_takeover","",""
"Active payer with a foreign-country fiscal code (Z + 3 digits municipality) → isActive must be true.","963","An active payer with foreign fiscal code returns isActive true","functional-tests.tests.activation","2026-09-07","passed","2026-09-07","","test_debtor_activation_payer_status","",""
"","495","RTP cancellation fails if resource ID does not exist - V2","functional-tests.tests.cancel_rtp","2026-09-07","passed","2026-09-07","","test_RTP_cancel","",""
"","3001","RTP form cancellation with reason PAID","ux-tests.tests","2026-09-07","passed","2026-09-07","","test_RTP_cancel_v3","",""
"","1051","Sending an RTP when EPC returns an unexpected status code error (RTP_05.CHK.A0007) returns 500 - through Web API","functional-tests.tests.send_rtp","2026-09-07","passed","2026-09-07","","test_RTP_send_MOCK","",""
"","618","Get payees consents with invalid date format returns 400","functional-tests.tests.service_registry","2026-09-07","passed","2026-09-07","","test_get_payees_consents","",""
"","1610","RTP is successfully cancelled with reason MODT","functional-tests.tests.cancel_rtp","2026-09-07","passed","2026-09-07","","test_RTP_cancel","",""
"
Test RFC callback DS12N with wrong certificate identity, cancel via REST Web API.

Flow:
1. Activate payer
2. Send an RTP via GPD message (CREATE VALID)
3. Cancel the RTP via REST cancel endpoint with cancel_reason → RTP to RFC_SENT
4. Send DS12N callback with assignee_bic='FAKESP01' (doesn't match certificate identity MOCKSP04)
5. Verify callback is rejected with 403 (certificate mismatch)
","2195","Unauthorized RFC callback due to wrong certificate serial - through Web API cancel","functional-tests.tests.callbacks","2026-09-07","passed","2026-09-07","","test_RTP_callback_DS_12N","",""
"
Tests that sending an RTP payload with an expired date to the POSTE endpoint results in a 400 Bad Request response.

:param debtor_sp_mock_cert_key: Certificate and key tuple for mutual TLS authentication.
:type debtor_sp_mock_cert_key: Tuple[str, str]
","1066","Cannot send RTP with expired date","functional-tests.tests.availability","2026-09-07","failed","2026-09-07","","test_availability_POSTE","",""
"Test sending a CREATE operation message with different statuses via GPD message API","1096","A CREATE message with status PUBLISHED","functional-tests.tests.process_messages_sender","2026-09-07","passed","2026-09-07","","test_RTP_process_sender_CREATE","",""
"Test sending a DELETE operation message via GPD message API after a standalone UPDATE (no prior CREATE)","1477","A DELETE message after standalone UPDATE PARTIALLY_PAID","functional-tests.tests.process_messages_sender","2026-09-07","passed","2026-09-07","","test_RTP_process_sender_DELETE","",""
"Test sending an UPDATE operation message with different statuses via GPD message API before a CREATE","963","An UPDATE message with status PUBLISHED before CREATE","functional-tests.tests.process_messages_sender","2026-09-07","passed","2026-09-07","","test_RTP_process_sender_UPDATE_before_CREATE","",""
"","488","All auth fixtures expose a valid Bearer token format","functional-tests.tests.auth","2026-09-07","passed","2026-09-07","","test_auth","",""
"
Test RFC callback DS12N with RJCR status, cancel triggered via REST Web API with explicit reason.

Flow:
1. Activate payer
2. Send an RTP via GPD message (CREATE VALID)
3. Cancel the RTP via REST cancel endpoint with cancel_reason → RTP to RFC_SENT
4. Send DS12N callback with CxlStsId RJCR (Rejected Cancellation Request)
5. Verify callback is accepted (200)
6. Verify RTP status is ERROR_CANCEL
","3616","An RFC callback DS12N RJCR is successfully received and RTP status is ERROR_CANCEL - through Web API cancel","functional-tests.tests.callbacks","2026-09-07","passed","2026-09-07","","test_RTP_callback_DS_12N","",""
"Each entry in ``INVALID_PAYER_IDS`` must be rejected with 400.

The ``description`` parameter appears in pytest output to identify which
case failed without having to inspect the raw value.
","894","Querying activation status with an invalid payerId format returns 400","functional-tests.tests.activation","2026-09-07","passed","2026-09-07","","test_debtor_activation_payer_status","",""
"","2662","An RTP callback with status REJECTED is successfully received","functional-tests.tests.callbacks","2026-09-07","passed","2026-09-07","","test_RTP_callback_DS_08","",""
"","2051","An RTP callback is received with invalid status","functional-tests.tests.callbacks","2026-09-07","passed","2026-09-07","","test_RTP_callback_DS_08","",""
"","3116","DS_08P positive v2 callback with Version header returns 400","functional-tests.tests.callbacks_v2","2026-09-07","passed","2026-09-07","","test_RTP_callback_with_version_header","",""
"","2966","An RTP is sent to a CBI service with activated fiscal code - through Web API","functional-tests.tests.send_rtp","2026-09-07","passed","2026-09-07","","test_RTP_send_CBI","",""
"
Verify that a debt position can be created and published successfully.
","535","Happy path: a debt position is created and published in UAT environment","functional-tests.tests.gpd_availability","2026-09-07","passed","2026-09-07","","test_availability_GPD","",""
"Test sending a DELETE operation message via GPD message API after a standalone UPDATE (no prior CREATE)","1943","A DELETE message after standalone UPDATE INVALID","functional-tests.tests.process_messages_sender","2026-09-07","passed","2026-09-07","","test_RTP_process_sender_DELETE","",""
"Test sending a DELETE operation message via GPD message API after a CREATE VALID + UPDATE","2108","A DELETE message after CREATE VALID + UPDATE EXPIRED","functional-tests.tests.process_messages_sender","2026-09-07","passed","2026-09-07","","test_RTP_process_sender_DELETE","",""
"","471","Get payees consents with negative page size returns 400","functional-tests.tests.service_registry","2026-09-07","passed","2026-09-07","","test_get_payees_consents","",""
"Test sending an UPDATE operation message with different statuses via GPD message API after a CREATE","1592","An UPDATE message with status DRAFT after CREATE","functional-tests.tests.process_messages_sender","2026-09-07","passed","2026-09-07","","test_RTP_process_sender_UPDATE","",""
"","2113","An RTP sent with synchronous rejection is in status REJECTED - DS-08P N - through Web API","functional-tests.tests.send_rtp","2026-09-07","passed","2026-09-07","","test_RTP_send_MOCK","",""
"","3650","An RTP callback is successfully received with status RJCT","functional-tests.tests.callbacks","2026-09-07","passed","2026-09-07","","test_RTP_callback_DS_08","",""
"","425","Unauthorized request returns 401","functional-tests.tests.activation","2026-09-07","passed","2026-09-07","","test_debtor_activation_list","",""
"Test sending an UPDATE after CREATE VALID + DELETE with different statuses","2193","An UPDATE message with status PUBLISHED after CREATE VALID and DELETE","functional-tests.tests.process_messages_sender","2026-09-07","passed","2026-09-07","","test_RTP_process_sender_UPDATE","",""
"","3762","Attempt to cancel an already cancelled RTP","bdd-tests","2026-09-07","passed","2026-09-07","RTP_Cancellation","RTP","",""
"MOCKSP04 owns MOCKSP01 as well as its own spId; activation must be allowed on either.","1864","A debtor is activated using a Service Provider ID the token subject owns but does not itself represent","functional-tests.tests.activation","2026-09-07","passed","2026-09-07","","test_debtor_activation_create","",""
"The response cannot be parsed as a cancellation confirmation (malformed, unquoted string), so the RTP stays in RFC_SENT rather than erroring out.","2753","Cancelling an RTP - EPC v4 mock unhappy path scenario: malformed_string","functional-tests.tests.cancel_rtp","2026-09-07","passed","2026-09-07","","test_RTP_cancel_MOCK_V2","",""
"Parametrized contract test generated from the Activation API OpenAPI spec.

Schemathesis derives one test case per endpoint defined in the spec, generating
request data (path params, query params, body) that is valid according to the schema.
Each case is executed against the live API and the response is validated with
CONTRACT_CHECKS.
","55589","test_activation_contract[GET /activations/payer]","contract-tests.tests","2026-09-07","passed","2026-09-07","","test_activation","",""
"Test sending a DELETE operation message via GPD message API after a CREATE","1439","A DELETE message after CREATE PUBLISHED","functional-tests.tests.process_messages_sender","2026-09-07","passed","2026-09-07","","test_RTP_process_sender_DELETE","",""
"Each entry in ``INVALID_PAYER_IDS`` (see dataset docstring) must be rejected with 400.","481","The activation request must contain a validly formatted fiscal code","functional-tests.tests.activation","2026-09-07","passed","2026-09-07","","test_debtor_activation_create","",""
"","2598","DS_05 redirect v2 callback with Version header returns 400","functional-tests.tests.callbacks_v2","2026-09-07","passed","2026-09-07","","test_RTP_callback_with_version_header","",""
"","1828","An RTP is sent through ICCREA API","functional-tests.tests.availability","2026-09-07","passed","2026-09-07","","test_availability_ICCREA","",""
"","492","Unauthorized callback due to wrong certificate serial","functional-tests.tests.callbacks","2026-09-07","passed","2026-09-07","","test_RTP_callback_DS_04","",""
"","1004","Find by payer id returns 404 when the token subject does not own the activation's Service Provider ID","functional-tests.tests.activation","2026-09-07","passed","2026-09-07","","test_debtor_activation_get","",""
"","1069","Whitespaces is allowed in description and company name field","ux-tests.tests","2026-09-07","passed","2026-09-07","","test_RTP_submission_v4","",""
"Test sending an UPDATE after CREATE VALID + DELETE with different statuses","2700","An UPDATE message with status EXPIRED after CREATE VALID and DELETE","functional-tests.tests.process_messages_sender","2026-09-07","passed","2026-09-07","","test_RTP_process_sender_UPDATE","",""
"
Tests sending an RTP payload to the POSTE endpoint with valid data and authentication.

:param debtor_sp_mock_cert_key: Certificate and key tuple for mutual TLS authentication.
:type debtor_sp_mock_cert_key: Tuple[str, str]
","1348","An RTP is sent through POSTE API","functional-tests.tests.availability","2026-09-07","passed","2026-09-07","","test_availability_POSTE","",""
"
Test RFC callback DS12P with CNCL status, cancel triggered via REST Web API with explicit reason.

Flow:
1. Activate payer
2. Send an RTP via GPD message (CREATE VALID)
3. Cancel the RTP via REST cancel endpoint with cancel_reason → RTP to RFC_SENT
4. Send DS12P callback with CxlStsId CNCL (Cancelled As Per Request)
5. Verify callback is accepted (200)
6. Verify RTP status is CANCELLED
","2554","An RFC callback DS12P CNCL is successfully received and RTP status is CANCEL - through Web API cancel","functional-tests.tests.callbacks","2026-09-07","passed","2026-09-07","","test_RTP_callback_DS_12P","",""
"","2660","A v2 RTP callback with invalid status is rejected without affecting the RTP status","functional-tests.tests.callbacks_v2","2026-09-07","passed","2026-09-07","","test_RTP_callback_DS_08P_positive","",""
"No `Sts.Conf` confirmation is present (Sts block omitted entirely), so only CANCEL_RTP is triggered and the RTP stays in RFC_SENT.","2216","Cancelling an RTP - EPC v4 mock happy path scenario: no_sts_block","functional-tests.tests.cancel_rtp","2026-09-07","passed","2026-09-07","","test_RTP_cancel_MOCK_V2","",""
"","593","Retrieving activation with invalid UUID returns 400","functional-tests.tests.activation","2026-09-07","passed","2026-09-07","","test_debtor_activation_get","",""
"
Test RFC callback DS12P with non-existing service provider, cancel via REST Web API.

Flow:
1. Activate payer
2. Send an RTP via GPD message (CREATE VALID)
3. Cancel the RTP via REST cancel endpoint with cancel_reason → RTP to RFC_SENT
4. Send DS12P callback with non-existing BIC (MOCKSP99)
5. Verify callback is rejected with 400 (service provider not found)
","2063","Failed RFC callback for non existing Service Provider - DS-12P CNCL compliant - through Web API cancel","functional-tests.tests.callbacks","2026-09-07","passed","2026-09-07","","test_RTP_callback_DS_12P","",""
"","3623","Failed callback for invalid RTP transition - DS-08N compliant","functional-tests.tests.callbacks","2026-09-07","passed","2026-09-07","","test_RTP_callback_DS_08","",""
"","1","Successful login","bdd-tests","2026-09-07","passed","2026-09-07","RTP_Web_Sending","RTP","",""
"Test sending an UPDATE operation message with different statuses via GPD message API after a CREATE","1609","An UPDATE message with status INVALID after CREATE","functional-tests.tests.process_messages_sender","2026-09-07","passed","2026-09-07","","test_RTP_process_sender_UPDATE","",""
"Test sending a DELETE operation message via GPD message API after a CREATE","1480","A DELETE message after CREATE PARTIALLY_PAID","functional-tests.tests.process_messages_sender","2026-09-07","passed","2026-09-07","","test_RTP_process_sender_DELETE","",""
"","432","Get payees with invalid authorization","functional-tests.tests.service_registry","2026-09-07","passed","2026-09-07","","test_service_registry_service_providers","",""
"The PSP synchronously rejects the cancellation request with 422 (per standard behaviour for the EPC 415 Unsupported Media Type scenario). The RTP then transitions to ERROR_CANCEL via ERROR_CANCEL_RTP.","3348","Cancelling an RTP - EPC v4 mock unhappy path scenario: epc_415","functional-tests.tests.cancel_rtp","2026-09-07","passed","2026-09-07","","test_RTP_cancel_MOCK_V2","",""
"","1618","An RTP sent with synchronous acceptance is in status ACCEPTED - DS-05 ACTC - through Web API V2","functional-tests.tests.send_rtp","2026-09-07","passed","2026-09-07","","test_RTP_send_MOCK","",""
"","3754","A debtor Service Provider activates a debtor","bdd-tests","2026-09-07","passed","2026-09-07","Debtor_Activation","RTP","",""
"","1031","Deactivation fails for activation by another service provider","functional-tests.tests.activation","2026-09-07","passed","2026-09-07","","test_debtor_deactivation","",""
"Each entry in ``INVALID_PAYER_IDS`` (see dataset docstring) must be rejected with 400.","491","The activation request must contain a validly formatted fiscal code","functional-tests.tests.activation","2026-09-07","passed","2026-09-07","","test_debtor_activation_create","",""
"Test sending a DELETE operation message via GPD message API after a CREATE VALID + UPDATE","2098","A DELETE message after CREATE VALID + UPDATE INVALID","functional-tests.tests.process_messages_sender","2026-09-07","passed","2026-09-07","","test_RTP_process_sender_DELETE","",""
"
Test RFC callback DS12N with RJCR status, cancel triggered via REST Web API with explicit reason.

Flow:
1. Activate payer
2. Send an RTP via GPD message (CREATE VALID)
3. Cancel the RTP via REST cancel endpoint with cancel_reason → RTP to RFC_SENT
4. Send DS12N callback with CxlStsId RJCR (Rejected Cancellation Request)
5. Verify callback is accepted (200)
6. Verify RTP status is ERROR_CANCEL
","3528","An RFC callback DS12N RJCR is successfully received and RTP status is ERROR_CANCEL - through Web API cancel","functional-tests.tests.callbacks","2026-09-07","passed","2026-09-07","","test_RTP_callback_DS_12N","",""
"","1547","An RTP sent when EPC response omits _links is in status ACCEPTED - through Web API","functional-tests.tests.send_rtp","2026-09-07","passed","2026-09-07","","test_RTP_send_MOCK","",""
"","485","Non-integer size returns 400","functional-tests.tests.activation","2026-09-07","passed","2026-09-07","","test_debtor_activation_list","",""
"Each entry in ``INVALID_PAYER_IDS`` must be rejected with 400.

The ``description`` parameter appears in pytest output to identify which
case failed without having to inspect the raw value.
","490","Querying activation status with an invalid payerId format returns 400","functional-tests.tests.activation","2026-09-07","passed","2026-09-07","","test_debtor_activation_payer_status","",""
"","1149","A debtor is activated by an authenticated service provider","functional-tests.tests.activation","2026-09-07","passed","2026-09-07","","test_debtor_activation_create","",""
"DS_08P ACCP callback sent twice on the same RTP (direct SENT -> USER_ACCEPTED).

The second callback must be rejected with 400 since the transition is no
longer valid once the RTP is already USER_ACCEPTED.
","3030","Failed v2 callback for invalid RTP transition - DS-08P positive compliant","functional-tests.tests.callbacks_v2","2026-09-07","passed","2026-09-07","","test_RTP_callback_DS_08P_positive","",""
"Each entry in ``INVALID_PAYER_IDS`` must be rejected with 400.

The ``description`` parameter appears in pytest output to identify which
case failed without having to inspect the raw value.
","482","Querying activation status with an invalid payerId format returns 400","functional-tests.tests.activation","2026-09-07","passed","2026-09-07","","test_debtor_activation_payer_status","",""
"Availability probe for takeover notification mock endpoint: expects 204 No Content","472","Test Takeover Notification Endpoint","functional-tests.tests.takeover","2026-09-07","passed","2026-09-07","","test_debtor_takeover","",""
"","1087","Sending an RTP when EPC returns a malformed/invalid response body returns 500 - through Web API","functional-tests.tests.send_rtp","2026-09-07","passed","2026-09-07","","test_RTP_send_MOCK","",""
"","1526","An RTP sent when EPC response contains an unknown field is ignored and remains in status SENT","functional-tests.tests.send_rtp","2026-09-07","passed","2026-09-07","","test_RTP_send_MOCK","",""
"
Test v2 RFC callback DS12N with INVALID status.

Flow:
1. Activate payer
2. Send an RTP via GPD message v2 (CREATE VALID)
3. Cancel the RTP via GPD message v2 (DELETE) -> RTP to RFC_SENT
4. Send DS12N callback with CxlStsId INVALID
5. Verify callback is rejected with 400
6. Verify RTP status is still RFC_SENT
","2719","A v2 RFC callback DS12N INVALID is rejected with 400","functional-tests.tests.callbacks_v2","2026-09-07","passed","2026-09-07","","test_RTP_callback_DS_12N_negative","",""
"Test sending an UPDATE operation message with different statuses via GPD message API before a CREATE","979","An UPDATE message with status DRAFT before CREATE","functional-tests.tests.process_messages_sender","2026-09-07","passed","2026-09-07","","test_RTP_process_sender_UPDATE_before_CREATE","",""
"Test sending a DELETE operation message via GPD message API after a CREATE","1442","A DELETE message after CREATE INVALID","functional-tests.tests.process_messages_sender","2026-09-07","passed","2026-09-07","","test_RTP_process_sender_DELETE","",""
"
Test RFC callback DS12N with RJCR status applied twice on the same RTP.

Flow:
1. Activate payer
2. Send an RTP via GPD message (CREATE VALID)
3. Cancel the RTP via GPD message (DELETE) -> RTP to RFC_SENT
4. Send DS12N callback with CxlStsId RJCR (Rejected Cancellation Request) -> RTP to ERROR_CANCEL
5. Send the same DS12N RJCR callback again on the already transitioned RTP
6. Verify the second callback is rejected (400) since the transition is no longer valid
7. Verify RTP status remains ERROR_CANCEL
","4257","Failed RFC callback for invalid RTP transition - DS-12N RJCR compliant","functional-tests.tests.callbacks","2026-09-07","passed","2026-09-07","","test_RTP_callback_DS_12N","",""
"","1949","RTP form is filled and submitted","ux-tests.tests","2026-09-07","passed","2026-09-07","","test_RTP_submission_v4","",""
"
Test v2 RFC callback DS12P with wrong certificate identity.

Flow:
1. Activate payer
2. Send an RTP via GPD message v2 (CREATE VALID)
3. Cancel the RTP via GPD message v2 (DELETE) -> RTP to RFC_SENT
4. Send DS12P callback with assignee_bic='FAKESP01' (doesn't match certificate identity)
5. Verify callback is rejected with 403 (certificate mismatch)
6. Verify RTP status is still RFC_SENT
","2813","Unauthorized v2 RFC callback due to wrong certificate serial","functional-tests.tests.callbacks_v2","2026-09-07","passed","2026-09-07","","test_RTP_callback_DS_12P_positive","",""
"The PSP synchronously rejects the cancellation request with 422 (per standard behaviour for the EPC 406 Not Acceptable scenario). The RTP then transitions to ERROR_CANCEL via ERROR_CANCEL_RTP.","3563","Cancelling an RTP - EPC v4 mock unhappy path scenario: epc_406","functional-tests.tests.cancel_rtp","2026-09-07","passed","2026-09-07","","test_RTP_cancel_MOCK_V2","",""
"Each entry in ``INVALID_PAYER_IDS`` must be rejected with 400.

The ``description`` parameter appears in pytest output to identify which
case failed without having to inspect the raw value.
","490","Querying activation status with an invalid payerId format returns 400","functional-tests.tests.activation","2026-09-07","passed","2026-09-07","","test_debtor_activation_payer_status","",""
"
Given a debtor is activated and a GPD message (CREATE) is sent via POST /gpd/message,
when the rtp-sender processes it and the RTP reaches status SENT,
when the payee queries the delivery-status endpoint with the correct noticeNumber
(nav) and payeeId (ec_tax_code),
then the response body must contain status=PD_RTP_DELIVERED, a non-null processingDate
in ISO 8601 format, and processingDate must match the SEND_RTP event timestamp from
the GPD message response (truncated to millisecond precision).
","6551","GPD message sent → RTP SENT → PD_RTP_DELIVERED with processingDate","functional-tests.tests.get_rtp","2026-09-07","passed","2026-09-07","","test_RTP_get_delivery_status","",""
"
DS_08P ACCP callback sent with the Version header must be rejected with 400.
The RTP must remain in ACCEPTED (transition to USER_ACCEPTED must not happen).

Flow:
1. Activate payer, send RTP, advance to ACCEPTED via DS_05 (without header)
2. Build a valid DS_08P ACCP payload
3. POST WITH Version header
4. Verify 400 is returned with the expected error body
5. Verify RTP status is still ACCEPTED
","2518","DS_08P ACCP callback with Version header returns 400","functional-tests.tests.callbacks","2026-09-07","passed","2026-09-07","","test_RTP_callback_with_version_header","",""
"","1777","Whitespaces is allowed in description and company name field","ux-tests.tests","2026-09-07","passed","2026-09-07","","test_RTP_submission_v3","",""
"","3236","RTP form cancellation with reason PAID","ux-tests.tests","2026-09-07","passed","2026-09-07","","test_RTP_cancel_v4","",""
"
Test RFC callback DS12P with CNCL status applied twice on the same RTP.

Flow:
1. Activate payer
2. Send an RTP via GPD message (CREATE VALID)
3. Cancel the RTP via GPD message (DELETE) -> RTP to RFC_SENT
4. Send DS12P callback with CxlStsId CNCL (Cancelled As Per Request) -> RTP to CANCELLED
5. Send the same DS12P CNCL callback again on the already cancelled RTP
6. Verify the second callback is rejected (400) since the transition is no longer valid
7. Verify RTP status remains CANCELLED
","3507","Failed RFC callback for invalid RTP transition - DS-12P CNCL compliant","functional-tests.tests.callbacks","2026-09-07","passed","2026-09-07","","test_RTP_callback_DS_12P","",""
"","482","malformed rtp_id → 400 Bad Request","functional-tests.tests.get_rtp","2026-09-07","passed","2026-09-07","","test_RTP_get","",""
"
Test RFC callback DS12N with non-existing service provider, cancel via REST Web API.

Flow:
1. Activate payer
2. Send an RTP via GPD message (CREATE VALID)
3. Cancel the RTP via REST cancel endpoint with cancel_reason → RTP to RFC_SENT
4. Send DS12N callback with non-existing BIC (MOCKSP99)
5. Verify callback is rejected with 400 (service provider not found)
","2430","Failed RFC callback for non existing Service Provider - DS-12N RJCR compliant - through Web API cancel","functional-tests.tests.callbacks","2026-09-07","passed","2026-09-07","","test_RTP_callback_DS_12N","",""
"","2050","An RTP sent with synchronous rejection containing extra fields results in status REJECTED - through Web API","functional-tests.tests.send_rtp","2026-09-07","passed","2026-09-07","","test_RTP_send_MOCK","",""
"Each entry in ``INVALID_PAYER_IDS`` (see dataset docstring) must be rejected with 400.","452","The activation request must contain a validly formatted fiscal code","functional-tests.tests.activation","2026-09-07","passed","2026-09-07","","test_debtor_activation_create","",""
"","1003","A debtor is deactivated by an authenticated service provider","functional-tests.tests.activation","2026-09-07","passed","2026-09-07","","test_debtor_deactivation","",""
"Test sending an UPDATE after CREATE VALID + DELETE with different statuses","2142","An UPDATE message with status INVALID after CREATE VALID and DELETE","functional-tests.tests.process_messages_sender","2026-09-07","passed","2026-09-07","","test_RTP_process_sender_UPDATE","",""
"","1765","RTP is successfully cancelled with reason PAID - V2","functional-tests.tests.cancel_rtp","2026-09-07","passed","2026-09-07","","test_RTP_cancel","",""
"","1041","A debtor activated with an owned but distinct Service Provider ID is deactivated","functional-tests.tests.activation","2026-09-07","passed","2026-09-07","","test_debtor_deactivation","",""
"","1348","An authenticated Service Provider cannot send an RTP to an unactivated debtor","bdd-tests","2026-09-07","passed","2026-09-07","RTP_Sending","RTP","",""
"Test sending an UPDATE operation message with different statuses via GPD message API after a CREATE","1591","An UPDATE message with status PARTIALLY_PAID after CREATE","functional-tests.tests.process_messages_sender","2026-09-07","passed","2026-09-07","","test_RTP_process_sender_UPDATE","",""
"","459","Get payees consents with invalid authorization returns 401","functional-tests.tests.service_registry","2026-09-07","passed","2026-09-07","","test_get_payees_consents","",""
"","3770","An RTP callback is successfully received","functional-tests.tests.callbacks","2026-09-07","passed","2026-09-07","","test_RTP_callback_DS_04","",""
"
Test RFC callback DS12N with wrong certificate identity, cancel via REST Web API.

Flow:
1. Activate payer
2. Send an RTP via GPD message (CREATE VALID)
3. Cancel the RTP via REST cancel endpoint with cancel_reason → RTP to RFC_SENT
4. Send DS12N callback with assignee_bic='FAKESP01' (doesn't match certificate identity MOCKSP04)
5. Verify callback is rejected with 403 (certificate mismatch)
","3074","Unauthorized RFC callback due to wrong certificate serial - through Web API cancel","functional-tests.tests.callbacks","2026-09-07","passed","2026-09-07","","test_RTP_callback_DS_12N","",""
"","1225","Sending an RTP when EPC returns a malformed/invalid response body returns 500 - through Web API V2","functional-tests.tests.send_rtp","2026-09-07","passed","2026-09-07","","test_RTP_send_MOCK","",""
"","2125","An RTP sent with synchronous rejection and missing _links results in status REJECTED - through Web API","functional-tests.tests.send_rtp","2026-09-07","passed","2026-09-07","","test_RTP_send_MOCK","",""
"","1064","A debtor with foreign fiscal code is activated successfully","functional-tests.tests.activation","2026-09-07","passed","2026-09-07","","test_debtor_activation_create","",""
"Test sending a DELETE operation message via GPD message API after a CREATE VALID + UPDATE","2198","A DELETE message after CREATE VALID + UPDATE VALID","functional-tests.tests.process_messages_sender","2026-09-07","passed","2026-09-07","","test_RTP_process_sender_DELETE","",""
"Each entry in ``INVALID_PAYER_IDS`` must be rejected with 400.

The ``description`` parameter appears in pytest output to identify which
case failed without having to inspect the raw value.
","503","Querying activation status with an invalid payerId format returns 400","functional-tests.tests.activation","2026-09-07","failed","2026-09-07","","test_debtor_activation_payer_status","",""
"","498","inexistent RTP -> empty body","functional-tests.tests.get_rtp","2026-09-07","passed","2026-09-07","","test_RTP_get","",""
"
Verify that a debt position can be deleted successfully.
","2468","Happy path: a debt position is deleted in UAT environment","functional-tests.tests.gpd_availability","2026-09-07","passed","2026-09-07","","test_availability_GPD","",""
"No `Sts.Conf` confirmation is present (empty JSON object), so only CANCEL_RTP is triggered and the RTP stays in RFC_SENT.","2290","Cancelling an RTP - EPC v4 mock happy path scenario: empty_json_object","functional-tests.tests.cancel_rtp","2026-09-07","passed","2026-09-07","","test_RTP_cancel_MOCK_V2","",""
"","2510","DS_08N negative v2 callback with Version header returns 400","functional-tests.tests.callbacks_v2","2026-09-07","passed","2026-09-07","","test_RTP_callback_with_version_header","",""
"","949","Auth endpoint returns valid token","functional-tests.tests.availability","2026-09-07","passed","2026-09-07","","test_availability_CBI","",""
"","741","Get list of service providers successfully","functional-tests.tests.service_registry","2026-09-07","passed","2026-09-07","","test_service_registry_service_providers","",""
"","493","All auth fixtures expose a valid Bearer token format","functional-tests.tests.auth","2026-09-07","passed","2026-09-07","","test_auth","",""
"","978","An RTP is sent to ICCREA service with activated fiscal code","functional-tests.tests.send_rtp","2026-09-07","passed","2026-09-07","","test_RTP_send_ICCREA","",""
"","592","Get payees consents with negative page number returns 400","functional-tests.tests.service_registry","2026-09-07","passed","2026-09-07","","test_get_payees_consents","",""
"","5649","RTP form is filled and submitted","ux-tests.tests","2026-09-07","passed","2026-09-07","","test_RTP_cancel_v3","",""
"
Given a noticeNumber that does not correspond to any RTP in the database,
when the payee queries the delivery-status endpoint,
then the response must be HTTP 200 with status=PD_RTP_NOT_DELIVERED and
processingDate absent or null.
","503","Non-existent noticeNumber → PD_RTP_NOT_DELIVERED","functional-tests.tests.get_rtp","2026-09-07","passed","2026-09-07","","test_RTP_get_delivery_status","",""
"","2113","Failed callback for non existing Service Provider - DS-05 redirect compliant","functional-tests.tests.callbacks_v2","2026-09-07","passed","2026-09-07","","test_RTP_callback_DS_05_redirect","",""
"","1071","An RTP is sent through API - through Web API","functional-tests.tests.send_rtp","2026-09-07","passed","2026-09-07","","test_RTP_send_MOCK","",""
"Each entry in ``INVALID_PAYER_IDS`` (see dataset docstring) must be rejected with 400.","469","The activation request must contain a validly formatted fiscal code","functional-tests.tests.activation","2026-09-07","passed","2026-09-07","","test_debtor_activation_create","",""
"","1201","An RTP is sent through API - through Web API V2","functional-tests.tests.send_rtp","2026-09-07","passed","2026-09-07","","test_RTP_send_MOCK","",""
"OTP bound to payer1 should not work for payer2","1553","Test Takeover Fails with OTP Bound to Different Payer","functional-tests.tests.takeover","2026-09-07","passed","2026-09-07","","test_debtor_takeover","",""
"","3565","A v2 document RTP callback with status RJCT is successfully received","functional-tests.tests.callbacks_v2","2026-09-07","passed","2026-09-07","","test_RTP_callback_DS_document_rjct","",""
"Each entry in ``INVALID_PAYER_IDS`` must be rejected with 400.

The ``description`` parameter appears in pytest output to identify which
case failed without having to inspect the raw value.
","450","Querying activation status with an invalid payerId format returns 400","functional-tests.tests.activation","2026-09-07","passed","2026-09-07","","test_debtor_activation_payer_status","",""
"","2057","An RTP callback is received with invalid status","functional-tests.tests.callbacks","2026-09-07","passed","2026-09-07","","test_RTP_callback_DS_08","",""
"The PSP synchronously rejects the cancellation request with 422 (per standard behaviour for the EPC 404 Not Found scenario). The RTP then transitions to ERROR_CANCEL via ERROR_CANCEL_RTP.","2797","Cancelling an RTP - EPC v4 mock unhappy path scenario: epc_404","functional-tests.tests.cancel_rtp","2026-09-07","passed","2026-09-07","","test_RTP_cancel_MOCK_V2","",""
"Test sending a DELETE operation message via GPD message API after a standalone UPDATE (no prior CREATE)","1485","A DELETE message after standalone UPDATE DRAFT","functional-tests.tests.process_messages_sender","2026-09-07","passed","2026-09-07","","test_RTP_process_sender_DELETE","",""
"Each entry in ``INVALID_PAYER_IDS`` (see dataset docstring) must be rejected with 400.","646","The activation request must contain a validly formatted fiscal code","functional-tests.tests.activation","2026-09-07","passed","2026-09-07","","test_debtor_activation_create","",""
"Test sending an UPDATE operation message with different statuses via GPD message API before a CREATE","991","An UPDATE message with status EXPIRED before CREATE","functional-tests.tests.process_messages_sender","2026-09-07","passed","2026-09-07","","test_RTP_process_sender_UPDATE_before_CREATE","",""
"","3107","Failed callback for invalid RTP transition - DS-05 ACTC compliant","functional-tests.tests.callbacks","2026-09-07","passed","2026-09-07","","test_RTP_callback_DS_05","",""
"","2338","Takeover fails with invalid OTP","bdd-tests","2026-09-07","passed","2026-09-07","Debtor_Activation_Takeover","RTP","",""
"","551","Sending to non-activated debtor returns 422 - through Web API","functional-tests.tests.send_rtp","2026-09-07","passed","2026-09-07","","test_RTP_send_MOCK","",""
"Each entry in ``INVALID_PAYER_IDS`` (see dataset docstring) must be rejected with 400.","488","The activation request must contain a validly formatted fiscal code","functional-tests.tests.activation","2026-09-07","passed","2026-09-07","","test_debtor_activation_create","",""
"Each entry in ``INVALID_PAYER_IDS`` must be rejected with 400.

The ``description`` parameter appears in pytest output to identify which
case failed without having to inspect the raw value.
","507","Querying activation status with an invalid payerId format returns 400","functional-tests.tests.activation","2026-09-07","passed","2026-09-07","","test_debtor_activation_payer_status","",""
"CREATE VALID with an ec_tax_code that does not exist in GPD returns 422 Payee not found","992","A CREATE VALID message with a non-existent ec_tax_code is rejected","functional-tests.tests.process_messages_sender","2026-09-07","passed","2026-09-07","","test_RTP_process_sender_CREATE","",""
"","3525","Failed callback for invalid RTP transition - DS-08P ACCP compliant","functional-tests.tests.callbacks","2026-09-07","passed","2026-09-07","","test_RTP_callback_DS_08","",""
"Each entry in ``INVALID_PAYER_IDS`` (see dataset docstring) must be rejected with 400.","602","The activation request must contain a validly formatted fiscal code","functional-tests.tests.activation","2026-09-07","passed","2026-09-07","","test_debtor_activation_create","",""
"Test sending a CREATE operation message via GPD message API","1107","A CREATE message is successfully sent through GPD message API","functional-tests.tests.process_messages_sender","2026-09-07","passed","2026-09-07","","test_RTP_process_sender","",""
"Each entry in ``INVALID_PAYER_IDS`` must be rejected with 400.

The ``description`` parameter appears in pytest output to identify which
case failed without having to inspect the raw value.
","457","Querying activation status with an invalid payerId format returns 400","functional-tests.tests.activation","2026-09-07","passed","2026-09-07","","test_debtor_activation_payer_status","",""
"Test sending a DELETE operation message via GPD message API after a CREATE VALID + UPDATE","2899","A DELETE message after CREATE VALID + UPDATE PARTIALLY_PAID","functional-tests.tests.process_messages_sender","2026-09-07","passed","2026-09-07","","test_RTP_process_sender_DELETE","",""
"","957","Get paginated list of payees successfully","functional-tests.tests.service_registry","2026-09-07","passed","2026-09-07","","test_service_registry_payees_registry","",""
"","2212","An authenticated Service Provider cannot send an RTP to an activated debtor","bdd-tests","2026-09-07","passed","2026-09-07","RTP_Sending","RTP","",""
"Each entry in ``INVALID_PAYER_IDS`` must be rejected with 400.

The ``description`` parameter appears in pytest output to identify which
case failed without having to inspect the raw value.
","461","Querying activation status with an invalid payerId format returns 400","functional-tests.tests.activation","2026-09-07","passed","2026-09-07","","test_debtor_activation_payer_status","",""
"","2706","An RTP is sent to ICCREA service with activated fiscal code - through Web API","functional-tests.tests.send_rtp","2026-09-07","failed","2026-09-07","","test_RTP_send_ICCREA","",""
"
Verify that a debt position can be updated successfully.
","6437","Happy path: a debt position is updated in UAT environment","functional-tests.tests.gpd_availability","2026-09-07","passed","2026-09-07","","test_availability_GPD","",""
"","3705","A debtor Service Provider successfully takes over an activation from another provider","bdd-tests","2026-09-07","passed","2026-09-07","Debtor_Activation_Takeover","RTP","",""
"","1264","Invalid pagination parameters returns 400","functional-tests.tests.activation","2026-09-07","passed","2026-09-07","","test_debtor_activation_list","",""
"","1493","Cannot send RTP with invalid amount","functional-tests.tests.availability","2026-09-07","passed","2026-09-07","","test_availability_CBI","",""
"
Test RFC callback DS12N with non-existing service provider.

Flow:
1. Activate payer
2. Send an RTP via GPD message (CREATE VALID)
3. Cancel the RTP via GPD message (DELETE) → RTP to RFC_SENT
4. Send DS12N callback with non-existing BIC (MOCKSP99)
5. Verify callback is rejected with 400 (service provider not found)
","2055","Failed RFC callback for non existing Service Provider - DS-12N RJCR compliant","functional-tests.tests.callbacks","2026-09-07","passed","2026-09-07","","test_RTP_callback_DS_12N","",""
"","2089","An RTP sent with synchronous rejection is in status REJECTED - DS-08P N","functional-tests.tests.send_rtp","2026-09-07","passed","2026-09-07","","test_RTP_send_MOCK","",""
"","601","Get payees consents with invalid consent value returns 400","functional-tests.tests.service_registry","2026-09-07","passed","2026-09-07","","test_get_payees_consents","",""
"
Test RFC callback DS12N with RJCR status.

Flow:
1. Activate payer
2. Send an RTP via GPD message (CREATE VALID)
3. Cancel the RTP via GPD message (DELETE) → RTP to RFC_SENT
4. Send DS12N callback with CxlStsId RJCR (Rejected Cancellation Request)
5. Verify callback is accepted (200)
6. Verify RTP status is ERROR_CANCEL
","3111","An RFC callback DS12N RJCR is successfully received and RTP status is ERROR_CANCEL","functional-tests.tests.callbacks","2026-09-07","passed","2026-09-07","","test_RTP_callback_DS_12N","",""
"","1897","Retrieving non-existent activation returns 404","functional-tests.tests.activation","2026-09-07","passed","2026-09-07","","test_debtor_activation_get","",""
"Test sending a DELETE operation message via GPD message API after a standalone UPDATE (no prior CREATE)","2149","A DELETE message after standalone UPDATE PAID","functional-tests.tests.process_messages_sender","2026-09-07","passed","2026-09-07","","test_RTP_process_sender_DELETE","",""
"","954","A debtor activated with an owned but distinct Service Provider ID is retrieved by payer id","functional-tests.tests.activation","2026-09-07","passed","2026-09-07","","test_debtor_activation_get","",""
"Each entry in ``INVALID_PAYER_IDS`` (see dataset docstring) must be rejected with 400.","670","The activation request must contain a validly formatted fiscal code","functional-tests.tests.activation","2026-09-07","passed","2026-09-07","","test_debtor_activation_create","",""
"Reusing the same OTP after a successful takeover should fail","1997","Test Takeover Fails with Reused OTP","functional-tests.tests.takeover","2026-09-07","passed","2026-09-07","","test_debtor_takeover","",""
"Each entry in ``INVALID_PAYER_IDS`` must be rejected with 400.

The ``description`` parameter appears in pytest output to identify which
case failed without having to inspect the raw value.
","504","Querying activation status with an invalid payerId format returns 400","functional-tests.tests.activation","2026-09-07","passed","2026-09-07","","test_debtor_activation_payer_status","",""
"
Test v2 RFC callback DS12N with RJCR status.

Flow:
1. Activate payer
2. Send an RTP via GPD message v2 (CREATE VALID)
3. Cancel the RTP via GPD message v2 (DELETE) -> RTP to RFC_SENT
4. Send DS12N callback with CxlStsId RJCR (Rejected Cancellation Request)
5. Verify callback is accepted (200)
6. Verify RTP status is CANCELLED_REJECTED
","5614","A v2 RFC callback DS12N RJCR is successfully received and RTP status is CANCELLED_REJECTED","functional-tests.tests.callbacks_v2","2026-09-07","passed","2026-09-07","","test_RTP_callback_DS_12N_negative","",""
"","2521","RTP is successfully cancelled with reason PAID","functional-tests.tests.cancel_rtp","2026-09-07","passed","2026-09-07","","test_RTP_cancel","",""
"Each entry in ``INVALID_PAYER_IDS`` (see dataset docstring) must be rejected with 400.","590","The activation request must contain a validly formatted fiscal code","functional-tests.tests.activation","2026-09-07","passed","2026-09-07","","test_debtor_activation_create","",""
"Each entry in ``INVALID_PAYER_IDS`` must be rejected with 400.

The ``description`` parameter appears in pytest output to identify which
case failed without having to inspect the raw value.
","473","Querying activation status with an invalid payerId format returns 400","functional-tests.tests.activation","2026-09-07","passed","2026-09-07","","test_debtor_activation_payer_status","",""
"
Test v2 RFC callback DS12N with RJCR status applied twice on the same RTP.

Flow:
1. Activate payer
2. Send an RTP via GPD message v2 (CREATE VALID)
3. Cancel the RTP via GPD message v2 (DELETE) -> RTP to RFC_SENT
4. Send DS12N callback with CxlStsId RJCR (Rejected Cancellation Request) -> RTP to CANCELLED_REJECTED
5. Send the same DS12N RJCR callback again on the already transitioned RTP
6. Verify the second callback is rejected (400) since the transition is no longer valid
7. Verify RTP status remains CANCELLED_REJECTED
","4312","Failed v2 RFC callback for invalid RTP transition - DS-12N negative compliant","functional-tests.tests.callbacks_v2","2026-09-07","passed","2026-09-07","","test_RTP_callback_DS_12N_negative","",""
"Each entry in ``INVALID_PAYER_IDS`` must be rejected with 400.

The ``description`` parameter appears in pytest output to identify which
case failed without having to inspect the raw value.
","506","Querying activation status with an invalid payerId format returns 400","functional-tests.tests.activation","2026-09-07","passed","2026-09-07","","test_debtor_activation_payer_status","",""
"Test sending a DELETE operation message via GPD message API after a CREATE","1762","A DELETE message after CREATE VALID","functional-tests.tests.process_messages_sender","2026-09-07","passed","2026-09-07","","test_RTP_process_sender_DELETE","",""
"
SP A activates the payer.
SP B queries the status → must get isActive=false to avoid disclosing
that the payer is registered under a competitor SP.
","980","A payer active on a different Service Provider returns isActive false (privacy)","functional-tests.tests.activation","2026-09-07","passed","2026-09-07","","test_debtor_activation_payer_status","",""
"
Test v2 RFC callback DS12N with wrong certificate identity.

Flow:
1. Activate payer
2. Send an RTP via GPD message v2 (CREATE VALID)
3. Cancel the RTP via GPD message v2 (DELETE) -> RTP to RFC_SENT
4. Send DS12N callback with assignee_bic='FAKESP01' (doesn't match certificate identity)
5. Verify callback is rejected with 403 (certificate mismatch)
6. Verify RTP status is still RFC_SENT
","3037","Unauthorized v2 RFC callback due to wrong certificate serial","functional-tests.tests.callbacks_v2","2026-09-07","passed","2026-09-07","","test_RTP_callback_DS_12N_negative","",""
"Test sending a DELETE operation message via GPD message API after a standalone UPDATE (no prior CREATE)","1568","A DELETE message after standalone UPDATE VALID","functional-tests.tests.process_messages_sender","2026-09-07","passed","2026-09-07","","test_RTP_process_sender_DELETE","",""
"Each entry in ``INVALID_PAYER_IDS`` (see dataset docstring) must be rejected with 400.","517","The activation request must contain a validly formatted fiscal code","functional-tests.tests.activation","2026-09-07","passed","2026-09-07","","test_debtor_activation_create","",""
"","496","All auth fixtures expose a valid Bearer token format","functional-tests.tests.auth","2026-09-07","passed","2026-09-07","","test_auth","",""
"Takeover without a previously issued OTP should fail","996","Test Takeover Fails without Prior OTP","functional-tests.tests.takeover","2026-09-07","passed","2026-09-07","","test_debtor_takeover","",""
"
Test v2 RFC callback DS12P with CNCL status applied twice on the same RTP.

Flow:
1. Activate payer
2. Send an RTP via GPD message v2 (CREATE VALID)
3. Cancel the RTP via GPD message v2 (DELETE) -> RTP to RFC_SENT
4. Send DS12P callback with CxlStsId CNCL (Cancelled As Per Request) -> RTP to CANCELLED
5. Send the same DS12P CNCL callback again on the already cancelled RTP
6. Verify the second callback is rejected (400) since the transition is no longer valid
7. Verify RTP status remains CANCELLED
","6039","Failed v2 RFC callback for invalid RTP transition - DS-12P positive compliant","functional-tests.tests.callbacks_v2","2026-09-07","passed","2026-09-07","","test_RTP_callback_DS_12P_positive","",""
"Each entry in ``INVALID_PAYER_IDS`` (see dataset docstring) must be rejected with 400.","505","The activation request must contain a validly formatted fiscal code","functional-tests.tests.activation","2026-09-07","passed","2026-09-07","","test_debtor_activation_create","",""
"
DS_12N RJCR RFC callback sent with the Version header must be rejected with 400.
The RTP must remain in RFC_SENT (transition to ERROR_CANCEL must not happen).

Flow:
1. Activate payer, send RTP, trigger cancel via GPD DELETE → RFC_SENT
2. Build a valid DS_12N RJCR payload
3. POST to RFC callback endpoint WITH Version header
4. Verify 400 is returned with the expected error body
5. Verify RTP status is still RFC_SENT
","2447","DS_12N RJCR RFC callback with Version header returns 400","functional-tests.tests.callbacks","2026-09-07","passed","2026-09-07","","test_RTP_callback_with_version_header","",""
"","1628","RTP is successfully retrieved","functional-tests.tests.get_rtp","2026-09-07","passed","2026-09-07","","test_RTP_get","",""
"
Verify that a debt position can be updated successfully.
","6505","Happy path: a debt position is updated in DEV environment","functional-tests.tests.gpd_availability","2026-09-07","passed","2026-09-07","","test_availability_GPD","",""
"","513","All auth fixtures expose a valid Bearer token format","functional-tests.tests.auth","2026-09-07","passed","2026-09-07","","test_auth","",""
"FAKESP01 does not own MOCKSP01, a Service Provider ID owned by another tspId.","513","Activation is forbidden for a Service Provider ID not owned by the token subject","functional-tests.tests.activation","2026-09-07","passed","2026-09-07","","test_debtor_activation_create","",""
"Payer activated under SP A queried by SP A → isActive must be true.","957","An active payer returns isActive true for the same Service Provider","functional-tests.tests.activation","2026-09-07","passed","2026-09-07","","test_debtor_activation_payer_status","",""
"","1554","An RTP sent with synchronous acceptance is in status ACCEPTED - DS-05 ACTC","functional-tests.tests.send_rtp","2026-09-07","passed","2026-09-07","","test_RTP_send_MOCK","",""
"","1114","Sending an RTP when EPC returns an unexpected status code error (RTP_05.CHK.A0007) returns 500 - through Web API V2","functional-tests.tests.send_rtp","2026-09-07","passed","2026-09-07","","test_RTP_send_MOCK","",""
"","1806","An RTP is sent to a CBI service with activated fiscal code - through Web API V2","functional-tests.tests.send_rtp","2026-09-07","failed","2026-09-07","","test_RTP_send_CBI","",""
"","1138","Get a page of activations","functional-tests.tests.activation","2026-09-07","passed","2026-09-07","","test_debtor_activation_list","",""
"DS_08N RJCT callback sent directly on a SENT RTP (no prior DS_05 ACTC callback).

The RTP is expected to transition from SENT to REJECTED.
","3302","A v2 RTP callback with status RJCT is successfully received","functional-tests.tests.callbacks_v2","2026-09-07","passed","2026-09-07","","test_RTP_callback_DS_08N_negative","",""
"","475","A debtor service provider fails activation due to wrong service provider id","functional-tests.tests.activation","2026-09-07","passed","2026-09-07","","test_debtor_activation_list","",""
"","475","missing token → 401 Unauthorized","functional-tests.tests.get_rtp","2026-09-07","passed","2026-09-07","","test_RTP_get","",""
"","480","All auth fixtures expose a valid Bearer token format","functional-tests.tests.auth","2026-09-07","passed","2026-09-07","","test_auth","",""
"","1521","RTP cancellation fails with an invalid reason","functional-tests.tests.cancel_rtp","2026-09-07","passed","2026-09-07","","test_RTP_cancel","",""
"Each entry in ``INVALID_PAYER_IDS`` must be rejected with 400.

The ``description`` parameter appears in pytest output to identify which
case failed without having to inspect the raw value.
","494","Querying activation status with an invalid payerId format returns 400","functional-tests.tests.activation","2026-09-07","passed","2026-09-07","","test_debtor_activation_payer_status","",""
"","68","The RTP web page is reachable","functional-tests.tests.availability","2026-09-07","passed","2026-09-07","","test_availability_RTP_webform","",""
