"DESCRIPTION","DURATION IN MS","NAME","PARENT SUITE","START TIME","STATUS","STOP TIME","SUB SUITE","SUITE","TEST CLASS","TEST METHOD"
"
Test RFC callback DS12P with CNCL status.

Flow:
1. Activate payer
2. Send an RTP via GPD message (CREATE VALID)
3. Cancel the RTP via GPD message (DELETE) → RTP to RFC_SENT
4. Send DS12P callback with CxlStsId CNCL (Cancelled As Per Request)
5. Verify callback is accepted (200)
6. Verify RTP status is CANCELLED
","3393","An RFC callback DS12P CNCL is successfully received and RTP status is CANCEL","functional-tests.tests.callbacks","2026-07-31","passed","2026-07-31","","test_RTP_callback_DS_12P","",""
"Test that takeover fails when the service provider is unauthenticated","1871","Test Takeover Fails with Unauthenticated SP","functional-tests.tests.takeover","2026-07-31","passed","2026-07-31","","test_debtor_takeover","",""
"
Verify that a debt position can be deleted successfully.
","2877","Happy path: a debt position is deleted in DEV environment","functional-tests.tests.gpd_availability","2026-07-31","passed","2026-07-31","","test_availability_GPD","",""
"Takeover without a previously issued OTP should fail","1297","Test Takeover Fails without Prior OTP","functional-tests.tests.takeover","2026-07-31","passed","2026-07-31","","test_debtor_takeover","",""
"","3637","A v2 RTP callback with invalid status is rejected without affecting the RTP status","functional-tests.tests.callbacks_v2","2026-07-31","passed","2026-07-31","","test_RTP_callback_DS_08P_positive","",""
"Test sending an UPDATE after CREATE VALID + DELETE with different statuses","4069","An UPDATE message with status VALID after CREATE VALID and DELETE","functional-tests.tests.process_messages_sender","2026-07-31","passed","2026-07-31","","test_RTP_process_sender_UPDATE","",""
"MOCKSP04 owns MOCKSP01 as well as its own spId; activation must be allowed on either.","1291","A debtor is activated using a Service Provider ID the token subject owns but does not itself represent","functional-tests.tests.activation","2026-07-31","passed","2026-07-31","","test_debtor_activation_create","",""
"","622","Retrieving non-existent activation returns 404","functional-tests.tests.activation","2026-07-31","passed","2026-07-31","","test_debtor_activation_get","",""
"
Test v2 RFC callback DS12N with non-existing service provider.

Flow:
1. Activate payer
2. Send an RTP via GPD message v2 (CREATE VALID)
3. Cancel the RTP via GPD message v2 (DELETE) -> RTP to RFC_SENT
4. Send DS12N callback with non-existing BIC (MOCKSP99)
5. Verify callback is rejected with 400 (service provider not found)
6. Verify RTP status is still RFC_SENT
","3434","Failed v2 RFC callback for non existing Service Provider - DS-12N negative compliant","functional-tests.tests.callbacks_v2","2026-07-31","passed","2026-07-31","","test_RTP_callback_DS_12N_negative","",""
"Test sending a CREATE operation message with different statuses via GPD message API","1341","A CREATE message with status VALID","functional-tests.tests.process_messages_sender","2026-07-31","passed","2026-07-31","","test_RTP_process_sender_CREATE","",""
"","631","Retrieving non-existent activation by payer id returns 404","functional-tests.tests.activation","2026-07-31","passed","2026-07-31","","test_debtor_activation_get","",""
"Each entry in ``INVALID_PAYER_IDS`` (see dataset docstring) must be rejected with 400.","610","The activation request must contain a validly formatted fiscal code","functional-tests.tests.activation","2026-07-31","passed","2026-07-31","","test_debtor_activation_create","",""
"","2533","An RTP sent with synchronous rejection containing extra fields results in status REJECTED","functional-tests.tests.send_rtp","2026-07-31","passed","2026-07-31","","test_RTP_send_MOCK","",""
"","1673","An RTP is sent to Poste service with activated fiscal code - through Web API","functional-tests.tests.send_rtp","2026-07-31","passed","2026-07-31","","test_RTP_send_POSTE","",""
"","626","Invalid NextActivationId format returns 400","functional-tests.tests.activation","2026-07-31","passed","2026-07-31","","test_debtor_activation_list","",""
"","4396","A v2 RTP callback with status ACCP is successfully received","functional-tests.tests.callbacks_v2","2026-07-31","passed","2026-07-31","","test_RTP_callback_DS_08P_positive","",""
"MOCKSP04 owns MOCKSP01 and triggers the OTP; FAKESP01, which owns neither, must be rejected
with an explicit ownership error, not merely a generic 403.","2084","Test Takeover Fails when Redeemer Does Not Own the OTP's Service Provider ID","functional-tests.tests.takeover","2026-07-31","passed","2026-07-31","","test_debtor_takeover","",""
"Missing or invalid Bearer token → the endpoint must return 401.","609","Querying activation status without a valid token returns 401","functional-tests.tests.activation","2026-07-31","passed","2026-07-31","","test_debtor_activation_payer_status","",""
"Test sending a DELETE operation message via GPD message API after a CREATE VALID + UPDATE","2793","A DELETE message after CREATE VALID + UPDATE VALID","functional-tests.tests.process_messages_sender","2026-07-31","passed","2026-07-31","","test_RTP_process_sender_DELETE","",""
"Each entry in ``INVALID_PAYER_IDS`` (see dataset docstring) must be rejected with 400.","629","The activation request must contain a validly formatted fiscal code","functional-tests.tests.activation","2026-07-31","passed","2026-07-31","","test_debtor_activation_create","",""
"","4817","Failed callback for non compliant DS-04b payload","functional-tests.tests.callbacks","2026-07-31","passed","2026-07-31","","test_RTP_callback_DS_04","",""
"The ownership check fails the same way whether the target spId belongs to someone else
or doesn't exist in the registry at all - NOEXIT00 is not a real Service Provider ID.","618","Activation is forbidden with the same error code for a Service Provider ID absent from the registry","functional-tests.tests.activation","2026-07-31","passed","2026-07-31","","test_debtor_activation_create","",""
"
Tests that sending an RTP payload with an amount over the POSTE limit results in a 400 Bad Request response.

:param debtor_sp_mock_cert_key: Certificate and key tuple for mutual TLS authentication.
:type debtor_sp_mock_cert_key: Tuple[str, str]
","988","Cannot send RTP with an amount over the POSTE limit","functional-tests.tests.availability","2026-07-31","failed","2026-07-31","","test_availability_POSTE","",""
"
Given an RTP is sent successfully (status SENT) for a given noticeNumber + payeeId,
when the payee queries the delivery-status endpoint with the correct noticeNumber
but a different payeeId,
then the response must be HTTP 200 with status=PD_RTP_NOT_DELIVERED, verifying
that the endpoint filters on both fields.
","7544","Existing noticeNumber with wrong payeeId → PD_RTP_NOT_DELIVERED","functional-tests.tests.get_rtp","2026-07-31","passed","2026-07-31","","test_RTP_get_delivery_status","",""
"Test sending an UPDATE after CREATE VALID + DELETE with different statuses","2639","An UPDATE message with status PARTIALLY_PAID after CREATE VALID and DELETE","functional-tests.tests.process_messages_sender","2026-07-31","passed","2026-07-31","","test_RTP_process_sender_UPDATE","",""
"","643","inexistent RTP -> empty body","functional-tests.tests.get_rtp","2026-07-31","passed","2026-07-31","","test_RTP_get","",""
"","619","Retrieving activation with invalid UUID returns 400","functional-tests.tests.activation","2026-07-31","passed","2026-07-31","","test_debtor_activation_get","",""
"Each entry in ``INVALID_PAYER_IDS`` (see dataset docstring) must be rejected with 400.","618","The activation request must contain a validly formatted fiscal code","functional-tests.tests.activation","2026-07-31","passed","2026-07-31","","test_debtor_activation_create","",""
"
Test RFC callback DS12N with non-existing service provider.

Flow:
1. Activate payer
2. Send an RTP via GPD message (CREATE VALID)
3. Cancel the RTP via GPD message (DELETE) → RTP to RFC_SENT
4. Send DS12N callback with non-existing BIC (MOCKSP99)
5. Verify callback is rejected with 400 (service provider not found)
","2870","Failed RFC callback for non existing Service Provider - DS-12N RJCR compliant","functional-tests.tests.callbacks","2026-07-31","passed","2026-07-31","","test_RTP_callback_DS_12N","",""
"","638","RTP cancellation fails if resource ID does not exist","functional-tests.tests.cancel_rtp","2026-07-31","passed","2026-07-31","","test_RTP_cancel","",""
"","619","missing token → 401 Unauthorized","functional-tests.tests.get_rtp","2026-07-31","passed","2026-07-31","","test_RTP_get","",""
"An EPC response containing fields not declared in the OpenAPI spec is treated as an invalid message and is NOT tolerated for accept/reject purposes (confirmed with rtp-sender-v2 maintainers, PR #26). The extra `invalid-field` property invalidates the whole response, so the CNCL confirmation is not processed and the RTP stays in RFC_SENT.","2801","Cancelling an RTP - EPC v4 mock unhappy path scenario: cncl_extra_field","functional-tests.tests.cancel_rtp","2026-07-31","passed","2026-07-31","","test_RTP_cancel_MOCK_V2","",""
"Test sending a DELETE operation message via GPD message API after a CREATE VALID + UPDATE","3760","A DELETE message after CREATE VALID + UPDATE PUBLISHED","functional-tests.tests.process_messages_sender","2026-07-31","passed","2026-07-31","","test_RTP_process_sender_DELETE","",""
"Each entry in ``INVALID_PAYER_IDS`` must be rejected with 400.

The ``description`` parameter appears in pytest output to identify which
case failed without having to inspect the raw value.
","626","Querying activation status with an invalid payerId format returns 400","functional-tests.tests.activation","2026-07-31","passed","2026-07-31","","test_debtor_activation_payer_status","",""
"","1039","An RTP is sent to ICCREA service with activated fiscal code","functional-tests.tests.send_rtp","2026-07-31","passed","2026-07-31","","test_RTP_send_ICCREA","",""
"","2547","An RTP sent with synchronous rejection is in status REJECTED - DS-08P N","functional-tests.tests.send_rtp","2026-07-31","passed","2026-07-31","","test_RTP_send_MOCK","",""
"","652","Get payees with invalid authorization","functional-tests.tests.service_registry","2026-07-31","passed","2026-07-31","","test_service_registry_service_providers","",""
"Test sending a DELETE operation message via GPD message API after a CREATE","1989","A DELETE message after CREATE VALID","functional-tests.tests.process_messages_sender","2026-07-31","passed","2026-07-31","","test_RTP_process_sender_DELETE","",""
"","1986","An RTP sent when EPC response contains an unknown field is ignored and remains in status SENT","functional-tests.tests.send_rtp","2026-07-31","passed","2026-07-31","","test_RTP_send_MOCK","",""
"","4443","An RTP callback is successfully received with status RJCT","functional-tests.tests.callbacks","2026-07-31","passed","2026-07-31","","test_RTP_callback_DS_08","",""
"","1994","An RTP sent with synchronous acceptance is in status ACCEPTED - DS-05 ACTC","functional-tests.tests.send_rtp","2026-07-31","passed","2026-07-31","","test_RTP_send_MOCK","",""
"","1980","RTP is successfully retrieved","functional-tests.tests.get_rtp","2026-07-31","passed","2026-07-31","","test_RTP_get","",""
"Test sending an UPDATE after CREATE VALID + DELETE with different statuses","2610","An UPDATE message with status EXPIRED after CREATE VALID and DELETE","functional-tests.tests.process_messages_sender","2026-07-31","passed","2026-07-31","","test_RTP_process_sender_UPDATE","",""
"
Verify that a debt position can be deleted successfully.
","2834","Happy path: a debt position is deleted in UAT environment","functional-tests.tests.gpd_availability","2026-07-31","passed","2026-07-31","","test_availability_GPD","",""
"The PSP synchronously rejects the cancellation request with 422 (per standard behaviour for the EPC 401 Unauthorized scenario). The RTP then transitions to ERROR_CANCEL via ERROR_CANCEL_RTP.","3350","Cancelling an RTP - EPC v4 mock unhappy path scenario: epc_401","functional-tests.tests.cancel_rtp","2026-07-31","failed","2026-07-31","","test_RTP_cancel_MOCK_V2","",""
"","2746","An RTP is sent to ICCREA service with activated fiscal code - through Web API","functional-tests.tests.send_rtp","2026-07-31","failed","2026-07-31","","test_RTP_send_ICCREA","",""
"
Verify that a debt position can be updated successfully.
","6834","Happy path: a debt position is updated in DEV environment","functional-tests.tests.gpd_availability","2026-07-31","passed","2026-07-31","","test_availability_GPD","",""
"Empty OTP should be rejected","638","Test Takeover Fails with Empty OTP","functional-tests.tests.takeover","2026-07-31","passed","2026-07-31","","test_debtor_takeover","",""
"
DS_04b callback sent with the Version header must be rejected with 400.
The RTP state must be unchanged.

Flow:
1. Activate payer and send an RTP → resource_id
2. Capture current RTP status
3. Build a valid DS_04b payload referencing the RTP
4. POST to callback endpoint WITH Version header
5. Verify 400 is returned with the expected error body
6. Verify RTP status is unchanged
","3705","DS_04b callback with Version header returns 400","functional-tests.tests.callbacks","2026-07-31","passed","2026-07-31","","test_RTP_callback_with_version_header","",""
"","4526","DS_08N negative v2 callback with Version header returns 400","functional-tests.tests.callbacks_v2","2026-07-31","passed","2026-07-31","","test_RTP_callback_with_version_header","",""
"
Test RFC callback DS12N with non-existing service provider, cancel via REST Web API.

Flow:
1. Activate payer
2. Send an RTP via GPD message (CREATE VALID)
3. Cancel the RTP via REST cancel endpoint with cancel_reason → RTP to RFC_SENT
4. Send DS12N callback with non-existing BIC (MOCKSP99)
5. Verify callback is rejected with 400 (service provider not found)
","2742","Failed RFC callback for non existing Service Provider - DS-12N RJCR compliant - through Web API cancel","functional-tests.tests.callbacks","2026-07-31","passed","2026-07-31","","test_RTP_callback_DS_12N","",""
"Test sending an UPDATE operation message with different statuses via GPD message API after a CREATE","2401","An UPDATE message with status VALID after CREATE","functional-tests.tests.process_messages_sender","2026-07-31","passed","2026-07-31","","test_RTP_process_sender_UPDATE","",""
"
Tests sending an RTP payload to the POSTE endpoint with valid data and authentication.

:param debtor_sp_mock_cert_key: Certificate and key tuple for mutual TLS authentication.
:type debtor_sp_mock_cert_key: Tuple[str, str]
","1220","An RTP is sent through POSTE API","functional-tests.tests.availability","2026-07-31","passed","2026-07-31","","test_availability_POSTE","",""
"Test sending a CREATE operation message via GPD message API","1359","A CREATE message is successfully sent through GPD message API","functional-tests.tests.process_messages_sender","2026-07-31","passed","2026-07-31","","test_RTP_process_sender","",""
"Test sending a DELETE operation message via GPD message API after a CREATE VALID + UPDATE","4975","A DELETE message after CREATE VALID + UPDATE DRAFT","functional-tests.tests.process_messages_sender","2026-07-31","passed","2026-07-31","","test_RTP_process_sender_DELETE","",""
"
SP A activates the payer.
SP B queries the status → must get isActive=false to avoid disclosing
that the payer is registered under a competitor SP.
","1450","A payer active on a different Service Provider returns isActive false (privacy)","functional-tests.tests.activation","2026-07-31","passed","2026-07-31","","test_debtor_activation_payer_status","",""
"","2639","An RTP callback with status ACTC is successfully received","functional-tests.tests.callbacks","2026-07-31","passed","2026-07-31","","test_RTP_callback_DS_05","",""
"Each entry in ``INVALID_PAYER_IDS`` must be rejected with 400.

The ``description`` parameter appears in pytest output to identify which
case failed without having to inspect the raw value.
","619","Querying activation status with an invalid payerId format returns 400","functional-tests.tests.activation","2026-07-31","passed","2026-07-31","","test_debtor_activation_payer_status","",""
"No `Sts.Conf` confirmation is present (Sts block omitted entirely), so only CANCEL_RTP is triggered and the RTP stays in RFC_SENT.","3099","Cancelling an RTP - EPC v4 mock happy path scenario: no_sts_block","functional-tests.tests.cancel_rtp","2026-07-31","passed","2026-07-31","","test_RTP_cancel_MOCK_V2","",""
"Test sending a CREATE operation message with different statuses via GPD message API","1284","A CREATE message with status DRAFT","functional-tests.tests.process_messages_sender","2026-07-31","passed","2026-07-31","","test_RTP_process_sender_CREATE","",""
"
Tests the retrieval of an access token from the POSTE authentication endpoint using client credentials and mutual TLS.

:param debtor_sp_mock_cert_key: Certificate and key tuple for mutual TLS authentication.
:type debtor_sp_mock_cert_key: Tuple[str, str]
","292","Auth endpoint returns valid token","functional-tests.tests.availability","2026-07-31","passed","2026-07-31","","test_availability_POSTE","",""
"","610","Retrieving activation without valid token returns 401","functional-tests.tests.activation","2026-07-31","passed","2026-07-31","","test_debtor_activation_get","",""
"","1265","A debtor activated with an owned but distinct Service Provider ID is retrieved by payer id","functional-tests.tests.activation","2026-07-31","passed","2026-07-31","","test_debtor_activation_get","",""
"Each entry in ``INVALID_PAYER_IDS`` must be rejected with 400.

The ``description`` parameter appears in pytest output to identify which
case failed without having to inspect the raw value.
","618","Querying activation status with an invalid payerId format returns 400","functional-tests.tests.activation","2026-07-31","passed","2026-07-31","","test_debtor_activation_payer_status","",""
"","2104","An RTP is sent through API - through Web API","functional-tests.tests.send_rtp","2026-07-31","passed","2026-07-31","","test_RTP_send_MOCK","",""
"","2628","Failed callback for non existing Service Provider - DS-08N negative compliant","functional-tests.tests.callbacks_v2","2026-07-31","passed","2026-07-31","","test_RTP_callback_DS_08N_negative","",""
"The response cannot be parsed as a cancellation confirmation (malformed, unquoted string), so the RTP stays in RFC_SENT rather than erroring out.","2773","Cancelling an RTP - EPC v4 mock unhappy path scenario: malformed_string","functional-tests.tests.cancel_rtp","2026-07-31","passed","2026-07-31","","test_RTP_cancel_MOCK_V2","",""
"Each entry in ``INVALID_PAYER_IDS`` must be rejected with 400.

The ``description`` parameter appears in pytest output to identify which
case failed without having to inspect the raw value.
","1084","Querying activation status with an invalid payerId format returns 400","functional-tests.tests.activation","2026-07-31","failed","2026-07-31","","test_debtor_activation_payer_status","",""
"Test sending an UPDATE after CREATE VALID + DELETE with different statuses","3722","An UPDATE message with status PAID after CREATE VALID and DELETE","functional-tests.tests.process_messages_sender","2026-07-31","passed","2026-07-31","","test_RTP_process_sender_UPDATE","",""
"Test sending a CREATE operation message with different statuses via GPD message API","1271","A CREATE message with status PARTIALLY_PAID","functional-tests.tests.process_messages_sender","2026-07-31","passed","2026-07-31","","test_RTP_process_sender_CREATE","",""
"Each entry in ``INVALID_PAYER_IDS`` must be rejected with 400.

The ``description`` parameter appears in pytest output to identify which
case failed without having to inspect the raw value.
","622","Querying activation status with an invalid payerId format returns 400","functional-tests.tests.activation","2026-07-31","passed","2026-07-31","","test_debtor_activation_payer_status","",""
"","1257","Deactivation returns 404 when the token subject does not own the activation's Service Provider ID","functional-tests.tests.activation","2026-07-31","passed","2026-07-31","","test_debtor_deactivation","",""
"
Test v2 RFC callback DS12N with INVALID status.

Flow:
1. Activate payer
2. Send an RTP via GPD message v2 (CREATE VALID)
3. Cancel the RTP via GPD message v2 (DELETE) -> RTP to RFC_SENT
4. Send DS12N callback with CxlStsId INVALID
5. Verify callback is rejected with 400
6. Verify RTP status is still RFC_SENT
","3371","A v2 RFC callback DS12N INVALID is rejected with 400","functional-tests.tests.callbacks_v2","2026-07-31","passed","2026-07-31","","test_RTP_callback_DS_12N_negative","",""
"Each entry in ``INVALID_PAYER_IDS`` must be rejected with 400.

The ``description`` parameter appears in pytest output to identify which
case failed without having to inspect the raw value.
","628","Querying activation status with an invalid payerId format returns 400","functional-tests.tests.activation","2026-07-31","passed","2026-07-31","","test_debtor_activation_payer_status","",""
"","631","Retrieving activation with malformed payer id returns 400","functional-tests.tests.activation","2026-07-31","passed","2026-07-31","","test_debtor_activation_get","",""
"Payer activated then deactivated by SP A → isActive must be false.","1964","A deactivated payer returns isActive false","functional-tests.tests.activation","2026-07-31","passed","2026-07-31","","test_debtor_activation_payer_status","",""
"","1258","A debtor is deactivated by an authenticated service provider","functional-tests.tests.activation","2026-07-31","passed","2026-07-31","","test_debtor_deactivation","",""
"Each entry in ``INVALID_PAYER_IDS`` (see dataset docstring) must be rejected with 400.","617","The activation request must contain a validly formatted fiscal code","functional-tests.tests.activation","2026-07-31","passed","2026-07-31","","test_debtor_activation_create","",""
"
Test RFC callback DS12N with wrong certificate identity, cancel via REST Web API.

Flow:
1. Activate payer
2. Send an RTP via GPD message (CREATE VALID)
3. Cancel the RTP via REST cancel endpoint with cancel_reason → RTP to RFC_SENT
4. Send DS12N callback with assignee_bic='FAKESP01' (doesn't match certificate identity MOCKSP04)
5. Verify callback is rejected with 403 (certificate mismatch)
","2886","Unauthorized RFC callback due to wrong certificate serial - through Web API cancel","functional-tests.tests.callbacks","2026-07-31","passed","2026-07-31","","test_RTP_callback_DS_12N","",""
"","1987","An RTP sent when EPC response omits _links is in status ACCEPTED - through Web API","functional-tests.tests.send_rtp","2026-07-31","passed","2026-07-31","","test_RTP_send_MOCK","",""
"
Given a noticeNumber that does not correspond to any RTP in the database,
when the payee queries the delivery-status endpoint,
then the response must be HTTP 200 with status=PD_RTP_NOT_DELIVERED and
processingDate absent or null.
","634","Non-existent noticeNumber → PD_RTP_NOT_DELIVERED","functional-tests.tests.get_rtp","2026-07-31","passed","2026-07-31","","test_RTP_get_delivery_status","",""
"","3895","DS_document RJCT v2 callback with Version header returns 400","functional-tests.tests.callbacks_v2","2026-07-31","passed","2026-07-31","","test_RTP_callback_with_version_header","",""
"","619","A debtor service provider fails activation due to wrong service provider id","functional-tests.tests.activation","2026-07-31","passed","2026-07-31","","test_debtor_activation_list","",""
"
Test v2 RFC callback DS12P with wrong certificate identity.

Flow:
1. Activate payer
2. Send an RTP via GPD message v2 (CREATE VALID)
3. Cancel the RTP via GPD message v2 (DELETE) -> RTP to RFC_SENT
4. Send DS12P callback with assignee_bic='FAKESP01' (doesn't match certificate identity)
5. Verify callback is rejected with 403 (certificate mismatch)
6. Verify RTP status is still RFC_SENT
","3907","Unauthorized v2 RFC callback due to wrong certificate serial","functional-tests.tests.callbacks_v2","2026-07-31","passed","2026-07-31","","test_RTP_callback_DS_12P_positive","",""
"","632","The activation request must contain a Service Provider ID of valid length","functional-tests.tests.activation","2026-07-31","passed","2026-07-31","","test_debtor_activation_create","",""
"","1261","Get a page of activations","functional-tests.tests.activation","2026-07-31","passed","2026-07-31","","test_debtor_activation_list","",""
"","638","Unauthorized callback due to wrong certificate serial","functional-tests.tests.callbacks","2026-07-31","passed","2026-07-31","","test_RTP_callback_DS_04","",""
"Each entry in ``INVALID_PAYER_IDS`` must be rejected with 400.

The ``description`` parameter appears in pytest output to identify which
case failed without having to inspect the raw value.
","621","Querying activation status with an invalid payerId format returns 400","functional-tests.tests.activation","2026-07-31","passed","2026-07-31","","test_debtor_activation_payer_status","",""
"","619","Non-integer size returns 400","functional-tests.tests.activation","2026-07-31","passed","2026-07-31","","test_debtor_activation_list","",""
"","601","All auth fixtures expose a valid Bearer token format","functional-tests.tests.auth","2026-07-31","passed","2026-07-31","","test_auth","",""
"Test sending a DELETE operation message via GPD message API after a standalone UPDATE (no prior CREATE)","2553","A DELETE message after standalone UPDATE INVALID","functional-tests.tests.process_messages_sender","2026-07-31","passed","2026-07-31","","test_RTP_process_sender_DELETE","",""
"`Sts.Conf = ""RJCR""` triggers CANCEL_RTP -> CONFIRM_RFC -> CANCEL_RTP_REJECTED, ending in CANCELLED_REJECTED.","3357","Cancelling an RTP - EPC v4 mock happy path scenario: rjcr_rejected","functional-tests.tests.cancel_rtp","2026-07-31","passed","2026-07-31","","test_RTP_cancel_MOCK_V2","",""
"Test sending an UPDATE operation message with different statuses via GPD message API before a CREATE","1346","An UPDATE message with status VALID before CREATE","functional-tests.tests.process_messages_sender","2026-07-31","passed","2026-07-31","","test_RTP_process_sender_UPDATE_before_CREATE","",""
"
Test RFC callback DS12N with RJCR status, cancel triggered via REST Web API with explicit reason.

Flow:
1. Activate payer
2. Send an RTP via GPD message (CREATE VALID)
3. Cancel the RTP via REST cancel endpoint with cancel_reason → RTP to RFC_SENT
4. Send DS12N callback with CxlStsId RJCR (Rejected Cancellation Request)
5. Verify callback is accepted (200)
6. Verify RTP status is ERROR_CANCEL
","5045","An RFC callback DS12N RJCR is successfully received and RTP status is ERROR_CANCEL - through Web API cancel","functional-tests.tests.callbacks","2026-07-31","passed","2026-07-31","","test_RTP_callback_DS_12N","",""
"
Test RFC callback DS12N with RJCR status.

Flow:
1. Activate payer
2. Send an RTP via GPD message (CREATE VALID)
3. Cancel the RTP via GPD message (DELETE) → RTP to RFC_SENT
4. Send DS12N callback with CxlStsId RJCR (Rejected Cancellation Request)
5. Verify callback is accepted (200)
6. Verify RTP status is ERROR_CANCEL
","4422","An RFC callback DS12N RJCR is successfully received and RTP status is ERROR_CANCEL","functional-tests.tests.callbacks","2026-07-31","passed","2026-07-31","","test_RTP_callback_DS_12N","",""
"Each entry in ``INVALID_PAYER_IDS`` (see dataset docstring) must be rejected with 400.","628","The activation request must contain a validly formatted fiscal code","functional-tests.tests.activation","2026-07-31","passed","2026-07-31","","test_debtor_activation_create","",""
"Each entry in ``INVALID_PAYER_IDS`` (see dataset docstring) must be rejected with 400.","613","The activation request must contain a validly formatted fiscal code","functional-tests.tests.activation","2026-07-31","passed","2026-07-31","","test_debtor_activation_create","",""
"","1192","Get paginated list of payees successfully","functional-tests.tests.service_registry","2026-07-31","passed","2026-07-31","","test_service_registry_payees_registry","",""
"The PSP synchronously rejects the cancellation request with 422 (per standard behaviour for the EPC 406 Not Acceptable scenario). The RTP then transitions to ERROR_CANCEL via ERROR_CANCEL_RTP.","3605","Cancelling an RTP - EPC v4 mock unhappy path scenario: epc_406","functional-tests.tests.cancel_rtp","2026-07-31","failed","2026-07-31","","test_RTP_cancel_MOCK_V2","",""
"Each entry in ``INVALID_PAYER_IDS`` (see dataset docstring) must be rejected with 400.","636","The activation request must contain a validly formatted fiscal code","functional-tests.tests.activation","2026-07-31","passed","2026-07-31","","test_debtor_activation_create","",""
"","2725","An RTP callback is received with invalid status","functional-tests.tests.callbacks","2026-07-31","passed","2026-07-31","","test_RTP_callback_DS_08","",""
"","611","Invalid pagination parameters returns 400","functional-tests.tests.activation","2026-07-31","passed","2026-07-31","","test_debtor_activation_list","",""
"","2798","An RTP sent when EPC response contains an unknown field is ignored and remains in status SENT - through Web API V2","functional-tests.tests.send_rtp","2026-07-31","passed","2026-07-31","","test_RTP_send_MOCK","",""
"","1513","A debtor with omocodia fiscal code is activated and retrieved by activation id","functional-tests.tests.activation","2026-07-31","passed","2026-07-31","","test_debtor_activation_get","",""
"Each entry in ``INVALID_PAYER_IDS`` must be rejected with 400.

The ``description`` parameter appears in pytest output to identify which
case failed without having to inspect the raw value.
","633","Querying activation status with an invalid payerId format returns 400","functional-tests.tests.activation","2026-07-31","passed","2026-07-31","","test_debtor_activation_payer_status","",""
"","2644","An RTP sent when EPC response omits _links is in status ACCEPTED","functional-tests.tests.send_rtp","2026-07-31","passed","2026-07-31","","test_RTP_send_MOCK","",""
"Test sending an UPDATE operation message with different statuses via GPD message API before a CREATE","1492","An UPDATE message with status INVALID before CREATE","functional-tests.tests.process_messages_sender","2026-07-31","passed","2026-07-31","","test_RTP_process_sender_UPDATE_before_CREATE","",""
"","2733","Unauthorized callback due to wrong certificate serial","functional-tests.tests.callbacks_v2","2026-07-31","passed","2026-07-31","","test_RTP_callback_DS_05_redirect","",""
"Test sending a DELETE operation message via GPD message API after a standalone UPDATE (no prior CREATE)","2009","A DELETE message after standalone UPDATE PUBLISHED","functional-tests.tests.process_messages_sender","2026-07-31","passed","2026-07-31","","test_RTP_process_sender_DELETE","",""
"","1337","A debtor cannot be activated more than once by the same service provider","functional-tests.tests.activation","2026-07-31","passed","2026-07-31","","test_debtor_activation_create","",""
"Test sending an UPDATE after CREATE VALID + DELETE with different statuses","2651","An UPDATE message with status DRAFT after CREATE VALID and DELETE","functional-tests.tests.process_messages_sender","2026-07-31","passed","2026-07-31","","test_RTP_process_sender_UPDATE","",""
"The PSP synchronously rejects the cancellation request with 422 (per standard behaviour for the EPC 429 Too Many Requests scenario). The RTP then transitions to ERROR_CANCEL via ERROR_CANCEL_RTP.","10192","Cancelling an RTP - EPC v4 mock unhappy path scenario: epc_429","functional-tests.tests.cancel_rtp","2026-07-31","failed","2026-07-31","","test_RTP_cancel_MOCK_V2","",""
"Test sending an UPDATE operation message with different statuses via GPD message API after a CREATE","2021","An UPDATE message with status PUBLISHED after CREATE","functional-tests.tests.process_messages_sender","2026-07-31","passed","2026-07-31","","test_RTP_process_sender_UPDATE","",""
"
Test RFC callback DS12P with non-existing service provider.

Flow:
1. Activate payer
2. Send an RTP via GPD message (CREATE VALID)
3. Cancel the RTP via GPD message (DELETE) → RTP to RFC_SENT
4. Send DS12P callback with non-existing BIC (MOCKSP99)
5. Verify callback is rejected with 400 (service provider not found)
","3548","Failed RFC callback for non existing Service Provider - DS-12P CNCL compliant","functional-tests.tests.callbacks","2026-07-31","passed","2026-07-31","","test_RTP_callback_DS_12P","",""
"","2548","An RTP sent with synchronous rejection and missing _links results in status REJECTED","functional-tests.tests.send_rtp","2026-07-31","passed","2026-07-31","","test_RTP_send_MOCK","",""
"","2185","RTP is successfully cancelled with reason MODT - V2","functional-tests.tests.cancel_rtp","2026-07-31","passed","2026-07-31","","test_RTP_cancel","",""
"","695","Sending to non-activated debtor returns 422 - through Web API V2","functional-tests.tests.send_rtp","2026-07-31","passed","2026-07-31","","test_RTP_send_MOCK","",""
"
DS_08P ACCP callback sent with the Version header must be rejected with 400.
The RTP must remain in ACCEPTED (transition to USER_ACCEPTED must not happen).

Flow:
1. Activate payer, send RTP, advance to ACCEPTED via DS_05 (without header)
2. Build a valid DS_08P ACCP payload
3. POST WITH Version header
4. Verify 400 is returned with the expected error body
5. Verify RTP status is still ACCEPTED
","3233","DS_08P ACCP callback with Version header returns 400","functional-tests.tests.callbacks","2026-07-31","passed","2026-07-31","","test_RTP_callback_with_version_header","",""
"
Test RFC callback DS12P with wrong certificate identity, cancel via REST Web API.

Flow:
1. Activate payer
2. Send an RTP via GPD message (CREATE VALID)
3. Cancel the RTP via REST cancel endpoint with cancel_reason → RTP to RFC_SENT
4. Send DS12P callback with assignee_bic='FAKESP01' (doesn't match certificate identity MOCKSP04)
5. Verify callback is rejected with 403 (certificate mismatch)
","2642","Unauthorized RFC callback due to wrong certificate serial - through Web API cancel","functional-tests.tests.callbacks","2026-07-31","passed","2026-07-31","","test_RTP_callback_DS_12P","",""
"","1277","A debtor with omocodia fiscal code is activated successfully","functional-tests.tests.activation","2026-07-31","passed","2026-07-31","","test_debtor_activation_create","",""
"","3179","An RTP callback with status REJECTED is successfully received","functional-tests.tests.callbacks","2026-07-31","passed","2026-07-31","","test_RTP_callback_DS_08","",""
"
Test RFC callback DS12P with wrong certificate identity, cancel via REST Web API.

Flow:
1. Activate payer
2. Send an RTP via GPD message (CREATE VALID)
3. Cancel the RTP via REST cancel endpoint with cancel_reason → RTP to RFC_SENT
4. Send DS12P callback with assignee_bic='FAKESP01' (doesn't match certificate identity MOCKSP04)
5. Verify callback is rejected with 403 (certificate mismatch)
","3950","Unauthorized RFC callback due to wrong certificate serial - through Web API cancel","functional-tests.tests.callbacks","2026-07-31","passed","2026-07-31","","test_RTP_callback_DS_12P","",""
"","2514","An RTP is sent through CBI API","functional-tests.tests.availability","2026-07-31","failed","2026-07-31","","test_availability_CBI","",""
"Each entry in ``INVALID_PAYER_IDS`` must be rejected with 400.

The ``description`` parameter appears in pytest output to identify which
case failed without having to inspect the raw value.
","614","Querying activation status with an invalid payerId format returns 400","functional-tests.tests.activation","2026-07-31","passed","2026-07-31","","test_debtor_activation_payer_status","",""
"
DS_12P CNCL RFC callback sent with the Version header must be rejected with 400.
The RTP must remain in RFC_SENT (transition to CANCELLED must not happen).

Flow:
1. Activate payer, send RTP, trigger cancel via GPD DELETE → RFC_SENT
2. Build a valid DS_12P CNCL payload
3. POST to RFC callback endpoint WITH Version header
4. Verify 400 is returned with the expected error body
5. Verify RTP status is still RFC_SENT
","3756","DS_12P CNCL RFC callback with Version header returns 400","functional-tests.tests.callbacks","2026-07-31","passed","2026-07-31","","test_RTP_callback_with_version_header","",""
"","2447","An RTP is sent to a CBI service with activated fiscal code","functional-tests.tests.send_rtp","2026-07-31","passed","2026-07-31","","test_RTP_send_CBI","",""
"Test sending a DELETE operation message via GPD message API after a standalone UPDATE (no prior CREATE)","2881","A DELETE message after standalone UPDATE VALID","functional-tests.tests.process_messages_sender","2026-07-31","passed","2026-07-31","","test_RTP_process_sender_DELETE","",""
"Test sending an UPDATE operation message with different statuses via GPD message API before a CREATE","1258","An UPDATE message with status PARTIALLY_PAID before CREATE","functional-tests.tests.process_messages_sender","2026-07-31","passed","2026-07-31","","test_RTP_process_sender_UPDATE_before_CREATE","",""
"
Test RFC callback DS12P with INVALID status, cancel via REST Web API.

Flow:
1. Activate payer
2. Send an RTP via GPD message (CREATE VALID)
3. Cancel the RTP via REST cancel endpoint with cancel_reason → RTP to RFC_SENT
4. Send DS12P callback with CxlStsId INVALID
5. Verify callback is rejected with 400
6. Verify RTP status is still RFC_SENT
","3929","An RFC callback DS12P INVALID is rejected with 400 - through Web API cancel","functional-tests.tests.callbacks","2026-07-31","passed","2026-07-31","","test_RTP_callback_DS_12P","",""
"","639","All auth fixtures expose a valid Bearer token format","functional-tests.tests.auth","2026-07-31","passed","2026-07-31","","test_auth","",""
"Each entry in ``INVALID_PAYER_IDS`` (see dataset docstring) must be rejected with 400.","662","The activation request must contain a validly formatted fiscal code","functional-tests.tests.activation","2026-07-31","failed","2026-07-31","","test_debtor_activation_create","",""
"Test sending an UPDATE operation message with different statuses via GPD message API before a CREATE","2008","An UPDATE message with status EXPIRED before CREATE","functional-tests.tests.process_messages_sender","2026-07-31","passed","2026-07-31","","test_RTP_process_sender_UPDATE_before_CREATE","",""
"
Test v2 RFC callback DS12P with non-existing service provider.

Flow:
1. Activate payer
2. Send an RTP via GPD message v2 (CREATE VALID)
3. Cancel the RTP via GPD message v2 (DELETE) -> RTP to RFC_SENT
4. Send DS12P callback with non-existing BIC (MOCKSP99)
5. Verify callback is rejected with 400 (service provider not found)
6. Verify RTP status is still RFC_SENT
","3432","Failed v2 RFC callback for non existing Service Provider - DS-12P positive compliant","functional-tests.tests.callbacks_v2","2026-07-31","passed","2026-07-31","","test_RTP_callback_DS_12P_positive","",""
"","2525","An RTP sent with synchronous rejection is in status REJECTED - DS-08P N - through Web API","functional-tests.tests.send_rtp","2026-07-31","passed","2026-07-31","","test_RTP_send_MOCK","",""
"Test sending a CREATE operation message with a foreign fiscal code via GPD message API","1370","A CREATE message with foreign fiscal code is successfully sent through GPD message API","functional-tests.tests.process_messages_sender","2026-07-31","passed","2026-07-31","","test_RTP_process_sender","",""
"","1270","Get by activation id returns 404 when the token subject does not own the activation's Service Provider ID","functional-tests.tests.activation","2026-07-31","passed","2026-07-31","","test_debtor_activation_get","",""
"
Test v2 RFC callback DS12N with wrong certificate identity.

Flow:
1. Activate payer
2. Send an RTP via GPD message v2 (CREATE VALID)
3. Cancel the RTP via GPD message v2 (DELETE) -> RTP to RFC_SENT
4. Send DS12N callback with assignee_bic='FAKESP01' (doesn't match certificate identity)
5. Verify callback is rejected with 403 (certificate mismatch)
6. Verify RTP status is still RFC_SENT
","3844","Unauthorized v2 RFC callback due to wrong certificate serial","functional-tests.tests.callbacks_v2","2026-07-31","passed","2026-07-31","","test_RTP_callback_DS_12N_negative","",""
"","619","All auth fixtures expose a valid Bearer token format","functional-tests.tests.auth","2026-07-31","passed","2026-07-31","","test_auth","",""
"","781","A Service Provider with invalid client secret is not authenticated on Keycloak","functional-tests.tests.auth","2026-07-31","passed","2026-07-31","","test_auth","",""
"Active payer with omocodia fiscal code (digit substitution) → isActive must be true.","1266","An active payer with omocodia fiscal code returns isActive true","functional-tests.tests.activation","2026-07-31","passed","2026-07-31","","test_debtor_activation_payer_status","",""
"Test sending an UPDATE operation message with different statuses via GPD message API after a CREATE","1964","An UPDATE message with status PARTIALLY_PAID after CREATE","functional-tests.tests.process_messages_sender","2026-07-31","passed","2026-07-31","","test_RTP_process_sender_UPDATE","",""
"","624","Find by payer id request must contain lower case fiscal code","functional-tests.tests.activation","2026-07-31","passed","2026-07-31","","test_debtor_activation_create","",""
"OTP bound to payer1 should not work for payer2","1896","Test Takeover Fails with OTP Bound to Different Payer","functional-tests.tests.takeover","2026-07-31","passed","2026-07-31","","test_debtor_takeover","",""
"Test sending a DELETE operation message via GPD message API after a standalone UPDATE (no prior CREATE)","2606","A DELETE message after standalone UPDATE EXPIRED","functional-tests.tests.process_messages_sender","2026-07-31","passed","2026-07-31","","test_RTP_process_sender_DELETE","",""
"Test sending an UPDATE operation message with different statuses via GPD message API after a CREATE","2507","An UPDATE message with status PAID after CREATE","functional-tests.tests.process_messages_sender","2026-07-31","passed","2026-07-31","","test_RTP_process_sender_UPDATE","",""
"No `Sts.Conf` confirmation is present (empty JSON object), so only CANCEL_RTP is triggered and the RTP stays in RFC_SENT.","2748","Cancelling an RTP - EPC v4 mock happy path scenario: empty_json_object","functional-tests.tests.cancel_rtp","2026-07-31","passed","2026-07-31","","test_RTP_cancel_MOCK_V2","",""
"Test sending a CREATE operation message with different statuses via GPD message API","1249","A CREATE message with status PUBLISHED","functional-tests.tests.process_messages_sender","2026-07-31","passed","2026-07-31","","test_RTP_process_sender_CREATE","",""
"","618","Get payees consents with extreme page size returns 400","functional-tests.tests.service_registry","2026-07-31","passed","2026-07-31","","test_get_payees_consents","",""
"","612","Get payees consents with invalid authorization returns 401","functional-tests.tests.service_registry","2026-07-31","passed","2026-07-31","","test_get_payees_consents","",""
"","3225","An RTP callback with invalid status is received and processed with success without affecting the RTP status","functional-tests.tests.callbacks","2026-07-31","passed","2026-07-31","","test_RTP_callback_DS_05","",""
"DS_08P ACCP callback sent directly on a SENT RTP (no prior DS_05 ACTC callback).

The RTP is expected to transition straight from SENT to USER_ACCEPTED.
","3527","A v2 RTP callback with status ACCP is successfully received without a prior DS_05 callback","functional-tests.tests.callbacks_v2","2026-07-31","passed","2026-07-31","","test_RTP_callback_DS_08P_positive","",""
"","1408","Get paginated list of OPT_OUT payees consents successfully","functional-tests.tests.service_registry","2026-07-31","passed","2026-07-31","","test_get_payees_consents","",""
"Each entry in ``INVALID_PAYER_IDS`` (see dataset docstring) must be rejected with 400.","612","The activation request must contain a validly formatted fiscal code","functional-tests.tests.activation","2026-07-31","passed","2026-07-31","","test_debtor_activation_create","",""
"UPDATE VALID before any CREATE creates a new RTP; the RTP must be retrievable from the database","1987","An UPDATE VALID before CREATE creates the RTP in the database","functional-tests.tests.process_messages_sender","2026-07-31","passed","2026-07-31","","test_RTP_process_sender_UPDATE_before_CREATE","",""
"","4136","DS_05 redirect v2 callback with Version header returns 400","functional-tests.tests.callbacks_v2","2026-07-31","passed","2026-07-31","","test_RTP_callback_with_version_header","",""
"The PSP synchronously rejects the cancellation request with 422 (per standard behaviour for the EPC 404 Not Found scenario). The RTP then transitions to ERROR_CANCEL via ERROR_CANCEL_RTP.","4546","Cancelling an RTP - EPC v4 mock unhappy path scenario: epc_404","functional-tests.tests.cancel_rtp","2026-07-31","failed","2026-07-31","","test_RTP_cancel_MOCK_V2","",""
"","634","RTP cancellation fails if resource ID does not exist - V2","functional-tests.tests.cancel_rtp","2026-07-31","passed","2026-07-31","","test_RTP_cancel","",""
"","788","A Service Provider with invalid client ID is not authenticated on Keycloak","functional-tests.tests.auth","2026-07-31","passed","2026-07-31","","test_auth","",""
"","1297","An RTP is sent to Poste service with activated fiscal code","functional-tests.tests.send_rtp","2026-07-31","passed","2026-07-31","","test_RTP_send_POSTE","",""
"
Test RFC callback DS12N with wrong certificate identity.

Flow:
1. Activate payer
2. Send an RTP via GPD message (CREATE VALID)
3. Cancel the RTP via GPD message (DELETE) → RTP to RFC_SENT
4. Send DS12N callback with assignee_bic='FAKESP01' (doesn't match certificate identity MOCKSP04)
5. Verify callback is rejected with 403 (certificate mismatch)
","3079","Unauthorized RFC callback due to wrong certificate serial","functional-tests.tests.callbacks","2026-07-31","passed","2026-07-31","","test_RTP_callback_DS_12N","",""
"","629","malformed rtp_id → 400 Bad Request","functional-tests.tests.get_rtp","2026-07-31","passed","2026-07-31","","test_RTP_get","",""
"Each entry in ``INVALID_PAYER_IDS`` (see dataset docstring) must be rejected with 400.","619","The activation request must contain a validly formatted fiscal code","functional-tests.tests.activation","2026-07-31","passed","2026-07-31","","test_debtor_activation_create","",""
"","4935","A v2 document RTP callback with status RJCT is successfully received","functional-tests.tests.callbacks_v2","2026-07-31","passed","2026-07-31","","test_RTP_callback_DS_document_rjct","",""
"Each entry in ``INVALID_PAYER_IDS`` (see dataset docstring) must be rejected with 400.","626","The activation request must contain a validly formatted fiscal code","functional-tests.tests.activation","2026-07-31","passed","2026-07-31","","test_debtor_activation_create","",""
"Payer that has never been activated → isActive must be false.","616","test_get_activation_status_not_active_payer","functional-tests.tests.activation","2026-07-31","passed","2026-07-31","","test_debtor_activation_payer_status","",""
"","1346","A debtor is activated by an authenticated service provider","functional-tests.tests.activation","2026-07-31","passed","2026-07-31","","test_debtor_activation_create","",""
"Test sending a DELETE operation message via GPD message API after a CREATE","1896","A DELETE message after CREATE PAID","functional-tests.tests.process_messages_sender","2026-07-31","passed","2026-07-31","","test_RTP_process_sender_DELETE","",""
"","2174","A debtor activated with an owned but distinct Service Provider ID is retrieved by activation id","functional-tests.tests.activation","2026-07-31","passed","2026-07-31","","test_debtor_activation_get","",""
"
Payer activated under SP A.
- SP B (read_rtp_activations): isActive must be false - privacy rule hides cross-SP activation.
- Admin (read_rtp_all): isActive must be true - role grants visibility across all SPs.
Same payer, same endpoint, different roles → different results.
","1907","read_rtp_all role returns isActive true while read_rtp_activations returns false for the same cross-SP payer","functional-tests.tests.activation","2026-07-31","passed","2026-07-31","","test_debtor_activation_payer_status","",""
"The PSP synchronously rejects the cancellation request with 422 (per standard behaviour for the EPC 400 Bad Request scenario). The RTP then transitions to ERROR_CANCEL via ERROR_CANCEL_RTP.","3330","Cancelling an RTP - EPC v4 mock unhappy path scenario: epc_400","functional-tests.tests.cancel_rtp","2026-07-31","failed","2026-07-31","","test_RTP_cancel_MOCK_V2","",""
"","1615","Cannot send RTP with invalid amount","functional-tests.tests.availability","2026-07-31","passed","2026-07-31","","test_availability_CBI","",""
"The response body is not a recognizable cancellation confirmation (quoted plain string), so the RTP stays in RFC_SENT.","2813","Cancelling an RTP - EPC v4 mock happy path scenario: plain_string","functional-tests.tests.cancel_rtp","2026-07-31","passed","2026-07-31","","test_RTP_cancel_MOCK_V2","",""
"","1255","Auth endpoint returns valid token","functional-tests.tests.availability","2026-07-31","passed","2026-07-31","","test_availability_CBI","",""
"","621","Get payees consents with negative page size returns 400","functional-tests.tests.service_registry","2026-07-31","passed","2026-07-31","","test_get_payees_consents","",""
"","2202","An RTP sent with synchronous rejection containing extra fields results in status REJECTED - through Web API V2","functional-tests.tests.send_rtp","2026-07-31","failed","2026-07-31","","test_RTP_send_MOCK","",""
"","785","Failed callback for non existing Service Provider - DS-04b compliant","functional-tests.tests.callbacks","2026-07-31","passed","2026-07-31","","test_RTP_callback_DS_04","",""
"Each entry in ``INVALID_PAYER_IDS`` must be rejected with 400.

The ``description`` parameter appears in pytest output to identify which
case failed without having to inspect the raw value.
","618","Querying activation status with an invalid payerId format returns 400","functional-tests.tests.activation","2026-07-31","passed","2026-07-31","","test_debtor_activation_payer_status","",""
"Test sending a CREATE operation message with different statuses via GPD message API","1248","A CREATE message with status INVALID","functional-tests.tests.process_messages_sender","2026-07-31","passed","2026-07-31","","test_RTP_process_sender_CREATE","",""
"Test sending a DELETE operation message via GPD message API after a CREATE","1867","A DELETE message after CREATE INVALID","functional-tests.tests.process_messages_sender","2026-07-31","passed","2026-07-31","","test_RTP_process_sender_DELETE","",""
"
DS_08N callback sent with the Version header must be rejected with 400.
The RTP must remain in SENT (transition to REJECTED must not happen).

Flow:
1. Activate payer and send an RTP → resource_id
2. Build a valid DS_08N payload referencing the RTP
3. POST to callback endpoint WITH Version header
4. Verify 400 is returned with the expected error body
5. Verify RTP status is still SENT
","3094","DS_08N callback with Version header returns 400","functional-tests.tests.callbacks","2026-07-31","passed","2026-07-31","","test_RTP_callback_with_version_header","",""
"Each entry in ``INVALID_PAYER_IDS`` (see dataset docstring) must be rejected with 400.","604","The activation request must contain a validly formatted fiscal code","functional-tests.tests.activation","2026-07-31","passed","2026-07-31","","test_debtor_activation_create","",""
"Each entry in ``INVALID_PAYER_IDS`` must be rejected with 400.

The ``description`` parameter appears in pytest output to identify which
case failed without having to inspect the raw value.
","609","Querying activation status with an invalid payerId format returns 400","functional-tests.tests.activation","2026-07-31","passed","2026-07-31","","test_debtor_activation_payer_status","",""
"","1253","Find by payer id returns 404 when the token subject does not own the activation's Service Provider ID","functional-tests.tests.activation","2026-07-31","passed","2026-07-31","","test_debtor_activation_get","",""
"Authenticated but not authorized: token of SP A tries to use OTP issued for SP B","1933","Test Takeover Fails with Wrong SP Token","functional-tests.tests.takeover","2026-07-31","passed","2026-07-31","","test_debtor_takeover","",""
"MOCKSP04 owns MOCKSP01 as well as its own spId; status must reflect the activation either way.","1295","An active payer returns isActive true when activated under an owned but distinct Service Provider ID","functional-tests.tests.activation","2026-07-31","passed","2026-07-31","","test_debtor_activation_payer_status","",""
"","3324","A v2 document RTP callback with invalid status is rejected without affecting the RTP status","functional-tests.tests.callbacks_v2","2026-07-31","passed","2026-07-31","","test_RTP_callback_DS_document_rjct","",""
"","1359","An RTP is sent through GPD message API","functional-tests.tests.send_rtp","2026-07-31","passed","2026-07-31","","test_RTP_send_MOCK","",""
"UPDATE VALID with an ec_tax_code that does not exist in GPD returns 422 Payee not found","1256","An UPDATE VALID message with a non-existent ec_tax_code is rejected","functional-tests.tests.process_messages_sender","2026-07-31","passed","2026-07-31","","test_RTP_process_sender_UPDATE","",""
"","621","All auth fixtures expose a valid Bearer token format","functional-tests.tests.auth","2026-07-31","passed","2026-07-31","","test_auth","",""
"","1263","Sending a GPD message with null id returns 400","functional-tests.tests.send_rtp","2026-07-31","passed","2026-07-31","","test_RTP_send_MOCK","",""
"The PSP synchronously rejects the cancellation request with 422 (per standard behaviour for the EPC 422 Unprocessable Entity scenario). The RTP then transitions to ERROR_CANCEL via ERROR_CANCEL_RTP.","3317","Cancelling an RTP - EPC v4 mock unhappy path scenario: epc_422","functional-tests.tests.cancel_rtp","2026-07-31","failed","2026-07-31","","test_RTP_cancel_MOCK_V2","",""
"
Test RFC callback DS12P with INVALID status.

Flow:
1. Activate payer
2. Send an RTP via GPD message (CREATE VALID)
3. Cancel the RTP via GPD message (DELETE) → RTP to RFC_SENT
4. Send DS12P callback with CxlStsId INVALID
5. Verify callback is rejected with 400
6. Verify RTP status is still RFC_SENT
","3976","An RFC callback DS12P INVALID is rejected with 400","functional-tests.tests.callbacks","2026-07-31","passed","2026-07-31","","test_RTP_callback_DS_12P","",""
"","756","The service returns the mocked server error","functional-tests.tests.availability","2026-07-31","passed","2026-07-31","","test_availability_MOCK","",""
"
Test RFC callback DS12N with wrong certificate identity, cancel via REST Web API.

Flow:
1. Activate payer
2. Send an RTP via GPD message (CREATE VALID)
3. Cancel the RTP via REST cancel endpoint with cancel_reason → RTP to RFC_SENT
4. Send DS12N callback with assignee_bic='FAKESP01' (doesn't match certificate identity MOCKSP04)
5. Verify callback is rejected with 403 (certificate mismatch)
","2633","Unauthorized RFC callback due to wrong certificate serial - through Web API cancel","functional-tests.tests.callbacks","2026-07-31","passed","2026-07-31","","test_RTP_callback_DS_12N","",""
"","603","All auth fixtures expose a valid Bearer token format","functional-tests.tests.auth","2026-07-31","passed","2026-07-31","","test_auth","",""
"","620","Deactivation fails for non-existing activation","functional-tests.tests.activation","2026-07-31","passed","2026-07-31","","test_debtor_deactivation","",""
"Each entry in ``INVALID_PAYER_IDS`` must be rejected with 400.

The ``description`` parameter appears in pytest output to identify which
case failed without having to inspect the raw value.
","1301","Querying activation status with an invalid payerId format returns 400","functional-tests.tests.activation","2026-07-31","passed","2026-07-31","","test_debtor_activation_payer_status","",""
"Test sending a DELETE operation message via GPD message API after a standalone UPDATE (no prior CREATE)","1883","A DELETE message after standalone UPDATE PARTIALLY_PAID","functional-tests.tests.process_messages_sender","2026-07-31","passed","2026-07-31","","test_RTP_process_sender_DELETE","",""
"","1463","SP_B cannot retrieve activation by Activation ID created by SP_A","functional-tests.tests.activation","2026-07-31","passed","2026-07-31","","test_RTP_activation_security","",""
"","1841","Cannot send RTP with expired date","functional-tests.tests.availability","2026-07-31","passed","2026-07-31","","test_availability_CBI","",""
"The mock policy falls back to its default `{}` response when no notice number matches, so the RTP stays in RFC_SENT.","3070","Cancelling an RTP - EPC v4 mock happy path scenario: no_match_fallback","functional-tests.tests.cancel_rtp","2026-07-31","passed","2026-07-31","","test_RTP_cancel_MOCK_V2","",""
"","2003","RTP cancellation fails with an invalid reason","functional-tests.tests.cancel_rtp","2026-07-31","passed","2026-07-31","","test_RTP_cancel","",""
"
Test RFC callback DS12P with INVALID status, cancel via REST Web API.

Flow:
1. Activate payer
2. Send an RTP via GPD message (CREATE VALID)
3. Cancel the RTP via REST cancel endpoint with cancel_reason → RTP to RFC_SENT
4. Send DS12P callback with CxlStsId INVALID
5. Verify callback is rejected with 400
6. Verify RTP status is still RFC_SENT
","3258","An RFC callback DS12P INVALID is rejected with 400 - through Web API cancel","functional-tests.tests.callbacks","2026-07-31","passed","2026-07-31","","test_RTP_callback_DS_12P","",""
"","2681","Unauthorized callback due to wrong certificate serial","functional-tests.tests.callbacks_v2","2026-07-31","passed","2026-07-31","","test_RTP_callback_DS_08N_negative","",""
"","4011","DS_12P positive RFC v2 callback with Version header returns 400","functional-tests.tests.callbacks_v2","2026-07-31","passed","2026-07-31","","test_RTP_callback_with_version_header","",""
"","798","Get payees consents with invalid date format returns 400","functional-tests.tests.service_registry","2026-07-31","passed","2026-07-31","","test_get_payees_consents","",""
"","691","Sending to non-activated debtor returns 422","functional-tests.tests.send_rtp","2026-07-31","passed","2026-07-31","","test_RTP_send_MOCK","",""
"","1311","Deactivation fails for activation by another service provider","functional-tests.tests.activation","2026-07-31","passed","2026-07-31","","test_debtor_deactivation","",""
"Active payer identified by an 11-digit Partita IVA → isActive must be true.","1258","An active payer with VAT number (Partita IVA) returns isActive true","functional-tests.tests.activation","2026-07-31","passed","2026-07-31","","test_debtor_activation_payer_status","",""
"","2549","An RTP sent with synchronous rejection and missing _links results in status REJECTED - through Web API","functional-tests.tests.send_rtp","2026-07-31","passed","2026-07-31","","test_RTP_send_MOCK","",""
"","1270","A debtor with foreign fiscal code is activated and retrieved by activation id","functional-tests.tests.activation","2026-07-31","passed","2026-07-31","","test_debtor_activation_get","",""
"
Tests that sending an RTP payload with an expired date to the POSTE endpoint results in a 400 Bad Request response.

:param debtor_sp_mock_cert_key: Certificate and key tuple for mutual TLS authentication.
:type debtor_sp_mock_cert_key: Tuple[str, str]
","972","Cannot send RTP with expired date","functional-tests.tests.availability","2026-07-31","failed","2026-07-31","","test_availability_POSTE","",""
"","3596","RTP is successfully cancelled with reason PAID","functional-tests.tests.cancel_rtp","2026-07-31","passed","2026-07-31","","test_RTP_cancel","",""
"
DS_05 ACTC callback sent with the Version header must be rejected with 400.
The RTP must remain in SENT (transition to ACCEPTED must not happen).

Flow:
1. Activate payer and send an RTP → resource_id
2. Build a valid DS_05 ACTC payload referencing the RTP
3. POST to callback endpoint WITH Version header
4. Verify 400 is returned with the expected error body
5. Verify RTP status is still SENT
","2627","DS_05 ACTC callback with Version header returns 400","functional-tests.tests.callbacks","2026-07-31","passed","2026-07-31","","test_RTP_callback_with_version_header","",""
"Each entry in ``INVALID_PAYER_IDS`` must be rejected with 400.

The ``description`` parameter appears in pytest output to identify which
case failed without having to inspect the raw value.
","642","Querying activation status with an invalid payerId format returns 400","functional-tests.tests.activation","2026-07-31","passed","2026-07-31","","test_debtor_activation_payer_status","",""
"","3384","A v2 redirect RTP callback with status ACTC is successfully received","functional-tests.tests.callbacks_v2","2026-07-31","passed","2026-07-31","","test_RTP_callback_DS_05_redirect","",""
"
Test RFC callback DS12N with INVALID status.

Flow:
1. Activate payer
2. Send an RTP via GPD message (CREATE VALID)
3. Cancel the RTP via GPD message (DELETE) → RTP to RFC_SENT
4. Send DS12N callback with CxlStsId INVALID
5. Verify callback is rejected with 400
6. Verify RTP status is still RFC_SENT
","3296","An RFC callback DS12N INVALID is rejected with 400","functional-tests.tests.callbacks","2026-07-31","passed","2026-07-31","","test_RTP_callback_DS_12N","",""
"","1976","An RTP sent when EPC response contains an unknown field is ignored and remains in status SENT - through Web API","functional-tests.tests.send_rtp","2026-07-31","passed","2026-07-31","","test_RTP_send_MOCK","",""
"","2019","An RTP sent when EPC response omits _links is in status ACCEPTED - through Web API V2","functional-tests.tests.send_rtp","2026-07-31","passed","2026-07-31","","test_RTP_send_MOCK","",""
"Test sending an UPDATE operation message with different statuses via GPD message API before a CREATE","1963","An UPDATE message with status PAID before CREATE","functional-tests.tests.process_messages_sender","2026-07-31","passed","2026-07-31","","test_RTP_process_sender_UPDATE_before_CREATE","",""
"","1516","An RTP is sent to a CBI service with activated fiscal code - through Web API V2","functional-tests.tests.send_rtp","2026-07-31","failed","2026-07-31","","test_RTP_send_CBI","",""
"
Test RFC callback DS12N with INVALID status, cancel via REST Web API.

Flow:
1. Activate payer
2. Send an RTP via GPD message (CREATE VALID)
3. Cancel the RTP via REST cancel endpoint with cancel_reason → RTP to RFC_SENT
4. Send DS12N callback with CxlStsId INVALID
5. Verify callback is rejected with 400
6. Verify RTP status is still RFC_SENT
","3340","An RFC callback DS12N INVALID is rejected with 400 - through Web API cancel","functional-tests.tests.callbacks","2026-07-31","passed","2026-07-31","","test_RTP_callback_DS_12N","",""
"","2793","Failed callback for non existing Service Provider - DS-05 redirect compliant","functional-tests.tests.callbacks_v2","2026-07-31","passed","2026-07-31","","test_RTP_callback_DS_05_redirect","",""
"","2962","An RTP is sent to a CBI service with activated fiscal code - through Web API","functional-tests.tests.send_rtp","2026-07-31","passed","2026-07-31","","test_RTP_send_CBI","",""
"
Test RFC callback DS12P with CNCL status, cancel triggered via REST Web API with explicit reason.

Flow:
1. Activate payer
2. Send an RTP via GPD message (CREATE VALID)
3. Cancel the RTP via REST cancel endpoint with cancel_reason → RTP to RFC_SENT
4. Send DS12P callback with CxlStsId CNCL (Cancelled As Per Request)
5. Verify callback is accepted (200)
6. Verify RTP status is CANCELLED
","3318","An RFC callback DS12P CNCL is successfully received and RTP status is CANCEL - through Web API cancel","functional-tests.tests.callbacks","2026-07-31","passed","2026-07-31","","test_RTP_callback_DS_12P","",""
"
Test v2 RFC callback DS12P with INVALID status.

Flow:
1. Activate payer
2. Send an RTP via GPD message v2 (CREATE VALID)
3. Cancel the RTP via GPD message v2 (DELETE) -> RTP to RFC_SENT
4. Send DS12P callback with CxlStsId INVALID
5. Verify callback is rejected with 400
6. Verify RTP status is still RFC_SENT
","3392","A v2 RFC callback DS12P INVALID is rejected with 400","functional-tests.tests.callbacks_v2","2026-07-31","passed","2026-07-31","","test_RTP_callback_DS_12P_positive","",""
"Each entry in ``INVALID_PAYER_IDS`` (see dataset docstring) must be rejected with 400.","1300","The activation request must contain a validly formatted fiscal code","functional-tests.tests.activation","2026-07-31","passed","2026-07-31","","test_debtor_activation_create","",""
"","1404","SP_ACTIVATIONS_READ_ALL can retrieve activation by Fiscal Code created by SP_A","functional-tests.tests.activation","2026-07-31","passed","2026-07-31","","test_RTP_activation_security","",""
"","1265","A debtor is activated and retrieved by activation id","functional-tests.tests.activation","2026-07-31","passed","2026-07-31","","test_debtor_activation_get","",""
"
Given a debtor is activated and a GPD message (CREATE) is sent via POST /gpd/message,
when the rtp-sender processes it and the RTP reaches status SENT,
when the payee queries the delivery-status endpoint with the correct noticeNumber
(nav) and payeeId (ec_tax_code),
then the response body must contain status=PD_RTP_DELIVERED, a non-null processingDate
in ISO 8601 format, and processingDate must match the SEND_RTP event timestamp from
the GPD message response (truncated to millisecond precision).
","7669","GPD message sent → RTP SENT → PD_RTP_DELIVERED with processingDate","functional-tests.tests.get_rtp","2026-07-31","failed","2026-07-31","","test_RTP_get_delivery_status","",""
"Test that takeover fails when an invalid OTP is provided","1902","Test Takeover Fails with Invalid OTP","functional-tests.tests.takeover","2026-07-31","passed","2026-07-31","","test_debtor_takeover","",""
"Test sending an UPDATE operation message with different statuses via GPD message API before a CREATE","1370","An UPDATE message with status DRAFT before CREATE","functional-tests.tests.process_messages_sender","2026-07-31","passed","2026-07-31","","test_RTP_process_sender_UPDATE_before_CREATE","",""
"Test sending a DELETE operation message via GPD message API after a CREATE VALID + UPDATE","2757","A DELETE message after CREATE VALID + UPDATE INVALID","functional-tests.tests.process_messages_sender","2026-07-31","passed","2026-07-31","","test_RTP_process_sender_DELETE","",""
"","621","Non-existent NextActivationId returns 200 with empty body","functional-tests.tests.activation","2026-07-31","passed","2026-07-31","","test_debtor_activation_list","",""
"","2089","RTP is successfully cancelled with reason PAID - V2","functional-tests.tests.cancel_rtp","2026-07-31","passed","2026-07-31","","test_RTP_cancel","",""
"","3966","DS_12N negative RFC v2 callback with Version header returns 400","functional-tests.tests.callbacks_v2","2026-07-31","passed","2026-07-31","","test_RTP_callback_with_version_header","",""
"Test sending a DELETE operation message via GPD message API after a CREATE","1881","A DELETE message after CREATE PUBLISHED","functional-tests.tests.process_messages_sender","2026-07-31","passed","2026-07-31","","test_RTP_process_sender_DELETE","",""
"","2663","An RTP sent with synchronous rejection and missing _links results in status REJECTED - through Web API V2","functional-tests.tests.send_rtp","2026-07-31","passed","2026-07-31","","test_RTP_send_MOCK","",""
"Each entry in ``INVALID_PAYER_IDS`` must be rejected with 400.

The ``description`` parameter appears in pytest output to identify which
case failed without having to inspect the raw value.
","635","Querying activation status with an invalid payerId format returns 400","functional-tests.tests.activation","2026-07-31","passed","2026-07-31","","test_debtor_activation_payer_status","",""
"Test sending a CREATE operation message with different statuses via GPD message API","1249","A CREATE message with status EXPIRED","functional-tests.tests.process_messages_sender","2026-07-31","passed","2026-07-31","","test_RTP_process_sender_CREATE","",""
"
Test RFC callback DS12P with CNCL status, cancel triggered via REST Web API with explicit reason.

Flow:
1. Activate payer
2. Send an RTP via GPD message (CREATE VALID)
3. Cancel the RTP via REST cancel endpoint with cancel_reason → RTP to RFC_SENT
4. Send DS12P callback with CxlStsId CNCL (Cancelled As Per Request)
5. Verify callback is accepted (200)
6. Verify RTP status is CANCELLED
","3304","An RFC callback DS12P CNCL is successfully received and RTP status is CANCEL - through Web API cancel","functional-tests.tests.callbacks","2026-07-31","passed","2026-07-31","","test_RTP_callback_DS_12P","",""
"","1974","An RTP sent with synchronous acceptance is in status ACCEPTED - DS-05 ACTC - through Web API","functional-tests.tests.send_rtp","2026-07-31","passed","2026-07-31","","test_RTP_send_MOCK","",""
"
Verify that a debt position can be created and published successfully.
","642","Happy path: a debt position is created and published in UAT environment","functional-tests.tests.gpd_availability","2026-07-31","passed","2026-07-31","","test_availability_GPD","",""
"Each entry in ``INVALID_PAYER_IDS`` (see dataset docstring) must be rejected with 400.","632","The activation request must contain a validly formatted fiscal code","functional-tests.tests.activation","2026-07-31","passed","2026-07-31","","test_debtor_activation_create","",""
"Each entry in ``INVALID_PAYER_IDS`` (see dataset docstring) must be rejected with 400.","635","The activation request must contain a validly formatted fiscal code","functional-tests.tests.activation","2026-07-31","passed","2026-07-31","","test_debtor_activation_create","",""
"Availability probe for takeover notification mock endpoint: expects 204 No Content","605","Test Takeover Notification Endpoint","functional-tests.tests.takeover","2026-07-31","passed","2026-07-31","","test_debtor_takeover","",""
"","771","Get payees with invalid authorization","functional-tests.tests.service_registry","2026-07-31","passed","2026-07-31","","test_service_registry_payees_registry","",""
"","0","A Service Provider is authenticated","functional-tests.tests.auth","2026-07-31","passed","2026-07-31","","test_auth","",""
"","1458","An RTP is sent through API - through Web API V2","functional-tests.tests.send_rtp","2026-07-31","passed","2026-07-31","","test_RTP_send_MOCK","",""
"Each entry in ``INVALID_PAYER_IDS`` (see dataset docstring) must be rejected with 400.","617","The activation request must contain a validly formatted fiscal code","functional-tests.tests.activation","2026-07-31","passed","2026-07-31","","test_debtor_activation_create","",""
"Test sending a DELETE operation message via GPD message API after a CREATE VALID + UPDATE","2267","A DELETE message after CREATE VALID + UPDATE EXPIRED","functional-tests.tests.process_messages_sender","2026-07-31","failed","2026-07-31","","test_RTP_process_sender_DELETE","",""
"Same privacy rule as the cross-SP case: no explicit error, isActive is just false.","1264","Get payer status returns isActive false when the token subject does not own the activation's Service Provider ID","functional-tests.tests.activation","2026-07-31","passed","2026-07-31","","test_debtor_activation_payer_status","",""
"Test sending a DELETE operation message via GPD message API after a CREATE VALID + UPDATE","2591","A DELETE message after CREATE VALID + UPDATE PARTIALLY_PAID","functional-tests.tests.process_messages_sender","2026-07-31","failed","2026-07-31","","test_RTP_process_sender_DELETE","",""
"Takeover with syntactically valid but nonsensical body should fail","1925","Test Takeover Fails with Nonsensical Body","functional-tests.tests.takeover","2026-07-31","passed","2026-07-31","","test_debtor_takeover","",""
"","1285","SP_ACTIVATIONS_READ_ALL can retrieve activation by Activation ID created by SP_A","functional-tests.tests.activation","2026-07-31","passed","2026-07-31","","test_RTP_activation_security","",""
"","1623","An RTP is sent through ICCREA API","functional-tests.tests.availability","2026-07-31","passed","2026-07-31","","test_availability_ICCREA","",""
"DS_08N RJCT callback sent after a prior DS_05 ACTC callback.

The RTP is expected to transition from SENT to ACCEPTED, then to USER_REJECTED.
","5179","A v2 RTP callback with status RJCT after DS_05 transitions the RTP to USER_REJECTED","functional-tests.tests.callbacks_v2","2026-07-31","passed","2026-07-31","","test_RTP_callback_DS_08N_negative","",""
"
Test RFC callback DS12N with INVALID status, cancel via REST Web API.

Flow:
1. Activate payer
2. Send an RTP via GPD message (CREATE VALID)
3. Cancel the RTP via REST cancel endpoint with cancel_reason → RTP to RFC_SENT
4. Send DS12N callback with CxlStsId INVALID
5. Verify callback is rejected with 400
6. Verify RTP status is still RFC_SENT
","3271","An RFC callback DS12N INVALID is rejected with 400 - through Web API cancel","functional-tests.tests.callbacks","2026-07-31","passed","2026-07-31","","test_RTP_callback_DS_12N","",""
"","239","The RTP web page is reachable","functional-tests.tests.availability","2026-07-31","passed","2026-07-31","","test_availability_RTP_webform","",""
"","626","Get payees consents with negative page number returns 400","functional-tests.tests.service_registry","2026-07-31","passed","2026-07-31","","test_get_payees_consents","",""
"Each entry in ``INVALID_PAYER_IDS`` (see dataset docstring) must be rejected with 400.","623","The activation request must contain a validly formatted fiscal code","functional-tests.tests.activation","2026-07-31","passed","2026-07-31","","test_debtor_activation_create","",""
"The PSP synchronously rejects the cancellation request with 422 (per standard behaviour for the EPC 415 Unsupported Media Type scenario). The RTP then transitions to ERROR_CANCEL via ERROR_CANCEL_RTP.","3323","Cancelling an RTP - EPC v4 mock unhappy path scenario: epc_415","functional-tests.tests.cancel_rtp","2026-07-31","failed","2026-07-31","","test_RTP_cancel_MOCK_V2","",""
"Each entry in ``INVALID_PAYER_IDS`` must be rejected with 400.

The ``description`` parameter appears in pytest output to identify which
case failed without having to inspect the raw value.
","612","Querying activation status with an invalid payerId format returns 400","functional-tests.tests.activation","2026-07-31","passed","2026-07-31","","test_debtor_activation_payer_status","",""
"","3893","An RTP callback is successfully received with status ACCP","functional-tests.tests.callbacks","2026-07-31","passed","2026-07-31","","test_RTP_callback_DS_08","",""
"","590","Unauthorized request returns 401","functional-tests.tests.activation","2026-07-31","passed","2026-07-31","","test_debtor_activation_list","",""
"Test sending a DELETE operation message via GPD message API after a CREATE","1965","A DELETE message after CREATE EXPIRED","functional-tests.tests.process_messages_sender","2026-07-31","passed","2026-07-31","","test_RTP_process_sender_DELETE","",""
"","1266","A debtor with foreign fiscal code is activated successfully","functional-tests.tests.activation","2026-07-31","passed","2026-07-31","","test_debtor_activation_create","",""
"
Verify that a debt position can be created and published successfully.
","631","Happy path: a debt position is created and published in DEV environment","functional-tests.tests.gpd_availability","2026-07-31","passed","2026-07-31","","test_availability_GPD","",""
"Each entry in ``INVALID_PAYER_IDS`` must be rejected with 400.

The ``description`` parameter appears in pytest output to identify which
case failed without having to inspect the raw value.
","617","Querying activation status with an invalid payerId format returns 400","functional-tests.tests.activation","2026-07-31","passed","2026-07-31","","test_debtor_activation_payer_status","",""
"","5061","An RTP sent with synchronous rejection containing extra fields results in status REJECTED - through Web API","functional-tests.tests.send_rtp","2026-07-31","passed","2026-07-31","","test_RTP_send_MOCK","",""
"Test sending an UPDATE after CREATE VALID + DELETE with different statuses","4163","An UPDATE message with status PUBLISHED after CREATE VALID and DELETE","functional-tests.tests.process_messages_sender","2026-07-31","passed","2026-07-31","","test_RTP_process_sender_UPDATE","",""
"","635","Failed callback for non existing Service Provider - DS-08P compliant","functional-tests.tests.callbacks","2026-07-31","passed","2026-07-31","","test_RTP_callback_DS_08","",""
"Test sending a DELETE operation message via GPD message API after a standalone UPDATE (no prior CREATE)","2550","A DELETE message after standalone UPDATE DRAFT","functional-tests.tests.process_messages_sender","2026-07-31","passed","2026-07-31","","test_RTP_process_sender_DELETE","",""
"","1530","SP_B cannot retrieve activation by Fiscal Code created by SP_A","functional-tests.tests.activation","2026-07-31","passed","2026-07-31","","test_RTP_activation_security","",""
"
Test RFC callback DS12N with non-existing service provider, cancel via REST Web API.

Flow:
1. Activate payer
2. Send an RTP via GPD message (CREATE VALID)
3. Cancel the RTP via REST cancel endpoint with cancel_reason → RTP to RFC_SENT
4. Send DS12N callback with non-existing BIC (MOCKSP99)
5. Verify callback is rejected with 400 (service provider not found)
","4178","Failed RFC callback for non existing Service Provider - DS-12N RJCR compliant - through Web API cancel","functional-tests.tests.callbacks","2026-07-31","passed","2026-07-31","","test_RTP_callback_DS_12N","",""
"UPDATE PAID with psp_tax_code=None (invalid PSP) results in RTP state RFC_SENT","2323","An UPDATE PAID message with an invalid PSP results in RFC_SENT state","functional-tests.tests.process_messages_sender","2026-07-31","passed","2026-07-31","","test_RTP_process_sender_UPDATE","",""
"Test sending an UPDATE operation message with different statuses via GPD message API before a CREATE","1291","An UPDATE message with status PUBLISHED before CREATE","functional-tests.tests.process_messages_sender","2026-07-31","passed","2026-07-31","","test_RTP_process_sender_UPDATE_before_CREATE","",""
"The PSP synchronously rejects the cancellation request with 422 (per standard behaviour for the EPC 410 Gone scenario). The RTP then transitions to ERROR_CANCEL via ERROR_CANCEL_RTP.","4080","Cancelling an RTP - EPC v4 mock unhappy path scenario: epc_410","functional-tests.tests.cancel_rtp","2026-07-31","failed","2026-07-31","","test_RTP_cancel_MOCK_V2","",""
"Test sending a CREATE operation message with an omocodia fiscal code via GPD message API","1368","A CREATE message with omocodia fiscal code is successfully sent through GPD message API","functional-tests.tests.process_messages_sender","2026-07-31","passed","2026-07-31","","test_RTP_process_sender","",""
"
Test RFC callback DS12N with RJCR status, cancel triggered via REST Web API with explicit reason.

Flow:
1. Activate payer
2. Send an RTP via GPD message (CREATE VALID)
3. Cancel the RTP via REST cancel endpoint with cancel_reason → RTP to RFC_SENT
4. Send DS12N callback with CxlStsId RJCR (Rejected Cancellation Request)
5. Verify callback is accepted (200)
6. Verify RTP status is ERROR_CANCEL
","3976","An RFC callback DS12N RJCR is successfully received and RTP status is ERROR_CANCEL - through Web API cancel","functional-tests.tests.callbacks","2026-07-31","passed","2026-07-31","","test_RTP_callback_DS_12N","",""
"
Test RFC callback DS12P with non-existing service provider, cancel via REST Web API.

Flow:
1. Activate payer
2. Send an RTP via GPD message (CREATE VALID)
3. Cancel the RTP via REST cancel endpoint with cancel_reason → RTP to RFC_SENT
4. Send DS12P callback with non-existing BIC (MOCKSP99)
5. Verify callback is rejected with 400 (service provider not found)
","2675","Failed RFC callback for non existing Service Provider - DS-12P CNCL compliant - through Web API cancel","functional-tests.tests.callbacks","2026-07-31","passed","2026-07-31","","test_RTP_callback_DS_12P","",""
"Test sending an UPDATE operation message with different statuses via GPD message API after a CREATE","2852","An UPDATE message with status DRAFT after CREATE","functional-tests.tests.process_messages_sender","2026-07-31","passed","2026-07-31","","test_RTP_process_sender_UPDATE","",""
"","2624","An RTP callback is received with invalid status","functional-tests.tests.callbacks","2026-07-31","passed","2026-07-31","","test_RTP_callback_DS_08","",""
"Each entry in ``INVALID_PAYER_IDS`` must be rejected with 400.

The ``description`` parameter appears in pytest output to identify which
case failed without having to inspect the raw value.
","627","Querying activation status with an invalid payerId format returns 400","functional-tests.tests.activation","2026-07-31","passed","2026-07-31","","test_debtor_activation_payer_status","",""
"Each entry in ``INVALID_PAYER_IDS`` must be rejected with 400.

The ``description`` parameter appears in pytest output to identify which
case failed without having to inspect the raw value.
","608","Querying activation status with an invalid payerId format returns 400","functional-tests.tests.activation","2026-07-31","passed","2026-07-31","","test_debtor_activation_payer_status","",""
"
Test RFC callback DS12P with non-existing service provider, cancel via REST Web API.

Flow:
1. Activate payer
2. Send an RTP via GPD message (CREATE VALID)
3. Cancel the RTP via REST cancel endpoint with cancel_reason → RTP to RFC_SENT
4. Send DS12P callback with non-existing BIC (MOCKSP99)
5. Verify callback is rejected with 400 (service provider not found)
","3095","Failed RFC callback for non existing Service Provider - DS-12P CNCL compliant - through Web API cancel","functional-tests.tests.callbacks","2026-07-31","passed","2026-07-31","","test_RTP_callback_DS_12P","",""
"Each entry in ``INVALID_PAYER_IDS`` (see dataset docstring) must be rejected with 400.","609","The activation request must contain a validly formatted fiscal code","functional-tests.tests.activation","2026-07-31","passed","2026-07-31","","test_debtor_activation_create","",""
"Each entry in ``INVALID_PAYER_IDS`` must be rejected with 400.

The ``description`` parameter appears in pytest output to identify which
case failed without having to inspect the raw value.
","976","Querying activation status with an invalid payerId format returns 400","functional-tests.tests.activation","2026-07-31","passed","2026-07-31","","test_debtor_activation_payer_status","",""
"","2763","A debtor with VAT number is activated and retrieved by activation id","functional-tests.tests.activation","2026-07-31","passed","2026-07-31","","test_debtor_activation_get","",""
"A valid token that carries neither read_rtp_activations nor read_rtp_all must be rejected with 403.","627","Token without read_rtp_activations or read_rtp_all role returns 403 Forbidden","functional-tests.tests.activation","2026-07-31","passed","2026-07-31","","test_debtor_activation_payer_status","",""
"","614","Get payees consents with invalid consent value returns 400","functional-tests.tests.service_registry","2026-07-31","passed","2026-07-31","","test_get_payees_consents","",""
"
Test RFC callback DS12P with wrong certificate identity.

Flow:
1. Activate payer
2. Send an RTP via GPD message (CREATE VALID)
3. Cancel the RTP via GPD message (DELETE) → RTP to RFC_SENT
4. Send DS12P callback with assignee_bic='FAKESP01' (doesn't match certificate identity MOCKSP04)
5. Verify callback is rejected with 403 (certificate mismatch)
","2685","Unauthorized RFC callback due to wrong certificate serial","functional-tests.tests.callbacks","2026-07-31","passed","2026-07-31","","test_RTP_callback_DS_12P","",""
"
Given a debtor is activated with the mock fiscal code that makes the debtor
service provider mock reply with a server error, when a GPD message (CREATE)
is sent via POST /gpd/message, then the rtp-sender fails to deliver the RTP
and records an ERROR_SEND_RTP event (RTP status becomes ERROR_SEND). When the
payee then queries the delivery-status endpoint with the matching noticeNumber
and payeeId, the response must be HTTP 200 with status=PD_RTP_NOT_DELIVERED
and processingDate absent or null.
","8617","RTP with ERROR_SEND_RTP event → PD_RTP_NOT_DELIVERED","functional-tests.tests.get_rtp","2026-07-31","failed","2026-07-31","","test_RTP_get_delivery_status","",""
"","3290","A v2 RTP callback with invalid status is rejected without affecting the RTP status","functional-tests.tests.callbacks_v2","2026-07-31","passed","2026-07-31","","test_RTP_callback_DS_08N_negative","",""
"
Send the same CREATE VALID message twice.

Because send_gpd_message derives the Idempotency-Key deterministically from
the message id (msg_id), reusing the same payload reuses the same key.

Expectations:
- Both calls return HTTP 200 (idempotent, not an error).
- The resourceId in both responses is identical, proving the API returned
  the cached response and did not process the message twice.
- Querying by notice number returns exactly one RTP, confirming that only
  one record was written to the database.
","2774","Two CREATE VALID messages with the same Idempotency-Key both succeed but only one RTP is stored","functional-tests.tests.process_messages_sender","2026-07-31","passed","2026-07-31","","test_RTP_process_sender_IDEMPOTENCY","",""
"Each entry in ``INVALID_PAYER_IDS`` (see dataset docstring) must be rejected with 400.","633","The activation request must contain a validly formatted fiscal code","functional-tests.tests.activation","2026-07-31","passed","2026-07-31","","test_debtor_activation_create","",""
"Querying activation status with an empty payerId must be rejected with 404.","598","Querying activation status with an empty payerId returns 404","functional-tests.tests.activation","2026-07-31","passed","2026-07-31","","test_debtor_activation_payer_status","",""
"Test sending an UPDATE operation message with different statuses via GPD message API after a CREATE","2303","An UPDATE message with status EXPIRED after CREATE","functional-tests.tests.process_messages_sender","2026-07-31","passed","2026-07-31","","test_RTP_process_sender_UPDATE","",""
"
Test v2 RFC callback DS12N with RJCR status.

Flow:
1. Activate payer
2. Send an RTP via GPD message v2 (CREATE VALID)
3. Cancel the RTP via GPD message v2 (DELETE) -> RTP to RFC_SENT
4. Send DS12N callback with CxlStsId RJCR (Rejected Cancellation Request)
5. Verify callback is accepted (200)
6. Verify RTP status is CANCELLED_REJECTED
","3973","A v2 RFC callback DS12N RJCR is successfully received and RTP status is CANCELLED_REJECTED","functional-tests.tests.callbacks_v2","2026-07-31","passed","2026-07-31","","test_RTP_callback_DS_12N_negative","",""
"","2836","An RTP callback is successfully received","functional-tests.tests.callbacks","2026-07-31","passed","2026-07-31","","test_RTP_callback_DS_04","",""
"","623","The activation request must contain a validly formatted Service Provider ID","functional-tests.tests.activation","2026-07-31","passed","2026-07-31","","test_debtor_activation_create","",""
"","1247","A debtor with VAT number (Partita IVA) is activated successfully","functional-tests.tests.activation","2026-07-31","passed","2026-07-31","","test_debtor_activation_create","",""
"Test the takeover flow where a user changes service provider","5368","Test Takeover Flow","functional-tests.tests.takeover","2026-07-31","passed","2026-07-31","","test_debtor_takeover","",""
"CREATE VALID with an ec_tax_code that does not exist in GPD returns 422 Payee not found","1254","A CREATE VALID message with a non-existent ec_tax_code is rejected","functional-tests.tests.process_messages_sender","2026-07-31","passed","2026-07-31","","test_RTP_process_sender_CREATE","",""
"Each entry in ``INVALID_PAYER_IDS`` (see dataset docstring) must be rejected with 400.","633","The activation request must contain a validly formatted fiscal code","functional-tests.tests.activation","2026-07-31","passed","2026-07-31","","test_debtor_activation_create","",""
"","3468","A v2 redirect RTP callback with invalid status is rejected without affecting the RTP status","functional-tests.tests.callbacks_v2","2026-07-31","passed","2026-07-31","","test_RTP_callback_DS_05_redirect","",""
"
Test v2 RFC callback DS12P with CNCL status.

Flow:
1. Activate payer
2. Send an RTP via GPD message v2 (CREATE VALID)
3. Cancel the RTP via GPD message v2 (DELETE) -> RTP to RFC_SENT
4. Send DS12P callback with CxlStsId CNCL (Cancelled As Per Request)
5. Verify callback is accepted (200)
6. Verify RTP status is CANCELLED
","3512","A v2 RFC callback DS12P CNCL is successfully received and RTP status is CANCELLED","functional-tests.tests.callbacks_v2","2026-07-31","passed","2026-07-31","","test_RTP_callback_DS_12P_positive","",""
"An EPC response containing fields not declared in the OpenAPI spec is treated as an invalid message and is NOT tolerated for accept/reject purposes (confirmed with rtp-sender-v2 maintainers, PR #26). The extra `invalid-field` property invalidates the whole response, so the RJCR confirmation is not processed and the RTP stays in RFC_SENT.","2763","Cancelling an RTP - EPC v4 mock unhappy path scenario: rjcr_extra_field","functional-tests.tests.cancel_rtp","2026-07-31","passed","2026-07-31","","test_RTP_cancel_MOCK_V2","",""
"Test sending a CREATE operation message with an Italian VAT number via GPD message API","1364","A CREATE message with VAT number (Partita IVA) is successfully sent through GPD message API","functional-tests.tests.process_messages_sender","2026-07-31","passed","2026-07-31","","test_RTP_process_sender","",""
"Test sending an UPDATE operation message with different statuses via GPD message API after a CREATE","2075","An UPDATE message with status INVALID after CREATE","functional-tests.tests.process_messages_sender","2026-07-31","passed","2026-07-31","","test_RTP_process_sender_UPDATE","",""
"","3227","An RTP callback with status ACWC is successfully received","functional-tests.tests.callbacks","2026-07-31","passed","2026-07-31","","test_RTP_callback_DS_08","",""
"","922","Get list of service providers successfully","functional-tests.tests.service_registry","2026-07-31","passed","2026-07-31","","test_service_registry_service_providers","",""
"","982","An RTP is sent to ICCREA service with activated fiscal code - through Web API V2","functional-tests.tests.send_rtp","2026-07-31","failed","2026-07-31","","test_RTP_send_ICCREA","",""
"DS_08N RJCT callback sent directly on a SENT RTP (no prior DS_05 ACTC callback).

The RTP is expected to transition from SENT to REJECTED.
","5875","A v2 RTP callback with status RJCT is successfully received","functional-tests.tests.callbacks_v2","2026-07-31","passed","2026-07-31","","test_RTP_callback_DS_08N_negative","",""
"Reusing the same OTP after a successful takeover should fail","2550","Test Takeover Fails with Reused OTP","functional-tests.tests.takeover","2026-07-31","passed","2026-07-31","","test_debtor_takeover","",""
"","748","The service returns the mocked server error","functional-tests.tests.availability","2026-07-31","passed","2026-07-31","","test_availability_MOCK","",""
"","2675","Unauthorized callback due to wrong certificate serial","functional-tests.tests.callbacks_v2","2026-07-31","passed","2026-07-31","","test_RTP_callback_DS_document_rjct","",""
"Test sending an UPDATE after CREATE VALID + DELETE with different statuses","3499","An UPDATE message with status INVALID after CREATE VALID and DELETE","functional-tests.tests.process_messages_sender","2026-07-31","passed","2026-07-31","","test_RTP_process_sender_UPDATE","",""
"","629","Unauthorized callback due to wrong certificate serial","functional-tests.tests.callbacks","2026-07-31","passed","2026-07-31","","test_RTP_callback_DS_08","",""
"Each entry in ``INVALID_PAYER_IDS`` must be rejected with 400.

The ``description`` parameter appears in pytest output to identify which
case failed without having to inspect the raw value.
","618","Querying activation status with an invalid payerId format returns 400","functional-tests.tests.activation","2026-07-31","passed","2026-07-31","","test_debtor_activation_payer_status","",""
"","3249","Failed callback for non existing Service Provider - DS-document RJCT compliant","functional-tests.tests.callbacks_v2","2026-07-31","passed","2026-07-31","","test_RTP_callback_DS_document_rjct","",""
"Test sending a CREATE operation message with different statuses via GPD message API","1261","A CREATE message with status PAID","functional-tests.tests.process_messages_sender","2026-07-31","passed","2026-07-31","","test_RTP_process_sender_CREATE","",""
"","2629","An RTP sent with synchronous rejection is in status REJECTED - DS-08P N - through Web API V2","functional-tests.tests.send_rtp","2026-07-31","passed","2026-07-31","","test_RTP_send_MOCK","",""
"","3177","Unauthorized callback due to wrong certificate serial","functional-tests.tests.callbacks_v2","2026-07-31","passed","2026-07-31","","test_RTP_callback_DS_08P_positive","",""
"","1291","A second service provider triggers takeover when debtor is already active on another service provider","functional-tests.tests.activation","2026-07-31","passed","2026-07-31","","test_debtor_activation_create","",""
"","4394","Failed callback for invalid RTP transition - DS-05 ACTC compliant","functional-tests.tests.callbacks","2026-07-31","passed","2026-07-31","","test_RTP_callback_DS_05","",""
"","609","All auth fixtures expose a valid Bearer token format","functional-tests.tests.auth","2026-07-31","passed","2026-07-31","","test_auth","",""
"Test sending a DELETE operation message via GPD message API after a CREATE VALID + UPDATE","3347","A DELETE message after CREATE VALID + UPDATE PAID","functional-tests.tests.process_messages_sender","2026-07-31","passed","2026-07-31","","test_RTP_process_sender_DELETE","",""
"","2072","RTP is successfully cancelled with reason MODT","functional-tests.tests.cancel_rtp","2026-07-31","passed","2026-07-31","","test_RTP_cancel","",""
"","586","Missing Version header returns 200","functional-tests.tests.activation","2026-07-31","passed","2026-07-31","","test_debtor_activation_list","",""
"","3287","DS_08P positive v2 callback with Version header returns 400","functional-tests.tests.callbacks_v2","2026-07-31","passed","2026-07-31","","test_RTP_callback_with_version_header","",""
"Test sending a DELETE operation message via GPD message API after a CREATE","1871","A DELETE message after CREATE DRAFT","functional-tests.tests.process_messages_sender","2026-07-31","passed","2026-07-31","","test_RTP_process_sender_DELETE","",""
"Test sending a DELETE operation message via GPD message API after a standalone UPDATE (no prior CREATE)","2237","A DELETE message after standalone UPDATE PAID","functional-tests.tests.process_messages_sender","2026-07-31","passed","2026-07-31","","test_RTP_process_sender_DELETE","",""
"","1988","RTP cancellation fails with an invalid reason - V2","functional-tests.tests.cancel_rtp","2026-07-31","passed","2026-07-31","","test_RTP_cancel","",""
"","2637","Failed callback for non existing Service Provider - DS-08P positive compliant","functional-tests.tests.callbacks_v2","2026-07-31","passed","2026-07-31","","test_RTP_callback_DS_08P_positive","",""
"
Payer activated under SP A.
Token with read_rtp_all can read across all Service Providers:
the admin client sub does not match SP A, yet isActive must be true.
","1274","read_rtp_all role returns isActive true for a payer on any Service Provider","functional-tests.tests.activation","2026-07-31","passed","2026-07-31","","test_debtor_activation_payer_status","",""
"
Tests that sending an RTP payload with an invalid amount to the POSTE endpoint results in a 400 Bad Request response.

:param debtor_sp_mock_cert_key: Certificate and key tuple for mutual TLS authentication.
:type debtor_sp_mock_cert_key: Tuple[str, str]
","1296","Cannot send RTP with invalid amount","functional-tests.tests.availability","2026-07-31","passed","2026-07-31","","test_availability_POSTE","",""
"","628","All auth fixtures expose a valid Bearer token format","functional-tests.tests.auth","2026-07-31","passed","2026-07-31","","test_auth","",""
"Each entry in ``INVALID_PAYER_IDS`` must be rejected with 400.

The ``description`` parameter appears in pytest output to identify which
case failed without having to inspect the raw value.
","638","Querying activation status with an invalid payerId format returns 400","functional-tests.tests.activation","2026-07-31","passed","2026-07-31","","test_debtor_activation_payer_status","",""
"Test sending a DELETE operation message via GPD message API after a CREATE","1852","A DELETE message after CREATE PARTIALLY_PAID","functional-tests.tests.process_messages_sender","2026-07-31","passed","2026-07-31","","test_RTP_process_sender_DELETE","",""
"MOCKSP04 owns both its own spId and MOCKSP01; redeeming an OTP scoped to MOCKSP01 must
assign MOCKSP01 to the new activation, not MOCKSP04 (the redeemer's own tspId).","3714","Test Takeover Redemption Assigns the OTP's Owned Service Provider ID","functional-tests.tests.takeover","2026-07-31","passed","2026-07-31","","test_debtor_takeover","",""
"","669","Sending to non-activated debtor returns 422 - through Web API","functional-tests.tests.send_rtp","2026-07-31","passed","2026-07-31","","test_RTP_send_MOCK","",""
"`Sts.Conf = ""CNCL""` triggers CANCEL_RTP -> CONFIRM_RFC -> CANCEL_RTP_ACCR, ending in CANCELLED_ACCR.","4768","Cancelling an RTP - EPC v4 mock happy path scenario: cncl_confirmed","functional-tests.tests.cancel_rtp","2026-07-31","passed","2026-07-31","","test_RTP_cancel_MOCK_V2","",""
"","1277","Sending a GPD message with null operation returns 400","functional-tests.tests.send_rtp","2026-07-31","passed","2026-07-31","","test_RTP_send_MOCK","",""
"","1302","A debtor activated with an owned but distinct Service Provider ID is deactivated","functional-tests.tests.activation","2026-07-31","passed","2026-07-31","","test_debtor_deactivation","",""
"FAKESP01 does not own MOCKSP01, a Service Provider ID owned by another tspId.","616","Activation is forbidden for a Service Provider ID not owned by the token subject","functional-tests.tests.activation","2026-07-31","passed","2026-07-31","","test_debtor_activation_create","",""
"Active payer with a foreign-country fiscal code (Z + 3 digits municipality) → isActive must be true.","2162","An active payer with foreign fiscal code returns isActive true","functional-tests.tests.activation","2026-07-31","passed","2026-07-31","","test_debtor_activation_payer_status","",""
"Each entry in ``INVALID_PAYER_IDS`` (see dataset docstring) must be rejected with 400.","602","The activation request must contain a validly formatted fiscal code","functional-tests.tests.activation","2026-07-31","passed","2026-07-31","","test_debtor_activation_create","",""
"No `Sts.Conf` confirmation is present (minimal JSON without Sts), so only CANCEL_RTP is triggered and the RTP stays in RFC_SENT.","3090","Cancelling an RTP - EPC v4 mock happy path scenario: minimal_json","functional-tests.tests.cancel_rtp","2026-07-31","passed","2026-07-31","","test_RTP_cancel_MOCK_V2","",""
"","617","Invalid pagination parameters returns 400","functional-tests.tests.activation","2026-07-31","passed","2026-07-31","","test_debtor_activation_list","",""
"","2052","An RTP sent with synchronous acceptance is in status ACCEPTED - DS-05 ACTC - through Web API V2","functional-tests.tests.send_rtp","2026-07-31","passed","2026-07-31","","test_RTP_send_MOCK","",""
"
Verify that a debt position can be updated successfully.
","6879","Happy path: a debt position is updated in UAT environment","functional-tests.tests.gpd_availability","2026-07-31","passed","2026-07-31","","test_availability_GPD","",""
"
DS_12N RJCR RFC callback sent with the Version header must be rejected with 400.
The RTP must remain in RFC_SENT (transition to ERROR_CANCEL must not happen).

Flow:
1. Activate payer, send RTP, trigger cancel via GPD DELETE → RFC_SENT
2. Build a valid DS_12N RJCR payload
3. POST to RFC callback endpoint WITH Version header
4. Verify 400 is returned with the expected error body
5. Verify RTP status is still RFC_SENT
","4444","DS_12N RJCR RFC callback with Version header returns 400","functional-tests.tests.callbacks","2026-07-31","passed","2026-07-31","","test_RTP_callback_with_version_header","",""
"","788","Get payees consents with wrong token type returns 403","functional-tests.tests.service_registry","2026-07-31","passed","2026-07-31","","test_get_payees_consents","",""
"Payer activated under SP A queried by SP A → isActive must be true.","1300","An active payer returns isActive true for the same Service Provider","functional-tests.tests.activation","2026-07-31","passed","2026-07-31","","test_debtor_activation_payer_status","",""
"","1095","An RTP is sent to Poste service with activated fiscal code - through Web API V2","functional-tests.tests.send_rtp","2026-07-31","passed","2026-07-31","","test_RTP_send_POSTE","",""
