"DESCRIPTION","DURATION IN MS","NAME","PARENT SUITE","START TIME","STATUS","STOP TIME","SUB SUITE","SUITE","TEST CLASS","TEST METHOD"
"","4384","A REPR status update leaves SENT unchanged","functional-tests.tests.callbacks_v2","2026-09-26","passed","2026-09-26","","test_RTP_status_update_callback","",""
"","1977","An RTP sent with synchronous acceptance is in status ACCEPTED - DS-05 ACTC","functional-tests.tests.send_rtp","2026-09-26","passed","2026-09-26","","test_RTP_send_MOCK","",""
"Each entry in ``INVALID_PAYER_IDS`` (see dataset docstring) must be rejected with 400.","608","The activation request must contain a validly formatted fiscal code","functional-tests.tests.activation","2026-09-26","passed","2026-09-26","","test_debtor_activation_create","",""
"
Test RFC callback DS12P with INVALID status.

Flow:
1. Activate payer
2. Send an RTP via GPD message (CREATE VALID)
3. Cancel the RTP via GPD message (DELETE) → RTP to RFC_SENT
4. Send DS12P callback with CxlStsId INVALID
5. Verify callback is rejected with 400
6. Verify RTP status is still RFC_SENT
","3266","An RFC callback DS12P INVALID is rejected with 400","functional-tests.tests.callbacks","2026-09-26","passed","2026-09-26","","test_RTP_callback_DS_12P","",""
"","5851","An invalid status transition is rejected","functional-tests.tests.send_rtp","2026-09-26","passed","2026-09-26","","test_RTP_status_update_MOCK_V2","",""
"","1298","A debtor with VAT number (Partita IVA) is activated successfully","functional-tests.tests.activation","2026-09-26","passed","2026-09-26","","test_debtor_activation_create","",""
"Test sending a DELETE operation message via GPD message API after a CREATE","2019","A DELETE message after CREATE VALID","functional-tests.tests.process_messages_sender","2026-09-26","passed","2026-09-26","","test_RTP_process_sender_DELETE","",""
"The PSP synchronously rejects the cancellation request with 422 (per standard behaviour for the EPC 429 Too Many Requests scenario). The RTP then transitions to ERROR_CANCEL via ERROR_CANCEL_RTP.","11085","Cancelling an RTP - EPC v4 mock unhappy path scenario: epc_429","functional-tests.tests.cancel_rtp","2026-09-26","passed","2026-09-26","","test_RTP_cancel_MOCK_V2","",""
"","3665","A v2 RTP callback with invalid status is rejected without affecting the RTP status","functional-tests.tests.callbacks_v2","2026-09-26","passed","2026-09-26","","test_RTP_callback_DS_08P_positive","",""
"","1221","Get paginated list of payees successfully","functional-tests.tests.service_registry","2026-09-26","passed","2026-09-26","","test_service_registry_payees_registry","",""
"The PSP synchronously rejects the cancellation request with 422 (per standard behaviour for the EPC 404 Not Found scenario). The RTP then transitions to ERROR_CANCEL via ERROR_CANCEL_RTP.","4052","Cancelling an RTP - EPC v4 mock unhappy path scenario: epc_404","functional-tests.tests.cancel_rtp","2026-09-26","passed","2026-09-26","","test_RTP_cancel_MOCK_V2","",""
"","12754","A status-update error is normalized without changing the RTP","functional-tests.tests.send_rtp","2026-09-26","passed","2026-09-26","","test_RTP_status_update_MOCK_V2","",""
"","3370","Unauthorized callback due to wrong certificate serial","functional-tests.tests.callbacks_v2","2026-09-26","passed","2026-09-26","","test_RTP_callback_DS_document_rjct","",""
"Each entry in ``INVALID_PAYER_IDS`` must be rejected with 400.

The ``description`` parameter appears in pytest output to identify which
case failed without having to inspect the raw value.
","625","Querying activation status with an invalid payerId format returns 400","functional-tests.tests.activation","2026-09-26","passed","2026-09-26","","test_debtor_activation_payer_status","",""
"Test sending an UPDATE operation message with different statuses via GPD message API before a CREATE","1279","An UPDATE message with status PAID before CREATE","functional-tests.tests.process_messages_sender","2026-09-26","passed","2026-09-26","","test_RTP_process_sender_UPDATE_before_CREATE","",""
"The PSP synchronously rejects the cancellation request with 422 (per standard behaviour for the EPC 415 Unsupported Media Type scenario). The RTP then transitions to ERROR_CANCEL via ERROR_CANCEL_RTP.","3614","Cancelling an RTP - EPC v4 mock unhappy path scenario: epc_415","functional-tests.tests.cancel_rtp","2026-09-26","passed","2026-09-26","","test_RTP_cancel_MOCK_V2","",""
"","2718","An RTP sent when EPC response contains an unknown field is ignored and remains in status SENT - through Web API V2","functional-tests.tests.send_rtp","2026-09-26","passed","2026-09-26","","test_RTP_send_MOCK","",""
"","1630","An RTP is sent to a CBI service with activated fiscal code","functional-tests.tests.send_rtp","2026-09-26","passed","2026-09-26","","test_RTP_send_CBI","",""
"
Verify that a debt position can be deleted successfully.
","2870","Happy path: a debt position is deleted in UAT environment","functional-tests.tests.gpd_availability","2026-09-26","passed","2026-09-26","","test_availability_GPD","",""
"","2858","A debtor Service Provider tries to activates a debtor 2 times, failing the second attempt","bdd-tests","2026-09-26","passed","2026-09-26","Debtor_Activation","RTP","",""
"
Payer activated under SP A.
- SP B (read_rtp_activations): isActive must be false - privacy rule hides cross-SP activation.
- Admin (read_rtp_all): isActive must be true - role grants visibility across all SPs.
Same payer, same endpoint, different roles → different results.
","1868","read_rtp_all role returns isActive true while read_rtp_activations returns false for the same cross-SP payer","functional-tests.tests.activation","2026-09-26","passed","2026-09-26","","test_debtor_activation_payer_status","",""
"","4121","A status-update error is normalized without changing the RTP","functional-tests.tests.send_rtp","2026-09-26","passed","2026-09-26","","test_RTP_status_update_MOCK_V2","",""
"","1399","Sending an RTP when EPC returns a malformed/invalid response body returns 500","functional-tests.tests.send_rtp","2026-09-26","passed","2026-09-26","","test_RTP_send_MOCK","",""
"","627","Get payees consents with negative page size returns 400","functional-tests.tests.service_registry","2026-09-26","passed","2026-09-26","","test_get_payees_consents","",""
"","4009","DS_08P positive v2 callback with Version header returns 400","functional-tests.tests.callbacks_v2","2026-09-26","passed","2026-09-26","","test_RTP_callback_with_version_header","",""
"
Test RFC callback DS12P with wrong certificate identity, cancel via REST Web API.

Flow:
1. Activate payer
2. Send an RTP via GPD message (CREATE VALID)
3. Cancel the RTP via REST cancel endpoint with cancel_reason → RTP to RFC_SENT
4. Send DS12P callback with assignee_bic='FAKESP01' (doesn't match certificate identity MOCKSP04)
5. Verify callback is rejected with 403 (certificate mismatch)
","3267","Unauthorized RFC callback due to wrong certificate serial - through Web API cancel","functional-tests.tests.callbacks","2026-09-26","passed","2026-09-26","","test_RTP_callback_DS_12P","",""
"
Payer activated under SP A.
Token with read_rtp_all can read across all Service Providers:
the admin client sub does not match SP A, yet isActive must be true.
","1257","read_rtp_all role returns isActive true for a payer on any Service Provider","functional-tests.tests.activation","2026-09-26","passed","2026-09-26","","test_debtor_activation_payer_status","",""
"Each entry in ``INVALID_PAYER_IDS`` must be rejected with 400.

The ``description`` parameter appears in pytest output to identify which
case failed without having to inspect the raw value.
","607","Querying activation status with an invalid payerId format returns 400","functional-tests.tests.activation","2026-09-26","passed","2026-09-26","","test_debtor_activation_payer_status","",""
"","638","All auth fixtures expose a valid Bearer token format","functional-tests.tests.auth","2026-09-26","passed","2026-09-26","","test_auth","",""
"Test sending an UPDATE operation message with different statuses via GPD message API before a CREATE","1376","An UPDATE message with status VALID before CREATE","functional-tests.tests.process_messages_sender","2026-09-26","passed","2026-09-26","","test_RTP_process_sender_UPDATE_before_CREATE","",""
"Each entry in ``INVALID_PAYER_IDS`` (see dataset docstring) must be rejected with 400.","795","The activation request must contain a validly formatted fiscal code","functional-tests.tests.activation","2026-09-26","passed","2026-09-26","","test_debtor_activation_create","",""
"","1963","An RTP sent when EPC response omits _links is in status ACCEPTED","functional-tests.tests.send_rtp","2026-09-26","passed","2026-09-26","","test_RTP_send_MOCK","",""
"","2777","RTP form cancellation with reason PAID","ux-tests.tests","2026-09-26","passed","2026-09-26","","test_RTP_cancel_v4","",""
"","626","Get payees consents with wrong token type returns 403","functional-tests.tests.service_registry","2026-09-26","passed","2026-09-26","","test_get_payees_consents","",""
"DS_08N RJCT callback sent twice on the same RTP (direct SENT -> REJECTED).

The second callback must be rejected with 400 since the transition is no
longer valid once the RTP is already REJECTED.
","5096","Failed v2 callback for invalid RTP transition - DS-08N negative compliant","functional-tests.tests.callbacks_v2","2026-09-26","passed","2026-09-26","","test_RTP_callback_DS_08N_negative","",""
"
Test RFC callback DS12N with RJCR status.

Flow:
1. Activate payer
2. Send an RTP via GPD message (CREATE VALID)
3. Cancel the RTP via GPD message (DELETE) → RTP to RFC_SENT
4. Send DS12N callback with CxlStsId RJCR (Rejected Cancellation Request)
5. Verify callback is accepted (200)
6. Verify RTP status is ERROR_CANCEL
","4380","An RFC callback DS12N RJCR is successfully received and RTP status is ERROR_CANCEL","functional-tests.tests.callbacks","2026-09-26","passed","2026-09-26","","test_RTP_callback_DS_12N","",""
"
Test RFC callback DS12N with RJCR status, cancel triggered via REST Web API with explicit reason.

Flow:
1. Activate payer
2. Send an RTP via GPD message (CREATE VALID)
3. Cancel the RTP via REST cancel endpoint with cancel_reason → RTP to RFC_SENT
4. Send DS12N callback with CxlStsId RJCR (Rejected Cancellation Request)
5. Verify callback is accepted (200)
6. Verify RTP status is ERROR_CANCEL
","4241","An RFC callback DS12N RJCR is successfully received and RTP status is ERROR_CANCEL - through Web API cancel","functional-tests.tests.callbacks","2026-09-26","passed","2026-09-26","","test_RTP_callback_DS_12N","",""
"","3513","Failed callback for non existing Service Provider - DS-document RJCT compliant","functional-tests.tests.callbacks_v2","2026-09-26","passed","2026-09-26","","test_RTP_callback_DS_document_rjct","",""
"","3388","A status-update error is normalized without changing the RTP","functional-tests.tests.send_rtp","2026-09-26","passed","2026-09-26","","test_RTP_status_update_MOCK_V2","",""
"MOCKSP04 owns both its own spId and MOCKSP01; redeeming an OTP scoped to MOCKSP01 must
assign MOCKSP01 to the new activation, not MOCKSP04 (the redeemer's own tspId).","3738","Test Takeover Redemption Assigns the OTP's Owned Service Provider ID","functional-tests.tests.takeover","2026-09-26","passed","2026-09-26","","test_debtor_takeover","",""
"","2437","RTP cancellation fails with an invalid reason - V2","functional-tests.tests.cancel_rtp","2026-09-26","passed","2026-09-26","","test_RTP_cancel","",""
"","2879","RTP form cancellation with reason PAID","ux-tests.tests","2026-09-26","passed","2026-09-26","","test_RTP_cancel_v3","",""
"Test sending an UPDATE operation message with different statuses via GPD message API before a CREATE","1261","An UPDATE message with status INVALID before CREATE","functional-tests.tests.process_messages_sender","2026-09-26","passed","2026-09-26","","test_RTP_process_sender_UPDATE_before_CREATE","",""
"","3233","A status update callback with a mismatched debtor BIC is forbidden","functional-tests.tests.callbacks_v2","2026-09-26","passed","2026-09-26","","test_RTP_status_update_callback","",""
"","606","A status update callback for an unknown RTP is rejected","functional-tests.tests.callbacks_v2","2026-09-26","passed","2026-09-26","","test_RTP_status_update_callback","",""
"","3841","A v2 redirect RTP callback with status ACTC is successfully received","functional-tests.tests.callbacks_v2","2026-09-26","passed","2026-09-26","","test_RTP_callback_DS_05_redirect","",""
"Each entry in ``INVALID_PAYER_IDS`` must be rejected with 400.

The ``description`` parameter appears in pytest output to identify which
case failed without having to inspect the raw value.
","599","Querying activation status with an invalid payerId format returns 400","functional-tests.tests.activation","2026-09-26","passed","2026-09-26","","test_debtor_activation_payer_status","",""
"","4727","Successfully cancel a Request to Pay","bdd-tests","2026-09-26","passed","2026-09-26","RTP_Cancellation","RTP","",""
"Each entry in ``INVALID_PAYER_IDS`` (see dataset docstring) must be rejected with 400.","606","The activation request must contain a validly formatted fiscal code","functional-tests.tests.activation","2026-09-26","failed","2026-09-26","","test_debtor_activation_create","",""
"","2470","RTP form is filled and submitted","ux-tests.tests","2026-09-26","passed","2026-09-26","","test_RTP_cancel_v4","",""
"","1237","Sending a GPD message with null id returns 400","functional-tests.tests.send_rtp","2026-09-26","passed","2026-09-26","","test_RTP_send_MOCK","",""
"Each entry in ``INVALID_PAYER_IDS`` (see dataset docstring) must be rejected with 400.","609","The activation request must contain a validly formatted fiscal code","functional-tests.tests.activation","2026-09-26","passed","2026-09-26","","test_debtor_activation_create","",""
"","2531","An RTP sent with synchronous rejection and missing _links results in status REJECTED - through Web API","functional-tests.tests.send_rtp","2026-09-26","passed","2026-09-26","","test_RTP_send_MOCK","",""
"
Test v2 RFC callback DS12P with wrong certificate identity.

Flow:
1. Activate payer
2. Send an RTP via GPD message v2 (CREATE VALID)
3. Cancel the RTP via GPD message v2 (DELETE) -> RTP to RFC_SENT
4. Send DS12P callback with assignee_bic='FAKESP01' (doesn't match certificate identity)
5. Verify callback is rejected with 403 (certificate mismatch)
6. Verify RTP status is still RFC_SENT
","3410","Unauthorized v2 RFC callback due to wrong certificate serial","functional-tests.tests.callbacks_v2","2026-09-26","passed","2026-09-26","","test_RTP_callback_DS_12P_positive","",""
"","1963","RTP form is filled and submitted","ux-tests.tests","2026-09-26","passed","2026-09-26","","test_RTP_submission_v3","",""
"","4087","A status-update response maps to the expected RTP result","functional-tests.tests.send_rtp","2026-09-26","passed","2026-09-26","","test_RTP_status_update_MOCK_V2","",""
"Test sending a DELETE operation message via GPD message API after a CREATE VALID + UPDATE","2831","A DELETE message after CREATE VALID + UPDATE VALID","functional-tests.tests.process_messages_sender","2026-09-26","passed","2026-09-26","","test_RTP_process_sender_DELETE","",""
"","1248","A debtor with foreign fiscal code is activated successfully","functional-tests.tests.activation","2026-09-26","passed","2026-09-26","","test_debtor_activation_create","",""
"","3578","DS_08N negative v2 callback with Version header returns 400","functional-tests.tests.callbacks_v2","2026-09-26","passed","2026-09-26","","test_RTP_callback_with_version_header","",""
"","3152","An RTP sent with synchronous rejection containing extra fields results in status REJECTED - through Web API","functional-tests.tests.send_rtp","2026-09-26","passed","2026-09-26","","test_RTP_send_MOCK","",""
"","1962","An RTP sent when EPC response contains an unknown field is ignored and remains in status SENT","functional-tests.tests.send_rtp","2026-09-26","passed","2026-09-26","","test_RTP_send_MOCK","",""
"","617","Get payees with invalid authorization","functional-tests.tests.service_registry","2026-09-26","passed","2026-09-26","","test_service_registry_service_providers","",""
"
Test RFC callback DS12N with wrong certificate identity, cancel via REST Web API.

Flow:
1. Activate payer
2. Send an RTP via GPD message (CREATE VALID)
3. Cancel the RTP via REST cancel endpoint with cancel_reason → RTP to RFC_SENT
4. Send DS12N callback with assignee_bic='FAKESP01' (doesn't match certificate identity MOCKSP04)
5. Verify callback is rejected with 403 (certificate mismatch)
","3639","Unauthorized RFC callback due to wrong certificate serial - through Web API cancel","functional-tests.tests.callbacks","2026-09-26","passed","2026-09-26","","test_RTP_callback_DS_12N","",""
"","1456","A debtor activated with an owned but distinct Service Provider ID is retrieved by activation id","functional-tests.tests.activation","2026-09-26","passed","2026-09-26","","test_debtor_activation_get","",""
"
Test v2 RFC callback DS12N with INVALID status.

Flow:
1. Activate payer
2. Send an RTP via GPD message v2 (CREATE VALID)
3. Cancel the RTP via GPD message v2 (DELETE) -> RTP to RFC_SENT
4. Send DS12N callback with CxlStsId INVALID
5. Verify callback is rejected with 400
6. Verify RTP status is still RFC_SENT
","3695","A v2 RFC callback DS12N INVALID is rejected with 400","functional-tests.tests.callbacks_v2","2026-09-26","passed","2026-09-26","","test_RTP_callback_DS_12N_negative","",""
"Each entry in ``INVALID_PAYER_IDS`` (see dataset docstring) must be rejected with 400.","768","The activation request must contain a validly formatted fiscal code","functional-tests.tests.activation","2026-09-26","passed","2026-09-26","","test_debtor_activation_create","",""
"","12071","A status-update error is normalized without changing the RTP","functional-tests.tests.send_rtp","2026-09-26","passed","2026-09-26","","test_RTP_status_update_MOCK_V2","",""
"","667","Sending to non-activated debtor returns 422","functional-tests.tests.send_rtp","2026-09-26","passed","2026-09-26","","test_RTP_send_MOCK","",""
"","4568","DS_12P positive RFC v2 callback with Version header returns 400","functional-tests.tests.callbacks_v2","2026-09-26","passed","2026-09-26","","test_RTP_callback_with_version_header","",""
"","600","missing token → 401 Unauthorized","functional-tests.tests.get_rtp","2026-09-26","passed","2026-09-26","","test_RTP_get","",""
"","1300","A debtor is deactivated by an authenticated service provider","functional-tests.tests.activation","2026-09-26","passed","2026-09-26","","test_debtor_deactivation","",""
"
Test RFC callback DS12P with CNCL status, cancel triggered via REST Web API with explicit reason.

Flow:
1. Activate payer
2. Send an RTP via GPD message (CREATE VALID)
3. Cancel the RTP via REST cancel endpoint with cancel_reason → RTP to RFC_SENT
4. Send DS12P callback with CxlStsId CNCL (Cancelled As Per Request)
5. Verify callback is accepted (200)
6. Verify RTP status is CANCELLED
","3852","An RFC callback DS12P CNCL is successfully received and RTP status is CANCEL - through Web API cancel","functional-tests.tests.callbacks","2026-09-26","passed","2026-09-26","","test_RTP_callback_DS_12P","",""
"
Verify that a debt position can be created and published successfully.
","609","Happy path: a debt position is created and published in DEV environment","functional-tests.tests.gpd_availability","2026-09-26","failed","2026-09-26","","test_availability_GPD","",""
"","624","Invalid pagination parameters returns 400","functional-tests.tests.activation","2026-09-26","passed","2026-09-26","","test_debtor_activation_list","",""
"Test sending a DELETE operation message via GPD message API after a CREATE VALID + UPDATE","2783","A DELETE message after CREATE VALID + UPDATE EXPIRED","functional-tests.tests.process_messages_sender","2026-09-26","passed","2026-09-26","","test_RTP_process_sender_DELETE","",""
"
Verify that a debt position can be updated successfully.
","6910","Happy path: a debt position is updated in UAT environment","functional-tests.tests.gpd_availability","2026-09-26","passed","2026-09-26","","test_availability_GPD","",""
"","5304","A debtor Service Provider successfully takes over an activation from another provider","bdd-tests","2026-09-26","passed","2026-09-26","Debtor_Activation_Takeover","RTP","",""
"","4513","A status-update error is normalized without changing the RTP","functional-tests.tests.send_rtp","2026-09-26","passed","2026-09-26","","test_RTP_status_update_MOCK_V2","",""
"","604","Unauthorized callback due to wrong certificate serial","functional-tests.tests.callbacks","2026-09-26","passed","2026-09-26","","test_RTP_callback_DS_08","",""
"","3933","Failed v2 redirect callback for invalid RTP transition - DS-05 ACTC compliant","functional-tests.tests.callbacks_v2","2026-09-26","passed","2026-09-26","","test_RTP_callback_DS_05_redirect","",""
"Test sending a DELETE operation message via GPD message API after a CREATE VALID + UPDATE","2672","A DELETE message after CREATE VALID + UPDATE INVALID","functional-tests.tests.process_messages_sender","2026-09-26","passed","2026-09-26","","test_RTP_process_sender_DELETE","",""
"","603","Get payees with invalid authorization","functional-tests.tests.service_registry","2026-09-26","passed","2026-09-26","","test_service_registry_payees_registry","",""
"","1961","RTP cancellation fails with an invalid reason","functional-tests.tests.cancel_rtp","2026-09-26","passed","2026-09-26","","test_RTP_cancel","",""
"","1380","An RTP is sent to ICCREA service with activated fiscal code","functional-tests.tests.send_rtp","2026-09-26","passed","2026-09-26","","test_RTP_send_ICCREA","",""
"","600","Find by payer id request must contain lower case fiscal code","functional-tests.tests.activation","2026-09-26","passed","2026-09-26","","test_debtor_activation_create","",""
"
Test RFC callback DS12P with INVALID status, cancel via REST Web API.

Flow:
1. Activate payer
2. Send an RTP via GPD message (CREATE VALID)
3. Cancel the RTP via REST cancel endpoint with cancel_reason → RTP to RFC_SENT
4. Send DS12P callback with CxlStsId INVALID
5. Verify callback is rejected with 400
6. Verify RTP status is still RFC_SENT
","3356","An RFC callback DS12P INVALID is rejected with 400 - through Web API cancel","functional-tests.tests.callbacks","2026-09-26","passed","2026-09-26","","test_RTP_callback_DS_12P","",""
"
DS_05 ACTC callback sent with the Version header must be rejected with 400.
The RTP must remain in SENT (transition to ACCEPTED must not happen).

Flow:
1. Activate payer and send an RTP → resource_id
2. Build a valid DS_05 ACTC payload referencing the RTP
3. POST to callback endpoint WITH Version header
4. Verify 400 is returned with the expected error body
5. Verify RTP status is still SENT
","2592","DS_05 ACTC callback with Version header returns 400","functional-tests.tests.callbacks","2026-09-26","passed","2026-09-26","","test_RTP_callback_with_version_header","",""
"","1","Successful login","bdd-tests","2026-09-26","passed","2026-09-26","RTP_Web_Sending","RTP","",""
"","1965","An RTP sent when EPC response omits _links is in status ACCEPTED - through Web API","functional-tests.tests.send_rtp","2026-09-26","passed","2026-09-26","","test_RTP_send_MOCK","",""
"UPDATE VALID before any CREATE creates a new RTP; the RTP must be retrievable from the database","1988","An UPDATE VALID before CREATE creates the RTP in the database","functional-tests.tests.process_messages_sender","2026-09-26","passed","2026-09-26","","test_RTP_process_sender_UPDATE_before_CREATE","",""
"","583","Missing Version header returns 200","functional-tests.tests.activation","2026-09-26","passed","2026-09-26","","test_debtor_activation_list","",""
"Test sending a CREATE operation message with an Italian VAT number via GPD message API","1362","A CREATE message with VAT number (Partita IVA) is successfully sent through GPD message API","functional-tests.tests.process_messages_sender","2026-09-26","passed","2026-09-26","","test_RTP_process_sender","",""
"
Test RFC callback DS12P with wrong certificate identity, cancel via REST Web API.

Flow:
1. Activate payer
2. Send an RTP via GPD message (CREATE VALID)
3. Cancel the RTP via REST cancel endpoint with cancel_reason → RTP to RFC_SENT
4. Send DS12P callback with assignee_bic='FAKESP01' (doesn't match certificate identity MOCKSP04)
5. Verify callback is rejected with 403 (certificate mismatch)
","2969","Unauthorized RFC callback due to wrong certificate serial - through Web API cancel","functional-tests.tests.callbacks","2026-09-26","passed","2026-09-26","","test_RTP_callback_DS_12P","",""
"","2393","An RTP sent when EPC response omits _links is in status ACCEPTED - through Web API V2","functional-tests.tests.send_rtp","2026-09-26","passed","2026-09-26","","test_RTP_send_MOCK","",""
"","607","All auth fixtures expose a valid Bearer token format","functional-tests.tests.auth","2026-09-26","passed","2026-09-26","","test_auth","",""
"
Tests the retrieval of an access token from the POSTE authentication endpoint using client credentials and mutual TLS.

:param debtor_sp_mock_cert_key: Certificate and key tuple for mutual TLS authentication.
:type debtor_sp_mock_cert_key: Tuple[str, str]
","439","Auth endpoint returns valid token","functional-tests.tests.availability","2026-09-26","passed","2026-09-26","","test_availability_POSTE","",""
"Test sending an UPDATE after CREATE VALID + DELETE with different statuses","2653","An UPDATE message with status PARTIALLY_PAID after CREATE VALID and DELETE","functional-tests.tests.process_messages_sender","2026-09-26","passed","2026-09-26","","test_RTP_process_sender_UPDATE","",""
"","3446","A status-update error is normalized without changing the RTP","functional-tests.tests.send_rtp","2026-09-26","passed","2026-09-26","","test_RTP_status_update_MOCK_V2","",""
"","623","inexistent RTP -> empty body","functional-tests.tests.get_rtp","2026-09-26","passed","2026-09-26","","test_RTP_get","",""
"","4186","Failed callback for invalid RTP transition - DS-05 ACTC compliant","functional-tests.tests.callbacks","2026-09-26","passed","2026-09-26","","test_RTP_callback_DS_05","",""
"Test sending a CREATE operation message with different statuses via GPD message API","1272","A CREATE message with status INVALID","functional-tests.tests.process_messages_sender","2026-09-26","passed","2026-09-26","","test_RTP_process_sender_CREATE","",""
"Each entry in ``INVALID_PAYER_IDS`` must be rejected with 400.

The ``description`` parameter appears in pytest output to identify which
case failed without having to inspect the raw value.
","604","Querying activation status with an invalid payerId format returns 400","functional-tests.tests.activation","2026-09-26","passed","2026-09-26","","test_debtor_activation_payer_status","",""
"","3332","A status-update error is normalized without changing the RTP","functional-tests.tests.send_rtp","2026-09-26","passed","2026-09-26","","test_RTP_status_update_MOCK_V2","",""
"No `Sts.Conf` confirmation is present (Sts block omitted entirely), so only CANCEL_RTP is triggered and the RTP stays in RFC_SENT.","2730","Cancelling an RTP - EPC v4 mock happy path scenario: no_sts_block","functional-tests.tests.cancel_rtp","2026-09-26","passed","2026-09-26","","test_RTP_cancel_MOCK_V2","",""
"","1374","An RTP is sent through API - through Web API","functional-tests.tests.send_rtp","2026-09-26","passed","2026-09-26","","test_RTP_send_MOCK","",""
"","3113","Takeover fails with invalid OTP","bdd-tests","2026-09-26","passed","2026-09-26","Debtor_Activation_Takeover","RTP","",""
"","2820","Unauthorized callback due to wrong certificate serial","functional-tests.tests.callbacks_v2","2026-09-26","passed","2026-09-26","","test_RTP_callback_DS_08P_positive","",""
"Takeover without a previously issued OTP should fail","1408","Test Takeover Fails without Prior OTP","functional-tests.tests.takeover","2026-09-26","passed","2026-09-26","","test_debtor_takeover","",""
"","4608","Attempt to cancel a non-existing RTP","bdd-tests","2026-09-26","passed","2026-09-26","RTP_Cancellation","RTP","",""
"
DS_04b callback sent with the Version header must be rejected with 400.
The RTP state must be unchanged.

Flow:
1. Activate payer and send an RTP → resource_id
2. Capture current RTP status
3. Build a valid DS_04b payload referencing the RTP
4. POST to callback endpoint WITH Version header
5. Verify 400 is returned with the expected error body
6. Verify RTP status is unchanged
","3254","DS_04b callback with Version header returns 400","functional-tests.tests.callbacks","2026-09-26","passed","2026-09-26","","test_RTP_callback_with_version_header","",""
"`Sts.Conf = ""CNCL""` triggers CANCEL_RTP -> CONFIRM_RFC -> CANCEL_RTP_ACCR, ending in CANCELLED_ACCR.","3371","Cancelling an RTP - EPC v4 mock happy path scenario: cncl_confirmed","functional-tests.tests.cancel_rtp","2026-09-26","passed","2026-09-26","","test_RTP_cancel_MOCK_V2","",""
"","3948","A status update without StsRsnInf is rejected","functional-tests.tests.callbacks_v2","2026-09-26","passed","2026-09-26","","test_RTP_status_update_callback","",""
"","1267","A debtor is activated and retrieved by activation id","functional-tests.tests.activation","2026-09-26","passed","2026-09-26","","test_debtor_activation_get","",""
"Test sending a DELETE operation message via GPD message API after a CREATE","1879","A DELETE message after CREATE PARTIALLY_PAID","functional-tests.tests.process_messages_sender","2026-09-26","passed","2026-09-26","","test_RTP_process_sender_DELETE","",""
"","584","Get payees consents with invalid authorization returns 401","functional-tests.tests.service_registry","2026-09-26","passed","2026-09-26","","test_get_payees_consents","",""
"","2854","RTP form cancellation with reason MODT","ux-tests.tests","2026-09-26","passed","2026-09-26","","test_RTP_cancel_v3","",""
"","1389","A debtor cannot be activated more than once by the same service provider","functional-tests.tests.activation","2026-09-26","passed","2026-09-26","","test_debtor_activation_create","",""
"Each entry in ``INVALID_PAYER_IDS`` (see dataset docstring) must be rejected with 400.","641","The activation request must contain a validly formatted fiscal code","functional-tests.tests.activation","2026-09-26","passed","2026-09-26","","test_debtor_activation_create","",""
"","2221","RTP is successfully cancelled with reason PAID - V2","functional-tests.tests.cancel_rtp","2026-09-26","passed","2026-09-26","","test_RTP_cancel","",""
"","3376","A status-update error is normalized without changing the RTP","functional-tests.tests.send_rtp","2026-09-26","passed","2026-09-26","","test_RTP_status_update_MOCK_V2","",""
"Test sending a CREATE operation message with a foreign fiscal code via GPD message API","1357","A CREATE message with foreign fiscal code is successfully sent through GPD message API","functional-tests.tests.process_messages_sender","2026-09-26","passed","2026-09-26","","test_RTP_process_sender","",""
"","3232","A v2 document RTP callback with status RJCT is successfully received","functional-tests.tests.callbacks_v2","2026-09-26","passed","2026-09-26","","test_RTP_callback_DS_document_rjct","",""
"An EPC response containing fields not declared in the OpenAPI spec is treated as an invalid message and is NOT tolerated for accept/reject purposes (confirmed with rtp-sender-v2 maintainers, PR #26). The extra `invalid-field` property invalidates the whole response, so the RJCR confirmation is not processed and the RTP stays in RFC_SENT.","2733","Cancelling an RTP - EPC v4 mock unhappy path scenario: rjcr_extra_field","functional-tests.tests.cancel_rtp","2026-09-26","passed","2026-09-26","","test_RTP_cancel_MOCK_V2","",""
"","3173","An RTP callback with status REJECTED is successfully received","functional-tests.tests.callbacks","2026-09-26","passed","2026-09-26","","test_RTP_callback_DS_08","",""
"","4208","A status-update response maps to the expected RTP result","functional-tests.tests.send_rtp","2026-09-26","passed","2026-09-26","","test_RTP_status_update_MOCK_V2","",""
"","2037","SP_B cannot retrieve activation by Fiscal Code created by SP_A","functional-tests.tests.activation","2026-09-26","passed","2026-09-26","","test_RTP_activation_security","",""
"","1496","An RTP is sent through API - through Web API V2","functional-tests.tests.send_rtp","2026-09-26","passed","2026-09-26","","test_RTP_send_MOCK","",""
"","1590","Non-integer size returns 400","functional-tests.tests.activation","2026-09-26","passed","2026-09-26","","test_debtor_activation_list","",""
"
Test v2 RFC callback DS12P with INVALID status.

Flow:
1. Activate payer
2. Send an RTP via GPD message v2 (CREATE VALID)
3. Cancel the RTP via GPD message v2 (DELETE) -> RTP to RFC_SENT
4. Send DS12P callback with CxlStsId INVALID
5. Verify callback is rejected with 400
6. Verify RTP status is still RFC_SENT
","3357","A v2 RFC callback DS12P INVALID is rejected with 400","functional-tests.tests.callbacks_v2","2026-09-26","passed","2026-09-26","","test_RTP_callback_DS_12P_positive","",""
"Parametrized contract test generated from the Activation API OpenAPI spec.

Schemathesis derives one test case per endpoint defined in the spec, generating
request data (path params, query params, body) that is valid according to the schema.
Each case is executed against the live API and the response is validated with
CONTRACT_CHECKS.
","808","test_activation_contract[GET /activations/payer]","contract-tests.tests","2026-09-26","broken","2026-09-26","","test_activation","",""
"","633","Unauthorized callback due to wrong certificate serial","functional-tests.tests.callbacks","2026-09-26","passed","2026-09-26","","test_RTP_callback_DS_04","",""
"","4137","A status-update response maps to the expected RTP result","functional-tests.tests.send_rtp","2026-09-26","passed","2026-09-26","","test_RTP_status_update_MOCK_V2","",""
"
Test RFC callback DS12N with INVALID status, cancel via REST Web API.

Flow:
1. Activate payer
2. Send an RTP via GPD message (CREATE VALID)
3. Cancel the RTP via REST cancel endpoint with cancel_reason → RTP to RFC_SENT
4. Send DS12N callback with CxlStsId INVALID
5. Verify callback is rejected with 400
6. Verify RTP status is still RFC_SENT
","3663","An RFC callback DS12N INVALID is rejected with 400 - through Web API cancel","functional-tests.tests.callbacks","2026-09-26","passed","2026-09-26","","test_RTP_callback_DS_12N","",""
"","4445","An RTP callback is successfully received with status RJCT","functional-tests.tests.callbacks","2026-09-26","passed","2026-09-26","","test_RTP_callback_DS_08","",""
"","2450","Takeover fails without authentication","bdd-tests","2026-09-26","passed","2026-09-26","Debtor_Activation_Takeover","RTP","",""
"
Test RFC callback DS12P with non-existing service provider.

Flow:
1. Activate payer
2. Send an RTP via GPD message (CREATE VALID)
3. Cancel the RTP via GPD message (DELETE) → RTP to RFC_SENT
4. Send DS12P callback with non-existing BIC (MOCKSP99)
5. Verify callback is rejected with 400 (service provider not found)
","2773","Failed RFC callback for non existing Service Provider - DS-12P CNCL compliant","functional-tests.tests.callbacks","2026-09-26","passed","2026-09-26","","test_RTP_callback_DS_12P","",""
"Same privacy rule as the cross-SP case: no explicit error, isActive is just false.","1259","Get payer status returns isActive false when the token subject does not own the activation's Service Provider ID","functional-tests.tests.activation","2026-09-26","passed","2026-09-26","","test_debtor_activation_payer_status","",""
"","3167","An RTP is sent through CBI API","functional-tests.tests.availability","2026-09-26","failed","2026-09-26","","test_availability_CBI","",""
"Each entry in ``INVALID_PAYER_IDS`` must be rejected with 400.

The ``description`` parameter appears in pytest output to identify which
case failed without having to inspect the raw value.
","601","Querying activation status with an invalid payerId format returns 400","functional-tests.tests.activation","2026-09-26","passed","2026-09-26","","test_debtor_activation_payer_status","",""
"","3742","An authenticated Service Provider cannot send an RTP to an activated debtor","bdd-tests","2026-09-26","passed","2026-09-26","RTP_Sending","RTP","",""
"","1914","A debtor with omocodia fiscal code is activated and retrieved by activation id","functional-tests.tests.activation","2026-09-26","passed","2026-09-26","","test_debtor_activation_get","",""
"","952","malformed rtp_id → 400 Bad Request","functional-tests.tests.get_rtp","2026-09-26","passed","2026-09-26","","test_RTP_get","",""
"","1895","Cannot send RTP with expired date","functional-tests.tests.availability","2026-09-26","passed","2026-09-26","","test_availability_CBI","",""
"","2505","An RTP sent with synchronous rejection is in status REJECTED - DS-08P N - through Web API","functional-tests.tests.send_rtp","2026-09-26","passed","2026-09-26","","test_RTP_send_MOCK","",""
"","3888","An RTP callback is successfully received with status ACCP","functional-tests.tests.callbacks","2026-09-26","passed","2026-09-26","","test_RTP_callback_DS_08","",""
"","605","Retrieving activation with malformed payer id returns 400","functional-tests.tests.activation","2026-09-26","passed","2026-09-26","","test_debtor_activation_get","",""
"The response body is not a recognizable cancellation confirmation (quoted plain string), so the RTP stays in RFC_SENT.","4175","Cancelling an RTP - EPC v4 mock happy path scenario: plain_string","functional-tests.tests.cancel_rtp","2026-09-26","passed","2026-09-26","","test_RTP_cancel_MOCK_V2","",""
"
Test RFC callback DS12P with CNCL status, cancel triggered via REST Web API with explicit reason.

Flow:
1. Activate payer
2. Send an RTP via GPD message (CREATE VALID)
3. Cancel the RTP via REST cancel endpoint with cancel_reason → RTP to RFC_SENT
4. Send DS12P callback with CxlStsId CNCL (Cancelled As Per Request)
5. Verify callback is accepted (200)
6. Verify RTP status is CANCELLED
","3300","An RFC callback DS12P CNCL is successfully received and RTP status is CANCEL - through Web API cancel","functional-tests.tests.callbacks","2026-09-26","passed","2026-09-26","","test_RTP_callback_DS_12P","",""
"","805","Get payees consents with extreme page size returns 400","functional-tests.tests.service_registry","2026-09-26","passed","2026-09-26","","test_get_payees_consents","",""
"","0","A Service Provider is authenticated","functional-tests.tests.auth","2026-09-26","passed","2026-09-26","","test_auth","",""
"
Tests that sending an RTP payload with an expired date to the POSTE endpoint results in a 400 Bad Request response.

:param debtor_sp_mock_cert_key: Certificate and key tuple for mutual TLS authentication.
:type debtor_sp_mock_cert_key: Tuple[str, str]
","2122","Cannot send RTP with expired date","functional-tests.tests.availability","2026-09-26","failed","2026-09-26","","test_availability_POSTE","",""
"Test sending an UPDATE after CREATE VALID + DELETE with different statuses","2696","An UPDATE message with status EXPIRED after CREATE VALID and DELETE","functional-tests.tests.process_messages_sender","2026-09-26","passed","2026-09-26","","test_RTP_process_sender_UPDATE","",""
"","2878","An RTP sent with synchronous rejection and missing _links results in status REJECTED - through Web API V2","functional-tests.tests.send_rtp","2026-09-26","passed","2026-09-26","","test_RTP_send_MOCK","",""
"`Sts.Conf = ""RJCR""` triggers CANCEL_RTP -> CONFIRM_RFC -> CANCEL_RTP_REJECTED, ending in CANCELLED_REJECTED.","3334","Cancelling an RTP - EPC v4 mock happy path scenario: rjcr_rejected","functional-tests.tests.cancel_rtp","2026-09-26","passed","2026-09-26","","test_RTP_cancel_MOCK_V2","",""
"","624","All auth fixtures expose a valid Bearer token format","functional-tests.tests.auth","2026-09-26","passed","2026-09-26","","test_auth","",""
"","608","Failed callback for non existing Service Provider - DS-08P compliant","functional-tests.tests.callbacks","2026-09-26","passed","2026-09-26","","test_RTP_callback_DS_08","",""
"Test sending a CREATE operation message with different statuses via GPD message API","2726","A CREATE message with status PAID","functional-tests.tests.process_messages_sender","2026-09-26","passed","2026-09-26","","test_RTP_process_sender_CREATE","",""
"Payer activated under SP A queried by SP A → isActive must be true.","1230","An active payer returns isActive true for the same Service Provider","functional-tests.tests.activation","2026-09-26","passed","2026-09-26","","test_debtor_activation_payer_status","",""
"Each entry in ``INVALID_PAYER_IDS`` must be rejected with 400.

The ``description`` parameter appears in pytest output to identify which
case failed without having to inspect the raw value.
","601","Querying activation status with an invalid payerId format returns 400","functional-tests.tests.activation","2026-09-26","passed","2026-09-26","","test_debtor_activation_payer_status","",""
"Test sending a DELETE operation message via GPD message API after a standalone UPDATE (no prior CREATE)","1886","A DELETE message after standalone UPDATE PARTIALLY_PAID","functional-tests.tests.process_messages_sender","2026-09-26","passed","2026-09-26","","test_RTP_process_sender_DELETE","",""
"MOCKSP04 owns MOCKSP01 and triggers the OTP; FAKESP01, which owns neither, must be rejected
with an explicit ownership error, not merely a generic 403.","1889","Test Takeover Fails when Redeemer Does Not Own the OTP's Service Provider ID","functional-tests.tests.takeover","2026-09-26","passed","2026-09-26","","test_debtor_takeover","",""
"
Test RFC callback DS12P with wrong certificate identity.

Flow:
1. Activate payer
2. Send an RTP via GPD message (CREATE VALID)
3. Cancel the RTP via GPD message (DELETE) → RTP to RFC_SENT
4. Send DS12P callback with assignee_bic='FAKESP01' (doesn't match certificate identity MOCKSP04)
5. Verify callback is rejected with 403 (certificate mismatch)
","3559","Unauthorized RFC callback due to wrong certificate serial","functional-tests.tests.callbacks","2026-09-26","passed","2026-09-26","","test_RTP_callback_DS_12P","",""
"","2507","RTP is successfully cancelled with reason PAID","functional-tests.tests.cancel_rtp","2026-09-26","passed","2026-09-26","","test_RTP_cancel","",""
"","1353","An RTP is sent to Poste service with activated fiscal code - through Web API","functional-tests.tests.send_rtp","2026-09-26","passed","2026-09-26","","test_RTP_send_POSTE","",""
"","637","Non-existent NextActivationId returns 200 with empty body","functional-tests.tests.activation","2026-09-26","passed","2026-09-26","","test_debtor_activation_list","",""
"
Test RFC callback DS12N with non-existing service provider, cancel via REST Web API.

Flow:
1. Activate payer
2. Send an RTP via GPD message (CREATE VALID)
3. Cancel the RTP via REST cancel endpoint with cancel_reason → RTP to RFC_SENT
4. Send DS12N callback with non-existing BIC (MOCKSP99)
5. Verify callback is rejected with 400 (service provider not found)
","2818","Failed RFC callback for non existing Service Provider - DS-12N RJCR compliant - through Web API cancel","functional-tests.tests.callbacks","2026-09-26","passed","2026-09-26","","test_RTP_callback_DS_12N","",""
"Each entry in ``INVALID_PAYER_IDS`` must be rejected with 400.

The ``description`` parameter appears in pytest output to identify which
case failed without having to inspect the raw value.
","601","Querying activation status with an invalid payerId format returns 400","functional-tests.tests.activation","2026-09-26","passed","2026-09-26","","test_debtor_activation_payer_status","",""
"Test sending an UPDATE operation message with different statuses via GPD message API before a CREATE","2052","An UPDATE message with status PUBLISHED before CREATE","functional-tests.tests.process_messages_sender","2026-09-26","passed","2026-09-26","","test_RTP_process_sender_UPDATE_before_CREATE","",""
"","1985","RTP is successfully cancelled with reason MODT","functional-tests.tests.cancel_rtp","2026-09-26","passed","2026-09-26","","test_RTP_cancel","",""
"","631","Get payees consents with invalid date format returns 400","functional-tests.tests.service_registry","2026-09-26","passed","2026-09-26","","test_get_payees_consents","",""
"Test sending a DELETE operation message via GPD message API after a standalone UPDATE (no prior CREATE)","2188","A DELETE message after standalone UPDATE VALID","functional-tests.tests.process_messages_sender","2026-09-26","passed","2026-09-26","","test_RTP_process_sender_DELETE","",""
"Test sending an UPDATE operation message with different statuses via GPD message API after a CREATE","2025","An UPDATE message with status DRAFT after CREATE","functional-tests.tests.process_messages_sender","2026-09-26","passed","2026-09-26","","test_RTP_process_sender_UPDATE","",""
"","1258","Deactivation returns 404 when the token subject does not own the activation's Service Provider ID","functional-tests.tests.activation","2026-09-26","passed","2026-09-26","","test_debtor_deactivation","",""
"","1405","SP_ACTIVATIONS_READ_ALL can retrieve activation by Activation ID created by SP_A","functional-tests.tests.activation","2026-09-26","passed","2026-09-26","","test_RTP_activation_security","",""
"Test sending an UPDATE after CREATE VALID + DELETE with different statuses","2660","An UPDATE message with status INVALID after CREATE VALID and DELETE","functional-tests.tests.process_messages_sender","2026-09-26","passed","2026-09-26","","test_RTP_process_sender_UPDATE","",""
"","1332","Auth endpoint returns valid token","functional-tests.tests.availability","2026-09-26","passed","2026-09-26","","test_availability_CBI","",""
"","1046","Get paginated list of OPT_OUT payees consents successfully","functional-tests.tests.service_registry","2026-09-26","passed","2026-09-26","","test_get_payees_consents","",""
"
Verify that a debt position can be updated successfully.
","602","Happy path: a debt position is updated in DEV environment","functional-tests.tests.gpd_availability","2026-09-26","failed","2026-09-26","","test_availability_GPD","",""
"","582","A Service Provider tries to activates a debtor without having the correct credentials","bdd-tests","2026-09-26","passed","2026-09-26","Debtor_Activation","RTP","",""
"","576","The service returns the mocked server error","functional-tests.tests.availability","2026-09-26","passed","2026-09-26","","test_availability_MOCK","",""
"Test sending an UPDATE operation message with different statuses via GPD message API after a CREATE","2040","An UPDATE message with status EXPIRED after CREATE","functional-tests.tests.process_messages_sender","2026-09-26","passed","2026-09-26","","test_RTP_process_sender_UPDATE","",""
"","3340","A status-update error is normalized without changing the RTP","functional-tests.tests.send_rtp","2026-09-26","passed","2026-09-26","","test_RTP_status_update_MOCK_V2","",""
"Parametrized contract test generated from the Send API OpenAPI spec.

Schemathesis derives one test case per endpoint defined in the spec, generating
request data (path params, query params, body) that is valid according to the schema.
Each case is executed against the live API and the response is validated with
CONTRACT_CHECKS.

An additional assertion verifies that the Location header is present on 201 responses
from POST /rtps, as required by the spec.
","806","test_send_api_contract[POST /gpd/message]","contract-tests.tests","2026-09-26","broken","2026-09-26","","test_api_send_rtp","",""
"Payer that has never been activated → isActive must be false.","631","test_get_activation_status_not_active_payer","functional-tests.tests.activation","2026-09-26","passed","2026-09-26","","test_debtor_activation_payer_status","",""
"","607","Invalid NextActivationId format returns 400","functional-tests.tests.activation","2026-09-26","passed","2026-09-26","","test_debtor_activation_list","",""
"","3349","A status-update error is normalized without changing the RTP","functional-tests.tests.send_rtp","2026-09-26","passed","2026-09-26","","test_RTP_status_update_MOCK_V2","",""
"","650","Deactivation fails for non-existing activation","functional-tests.tests.activation","2026-09-26","passed","2026-09-26","","test_debtor_deactivation","",""
"","3209","An RTP callback with invalid status is received and processed with success without affecting the RTP status","functional-tests.tests.callbacks","2026-09-26","passed","2026-09-26","","test_RTP_callback_DS_05","",""
"
Given an RTP is sent successfully (status SENT) for a given noticeNumber + payeeId,
when the payee queries the delivery-status endpoint with the correct noticeNumber
but a different payeeId,
then the response must be HTTP 200 with status=PD_RTP_NOT_DELIVERED, verifying
that the endpoint filters on both fields.
","6993","Existing noticeNumber with wrong payeeId → PD_RTP_NOT_DELIVERED","functional-tests.tests.get_rtp","2026-09-26","passed","2026-09-26","","test_RTP_get_delivery_status","",""
"Each entry in ``INVALID_PAYER_IDS`` must be rejected with 400.

The ``description`` parameter appears in pytest output to identify which
case failed without having to inspect the raw value.
","607","Querying activation status with an invalid payerId format returns 400","functional-tests.tests.activation","2026-09-26","passed","2026-09-26","","test_debtor_activation_payer_status","",""
"","1332","Sending an RTP when EPC returns an unexpected status code error (RTP_05.CHK.A0007) returns 500 - through Web API","functional-tests.tests.send_rtp","2026-09-26","passed","2026-09-26","","test_RTP_send_MOCK","",""
"","2910","A debtor Service Provider activates a debtor","bdd-tests","2026-09-26","passed","2026-09-26","Debtor_Activation","RTP","",""
"","1632","SP_B cannot retrieve activation by Activation ID created by SP_A","functional-tests.tests.activation","2026-09-26","passed","2026-09-26","","test_RTP_activation_security","",""
"Test that takeover fails when the service provider is unauthenticated","2188","Test Takeover Fails with Unauthenticated SP","functional-tests.tests.takeover","2026-09-26","passed","2026-09-26","","test_debtor_takeover","",""
"","2197","Cannot send RTP with invalid amount","functional-tests.tests.availability","2026-09-26","passed","2026-09-26","","test_availability_CBI","",""
"
Test v2 RFC callback DS12N with wrong certificate identity.

Flow:
1. Activate payer
2. Send an RTP via GPD message v2 (CREATE VALID)
3. Cancel the RTP via GPD message v2 (DELETE) -> RTP to RFC_SENT
4. Send DS12N callback with assignee_bic='FAKESP01' (doesn't match certificate identity)
5. Verify callback is rejected with 403 (certificate mismatch)
6. Verify RTP status is still RFC_SENT
","3363","Unauthorized v2 RFC callback due to wrong certificate serial","functional-tests.tests.callbacks_v2","2026-09-26","passed","2026-09-26","","test_RTP_callback_DS_12N_negative","",""
"","2836","RTP is successfully cancelled with reason MODT - V2","functional-tests.tests.cancel_rtp","2026-09-26","passed","2026-09-26","","test_RTP_cancel","",""
"
Send the same CREATE VALID message twice.

Because send_gpd_message derives the Idempotency-Key deterministically from
the message id (msg_id), reusing the same payload reuses the same key.

Expectations:
- Both calls return HTTP 200 (idempotent, not an error).
- The resourceId in both responses is identical, proving the API returned
  the cached response and did not process the message twice.
- Querying by notice number returns exactly one RTP, confirming that only
  one record was written to the database.
","2643","Two CREATE VALID messages with the same Idempotency-Key both succeed but only one RTP is stored","functional-tests.tests.process_messages_sender","2026-09-26","passed","2026-09-26","","test_RTP_process_sender_IDEMPOTENCY","",""
"","616","Unauthorized request returns 401","functional-tests.tests.activation","2026-09-26","passed","2026-09-26","","test_debtor_activation_list","",""
"","3244","DS_document RJCT v2 callback with Version header returns 400","functional-tests.tests.callbacks_v2","2026-09-26","passed","2026-09-26","","test_RTP_callback_with_version_header","",""
"","646","Get payees consents with invalid consent value returns 400","functional-tests.tests.service_registry","2026-09-26","passed","2026-09-26","","test_get_payees_consents","",""
"Test sending an UPDATE operation message with different statuses via GPD message API before a CREATE","1245","An UPDATE message with status PARTIALLY_PAID before CREATE","functional-tests.tests.process_messages_sender","2026-09-26","passed","2026-09-26","","test_RTP_process_sender_UPDATE_before_CREATE","",""
"Test sending a CREATE operation message with different statuses via GPD message API","1373","A CREATE message with status VALID","functional-tests.tests.process_messages_sender","2026-09-26","passed","2026-09-26","","test_RTP_process_sender_CREATE","",""
"Each entry in ``INVALID_PAYER_IDS`` (see dataset docstring) must be rejected with 400.","609","The activation request must contain a validly formatted fiscal code","functional-tests.tests.activation","2026-09-26","passed","2026-09-26","","test_debtor_activation_create","",""
"Test sending a DELETE operation message via GPD message API after a CREATE","1900","A DELETE message after CREATE EXPIRED","functional-tests.tests.process_messages_sender","2026-09-26","passed","2026-09-26","","test_RTP_process_sender_DELETE","",""
"
Verify that a debt position can be created and published successfully.
","703","Happy path: a debt position is created and published in UAT environment","functional-tests.tests.gpd_availability","2026-09-26","passed","2026-09-26","","test_availability_GPD","",""
"Test sending a CREATE operation message with an omocodia fiscal code via GPD message API","1358","A CREATE message with omocodia fiscal code is successfully sent through GPD message API","functional-tests.tests.process_messages_sender","2026-09-26","passed","2026-09-26","","test_RTP_process_sender","",""
"FAKESP01 does not own MOCKSP01, a Service Provider ID owned by another tspId.","609","Activation is forbidden for a Service Provider ID not owned by the token subject","functional-tests.tests.activation","2026-09-26","passed","2026-09-26","","test_debtor_activation_create","",""
"Test sending a DELETE operation message via GPD message API after a CREATE VALID + UPDATE","2995","A DELETE message after CREATE VALID + UPDATE DRAFT","functional-tests.tests.process_messages_sender","2026-09-26","passed","2026-09-26","","test_RTP_process_sender_DELETE","",""
"","625","Retrieving activation with invalid UUID returns 400","functional-tests.tests.activation","2026-09-26","passed","2026-09-26","","test_debtor_activation_get","",""
"Test sending a DELETE operation message via GPD message API after a CREATE","1900","A DELETE message after CREATE INVALID","functional-tests.tests.process_messages_sender","2026-09-26","passed","2026-09-26","","test_RTP_process_sender_DELETE","",""
"","2041","RTP is successfully retrieved","functional-tests.tests.get_rtp","2026-09-26","passed","2026-09-26","","test_RTP_get","",""
"","601","Invalid pagination parameters returns 400","functional-tests.tests.activation","2026-09-26","passed","2026-09-26","","test_debtor_activation_list","",""
"Payer activated then deactivated by SP A → isActive must be false.","2069","A deactivated payer returns isActive false","functional-tests.tests.activation","2026-09-26","passed","2026-09-26","","test_debtor_activation_payer_status","",""
"
Test RFC callback DS12N with non-existing service provider.

Flow:
1. Activate payer
2. Send an RTP via GPD message (CREATE VALID)
3. Cancel the RTP via GPD message (DELETE) → RTP to RFC_SENT
4. Send DS12N callback with non-existing BIC (MOCKSP99)
5. Verify callback is rejected with 400 (service provider not found)
","3095","Failed RFC callback for non existing Service Provider - DS-12N RJCR compliant","functional-tests.tests.callbacks","2026-09-26","passed","2026-09-26","","test_RTP_callback_DS_12N","",""
"DS_08N RJCT callback sent directly on a SENT RTP (no prior DS_05 ACTC callback).

The RTP is expected to transition from SENT to REJECTED.
","4927","A v2 RTP callback with status RJCT is successfully received","functional-tests.tests.callbacks_v2","2026-09-26","passed","2026-09-26","","test_RTP_callback_DS_08N_negative","",""
"","5197","Repeating a status update is idempotent","functional-tests.tests.send_rtp","2026-09-26","passed","2026-09-26","","test_RTP_status_update_MOCK_V2","",""
"The PSP synchronously rejects the cancellation request with 422 (per standard behaviour for the EPC 406 Not Acceptable scenario). The RTP then transitions to ERROR_CANCEL via ERROR_CANCEL_RTP.","3330","Cancelling an RTP - EPC v4 mock unhappy path scenario: epc_406","functional-tests.tests.cancel_rtp","2026-09-26","passed","2026-09-26","","test_RTP_cancel_MOCK_V2","",""
"Empty OTP should be rejected","648","Test Takeover Fails with Empty OTP","functional-tests.tests.takeover","2026-09-26","passed","2026-09-26","","test_debtor_takeover","",""
"Test sending a DELETE operation message via GPD message API after a standalone UPDATE (no prior CREATE)","1905","A DELETE message after standalone UPDATE EXPIRED","functional-tests.tests.process_messages_sender","2026-09-26","passed","2026-09-26","","test_RTP_process_sender_DELETE","",""
"","3948","A v2 document RTP callback with invalid status is rejected without affecting the RTP status","functional-tests.tests.callbacks_v2","2026-09-26","passed","2026-09-26","","test_RTP_callback_DS_document_rjct","",""
"","1245","Sending a GPD message with null operation returns 400","functional-tests.tests.send_rtp","2026-09-26","passed","2026-09-26","","test_RTP_send_MOCK","",""
"","13560","A status-update error is normalized without changing the RTP","functional-tests.tests.send_rtp","2026-09-26","passed","2026-09-26","","test_RTP_status_update_MOCK_V2","",""
"
Tests that sending an RTP payload with an amount over the POSTE limit results in a 400 Bad Request response.

:param debtor_sp_mock_cert_key: Certificate and key tuple for mutual TLS authentication.
:type debtor_sp_mock_cert_key: Tuple[str, str]
","1150","Cannot send RTP with an amount over the POSTE limit","functional-tests.tests.availability","2026-09-26","failed","2026-09-26","","test_availability_POSTE","",""
"","3525","A status-update response maps to the expected RTP result","functional-tests.tests.send_rtp","2026-09-26","passed","2026-09-26","","test_RTP_status_update_MOCK_V2","",""
"The response cannot be parsed as a cancellation confirmation (malformed, unquoted string), so the RTP stays in RFC_SENT rather than erroring out.","2740","Cancelling an RTP - EPC v4 mock unhappy path scenario: malformed_string","functional-tests.tests.cancel_rtp","2026-09-26","passed","2026-09-26","","test_RTP_cancel_MOCK_V2","",""
"Each entry in ``INVALID_PAYER_IDS`` must be rejected with 400.

The ``description`` parameter appears in pytest output to identify which
case failed without having to inspect the raw value.
","626","Querying activation status with an invalid payerId format returns 400","functional-tests.tests.activation","2026-09-26","passed","2026-09-26","","test_debtor_activation_payer_status","",""
"","662","Sending to non-activated debtor returns 422 - through Web API V2","functional-tests.tests.send_rtp","2026-09-26","passed","2026-09-26","","test_RTP_send_MOCK","",""
"","616","Retrieving non-existent activation returns 404","functional-tests.tests.activation","2026-09-26","passed","2026-09-26","","test_debtor_activation_get","",""
"","1327","Retrieving activation without valid token returns 401","functional-tests.tests.activation","2026-09-26","passed","2026-09-26","","test_debtor_activation_get","",""
"
DS_12P CNCL RFC callback sent with the Version header must be rejected with 400.
The RTP must remain in RFC_SENT (transition to CANCELLED must not happen).

Flow:
1. Activate payer, send RTP, trigger cancel via GPD DELETE → RFC_SENT
2. Build a valid DS_12P CNCL payload
3. POST to RFC callback endpoint WITH Version header
4. Verify 400 is returned with the expected error body
5. Verify RTP status is still RFC_SENT
","4100","DS_12P CNCL RFC callback with Version header returns 400","functional-tests.tests.callbacks","2026-09-26","passed","2026-09-26","","test_RTP_callback_with_version_header","",""
"","1410","A debtor with omocodia fiscal code is activated successfully","functional-tests.tests.activation","2026-09-26","passed","2026-09-26","","test_debtor_activation_create","",""
"","2692","Failed callback for non existing Service Provider - DS-05 redirect compliant","functional-tests.tests.callbacks_v2","2026-09-26","passed","2026-09-26","","test_RTP_callback_DS_05_redirect","",""
"","1271","SP_ACTIVATIONS_READ_ALL can retrieve activation by Fiscal Code created by SP_A","functional-tests.tests.activation","2026-09-26","passed","2026-09-26","","test_RTP_activation_security","",""
"
Test RFC callback DS12N with wrong certificate identity.

Flow:
1. Activate payer
2. Send an RTP via GPD message (CREATE VALID)
3. Cancel the RTP via GPD message (DELETE) → RTP to RFC_SENT
4. Send DS12N callback with assignee_bic='FAKESP01' (doesn't match certificate identity MOCKSP04)
5. Verify callback is rejected with 403 (certificate mismatch)
","3011","Unauthorized RFC callback due to wrong certificate serial","functional-tests.tests.callbacks","2026-09-26","passed","2026-09-26","","test_RTP_callback_DS_12N","",""
"","2788","RTP form cancellation with reason MODT","ux-tests.tests","2026-09-26","passed","2026-09-26","","test_RTP_cancel_v4","",""
"Each entry in ``INVALID_PAYER_IDS`` (see dataset docstring) must be rejected with 400.","625","The activation request must contain a validly formatted fiscal code","functional-tests.tests.activation","2026-09-26","passed","2026-09-26","","test_debtor_activation_create","",""
"Each entry in ``INVALID_PAYER_IDS`` (see dataset docstring) must be rejected with 400.","655","The activation request must contain a validly formatted fiscal code","functional-tests.tests.activation","2026-09-26","passed","2026-09-26","","test_debtor_activation_create","",""
"Missing or invalid Bearer token → the endpoint must return 401.","584","Querying activation status without a valid token returns 401","functional-tests.tests.activation","2026-09-26","passed","2026-09-26","","test_debtor_activation_payer_status","",""
"","2722","Unauthorized callback due to wrong certificate serial","functional-tests.tests.callbacks_v2","2026-09-26","passed","2026-09-26","","test_RTP_callback_DS_08N_negative","",""
"Each entry in ``INVALID_PAYER_IDS`` must be rejected with 400.

The ``description`` parameter appears in pytest output to identify which
case failed without having to inspect the raw value.
","625","Querying activation status with an invalid payerId format returns 400","functional-tests.tests.activation","2026-09-26","passed","2026-09-26","","test_debtor_activation_payer_status","",""
"
Test v2 RFC callback DS12P with CNCL status applied twice on the same RTP.

Flow:
1. Activate payer
2. Send an RTP via GPD message v2 (CREATE VALID)
3. Cancel the RTP via GPD message v2 (DELETE) -> RTP to RFC_SENT
4. Send DS12P callback with CxlStsId CNCL (Cancelled As Per Request) -> RTP to CANCELLED
5. Send the same DS12P CNCL callback again on the already cancelled RTP
6. Verify the second callback is rejected (400) since the transition is no longer valid
7. Verify RTP status remains CANCELLED
","4684","Failed v2 RFC callback for invalid RTP transition - DS-12P positive compliant","functional-tests.tests.callbacks_v2","2026-09-26","passed","2026-09-26","","test_RTP_callback_DS_12P_positive","",""
"
Tests that sending an RTP payload with an invalid amount to the POSTE endpoint results in a 400 Bad Request response.

:param debtor_sp_mock_cert_key: Certificate and key tuple for mutual TLS authentication.
:type debtor_sp_mock_cert_key: Tuple[str, str]
","1400","Cannot send RTP with invalid amount","functional-tests.tests.availability","2026-09-26","passed","2026-09-26","","test_availability_POSTE","",""
"Each entry in ``INVALID_PAYER_IDS`` (see dataset docstring) must be rejected with 400.","778","The activation request must contain a validly formatted fiscal code","functional-tests.tests.activation","2026-09-26","passed","2026-09-26","","test_debtor_activation_create","",""
"","603","All auth fixtures expose a valid Bearer token format","functional-tests.tests.auth","2026-09-26","passed","2026-09-26","","test_auth","",""
"
Tests sending an RTP payload to the POSTE endpoint with valid data and authentication.

:param debtor_sp_mock_cert_key: Certificate and key tuple for mutual TLS authentication.
:type debtor_sp_mock_cert_key: Tuple[str, str]
","1635","An RTP is sent through POSTE API","functional-tests.tests.availability","2026-09-26","passed","2026-09-26","","test_availability_POSTE","",""
"","1368","Get a page of activations","functional-tests.tests.activation","2026-09-26","passed","2026-09-26","","test_debtor_activation_list","",""
"OTP bound to payer1 should not work for payer2","2359","Test Takeover Fails with OTP Bound to Different Payer","functional-tests.tests.takeover","2026-09-26","passed","2026-09-26","","test_debtor_takeover","",""
"","1231","Deactivation fails for activation by another service provider","functional-tests.tests.activation","2026-09-26","passed","2026-09-26","","test_debtor_deactivation","",""
"Test the takeover flow where a user changes service provider","5070","Test Takeover Flow","functional-tests.tests.takeover","2026-09-26","passed","2026-09-26","","test_debtor_takeover","",""
"Each entry in ``INVALID_PAYER_IDS`` must be rejected with 400.

The ``description`` parameter appears in pytest output to identify which
case failed without having to inspect the raw value.
","606","Querying activation status with an invalid payerId format returns 400","functional-tests.tests.activation","2026-09-26","passed","2026-09-26","","test_debtor_activation_payer_status","",""
"","1384","Sending an RTP when EPC returns an unexpected status code error (RTP_05.CHK.A0007) returns 500 - through Web API V2","functional-tests.tests.send_rtp","2026-09-26","passed","2026-09-26","","test_RTP_send_MOCK","",""
"UPDATE VALID with an ec_tax_code that does not exist in GPD returns 422 Payee not found","1269","An UPDATE VALID message with a non-existent ec_tax_code is rejected","functional-tests.tests.process_messages_sender","2026-09-26","passed","2026-09-26","","test_RTP_process_sender_UPDATE","",""
"","1125","Whitespaces is allowed in description and company name field","ux-tests.tests","2026-09-26","passed","2026-09-26","","test_RTP_submission_v4","",""
"Test sending an UPDATE operation message with different statuses via GPD message API after a CREATE","1997","An UPDATE message with status PUBLISHED after CREATE","functional-tests.tests.process_messages_sender","2026-09-26","passed","2026-09-26","","test_RTP_process_sender_UPDATE","",""
"","2619","An RTP callback is received with invalid status","functional-tests.tests.callbacks","2026-09-26","passed","2026-09-26","","test_RTP_callback_DS_08","",""
"Each entry in ``INVALID_PAYER_IDS`` (see dataset docstring) must be rejected with 400.","626","The activation request must contain a validly formatted fiscal code","functional-tests.tests.activation","2026-09-26","passed","2026-09-26","","test_debtor_activation_create","",""
"","1122","Whitespaces is allowed in description and company name field","ux-tests.tests","2026-09-26","passed","2026-09-26","","test_RTP_submission_v3","",""
"","715","The RTP web page is reachable","functional-tests.tests.availability","2026-09-26","passed","2026-09-26","","test_availability_RTP_webform","",""
"","3284","A v2 RTP callback with invalid status is rejected without affecting the RTP status","functional-tests.tests.callbacks_v2","2026-09-26","passed","2026-09-26","","test_RTP_callback_DS_08N_negative","",""
"","1255","A debtor activated with an owned but distinct Service Provider ID is retrieved by payer id","functional-tests.tests.activation","2026-09-26","passed","2026-09-26","","test_debtor_activation_get","",""
"Test sending an UPDATE after CREATE VALID + DELETE with different statuses","2630","An UPDATE message with status PAID after CREATE VALID and DELETE","functional-tests.tests.process_messages_sender","2026-09-26","passed","2026-09-26","","test_RTP_process_sender_UPDATE","",""
"The ownership check fails the same way whether the target spId belongs to someone else
or doesn't exist in the registry at all - NOEXIT00 is not a real Service Provider ID.","615","Activation is forbidden with the same error code for a Service Provider ID absent from the registry","functional-tests.tests.activation","2026-09-26","passed","2026-09-26","","test_debtor_activation_create","",""
"The PSP synchronously rejects the cancellation request with 422 (per standard behaviour for the EPC 400 Bad Request scenario). The RTP then transitions to ERROR_CANCEL via ERROR_CANCEL_RTP.","3748","Cancelling an RTP - EPC v4 mock unhappy path scenario: epc_400","functional-tests.tests.cancel_rtp","2026-09-26","passed","2026-09-26","","test_RTP_cancel_MOCK_V2","",""
"Each entry in ``INVALID_PAYER_IDS`` (see dataset docstring) must be rejected with 400.","626","The activation request must contain a validly formatted fiscal code","functional-tests.tests.activation","2026-09-26","passed","2026-09-26","","test_debtor_activation_create","",""
"","1943","An authenticated Service Provider cannot send an RTP to an unactivated debtor","bdd-tests","2026-09-26","passed","2026-09-26","RTP_Sending","RTP","",""
"
Test RFC callback DS12P with non-existing service provider, cancel via REST Web API.

Flow:
1. Activate payer
2. Send an RTP via GPD message (CREATE VALID)
3. Cancel the RTP via REST cancel endpoint with cancel_reason → RTP to RFC_SENT
4. Send DS12P callback with non-existing BIC (MOCKSP99)
5. Verify callback is rejected with 400 (service provider not found)
","2654","Failed RFC callback for non existing Service Provider - DS-12P CNCL compliant - through Web API cancel","functional-tests.tests.callbacks","2026-09-26","passed","2026-09-26","","test_RTP_callback_DS_12P","",""
"Test sending a CREATE operation message with different statuses via GPD message API","1263","A CREATE message with status PARTIALLY_PAID","functional-tests.tests.process_messages_sender","2026-09-26","passed","2026-09-26","","test_RTP_process_sender_CREATE","",""
"Test sending a CREATE operation message with different statuses via GPD message API","1254","A CREATE message with status EXPIRED","functional-tests.tests.process_messages_sender","2026-09-26","passed","2026-09-26","","test_RTP_process_sender_CREATE","",""
"","619","Requesting a status update for an unknown RTP returns not found","functional-tests.tests.send_rtp","2026-09-26","passed","2026-09-26","","test_RTP_status_update_MOCK_V2","",""
"Test sending a DELETE operation message via GPD message API after a standalone UPDATE (no prior CREATE)","1919","A DELETE message after standalone UPDATE PAID","functional-tests.tests.process_messages_sender","2026-09-26","passed","2026-09-26","","test_RTP_process_sender_DELETE","",""
"Test sending a DELETE operation message via GPD message API after a standalone UPDATE (no prior CREATE)","1893","A DELETE message after standalone UPDATE DRAFT","functional-tests.tests.process_messages_sender","2026-09-26","passed","2026-09-26","","test_RTP_process_sender_DELETE","",""
"","3807","An ARJR status update transitions SENT to REJECTED","functional-tests.tests.callbacks_v2","2026-09-26","passed","2026-09-26","","test_RTP_status_update_callback","",""
"","610","The activation request must contain a Service Provider ID of valid length","functional-tests.tests.activation","2026-09-26","passed","2026-09-26","","test_debtor_activation_create","",""
"Test sending an UPDATE operation message with different statuses via GPD message API before a CREATE","1253","An UPDATE message with status EXPIRED before CREATE","functional-tests.tests.process_messages_sender","2026-09-26","passed","2026-09-26","","test_RTP_process_sender_UPDATE_before_CREATE","",""
"Each entry in ``INVALID_PAYER_IDS`` (see dataset docstring) must be rejected with 400.","777","The activation request must contain a validly formatted fiscal code","functional-tests.tests.activation","2026-09-26","passed","2026-09-26","","test_debtor_activation_create","",""
"Test sending an UPDATE after CREATE VALID + DELETE with different statuses","2632","An UPDATE message with status DRAFT after CREATE VALID and DELETE","functional-tests.tests.process_messages_sender","2026-09-26","passed","2026-09-26","","test_RTP_process_sender_UPDATE","",""
"Reusing the same OTP after a successful takeover should fail","2732","Test Takeover Fails with Reused OTP","functional-tests.tests.takeover","2026-09-26","passed","2026-09-26","","test_debtor_takeover","",""
"Each entry in ``INVALID_PAYER_IDS`` must be rejected with 400.

The ``description`` parameter appears in pytest output to identify which
case failed without having to inspect the raw value.
","642","Querying activation status with an invalid payerId format returns 400","functional-tests.tests.activation","2026-09-26","passed","2026-09-26","","test_debtor_activation_payer_status","",""
"
Test v2 RFC callback DS12N with RJCR status applied twice on the same RTP.

Flow:
1. Activate payer
2. Send an RTP via GPD message v2 (CREATE VALID)
3. Cancel the RTP via GPD message v2 (DELETE) -> RTP to RFC_SENT
4. Send DS12N callback with CxlStsId RJCR (Rejected Cancellation Request) -> RTP to CANCELLED_REJECTED
5. Send the same DS12N RJCR callback again on the already transitioned RTP
6. Verify the second callback is rejected (400) since the transition is no longer valid
7. Verify RTP status remains CANCELLED_REJECTED
","5213","Failed v2 RFC callback for invalid RTP transition - DS-12N negative compliant","functional-tests.tests.callbacks_v2","2026-09-26","passed","2026-09-26","","test_RTP_callback_DS_12N_negative","",""
"","7039","An IRNR status update transitions SENT to ERROR_SEND and marks delivery as lost","functional-tests.tests.callbacks_v2","2026-09-26","passed","2026-09-26","","test_RTP_status_update_callback","",""
"Each entry in ``INVALID_PAYER_IDS`` must be rejected with 400.

The ``description`` parameter appears in pytest output to identify which
case failed without having to inspect the raw value.
","600","Querying activation status with an invalid payerId format returns 400","functional-tests.tests.activation","2026-09-26","passed","2026-09-26","","test_debtor_activation_payer_status","",""
"Each entry in ``INVALID_PAYER_IDS`` must be rejected with 400.

The ``description`` parameter appears in pytest output to identify which
case failed without having to inspect the raw value.
","626","Querying activation status with an invalid payerId format returns 400","functional-tests.tests.activation","2026-09-26","passed","2026-09-26","","test_debtor_activation_payer_status","",""
"Test sending a DELETE operation message via GPD message API after a CREATE","1894","A DELETE message after CREATE DRAFT","functional-tests.tests.process_messages_sender","2026-09-26","passed","2026-09-26","","test_RTP_process_sender_DELETE","",""
"","1282","Find by payer id returns 404 when the token subject does not own the activation's Service Provider ID","functional-tests.tests.activation","2026-09-26","passed","2026-09-26","","test_debtor_activation_get","",""
"Test sending an UPDATE operation message with different statuses via GPD message API before a CREATE","1262","An UPDATE message with status DRAFT before CREATE","functional-tests.tests.process_messages_sender","2026-09-26","passed","2026-09-26","","test_RTP_process_sender_UPDATE_before_CREATE","",""
"Test sending an UPDATE after CREATE VALID + DELETE with different statuses","2655","An UPDATE message with status PUBLISHED after CREATE VALID and DELETE","functional-tests.tests.process_messages_sender","2026-09-26","passed","2026-09-26","","test_RTP_process_sender_UPDATE","",""
"Authenticated but not authorized: token of SP A tries to use OTP issued for SP B","2032","Test Takeover Fails with Wrong SP Token","functional-tests.tests.takeover","2026-09-26","passed","2026-09-26","","test_debtor_takeover","",""
"
Test RFC callback DS12N with RJCR status, cancel triggered via REST Web API with explicit reason.

Flow:
1. Activate payer
2. Send an RTP via GPD message (CREATE VALID)
3. Cancel the RTP via REST cancel endpoint with cancel_reason → RTP to RFC_SENT
4. Send DS12N callback with CxlStsId RJCR (Rejected Cancellation Request)
5. Verify callback is accepted (200)
6. Verify RTP status is ERROR_CANCEL
","4009","An RFC callback DS12N RJCR is successfully received and RTP status is ERROR_CANCEL - through Web API cancel","functional-tests.tests.callbacks","2026-09-26","passed","2026-09-26","","test_RTP_callback_DS_12N","",""
"DS_08N RJCT callback sent after a prior DS_05 ACTC callback.

The RTP is expected to transition from SENT to ACCEPTED, then to USER_REJECTED.
","4514","A v2 RTP callback with status RJCT after DS_05 transitions the RTP to USER_REJECTED","functional-tests.tests.callbacks_v2","2026-09-26","passed","2026-09-26","","test_RTP_callback_DS_08N_negative","",""
"
Test RFC callback DS12P with INVALID status, cancel via REST Web API.

Flow:
1. Activate payer
2. Send an RTP via GPD message (CREATE VALID)
3. Cancel the RTP via REST cancel endpoint with cancel_reason → RTP to RFC_SENT
4. Send DS12P callback with CxlStsId INVALID
5. Verify callback is rejected with 400
6. Verify RTP status is still RFC_SENT
","3271","An RFC callback DS12P INVALID is rejected with 400 - through Web API cancel","functional-tests.tests.callbacks","2026-09-26","passed","2026-09-26","","test_RTP_callback_DS_12P","",""
"Each entry in ``INVALID_PAYER_IDS`` (see dataset docstring) must be rejected with 400.","604","The activation request must contain a validly formatted fiscal code","functional-tests.tests.activation","2026-09-26","passed","2026-09-26","","test_debtor_activation_create","",""
"","2633","An RTP sent when EPC response contains an unknown field is ignored and remains in status SENT - through Web API","functional-tests.tests.send_rtp","2026-09-26","passed","2026-09-26","","test_RTP_send_MOCK","",""
"","2559","An RTP sent with synchronous rejection is in status REJECTED - DS-08P N","functional-tests.tests.send_rtp","2026-09-26","passed","2026-09-26","","test_RTP_send_MOCK","",""
"Each entry in ``INVALID_PAYER_IDS`` must be rejected with 400.

The ``description`` parameter appears in pytest output to identify which
case failed without having to inspect the raw value.
","624","Querying activation status with an invalid payerId format returns 400","functional-tests.tests.activation","2026-09-26","passed","2026-09-26","","test_debtor_activation_payer_status","",""
"","660","Sending to non-activated debtor returns 422 - through Web API","functional-tests.tests.send_rtp","2026-09-26","passed","2026-09-26","","test_RTP_send_MOCK","",""
"","3821","An AEXR status update transitions SENT to EXPIRED","functional-tests.tests.callbacks_v2","2026-09-26","passed","2026-09-26","","test_RTP_status_update_callback","",""
"MOCKSP04 owns MOCKSP01 as well as its own spId; status must reflect the activation either way.","2035","An active payer returns isActive true when activated under an owned but distinct Service Provider ID","functional-tests.tests.activation","2026-09-26","passed","2026-09-26","","test_debtor_activation_payer_status","",""
"","785","RTP cancellation fails if resource ID does not exist - V2","functional-tests.tests.cancel_rtp","2026-09-26","passed","2026-09-26","","test_RTP_cancel","",""
"","662","A Service Provider with invalid client secret is not authenticated on Keycloak","functional-tests.tests.auth","2026-09-26","passed","2026-09-26","","test_auth","",""
"","1168","An RTP is sent to Poste service with activated fiscal code - through Web API V2","functional-tests.tests.send_rtp","2026-09-26","failed","2026-09-26","","test_RTP_send_POSTE","",""
"","2008","An RTP is sent through ICCREA API","functional-tests.tests.availability","2026-09-26","passed","2026-09-26","","test_availability_ICCREA","",""
"DS_08P ACCP callback sent twice on the same RTP (direct SENT -> USER_ACCEPTED).

The second callback must be rejected with 400 since the transition is no
longer valid once the RTP is already USER_ACCEPTED.
","5340","Failed v2 callback for invalid RTP transition - DS-08P positive compliant","functional-tests.tests.callbacks_v2","2026-09-26","passed","2026-09-26","","test_RTP_callback_DS_08P_positive","",""
"","3360","A status-update error is normalized without changing the RTP","functional-tests.tests.send_rtp","2026-09-26","passed","2026-09-26","","test_RTP_status_update_MOCK_V2","",""
"","1251","Get by activation id returns 404 when the token subject does not own the activation's Service Provider ID","functional-tests.tests.activation","2026-09-26","passed","2026-09-26","","test_debtor_activation_get","",""
"MOCKSP04 owns MOCKSP01 as well as its own spId; activation must be allowed on either.","1269","A debtor is activated using a Service Provider ID the token subject owns but does not itself represent","functional-tests.tests.activation","2026-09-26","passed","2026-09-26","","test_debtor_activation_create","",""
"Each entry in ``INVALID_PAYER_IDS`` (see dataset docstring) must be rejected with 400.","619","The activation request must contain a validly formatted fiscal code","functional-tests.tests.activation","2026-09-26","passed","2026-09-26","","test_debtor_activation_create","",""
"","3220","DS_05 redirect v2 callback with Version header returns 400","functional-tests.tests.callbacks_v2","2026-09-26","passed","2026-09-26","","test_RTP_callback_with_version_header","",""
"Each entry in ``INVALID_PAYER_IDS`` must be rejected with 400.

The ``description`` parameter appears in pytest output to identify which
case failed without having to inspect the raw value.
","612","Querying activation status with an invalid payerId format returns 400","functional-tests.tests.activation","2026-09-26","passed","2026-09-26","","test_debtor_activation_payer_status","",""
"","628","A Service Provider with invalid client ID is not authenticated on Keycloak","functional-tests.tests.auth","2026-09-26","passed","2026-09-26","","test_auth","",""
"","3694","An RTP sent with synchronous rejection containing extra fields results in status REJECTED","functional-tests.tests.send_rtp","2026-09-26","passed","2026-09-26","","test_RTP_send_MOCK","",""
"","606","All auth fixtures expose a valid Bearer token format","functional-tests.tests.auth","2026-09-26","passed","2026-09-26","","test_auth","",""
"Each entry in ``INVALID_PAYER_IDS`` must be rejected with 400.

The ``description`` parameter appears in pytest output to identify which
case failed without having to inspect the raw value.
","637","Querying activation status with an invalid payerId format returns 400","functional-tests.tests.activation","2026-09-26","failed","2026-09-26","","test_debtor_activation_payer_status","",""
"Test sending a DELETE operation message via GPD message API after a standalone UPDATE (no prior CREATE)","1889","A DELETE message after standalone UPDATE INVALID","functional-tests.tests.process_messages_sender","2026-09-26","passed","2026-09-26","","test_RTP_process_sender_DELETE","",""
"
SP A activates the payer.
SP B queries the status → must get isActive=false to avoid disclosing
that the payer is registered under a competitor SP.
","1233","A payer active on a different Service Provider returns isActive false (privacy)","functional-tests.tests.activation","2026-09-26","passed","2026-09-26","","test_debtor_activation_payer_status","",""
"
DS_08N callback sent with the Version header must be rejected with 400.
The RTP must remain in SENT (transition to REJECTED must not happen).

Flow:
1. Activate payer and send an RTP → resource_id
2. Build a valid DS_08N payload referencing the RTP
3. POST to callback endpoint WITH Version header
4. Verify 400 is returned with the expected error body
5. Verify RTP status is still SENT
","2561","DS_08N callback with Version header returns 400","functional-tests.tests.callbacks","2026-09-26","passed","2026-09-26","","test_RTP_callback_with_version_header","",""
"Active payer with a foreign-country fiscal code (Z + 3 digits municipality) → isActive must be true.","1258","An active payer with foreign fiscal code returns isActive true","functional-tests.tests.activation","2026-09-26","passed","2026-09-26","","test_debtor_activation_payer_status","",""
"No `Sts.Conf` confirmation is present (minimal JSON without Sts), so only CANCEL_RTP is triggered and the RTP stays in RFC_SENT.","2893","Cancelling an RTP - EPC v4 mock happy path scenario: minimal_json","functional-tests.tests.cancel_rtp","2026-09-26","passed","2026-09-26","","test_RTP_cancel_MOCK_V2","",""
"Each entry in ``INVALID_PAYER_IDS`` (see dataset docstring) must be rejected with 400.","792","The activation request must contain a validly formatted fiscal code","functional-tests.tests.activation","2026-09-26","passed","2026-09-26","","test_debtor_activation_create","",""
"","8387","RTP form is filled and submitted","ux-tests.tests","2026-09-26","passed","2026-09-26","","test_RTP_cancel_v3","",""
"","4113","A status-update response maps to the expected RTP result","functional-tests.tests.send_rtp","2026-09-26","passed","2026-09-26","","test_RTP_status_update_MOCK_V2","",""
"Each entry in ``INVALID_PAYER_IDS`` must be rejected with 400.

The ``description`` parameter appears in pytest output to identify which
case failed without having to inspect the raw value.
","608","Querying activation status with an invalid payerId format returns 400","functional-tests.tests.activation","2026-09-26","passed","2026-09-26","","test_debtor_activation_payer_status","",""
"","1296","A debtor activated with an owned but distinct Service Provider ID is deactivated","functional-tests.tests.activation","2026-09-26","passed","2026-09-26","","test_debtor_deactivation","",""
"Test sending a CREATE operation message with different statuses via GPD message API","1268","A CREATE message with status PUBLISHED","functional-tests.tests.process_messages_sender","2026-09-26","passed","2026-09-26","","test_RTP_process_sender_CREATE","",""
"","1301","A second service provider triggers takeover when debtor is already active on another service provider","functional-tests.tests.activation","2026-09-26","passed","2026-09-26","","test_debtor_activation_create","",""
"","5324","An AEXR status update conflicts with a USER_REJECTED RTP","functional-tests.tests.callbacks_v2","2026-09-26","passed","2026-09-26","","test_RTP_status_update_callback","",""
"An EPC response containing fields not declared in the OpenAPI spec is treated as an invalid message and is NOT tolerated for accept/reject purposes (confirmed with rtp-sender-v2 maintainers, PR #26). The extra `invalid-field` property invalidates the whole response, so the CNCL confirmation is not processed and the RTP stays in RFC_SENT.","3242","Cancelling an RTP - EPC v4 mock unhappy path scenario: cncl_extra_field","functional-tests.tests.cancel_rtp","2026-09-26","passed","2026-09-26","","test_RTP_cancel_MOCK_V2","",""
"","3337","A v2 redirect RTP callback with invalid status is rejected without affecting the RTP status","functional-tests.tests.callbacks_v2","2026-09-26","passed","2026-09-26","","test_RTP_callback_DS_05_redirect","",""
"","626","A debtor service provider fails activation due to wrong service provider id","functional-tests.tests.activation","2026-09-26","passed","2026-09-26","","test_debtor_activation_list","",""
"
DS_08P ACCP callback sent with the Version header must be rejected with 400.
The RTP must remain in ACCEPTED (transition to USER_ACCEPTED must not happen).

Flow:
1. Activate payer, send RTP, advance to ACCEPTED via DS_05 (without header)
2. Build a valid DS_08P ACCP payload
3. POST WITH Version header
4. Verify 400 is returned with the expected error body
5. Verify RTP status is still ACCEPTED
","3245","DS_08P ACCP callback with Version header returns 400","functional-tests.tests.callbacks","2026-09-26","passed","2026-09-26","","test_RTP_callback_with_version_header","",""
"Querying activation status with an empty payerId must be rejected with 404.","603","Querying activation status with an empty payerId returns 404","functional-tests.tests.activation","2026-09-26","passed","2026-09-26","","test_debtor_activation_payer_status","",""
"DS_08P ACCP callback sent directly on a SENT RTP (no prior DS_05 ACTC callback).

The RTP is expected to transition straight from SENT to USER_ACCEPTED.
","3928","A v2 RTP callback with status ACCP is successfully received without a prior DS_05 callback","functional-tests.tests.callbacks_v2","2026-09-26","passed","2026-09-26","","test_RTP_callback_DS_08P_positive","",""
"","1439","A debtor is activated by an authenticated service provider","functional-tests.tests.activation","2026-09-26","passed","2026-09-26","","test_debtor_activation_create","",""
"","3378","A status-update response maps to the expected RTP result","functional-tests.tests.send_rtp","2026-09-26","passed","2026-09-26","","test_RTP_status_update_MOCK_V2","",""
"
Test RFC callback DS12N with non-existing service provider, cancel via REST Web API.

Flow:
1. Activate payer
2. Send an RTP via GPD message (CREATE VALID)
3. Cancel the RTP via REST cancel endpoint with cancel_reason → RTP to RFC_SENT
4. Send DS12N callback with non-existing BIC (MOCKSP99)
5. Verify callback is rejected with 400 (service provider not found)
","2715","Failed RFC callback for non existing Service Provider - DS-12N RJCR compliant - through Web API cancel","functional-tests.tests.callbacks","2026-09-26","passed","2026-09-26","","test_RTP_callback_DS_12N","",""
"","12307","A status-update error is normalized without changing the RTP","functional-tests.tests.send_rtp","2026-09-26","passed","2026-09-26","","test_RTP_status_update_MOCK_V2","",""
"
Given a debtor is activated and a GPD message (CREATE) is sent via POST /gpd/message,
when the rtp-sender processes it and the RTP reaches status SENT,
when the payee queries the delivery-status endpoint with the correct noticeNumber
(nav) and payeeId (ec_tax_code),
then the response body must contain status=PD_RTP_DELIVERED, a non-null processingDate
in ISO 8601 format, and processingDate must match the SEND_RTP event timestamp from
the GPD message response (truncated to millisecond precision).
","6993","GPD message sent → RTP SENT → PD_RTP_DELIVERED with processingDate","functional-tests.tests.get_rtp","2026-09-26","passed","2026-09-26","","test_RTP_get_delivery_status","",""
"UPDATE PAID with psp_tax_code=None (invalid PSP) results in RTP state RFC_SENT","1997","An UPDATE PAID message with an invalid PSP results in RFC_SENT state","functional-tests.tests.process_messages_sender","2026-09-26","passed","2026-09-26","","test_RTP_process_sender_UPDATE","",""
"
Test v2 RFC callback DS12P with CNCL status.

Flow:
1. Activate payer
2. Send an RTP via GPD message v2 (CREATE VALID)
3. Cancel the RTP via GPD message v2 (DELETE) -> RTP to RFC_SENT
4. Send DS12P callback with CxlStsId CNCL (Cancelled As Per Request)
5. Verify callback is accepted (200)
6. Verify RTP status is CANCELLED
","3393","A v2 RFC callback DS12P CNCL is successfully received and RTP status is CANCELLED","functional-tests.tests.callbacks_v2","2026-09-26","passed","2026-09-26","","test_RTP_callback_DS_12P_positive","",""
"
Test RFC callback DS12P with CNCL status.

Flow:
1. Activate payer
2. Send an RTP via GPD message (CREATE VALID)
3. Cancel the RTP via GPD message (DELETE) → RTP to RFC_SENT
4. Send DS12P callback with CxlStsId CNCL (Cancelled As Per Request)
5. Verify callback is accepted (200)
6. Verify RTP status is CANCELLED
","3292","An RFC callback DS12P CNCL is successfully received and RTP status is CANCEL","functional-tests.tests.callbacks","2026-09-26","passed","2026-09-26","","test_RTP_callback_DS_12P","",""
"Each entry in ``INVALID_PAYER_IDS`` (see dataset docstring) must be rejected with 400.","608","The activation request must contain a validly formatted fiscal code","functional-tests.tests.activation","2026-09-26","passed","2026-09-26","","test_debtor_activation_create","",""
"","4479","Failed callback for invalid RTP transition - DS-08N compliant","functional-tests.tests.callbacks","2026-09-26","passed","2026-09-26","","test_RTP_callback_DS_08","",""
"","616","Retrieving non-existent activation by payer id returns 404","functional-tests.tests.activation","2026-09-26","passed","2026-09-26","","test_debtor_activation_get","",""
"
Test v2 RFC callback DS12N with RJCR status.

Flow:
1. Activate payer
2. Send an RTP via GPD message v2 (CREATE VALID)
3. Cancel the RTP via GPD message v2 (DELETE) -> RTP to RFC_SENT
4. Send DS12N callback with CxlStsId RJCR (Rejected Cancellation Request)
5. Verify callback is accepted (200)
6. Verify RTP status is CANCELLED_REJECTED
","4113","A v2 RFC callback DS12N RJCR is successfully received and RTP status is CANCELLED_REJECTED","functional-tests.tests.callbacks_v2","2026-09-26","passed","2026-09-26","","test_RTP_callback_DS_12N_negative","",""
"","1255","A debtor with foreign fiscal code is activated and retrieved by activation id","functional-tests.tests.activation","2026-09-26","passed","2026-09-26","","test_debtor_activation_get","",""
"","3021","An RTP is sent to ICCREA service with activated fiscal code - through Web API","functional-tests.tests.send_rtp","2026-09-26","failed","2026-09-26","","test_RTP_send_ICCREA","",""
"Test sending an UPDATE operation message with different statuses via GPD message API after a CREATE","2406","An UPDATE message with status VALID after CREATE","functional-tests.tests.process_messages_sender","2026-09-26","passed","2026-09-26","","test_RTP_process_sender_UPDATE","",""
"","2663","Failed callback for non existing Service Provider - DS-08P positive compliant","functional-tests.tests.callbacks_v2","2026-09-26","passed","2026-09-26","","test_RTP_callback_DS_08P_positive","",""
"
Given a debtor is activated with the mock fiscal code that makes the debtor
service provider mock reply with a server error, when a GPD message (CREATE)
is sent via POST /gpd/message, then the rtp-sender fails to deliver the RTP
and records an ERROR_SEND_RTP event (RTP status becomes ERROR_SEND). RTPs in
ERROR_SEND status are purged from both Cosmos and ADX, so querying by
noticeNumber returns an empty list. When the payee then queries the
delivery-status endpoint with the matching noticeNumber and payeeId, the
response must still be HTTP 200 with status=PD_RTP_NOT_DELIVERED and
processingDate absent or null.
","9769","RTP with ERROR_SEND_RTP event → PD_RTP_NOT_DELIVERED","functional-tests.tests.get_rtp","2026-09-26","passed","2026-09-26","","test_RTP_get_delivery_status","",""
"Test sending an UPDATE operation message with different statuses via GPD message API after a CREATE","2538","An UPDATE message with status PAID after CREATE","functional-tests.tests.process_messages_sender","2026-09-26","passed","2026-09-26","","test_RTP_process_sender_UPDATE","",""
"","3848","An ARFR status update transitions SENT to USER_REJECTED","functional-tests.tests.callbacks_v2","2026-09-26","passed","2026-09-26","","test_RTP_status_update_callback","",""
"
DS_12N RJCR RFC callback sent with the Version header must be rejected with 400.
The RTP must remain in RFC_SENT (transition to ERROR_CANCEL must not happen).

Flow:
1. Activate payer, send RTP, trigger cancel via GPD DELETE → RFC_SENT
2. Build a valid DS_12N RJCR payload
3. POST to RFC callback endpoint WITH Version header
4. Verify 400 is returned with the expected error body
5. Verify RTP status is still RFC_SENT
","3286","DS_12N RJCR RFC callback with Version header returns 400","functional-tests.tests.callbacks","2026-09-26","passed","2026-09-26","","test_RTP_callback_with_version_header","",""
"","4541","Attempt to cancel an already cancelled RTP","bdd-tests","2026-09-26","passed","2026-09-26","RTP_Cancellation","RTP","",""
"CREATE VALID with an ec_tax_code that does not exist in GPD returns 422 Payee not found","1274","A CREATE VALID message with a non-existent ec_tax_code is rejected","functional-tests.tests.process_messages_sender","2026-09-26","passed","2026-09-26","","test_RTP_process_sender_CREATE","",""
"","2553","An RTP sent with synchronous rejection containing extra fields results in status SENT - through Web API V2","functional-tests.tests.send_rtp","2026-09-26","passed","2026-09-26","","test_RTP_send_MOCK","",""
"","2885","An RTP sent with synchronous rejection and missing _links results in status REJECTED","functional-tests.tests.send_rtp","2026-09-26","passed","2026-09-26","","test_RTP_send_MOCK","",""
"Test that takeover fails when an invalid OTP is provided","2547","Test Takeover Fails with Invalid OTP","functional-tests.tests.takeover","2026-09-26","passed","2026-09-26","","test_debtor_takeover","",""
"Test sending a CREATE operation message with different statuses via GPD message API","1240","A CREATE message with status DRAFT","functional-tests.tests.process_messages_sender","2026-09-26","passed","2026-09-26","","test_RTP_process_sender_CREATE","",""
"","609","All auth fixtures expose a valid Bearer token format","functional-tests.tests.auth","2026-09-26","passed","2026-09-26","","test_auth","",""
"Test sending a DELETE operation message via GPD message API after a CREATE VALID + UPDATE","2661","A DELETE message after CREATE VALID + UPDATE PARTIALLY_PAID","functional-tests.tests.process_messages_sender","2026-09-26","passed","2026-09-26","","test_RTP_process_sender_DELETE","",""
"","3362","A status-update error is normalized without changing the RTP","functional-tests.tests.send_rtp","2026-09-26","passed","2026-09-26","","test_RTP_status_update_MOCK_V2","",""
"Each entry in ``INVALID_PAYER_IDS`` must be rejected with 400.

The ``description`` parameter appears in pytest output to identify which
case failed without having to inspect the raw value.
","608","Querying activation status with an invalid payerId format returns 400","functional-tests.tests.activation","2026-09-26","passed","2026-09-26","","test_debtor_activation_payer_status","",""
"Test sending a DELETE operation message via GPD message API after a CREATE","2661","A DELETE message after CREATE PUBLISHED","functional-tests.tests.process_messages_sender","2026-09-26","passed","2026-09-26","","test_RTP_process_sender_DELETE","",""
"
Test RFC callback DS12P with CNCL status applied twice on the same RTP.

Flow:
1. Activate payer
2. Send an RTP via GPD message (CREATE VALID)
3. Cancel the RTP via GPD message (DELETE) -> RTP to RFC_SENT
4. Send DS12P callback with CxlStsId CNCL (Cancelled As Per Request) -> RTP to CANCELLED
5. Send the same DS12P CNCL callback again on the already cancelled RTP
6. Verify the second callback is rejected (400) since the transition is no longer valid
7. Verify RTP status remains CANCELLED
","4825","Failed RFC callback for invalid RTP transition - DS-12P CNCL compliant","functional-tests.tests.callbacks","2026-09-26","passed","2026-09-26","","test_RTP_callback_DS_12P","",""
"No `Sts.Conf` confirmation is present (empty JSON object), so only CANCEL_RTP is triggered and the RTP stays in RFC_SENT.","4018","Cancelling an RTP - EPC v4 mock happy path scenario: empty_json_object","functional-tests.tests.cancel_rtp","2026-09-26","passed","2026-09-26","","test_RTP_cancel_MOCK_V2","",""
"","3453","An RTP sent with synchronous rejection is in status REJECTED - DS-08P N - through Web API V2","functional-tests.tests.send_rtp","2026-09-26","passed","2026-09-26","","test_RTP_send_MOCK","",""
"
Test RFC callback DS12P with non-existing service provider, cancel via REST Web API.

Flow:
1. Activate payer
2. Send an RTP via GPD message (CREATE VALID)
3. Cancel the RTP via REST cancel endpoint with cancel_reason → RTP to RFC_SENT
4. Send DS12P callback with non-existing BIC (MOCKSP99)
5. Verify callback is rejected with 400 (service provider not found)
","2640","Failed RFC callback for non existing Service Provider - DS-12P CNCL compliant - through Web API cancel","functional-tests.tests.callbacks","2026-09-26","passed","2026-09-26","","test_RTP_callback_DS_12P","",""
"","5054","Failed callback for invalid RTP transition - DS-08P RJCT compliant","functional-tests.tests.callbacks","2026-09-26","passed","2026-09-26","","test_RTP_callback_DS_08","",""
"","609","The activation request must contain a validly formatted Service Provider ID","functional-tests.tests.activation","2026-09-26","passed","2026-09-26","","test_debtor_activation_create","",""
"
Test v2 RFC callback DS12N with non-existing service provider.

Flow:
1. Activate payer
2. Send an RTP via GPD message v2 (CREATE VALID)
3. Cancel the RTP via GPD message v2 (DELETE) -> RTP to RFC_SENT
4. Send DS12N callback with non-existing BIC (MOCKSP99)
5. Verify callback is rejected with 400 (service provider not found)
6. Verify RTP status is still RFC_SENT
","3420","Failed v2 RFC callback for non existing Service Provider - DS-12N negative compliant","functional-tests.tests.callbacks_v2","2026-09-26","passed","2026-09-26","","test_RTP_callback_DS_12N_negative","",""
"
Test RFC callback DS12N with RJCR status applied twice on the same RTP.

Flow:
1. Activate payer
2. Send an RTP via GPD message (CREATE VALID)
3. Cancel the RTP via GPD message (DELETE) -> RTP to RFC_SENT
4. Send DS12N callback with CxlStsId RJCR (Rejected Cancellation Request) -> RTP to ERROR_CANCEL
5. Send the same DS12N RJCR callback again on the already transitioned RTP
6. Verify the second callback is rejected (400) since the transition is no longer valid
7. Verify RTP status remains ERROR_CANCEL
","5142","Failed RFC callback for invalid RTP transition - DS-12N RJCR compliant","functional-tests.tests.callbacks","2026-09-26","passed","2026-09-26","","test_RTP_callback_DS_12N","",""
"","1265","A debtor with VAT number is activated and retrieved by activation id","functional-tests.tests.activation","2026-09-26","passed","2026-09-26","","test_debtor_activation_get","",""
"
Test RFC callback DS12N with INVALID status.

Flow:
1. Activate payer
2. Send an RTP via GPD message (CREATE VALID)
3. Cancel the RTP via GPD message (DELETE) → RTP to RFC_SENT
4. Send DS12N callback with CxlStsId INVALID
5. Verify callback is rejected with 400
6. Verify RTP status is still RFC_SENT
","3526","An RFC callback DS12N INVALID is rejected with 400","functional-tests.tests.callbacks","2026-09-26","passed","2026-09-26","","test_RTP_callback_DS_12N","",""
"","3430","A status-update error is normalized without changing the RTP","functional-tests.tests.send_rtp","2026-09-26","passed","2026-09-26","","test_RTP_status_update_MOCK_V2","",""
"Active payer identified by an 11-digit Partita IVA → isActive must be true.","1261","An active payer with VAT number (Partita IVA) returns isActive true","functional-tests.tests.activation","2026-09-26","passed","2026-09-26","","test_debtor_activation_payer_status","",""
"The PSP synchronously rejects the cancellation request with 422 (per standard behaviour for the EPC 401 Unauthorized scenario). The RTP then transitions to ERROR_CANCEL via ERROR_CANCEL_RTP.","4090","Cancelling an RTP - EPC v4 mock unhappy path scenario: epc_401","functional-tests.tests.cancel_rtp","2026-09-26","passed","2026-09-26","","test_RTP_cancel_MOCK_V2","",""
"Each entry in ``INVALID_PAYER_IDS`` (see dataset docstring) must be rejected with 400.","607","The activation request must contain a validly formatted fiscal code","functional-tests.tests.activation","2026-09-26","passed","2026-09-26","","test_debtor_activation_create","",""
"","3289","An ALAC status update transitions SENT to USER_ACCEPTED","functional-tests.tests.callbacks_v2","2026-09-26","passed","2026-09-26","","test_RTP_status_update_callback","",""
"Test sending an UPDATE after CREATE VALID + DELETE with different statuses","2654","An UPDATE message with status VALID after CREATE VALID and DELETE","functional-tests.tests.process_messages_sender","2026-09-26","passed","2026-09-26","","test_RTP_process_sender_UPDATE","",""
"","2698","Failed callback for non existing Service Provider - DS-08N negative compliant","functional-tests.tests.callbacks_v2","2026-09-26","passed","2026-09-26","","test_RTP_callback_DS_08N_negative","",""
"","3234","Failed callback for non compliant DS-04b payload","functional-tests.tests.callbacks","2026-09-26","passed","2026-09-26","","test_RTP_callback_DS_04","",""
"
Test RFC callback DS12N with wrong certificate identity, cancel via REST Web API.

Flow:
1. Activate payer
2. Send an RTP via GPD message (CREATE VALID)
3. Cancel the RTP via REST cancel endpoint with cancel_reason → RTP to RFC_SENT
4. Send DS12N callback with assignee_bic='FAKESP01' (doesn't match certificate identity MOCKSP04)
5. Verify callback is rejected with 403 (certificate mismatch)
","2987","Unauthorized RFC callback due to wrong certificate serial - through Web API cancel","functional-tests.tests.callbacks","2026-09-26","passed","2026-09-26","","test_RTP_callback_DS_12N","",""
"","2651","An RTP sent with synchronous acceptance is in status ACCEPTED - DS-05 ACTC - through Web API V2","functional-tests.tests.send_rtp","2026-09-26","passed","2026-09-26","","test_RTP_send_MOCK","",""
"
Verify that a debt position can be deleted successfully.
","585","Happy path: a debt position is deleted in DEV environment","functional-tests.tests.gpd_availability","2026-09-26","failed","2026-09-26","","test_availability_GPD","",""
"","1354","Sending an RTP when EPC returns a malformed/invalid response body returns 500 - through Web API","functional-tests.tests.send_rtp","2026-09-26","passed","2026-09-26","","test_RTP_send_MOCK","",""
"A valid token that carries neither read_rtp_activations nor read_rtp_all must be rejected with 403.","625","Token without read_rtp_activations or read_rtp_all role returns 403 Forbidden","functional-tests.tests.activation","2026-09-26","passed","2026-09-26","","test_debtor_activation_payer_status","",""
"Test sending a DELETE operation message via GPD message API after a standalone UPDATE (no prior CREATE)","1888","A DELETE message after standalone UPDATE PUBLISHED","functional-tests.tests.process_messages_sender","2026-09-26","passed","2026-09-26","","test_RTP_process_sender_DELETE","",""
"Test sending a DELETE operation message via GPD message API after a CREATE VALID + UPDATE","3518","A DELETE message after CREATE VALID + UPDATE PAID","functional-tests.tests.process_messages_sender","2026-09-26","passed","2026-09-26","","test_RTP_process_sender_DELETE","",""
"","1187","An RTP is sent to Poste service with activated fiscal code","functional-tests.tests.send_rtp","2026-09-26","passed","2026-09-26","","test_RTP_send_POSTE","",""
"","603","All auth fixtures expose a valid Bearer token format","functional-tests.tests.auth","2026-09-26","passed","2026-09-26","","test_auth","",""
"","1603","An RTP is sent to a CBI service with activated fiscal code - through Web API V2","functional-tests.tests.send_rtp","2026-09-26","failed","2026-09-26","","test_RTP_send_CBI","",""
"Each entry in ``INVALID_PAYER_IDS`` (see dataset docstring) must be rejected with 400.","609","The activation request must contain a validly formatted fiscal code","functional-tests.tests.activation","2026-09-26","passed","2026-09-26","","test_debtor_activation_create","",""
"","2532","A debtor Service Provider cannot send an RTP","bdd-tests","2026-09-26","passed","2026-09-26","RTP_Sending","RTP","",""
"Test sending a DELETE operation message via GPD message API after a CREATE VALID + UPDATE","2628","A DELETE message after CREATE VALID + UPDATE PUBLISHED","functional-tests.tests.process_messages_sender","2026-09-26","passed","2026-09-26","","test_RTP_process_sender_DELETE","",""
"","3640","An RTP callback is successfully received","functional-tests.tests.callbacks","2026-09-26","passed","2026-09-26","","test_RTP_callback_DS_04","",""
"","931","An RTP is sent to ICCREA service with activated fiscal code - through Web API V2","functional-tests.tests.send_rtp","2026-09-26","failed","2026-09-26","","test_RTP_send_ICCREA","",""
"","3264","An authenticated creditor Service Provider can send an RTP to an activated debtor","bdd-tests","2026-09-26","passed","2026-09-26","RTP_Sending","RTP","",""
"","4815","A repeated ALAC status update is an idempotent no-op","functional-tests.tests.callbacks_v2","2026-09-26","passed","2026-09-26","","test_RTP_status_update_callback","",""
"","5035","A v2 RTP callback with status ACCP is successfully received","functional-tests.tests.callbacks_v2","2026-09-26","passed","2026-09-26","","test_RTP_callback_DS_08P_positive","",""
"Each entry in ``INVALID_PAYER_IDS`` must be rejected with 400.

The ``description`` parameter appears in pytest output to identify which
case failed without having to inspect the raw value.
","638","Querying activation status with an invalid payerId format returns 400","functional-tests.tests.activation","2026-09-26","passed","2026-09-26","","test_debtor_activation_payer_status","",""
"The mock policy falls back to its default `{}` response when no notice number matches, so the RTP stays in RFC_SENT.","2726","Cancelling an RTP - EPC v4 mock happy path scenario: no_match_fallback","functional-tests.tests.cancel_rtp","2026-09-26","passed","2026-09-26","","test_RTP_cancel_MOCK_V2","",""
"","2900","Unauthorized callback due to wrong certificate serial","functional-tests.tests.callbacks_v2","2026-09-26","passed","2026-09-26","","test_RTP_callback_DS_05_redirect","",""
"","1442","Sending an RTP when EPC returns a malformed/invalid response body returns 500 - through Web API V2","functional-tests.tests.send_rtp","2026-09-26","passed","2026-09-26","","test_RTP_send_MOCK","",""
"","3394","A status-update response maps to the expected RTP result","functional-tests.tests.send_rtp","2026-09-26","passed","2026-09-26","","test_RTP_status_update_MOCK_V2","",""
"","4475","Failed v2 document callback for invalid RTP transition - DS-document RJCT compliant","functional-tests.tests.callbacks_v2","2026-09-26","passed","2026-09-26","","test_RTP_callback_DS_document_rjct","",""
"Availability probe for takeover notification mock endpoint: expects 204 No Content","583","Test Takeover Notification Endpoint","functional-tests.tests.takeover","2026-09-26","passed","2026-09-26","","test_debtor_takeover","",""
"Active payer with omocodia fiscal code (digit substitution) → isActive must be true.","1266","An active payer with omocodia fiscal code returns isActive true","functional-tests.tests.activation","2026-09-26","passed","2026-09-26","","test_debtor_activation_payer_status","",""
"","609","Get payees consents with negative page number returns 400","functional-tests.tests.service_registry","2026-09-26","passed","2026-09-26","","test_get_payees_consents","",""
"","1627","Get list of service providers successfully","functional-tests.tests.service_registry","2026-09-26","passed","2026-09-26","","test_service_registry_service_providers","",""
"Each entry in ``INVALID_PAYER_IDS`` (see dataset docstring) must be rejected with 400.","608","The activation request must contain a validly formatted fiscal code","functional-tests.tests.activation","2026-09-26","passed","2026-09-26","","test_debtor_activation_create","",""
"Test sending a DELETE operation message via GPD message API after a CREATE","1912","A DELETE message after CREATE PAID","functional-tests.tests.process_messages_sender","2026-09-26","passed","2026-09-26","","test_RTP_process_sender_DELETE","",""
"Test sending an UPDATE operation message with different statuses via GPD message API after a CREATE","1987","An UPDATE message with status PARTIALLY_PAID after CREATE","functional-tests.tests.process_messages_sender","2026-09-26","passed","2026-09-26","","test_RTP_process_sender_UPDATE","",""
"","4512","Failed callback for invalid RTP transition - DS-08P ACCP compliant","functional-tests.tests.callbacks","2026-09-26","passed","2026-09-26","","test_RTP_callback_DS_08","",""
"","723","The service returns the mocked server error","functional-tests.tests.availability","2026-09-26","passed","2026-09-26","","test_availability_MOCK","",""
"","2619","An RTP callback with status ACTC is successfully received","functional-tests.tests.callbacks","2026-09-26","passed","2026-09-26","","test_RTP_callback_DS_05","",""
"","603","Failed callback for non existing Service Provider - DS-04b compliant","functional-tests.tests.callbacks","2026-09-26","passed","2026-09-26","","test_RTP_callback_DS_04","",""
"Takeover with syntactically valid but nonsensical body should fail","2061","Test Takeover Fails with Nonsensical Body","functional-tests.tests.takeover","2026-09-26","passed","2026-09-26","","test_debtor_takeover","",""
"Verify the public ERROR_SEND outcome represented by IRNR and read-API purge.","4117","An IRNR status update returns ERROR_SEND and purges the RTP","functional-tests.tests.send_rtp","2026-09-26","passed","2026-09-26","","test_RTP_status_update_MOCK_V2","",""
"
Test v2 RFC callback DS12P with non-existing service provider.

Flow:
1. Activate payer
2. Send an RTP via GPD message v2 (CREATE VALID)
3. Cancel the RTP via GPD message v2 (DELETE) -> RTP to RFC_SENT
4. Send DS12P callback with non-existing BIC (MOCKSP99)
5. Verify callback is rejected with 400 (service provider not found)
6. Verify RTP status is still RFC_SENT
","3428","Failed v2 RFC callback for non existing Service Provider - DS-12P positive compliant","functional-tests.tests.callbacks_v2","2026-09-26","passed","2026-09-26","","test_RTP_callback_DS_12P_positive","",""
"","4249","An RTP is sent to a CBI service with activated fiscal code - through Web API","functional-tests.tests.send_rtp","2026-09-26","passed","2026-09-26","","test_RTP_send_CBI","",""
"Test sending a CREATE operation message via GPD message API","1378","A CREATE message is successfully sent through GPD message API","functional-tests.tests.process_messages_sender","2026-09-26","passed","2026-09-26","","test_RTP_process_sender","",""
"The PSP synchronously rejects the cancellation request with 422 (per standard behaviour for the EPC 422 Unprocessable Entity scenario). The RTP then transitions to ERROR_CANCEL via ERROR_CANCEL_RTP.","3832","Cancelling an RTP - EPC v4 mock unhappy path scenario: epc_422","functional-tests.tests.cancel_rtp","2026-09-26","passed","2026-09-26","","test_RTP_cancel_MOCK_V2","",""
"Test sending an UPDATE operation message with different statuses via GPD message API after a CREATE","2045","An UPDATE message with status INVALID after CREATE","functional-tests.tests.process_messages_sender","2026-09-26","passed","2026-09-26","","test_RTP_process_sender_UPDATE","",""
"
Given a noticeNumber that does not correspond to any RTP in the database,
when the payee queries the delivery-status endpoint,
then the response must be HTTP 200 with status=PD_RTP_NOT_DELIVERED and
processingDate absent or null.
","640","Non-existent noticeNumber → PD_RTP_NOT_DELIVERED","functional-tests.tests.get_rtp","2026-09-26","passed","2026-09-26","","test_RTP_get_delivery_status","",""
"","1868","RTP form is filled and submitted","ux-tests.tests","2026-09-26","passed","2026-09-26","","test_RTP_submission_v4","",""
"","2585","An RTP callback is received with invalid status","functional-tests.tests.callbacks","2026-09-26","passed","2026-09-26","","test_RTP_callback_DS_08","",""
"","3204","An RTP callback with status ACWC is successfully received","functional-tests.tests.callbacks","2026-09-26","passed","2026-09-26","","test_RTP_callback_DS_08","",""
"","1971","An RTP sent with synchronous acceptance is in status ACCEPTED - DS-05 ACTC - through Web API","functional-tests.tests.send_rtp","2026-09-26","passed","2026-09-26","","test_RTP_send_MOCK","",""
"Each entry in ``INVALID_PAYER_IDS`` must be rejected with 400.

The ``description`` parameter appears in pytest output to identify which
case failed without having to inspect the raw value.
","640","Querying activation status with an invalid payerId format returns 400","functional-tests.tests.activation","2026-09-26","passed","2026-09-26","","test_debtor_activation_payer_status","",""
"","620","RTP cancellation fails if resource ID does not exist","functional-tests.tests.cancel_rtp","2026-09-26","passed","2026-09-26","","test_RTP_cancel","",""
"","4094","A status-update error is normalized without changing the RTP","functional-tests.tests.send_rtp","2026-09-26","passed","2026-09-26","","test_RTP_status_update_MOCK_V2","",""
"Each entry in ``INVALID_PAYER_IDS`` (see dataset docstring) must be rejected with 400.","624","The activation request must contain a validly formatted fiscal code","functional-tests.tests.activation","2026-09-26","passed","2026-09-26","","test_debtor_activation_create","",""
"The PSP synchronously rejects the cancellation request with 422 (per standard behaviour for the EPC 410 Gone scenario). The RTP then transitions to ERROR_CANCEL via ERROR_CANCEL_RTP.","3421","Cancelling an RTP - EPC v4 mock unhappy path scenario: epc_410","functional-tests.tests.cancel_rtp","2026-09-26","passed","2026-09-26","","test_RTP_cancel_MOCK_V2","",""
"","1366","An RTP is sent through GPD message API","functional-tests.tests.send_rtp","2026-09-26","passed","2026-09-26","","test_RTP_send_MOCK","",""
"","1349","Sending an RTP when EPC returns an unexpected status code error (RTP_05.CHK.A0007) returns 500","functional-tests.tests.send_rtp","2026-09-26","passed","2026-09-26","","test_RTP_send_MOCK","",""
"
Test RFC callback DS12N with INVALID status, cancel via REST Web API.

Flow:
1. Activate payer
2. Send an RTP via GPD message (CREATE VALID)
3. Cancel the RTP via REST cancel endpoint with cancel_reason → RTP to RFC_SENT
4. Send DS12N callback with CxlStsId INVALID
5. Verify callback is rejected with 400
6. Verify RTP status is still RFC_SENT
","4141","An RFC callback DS12N INVALID is rejected with 400 - through Web API cancel","functional-tests.tests.callbacks","2026-09-26","passed","2026-09-26","","test_RTP_callback_DS_12N","",""
"","3939","DS_12N negative RFC v2 callback with Version header returns 400","functional-tests.tests.callbacks_v2","2026-09-26","passed","2026-09-26","","test_RTP_callback_with_version_header","",""
