"DESCRIPTION","DURATION IN MS","NAME","PARENT SUITE","START TIME","STATUS","STOP TIME","SUB SUITE","SUITE","TEST CLASS","TEST METHOD"
"","5139","An RTP callback is successfully received with status RJCT","functional-tests.tests.callbacks","2026-08-11","passed","2026-08-11","","test_RTP_callback_DS_08","",""
"
Test RFC callback DS12P with INVALID status.

Flow:
1. Activate payer
2. Send an RTP via GPD message (CREATE VALID)
3. Cancel the RTP via GPD message (DELETE) → RTP to RFC_SENT
4. Send DS12P callback with CxlStsId INVALID
5. Verify callback is rejected with 400
6. Verify RTP status is still RFC_SENT
","2451","An RFC callback DS12P INVALID is rejected with 400","functional-tests.tests.callbacks","2026-08-11","passed","2026-08-11","","test_RTP_callback_DS_12P","",""
"
Test v2 RFC callback DS12N with non-existing service provider.

Flow:
1. Activate payer
2. Send an RTP via GPD message v2 (CREATE VALID)
3. Cancel the RTP via GPD message v2 (DELETE) -> RTP to RFC_SENT
4. Send DS12N callback with non-existing BIC (MOCKSP99)
5. Verify callback is rejected with 400 (service provider not found)
6. Verify RTP status is still RFC_SENT
","3282","Failed v2 RFC callback for non existing Service Provider - DS-12N negative compliant","functional-tests.tests.callbacks_v2","2026-08-11","passed","2026-08-11","","test_RTP_callback_DS_12N_negative","",""
"MOCKSP04 owns both its own spId and MOCKSP01; redeeming an OTP scoped to MOCKSP01 must
assign MOCKSP01 to the new activation, not MOCKSP04 (the redeemer's own tspId).","2871","Test Takeover Redemption Assigns the OTP's Owned Service Provider ID","functional-tests.tests.takeover","2026-08-11","passed","2026-08-11","","test_debtor_takeover","",""
"Each entry in ``INVALID_PAYER_IDS`` must be rejected with 400.

The ``description`` parameter appears in pytest output to identify which
case failed without having to inspect the raw value.
","428","Querying activation status with an invalid payerId format returns 400","functional-tests.tests.activation","2026-08-11","passed","2026-08-11","","test_debtor_activation_payer_status","",""
"","411","RTP cancellation fails if resource ID does not exist - V2","functional-tests.tests.cancel_rtp","2026-08-11","passed","2026-08-11","","test_RTP_cancel","",""
"","770","An RTP is sent to ICCREA service with activated fiscal code - through Web API V2","functional-tests.tests.send_rtp","2026-08-11","failed","2026-08-11","","test_RTP_send_ICCREA","",""
"Each entry in ``INVALID_PAYER_IDS`` must be rejected with 400.

The ``description`` parameter appears in pytest output to identify which
case failed without having to inspect the raw value.
","399","Querying activation status with an invalid payerId format returns 400","functional-tests.tests.activation","2026-08-11","passed","2026-08-11","","test_debtor_activation_payer_status","",""
"","1188","SP_ACTIVATIONS_READ_ALL can retrieve activation by Fiscal Code created by SP_A","functional-tests.tests.activation","2026-08-11","passed","2026-08-11","","test_RTP_activation_security","",""
"","2859","Takeover fails without authentication","bdd-tests","2026-08-11","passed","2026-08-11","Debtor_Activation_Takeover","RTP","",""
"Test sending an UPDATE operation message with different statuses via GPD message API after a CREATE","2215","An UPDATE message with status PARTIALLY_PAID after CREATE","functional-tests.tests.process_messages_sender","2026-08-11","passed","2026-08-11","","test_RTP_process_sender_UPDATE","",""
"","1454","Sending to non-activated debtor returns 422 - through Web API","functional-tests.tests.send_rtp","2026-08-11","passed","2026-08-11","","test_RTP_send_MOCK","",""
"","1537","An RTP sent when EPC response contains an unknown field is ignored and remains in status SENT - through Web API V2","functional-tests.tests.send_rtp","2026-08-11","passed","2026-08-11","","test_RTP_send_MOCK","",""
"","440","All auth fixtures expose a valid Bearer token format","functional-tests.tests.auth","2026-08-11","passed","2026-08-11","","test_auth","",""
"
Test v2 RFC callback DS12N with wrong certificate identity.

Flow:
1. Activate payer
2. Send an RTP via GPD message v2 (CREATE VALID)
3. Cancel the RTP via GPD message v2 (DELETE) -> RTP to RFC_SENT
4. Send DS12N callback with assignee_bic='FAKESP01' (doesn't match certificate identity)
5. Verify callback is rejected with 403 (certificate mismatch)
6. Verify RTP status is still RFC_SENT
","2505","Unauthorized v2 RFC callback due to wrong certificate serial","functional-tests.tests.callbacks_v2","2026-08-11","passed","2026-08-11","","test_RTP_callback_DS_12N_negative","",""
"Each entry in ``INVALID_PAYER_IDS`` must be rejected with 400.

The ``description`` parameter appears in pytest output to identify which
case failed without having to inspect the raw value.
","427","Querying activation status with an invalid payerId format returns 400","functional-tests.tests.activation","2026-08-11","passed","2026-08-11","","test_debtor_activation_payer_status","",""
"No `Sts.Conf` confirmation is present (empty JSON object), so only CANCEL_RTP is triggered and the RTP stays in RFC_SENT.","2156","Cancelling an RTP - EPC v4 mock happy path scenario: empty_json_object","functional-tests.tests.cancel_rtp","2026-08-11","passed","2026-08-11","","test_RTP_cancel_MOCK_V2","",""
"Test sending a CREATE operation message with different statuses via GPD message API","962","A CREATE message with status PAID","functional-tests.tests.process_messages_sender","2026-08-11","passed","2026-08-11","","test_RTP_process_sender_CREATE","",""
"The PSP synchronously rejects the cancellation request with 422 (per standard behaviour for the EPC 406 Not Acceptable scenario). The RTP then transitions to ERROR_CANCEL via ERROR_CANCEL_RTP.","2283","Cancelling an RTP - EPC v4 mock unhappy path scenario: epc_406","functional-tests.tests.cancel_rtp","2026-08-11","failed","2026-08-11","","test_RTP_cancel_MOCK_V2","",""
"UPDATE VALID with an ec_tax_code that does not exist in GPD returns 422 Payee not found","881","An UPDATE VALID message with a non-existent ec_tax_code is rejected","functional-tests.tests.process_messages_sender","2026-08-11","passed","2026-08-11","","test_RTP_process_sender_UPDATE","",""
"","863","A debtor is deactivated by an authenticated service provider","functional-tests.tests.activation","2026-08-11","passed","2026-08-11","","test_debtor_deactivation","",""
"The PSP synchronously rejects the cancellation request with 422 (per standard behaviour for the EPC 400 Bad Request scenario). The RTP then transitions to ERROR_CANCEL via ERROR_CANCEL_RTP.","2378","Cancelling an RTP - EPC v4 mock unhappy path scenario: epc_400","functional-tests.tests.cancel_rtp","2026-08-11","failed","2026-08-11","","test_RTP_cancel_MOCK_V2","",""
"","409","Missing Version header returns 200","functional-tests.tests.activation","2026-08-11","passed","2026-08-11","","test_debtor_activation_list","",""
"","428","Failed callback for non existing Service Provider - DS-04b compliant","functional-tests.tests.callbacks","2026-08-11","passed","2026-08-11","","test_RTP_callback_DS_04","",""
"","6573","RTP form is filled and submitted","ux-tests.tests","2026-08-11","passed","2026-08-11","","test_RTP_cancel_v3","",""
"","901","A debtor is activated by an authenticated service provider","functional-tests.tests.activation","2026-08-11","passed","2026-08-11","","test_debtor_activation_create","",""
"Test sending a CREATE operation message with different statuses via GPD message API","966","A CREATE message with status INVALID","functional-tests.tests.process_messages_sender","2026-08-11","passed","2026-08-11","","test_RTP_process_sender_CREATE","",""
"
Verify that a debt position can be deleted successfully.
","3027","Happy path: a debt position is deleted in DEV environment","functional-tests.tests.gpd_availability","2026-08-11","passed","2026-08-11","","test_availability_GPD","",""
"Each entry in ``INVALID_PAYER_IDS`` (see dataset docstring) must be rejected with 400.","518","The activation request must contain a validly formatted fiscal code","functional-tests.tests.activation","2026-08-11","passed","2026-08-11","","test_debtor_activation_create","",""
"","8073","RTP form cancellation with reason MODT","ux-tests.tests","2026-08-11","failed","2026-08-11","","test_RTP_cancel_v3","",""
"","1021","An RTP is sent to Poste service with activated fiscal code","functional-tests.tests.send_rtp","2026-08-11","passed","2026-08-11","","test_RTP_send_POSTE","",""
"","821","A debtor with foreign fiscal code is activated and retrieved by activation id","functional-tests.tests.activation","2026-08-11","passed","2026-08-11","","test_debtor_activation_get","",""
"","6109","Attempt to cancel a non-existing RTP","bdd-tests","2026-08-11","passed","2026-08-11","RTP_Cancellation","RTP","",""
"","431","All auth fixtures expose a valid Bearer token format","functional-tests.tests.auth","2026-08-11","passed","2026-08-11","","test_auth","",""
"","2535","An RTP sent with synchronous rejection and missing _links results in status REJECTED - through Web API","functional-tests.tests.send_rtp","2026-08-11","passed","2026-08-11","","test_RTP_send_MOCK","",""
"","402","Sending an RTP when EPC returns an unexpected status code error (RTP_05.CHK.A0007) returns 500 - through Web API V2","functional-tests.tests.send_rtp","2026-08-11","failed","2026-08-11","","test_RTP_send_MOCK","",""
"","1828","Unauthorized callback due to wrong certificate serial","functional-tests.tests.callbacks_v2","2026-08-11","passed","2026-08-11","","test_RTP_callback_DS_document_rjct","",""
"","2296","A v2 document RTP callback with invalid status is rejected without affecting the RTP status","functional-tests.tests.callbacks_v2","2026-08-11","passed","2026-08-11","","test_RTP_callback_DS_document_rjct","",""
"","2339","An RTP sent with synchronous rejection is in status REJECTED - DS-08P N - through Web API V2","functional-tests.tests.send_rtp","2026-08-11","passed","2026-08-11","","test_RTP_send_MOCK","",""
"DS_08N RJCT callback sent directly on a SENT RTP (no prior DS_05 ACTC callback).

The RTP is expected to transition from SENT to REJECTED.
","4018","A v2 RTP callback with status RJCT is successfully received","functional-tests.tests.callbacks_v2","2026-08-11","passed","2026-08-11","","test_RTP_callback_DS_08N_negative","",""
"","425","Sending an RTP when EPC returns an unexpected status code error (RTP_05.CHK.A0007) returns 500 - through Web API","functional-tests.tests.send_rtp","2026-08-11","failed","2026-08-11","","test_RTP_send_MOCK","",""
"MOCKSP04 owns MOCKSP01 and triggers the OTP; FAKESP01, which owns neither, must be rejected
with an explicit ownership error, not merely a generic 403.","1301","Test Takeover Fails when Redeemer Does Not Own the OTP's Service Provider ID","functional-tests.tests.takeover","2026-08-11","passed","2026-08-11","","test_debtor_takeover","",""
"Each entry in ``INVALID_PAYER_IDS`` (see dataset docstring) must be rejected with 400.","400","The activation request must contain a validly formatted fiscal code","functional-tests.tests.activation","2026-08-11","passed","2026-08-11","","test_debtor_activation_create","",""
"","1446","An RTP is sent to ICCREA service with activated fiscal code","functional-tests.tests.send_rtp","2026-08-11","passed","2026-08-11","","test_RTP_send_ICCREA","",""
"Each entry in ``INVALID_PAYER_IDS`` (see dataset docstring) must be rejected with 400.","452","The activation request must contain a validly formatted fiscal code","functional-tests.tests.activation","2026-08-11","passed","2026-08-11","","test_debtor_activation_create","",""
"","800","Get paginated list of OPT_OUT payees consents successfully","functional-tests.tests.service_registry","2026-08-11","passed","2026-08-11","","test_get_payees_consents","",""
"Test sending an UPDATE after CREATE VALID + DELETE with different statuses","1842","An UPDATE message with status DRAFT after CREATE VALID and DELETE","functional-tests.tests.process_messages_sender","2026-08-11","passed","2026-08-11","","test_RTP_process_sender_UPDATE","",""
"Each entry in ``INVALID_PAYER_IDS`` (see dataset docstring) must be rejected with 400.","498","The activation request must contain a validly formatted fiscal code","functional-tests.tests.activation","2026-08-11","passed","2026-08-11","","test_debtor_activation_create","",""
"","3200","Failed callback for invalid RTP transition - DS-08N compliant","functional-tests.tests.callbacks","2026-08-11","passed","2026-08-11","","test_RTP_callback_DS_08","",""
"
Test v2 RFC callback DS12P with INVALID status.

Flow:
1. Activate payer
2. Send an RTP via GPD message v2 (CREATE VALID)
3. Cancel the RTP via GPD message v2 (DELETE) -> RTP to RFC_SENT
4. Send DS12P callback with CxlStsId INVALID
5. Verify callback is rejected with 400
6. Verify RTP status is still RFC_SENT
","2945","A v2 RFC callback DS12P INVALID is rejected with 400","functional-tests.tests.callbacks_v2","2026-08-11","passed","2026-08-11","","test_RTP_callback_DS_12P_positive","",""
"
Test RFC callback DS12N with non-existing service provider.

Flow:
1. Activate payer
2. Send an RTP via GPD message (CREATE VALID)
3. Cancel the RTP via GPD message (DELETE) → RTP to RFC_SENT
4. Send DS12N callback with non-existing BIC (MOCKSP99)
5. Verify callback is rejected with 400 (service provider not found)
","1830","Failed RFC callback for non existing Service Provider - DS-12N RJCR compliant","functional-tests.tests.callbacks","2026-08-11","passed","2026-08-11","","test_RTP_callback_DS_12N","",""
"","2600","A debtor Service Provider tries to activates a debtor 2 times, failing the second attempt","bdd-tests","2026-08-11","passed","2026-08-11","Debtor_Activation","RTP","",""
"","401","malformed rtp_id → 400 Bad Request","functional-tests.tests.get_rtp","2026-08-11","passed","2026-08-11","","test_RTP_get","",""
"
Test RFC callback DS12P with wrong certificate identity, cancel via REST Web API.

Flow:
1. Activate payer
2. Send an RTP via GPD message (CREATE VALID)
3. Cancel the RTP via REST cancel endpoint with cancel_reason → RTP to RFC_SENT
4. Send DS12P callback with assignee_bic='FAKESP01' (doesn't match certificate identity MOCKSP04)
5. Verify callback is rejected with 403 (certificate mismatch)
","2310","Unauthorized RFC callback due to wrong certificate serial - through Web API cancel","functional-tests.tests.callbacks","2026-08-11","passed","2026-08-11","","test_RTP_callback_DS_12P","",""
"
Verify that a debt position can be updated successfully.
","6924","Happy path: a debt position is updated in UAT environment","functional-tests.tests.gpd_availability","2026-08-11","passed","2026-08-11","","test_availability_GPD","",""
"Test sending a DELETE operation message via GPD message API after a standalone UPDATE (no prior CREATE)","1284","A DELETE message after standalone UPDATE DRAFT","functional-tests.tests.process_messages_sender","2026-08-11","passed","2026-08-11","","test_RTP_process_sender_DELETE","",""
"Test sending an UPDATE operation message with different statuses via GPD message API before a CREATE","871","An UPDATE message with status PUBLISHED before CREATE","functional-tests.tests.process_messages_sender","2026-08-11","passed","2026-08-11","","test_RTP_process_sender_UPDATE_before_CREATE","",""
"Each entry in ``INVALID_PAYER_IDS`` (see dataset docstring) must be rejected with 400.","431","The activation request must contain a validly formatted fiscal code","functional-tests.tests.activation","2026-08-11","passed","2026-08-11","","test_debtor_activation_create","",""
"Each entry in ``INVALID_PAYER_IDS`` (see dataset docstring) must be rejected with 400.","395","The activation request must contain a validly formatted fiscal code","functional-tests.tests.activation","2026-08-11","passed","2026-08-11","","test_debtor_activation_create","",""
"","3179","An RTP callback is successfully received","functional-tests.tests.callbacks","2026-08-11","passed","2026-08-11","","test_RTP_callback_DS_04","",""
"Test sending an UPDATE operation message with different statuses via GPD message API before a CREATE","858","An UPDATE message with status PAID before CREATE","functional-tests.tests.process_messages_sender","2026-08-11","passed","2026-08-11","","test_RTP_process_sender_UPDATE_before_CREATE","",""
"Test sending a CREATE operation message with an omocodia fiscal code via GPD message API","1055","A CREATE message with omocodia fiscal code is successfully sent through GPD message API","functional-tests.tests.process_messages_sender","2026-08-11","passed","2026-08-11","","test_RTP_process_sender","",""
"
Test RFC callback DS12N with non-existing service provider, cancel via REST Web API.

Flow:
1. Activate payer
2. Send an RTP via GPD message (CREATE VALID)
3. Cancel the RTP via REST cancel endpoint with cancel_reason → RTP to RFC_SENT
4. Send DS12N callback with non-existing BIC (MOCKSP99)
5. Verify callback is rejected with 400 (service provider not found)
","1811","Failed RFC callback for non existing Service Provider - DS-12N RJCR compliant - through Web API cancel","functional-tests.tests.callbacks","2026-08-11","passed","2026-08-11","","test_RTP_callback_DS_12N","",""
"
Test RFC callback DS12P with wrong certificate identity.

Flow:
1. Activate payer
2. Send an RTP via GPD message (CREATE VALID)
3. Cancel the RTP via GPD message (DELETE) → RTP to RFC_SENT
4. Send DS12P callback with assignee_bic='FAKESP01' (doesn't match certificate identity MOCKSP04)
5. Verify callback is rejected with 403 (certificate mismatch)
","1876","Unauthorized RFC callback due to wrong certificate serial","functional-tests.tests.callbacks","2026-08-11","passed","2026-08-11","","test_RTP_callback_DS_12P","",""
"","876","Get by activation id returns 404 when the token subject does not own the activation's Service Provider ID","functional-tests.tests.activation","2026-08-11","passed","2026-08-11","","test_debtor_activation_get","",""
"The PSP synchronously rejects the cancellation request with 422 (per standard behaviour for the EPC 404 Not Found scenario). The RTP then transitions to ERROR_CANCEL via ERROR_CANCEL_RTP.","3325","Cancelling an RTP - EPC v4 mock unhappy path scenario: epc_404","functional-tests.tests.cancel_rtp","2026-08-11","failed","2026-08-11","","test_RTP_cancel_MOCK_V2","",""
"","406","Get payees consents with wrong token type returns 403","functional-tests.tests.service_registry","2026-08-11","passed","2026-08-11","","test_get_payees_consents","",""
"","1534","An RTP sent with synchronous rejection containing extra fields results in status SENT - through Web API V2","functional-tests.tests.send_rtp","2026-08-11","passed","2026-08-11","","test_RTP_send_MOCK","",""
"","2086","RTP form is filled and submitted","ux-tests.tests","2026-08-11","passed","2026-08-11","","test_RTP_submission_v4","",""
"
Verify that a debt position can be deleted successfully.
","2458","Happy path: a debt position is deleted in UAT environment","functional-tests.tests.gpd_availability","2026-08-11","passed","2026-08-11","","test_availability_GPD","",""
"Test sending an UPDATE operation message with different statuses via GPD message API after a CREATE","2075","An UPDATE message with status VALID after CREATE","functional-tests.tests.process_messages_sender","2026-08-11","passed","2026-08-11","","test_RTP_process_sender_UPDATE","",""
"","434","Sending an RTP when EPC returns a malformed/invalid response body returns 500","functional-tests.tests.send_rtp","2026-08-11","failed","2026-08-11","","test_RTP_send_MOCK","",""
"The PSP synchronously rejects the cancellation request with 422 (per standard behaviour for the EPC 422 Unprocessable Entity scenario). The RTP then transitions to ERROR_CANCEL via ERROR_CANCEL_RTP.","2117","Cancelling an RTP - EPC v4 mock unhappy path scenario: epc_422","functional-tests.tests.cancel_rtp","2026-08-11","failed","2026-08-11","","test_RTP_cancel_MOCK_V2","",""
"
Test RFC callback DS12P with CNCL status, cancel triggered via REST Web API with explicit reason.

Flow:
1. Activate payer
2. Send an RTP via GPD message (CREATE VALID)
3. Cancel the RTP via REST cancel endpoint with cancel_reason → RTP to RFC_SENT
4. Send DS12P callback with CxlStsId CNCL (Cancelled As Per Request)
5. Verify callback is accepted (200)
6. Verify RTP status is CANCELLED
","2647","An RFC callback DS12P CNCL is successfully received and RTP status is CANCEL - through Web API cancel","functional-tests.tests.callbacks","2026-08-11","passed","2026-08-11","","test_RTP_callback_DS_12P","",""
"","2264","A v2 redirect RTP callback with invalid status is rejected without affecting the RTP status","functional-tests.tests.callbacks_v2","2026-08-11","passed","2026-08-11","","test_RTP_callback_DS_05_redirect","",""
"UPDATE VALID before any CREATE creates a new RTP; the RTP must be retrievable from the database","1381","An UPDATE VALID before CREATE creates the RTP in the database","functional-tests.tests.process_messages_sender","2026-08-11","passed","2026-08-11","","test_RTP_process_sender_UPDATE_before_CREATE","",""
"Takeover without a previously issued OTP should fail","841","Test Takeover Fails without Prior OTP","functional-tests.tests.takeover","2026-08-11","passed","2026-08-11","","test_debtor_takeover","",""
"
Tests sending an RTP payload to the POSTE endpoint with valid data and authentication.

:param debtor_sp_mock_cert_key: Certificate and key tuple for mutual TLS authentication.
:type debtor_sp_mock_cert_key: Tuple[str, str]
","1641","An RTP is sent through POSTE API","functional-tests.tests.availability","2026-08-11","passed","2026-08-11","","test_availability_POSTE","",""
"","404","The service returns the mocked server error","functional-tests.tests.availability","2026-08-11","passed","2026-08-11","","test_availability_MOCK","",""
"","377","Get payees with invalid authorization","functional-tests.tests.service_registry","2026-08-11","passed","2026-08-11","","test_service_registry_payees_registry","",""
"
Test RFC callback DS12P with CNCL status applied twice on the same RTP.

Flow:
1. Activate payer
2. Send an RTP via GPD message (CREATE VALID)
3. Cancel the RTP via GPD message (DELETE) -> RTP to RFC_SENT
4. Send DS12P callback with CxlStsId CNCL (Cancelled As Per Request) -> RTP to CANCELLED
5. Send the same DS12P CNCL callback again on the already cancelled RTP
6. Verify the second callback is rejected (400) since the transition is no longer valid
7. Verify RTP status remains CANCELLED
","3235","Failed RFC callback for invalid RTP transition - DS-12P CNCL compliant","functional-tests.tests.callbacks","2026-08-11","passed","2026-08-11","","test_RTP_callback_DS_12P","",""
"Each entry in ``INVALID_PAYER_IDS`` must be rejected with 400.

The ``description`` parameter appears in pytest output to identify which
case failed without having to inspect the raw value.
","425","Querying activation status with an invalid payerId format returns 400","functional-tests.tests.activation","2026-08-11","passed","2026-08-11","","test_debtor_activation_payer_status","",""
"","1824","Unauthorized callback due to wrong certificate serial","functional-tests.tests.callbacks_v2","2026-08-11","passed","2026-08-11","","test_RTP_callback_DS_08N_negative","",""
"Each entry in ``INVALID_PAYER_IDS`` (see dataset docstring) must be rejected with 400.","402","The activation request must contain a validly formatted fiscal code","functional-tests.tests.activation","2026-08-11","passed","2026-08-11","","test_debtor_activation_create","",""
"Test sending an UPDATE operation message with different statuses via GPD message API before a CREATE","874","An UPDATE message with status EXPIRED before CREATE","functional-tests.tests.process_messages_sender","2026-08-11","passed","2026-08-11","","test_RTP_process_sender_UPDATE_before_CREATE","",""
"Test sending a DELETE operation message via GPD message API after a CREATE VALID + UPDATE","4436","A DELETE message after CREATE VALID + UPDATE PARTIALLY_PAID","functional-tests.tests.process_messages_sender","2026-08-11","passed","2026-08-11","","test_RTP_process_sender_DELETE","",""
"Active payer with a foreign-country fiscal code (Z + 3 digits municipality) → isActive must be true.","877","An active payer with foreign fiscal code returns isActive true","functional-tests.tests.activation","2026-08-11","passed","2026-08-11","","test_debtor_activation_payer_status","",""
"","1092","A second service provider triggers takeover when debtor is already active on another service provider","functional-tests.tests.activation","2026-08-11","passed","2026-08-11","","test_debtor_activation_create","",""
"","1465","RTP is successfully cancelled with reason PAID - V2","functional-tests.tests.cancel_rtp","2026-08-11","passed","2026-08-11","","test_RTP_cancel","",""
"","833","Deactivation fails for activation by another service provider","functional-tests.tests.activation","2026-08-11","passed","2026-08-11","","test_debtor_deactivation","",""
"","455","Retrieving non-existent activation returns 404","functional-tests.tests.activation","2026-08-11","passed","2026-08-11","","test_debtor_activation_get","",""
"Availability probe for takeover notification mock endpoint: expects 204 No Content","377","Test Takeover Notification Endpoint","functional-tests.tests.takeover","2026-08-11","passed","2026-08-11","","test_debtor_takeover","",""
"","399","Invalid pagination parameters returns 400","functional-tests.tests.activation","2026-08-11","passed","2026-08-11","","test_debtor_activation_list","",""
"
Test RFC callback DS12P with non-existing service provider, cancel via REST Web API.

Flow:
1. Activate payer
2. Send an RTP via GPD message (CREATE VALID)
3. Cancel the RTP via REST cancel endpoint with cancel_reason → RTP to RFC_SENT
4. Send DS12P callback with non-existing BIC (MOCKSP99)
5. Verify callback is rejected with 400 (service provider not found)
","2322","Failed RFC callback for non existing Service Provider - DS-12P CNCL compliant - through Web API cancel","functional-tests.tests.callbacks","2026-08-11","passed","2026-08-11","","test_RTP_callback_DS_12P","",""
"","3267","An RTP callback with invalid status is received and processed with success without affecting the RTP status","functional-tests.tests.callbacks","2026-08-11","passed","2026-08-11","","test_RTP_callback_DS_05","",""
"","2214","An RTP callback with status ACWC is successfully received","functional-tests.tests.callbacks","2026-08-11","passed","2026-08-11","","test_RTP_callback_DS_08","",""
"","1008","An RTP is sent to a CBI service with activated fiscal code","functional-tests.tests.send_rtp","2026-08-11","passed","2026-08-11","","test_RTP_send_CBI","",""
"","858","Deactivation returns 404 when the token subject does not own the activation's Service Provider ID","functional-tests.tests.activation","2026-08-11","passed","2026-08-11","","test_debtor_deactivation","",""
"","1520","Cannot send RTP with expired date","functional-tests.tests.availability","2026-08-11","passed","2026-08-11","","test_availability_CBI","",""
"
Test RFC callback DS12N with wrong certificate identity.

Flow:
1. Activate payer
2. Send an RTP via GPD message (CREATE VALID)
3. Cancel the RTP via GPD message (DELETE) → RTP to RFC_SENT
4. Send DS12N callback with assignee_bic='FAKESP01' (doesn't match certificate identity MOCKSP04)
5. Verify callback is rejected with 403 (certificate mismatch)
","1807","Unauthorized RFC callback due to wrong certificate serial","functional-tests.tests.callbacks","2026-08-11","passed","2026-08-11","","test_RTP_callback_DS_12N","",""
"","1315","Failed callback for non existing Service Provider - DS-08P compliant","functional-tests.tests.callbacks","2026-08-11","passed","2026-08-11","","test_RTP_callback_DS_08","",""
"Each entry in ``INVALID_PAYER_IDS`` must be rejected with 400.

The ``description`` parameter appears in pytest output to identify which
case failed without having to inspect the raw value.
","399","Querying activation status with an invalid payerId format returns 400","functional-tests.tests.activation","2026-08-11","passed","2026-08-11","","test_debtor_activation_payer_status","",""
"","4803","An authenticated creditor Service Provider can send an RTP to an activated debtor","bdd-tests","2026-08-11","passed","2026-08-11","RTP_Sending","RTP","",""
"","495","The RTP web page is reachable","functional-tests.tests.availability","2026-08-11","passed","2026-08-11","","test_availability_RTP_webform","",""
"Test sending a DELETE operation message via GPD message API after a standalone UPDATE (no prior CREATE)","2088","A DELETE message after standalone UPDATE PARTIALLY_PAID","functional-tests.tests.process_messages_sender","2026-08-11","passed","2026-08-11","","test_RTP_process_sender_DELETE","",""
"The PSP synchronously rejects the cancellation request with 422 (per standard behaviour for the EPC 429 Too Many Requests scenario). The RTP then transitions to ERROR_CANCEL via ERROR_CANCEL_RTP.","11365","Cancelling an RTP - EPC v4 mock unhappy path scenario: epc_429","functional-tests.tests.cancel_rtp","2026-08-11","failed","2026-08-11","","test_RTP_cancel_MOCK_V2","",""
"","3356","RTP is successfully cancelled with reason PAID","functional-tests.tests.cancel_rtp","2026-08-11","passed","2026-08-11","","test_RTP_cancel","",""
"","946","A debtor with VAT number (Partita IVA) is activated successfully","functional-tests.tests.activation","2026-08-11","passed","2026-08-11","","test_debtor_activation_create","",""
"Each entry in ``INVALID_PAYER_IDS`` must be rejected with 400.

The ``description`` parameter appears in pytest output to identify which
case failed without having to inspect the raw value.
","426","Querying activation status with an invalid payerId format returns 400","functional-tests.tests.activation","2026-08-11","passed","2026-08-11","","test_debtor_activation_payer_status","",""
"OTP bound to payer1 should not work for payer2","3065","Test Takeover Fails with OTP Bound to Different Payer","functional-tests.tests.takeover","2026-08-11","passed","2026-08-11","","test_debtor_takeover","",""
"Test sending a DELETE operation message via GPD message API after a CREATE","1360","A DELETE message after CREATE PUBLISHED","functional-tests.tests.process_messages_sender","2026-08-11","passed","2026-08-11","","test_RTP_process_sender_DELETE","",""
"","578","Sending to non-activated debtor returns 422 - through Web API V2","functional-tests.tests.send_rtp","2026-08-11","passed","2026-08-11","","test_RTP_send_MOCK","",""
"","956","Auth endpoint returns valid token","functional-tests.tests.availability","2026-08-11","passed","2026-08-11","","test_availability_CBI","",""
"Each entry in ``INVALID_PAYER_IDS`` must be rejected with 400.

The ``description`` parameter appears in pytest output to identify which
case failed without having to inspect the raw value.
","399","Querying activation status with an invalid payerId format returns 400","functional-tests.tests.activation","2026-08-11","passed","2026-08-11","","test_debtor_activation_payer_status","",""
"Each entry in ``INVALID_PAYER_IDS`` (see dataset docstring) must be rejected with 400.","447","The activation request must contain a validly formatted fiscal code","functional-tests.tests.activation","2026-08-11","passed","2026-08-11","","test_debtor_activation_create","",""
"","898","Get a page of activations","functional-tests.tests.activation","2026-08-11","passed","2026-08-11","","test_debtor_activation_list","",""
"","5103","An authenticated Service Provider cannot send an RTP to an activated debtor","bdd-tests","2026-08-11","passed","2026-08-11","RTP_Sending","RTP","",""
"Test sending an UPDATE operation message with different statuses via GPD message API before a CREATE","951","An UPDATE message with status VALID before CREATE","functional-tests.tests.process_messages_sender","2026-08-11","passed","2026-08-11","","test_RTP_process_sender_UPDATE_before_CREATE","",""
"Test sending an UPDATE operation message with different statuses via GPD message API after a CREATE","2056","An UPDATE message with status PUBLISHED after CREATE","functional-tests.tests.process_messages_sender","2026-08-11","passed","2026-08-11","","test_RTP_process_sender_UPDATE","",""
"Each entry in ``INVALID_PAYER_IDS`` (see dataset docstring) must be rejected with 400.","400","The activation request must contain a validly formatted fiscal code","functional-tests.tests.activation","2026-08-11","passed","2026-08-11","","test_debtor_activation_create","",""
"Test sending a DELETE operation message via GPD message API after a CREATE","1400","A DELETE message after CREATE VALID","functional-tests.tests.process_messages_sender","2026-08-11","passed","2026-08-11","","test_RTP_process_sender_DELETE","",""
"","1620","RTP cancellation fails with an invalid reason","functional-tests.tests.cancel_rtp","2026-08-11","passed","2026-08-11","","test_RTP_cancel","",""
"","3191","A v2 RTP callback with invalid status is rejected without affecting the RTP status","functional-tests.tests.callbacks_v2","2026-08-11","passed","2026-08-11","","test_RTP_callback_DS_08P_positive","",""
"Each entry in ``INVALID_PAYER_IDS`` must be rejected with 400.

The ``description`` parameter appears in pytest output to identify which
case failed without having to inspect the raw value.
","431","Querying activation status with an invalid payerId format returns 400","functional-tests.tests.activation","2026-08-11","passed","2026-08-11","","test_debtor_activation_payer_status","",""
"","4757","A debtor Service Provider successfully takes over an activation from another provider","bdd-tests","2026-08-11","passed","2026-08-11","Debtor_Activation_Takeover","RTP","",""
"","1919","An RTP sent with synchronous rejection and missing _links results in status REJECTED","functional-tests.tests.send_rtp","2026-08-11","passed","2026-08-11","","test_RTP_send_MOCK","",""
"","1229","SP_B cannot retrieve activation by Activation ID created by SP_A","functional-tests.tests.activation","2026-08-11","passed","2026-08-11","","test_RTP_activation_security","",""
"","404","Get payees consents with negative page number returns 400","functional-tests.tests.service_registry","2026-08-11","passed","2026-08-11","","test_get_payees_consents","",""
"","2181","Failed callback for non existing Service Provider - DS-08P positive compliant","functional-tests.tests.callbacks_v2","2026-08-11","passed","2026-08-11","","test_RTP_callback_DS_08P_positive","",""
"Test sending a DELETE operation message via GPD message API after a standalone UPDATE (no prior CREATE)","1282","A DELETE message after standalone UPDATE PAID","functional-tests.tests.process_messages_sender","2026-08-11","passed","2026-08-11","","test_RTP_process_sender_DELETE","",""
"
Test RFC callback DS12P with CNCL status, cancel triggered via REST Web API with explicit reason.

Flow:
1. Activate payer
2. Send an RTP via GPD message (CREATE VALID)
3. Cancel the RTP via REST cancel endpoint with cancel_reason → RTP to RFC_SENT
4. Send DS12P callback with CxlStsId CNCL (Cancelled As Per Request)
5. Verify callback is accepted (200)
6. Verify RTP status is CANCELLED
","3301","An RFC callback DS12P CNCL is successfully received and RTP status is CANCEL - through Web API cancel","functional-tests.tests.callbacks","2026-08-11","passed","2026-08-11","","test_RTP_callback_DS_12P","",""
"","7749","A debtor Service Provider activates a debtor","bdd-tests","2026-08-11","passed","2026-08-11","Debtor_Activation","RTP","",""
"","401","The activation request must contain a validly formatted Service Provider ID","functional-tests.tests.activation","2026-08-11","passed","2026-08-11","","test_debtor_activation_create","",""
"","1380","Cannot send RTP with invalid amount","functional-tests.tests.availability","2026-08-11","passed","2026-08-11","","test_availability_CBI","",""
"","404","Unauthorized request returns 401","functional-tests.tests.activation","2026-08-11","passed","2026-08-11","","test_debtor_activation_list","",""
"Payer activated under SP A queried by SP A → isActive must be true.","849","An active payer returns isActive true for the same Service Provider","functional-tests.tests.activation","2026-08-11","passed","2026-08-11","","test_debtor_activation_payer_status","",""
"The ownership check fails the same way whether the target spId belongs to someone else
or doesn't exist in the registry at all - NOEXIT00 is not a real Service Provider ID.","837","Activation is forbidden with the same error code for a Service Provider ID absent from the registry","functional-tests.tests.activation","2026-08-11","passed","2026-08-11","","test_debtor_activation_create","",""
"","1434","An RTP sent when EPC response omits _links is in status ACCEPTED - through Web API","functional-tests.tests.send_rtp","2026-08-11","passed","2026-08-11","","test_RTP_send_MOCK","",""
"A valid token that carries neither read_rtp_activations nor read_rtp_all must be rejected with 403.","449","Token without read_rtp_activations or read_rtp_all role returns 403 Forbidden","functional-tests.tests.activation","2026-08-11","passed","2026-08-11","","test_debtor_activation_payer_status","",""
"
Given a noticeNumber that does not correspond to any RTP in the database,
when the payee queries the delivery-status endpoint,
then the response must be HTTP 200 with status=PD_RTP_NOT_DELIVERED and
processingDate absent or null.
","448","Non-existent noticeNumber → PD_RTP_NOT_DELIVERED","functional-tests.tests.get_rtp","2026-08-11","passed","2026-08-11","","test_RTP_get_delivery_status","",""
"","1916","An RTP sent with synchronous rejection containing extra fields results in status REJECTED - through Web API","functional-tests.tests.send_rtp","2026-08-11","passed","2026-08-11","","test_RTP_send_MOCK","",""
"","850","Sending a GPD message with null id returns 400","functional-tests.tests.send_rtp","2026-08-11","passed","2026-08-11","","test_RTP_send_MOCK","",""
"Takeover with syntactically valid but nonsensical body should fail","1255","Test Takeover Fails with Nonsensical Body","functional-tests.tests.takeover","2026-08-11","passed","2026-08-11","","test_debtor_takeover","",""
"","870","Sending a GPD message with null operation returns 400","functional-tests.tests.send_rtp","2026-08-11","passed","2026-08-11","","test_RTP_send_MOCK","",""
"
Test RFC callback DS12N with RJCR status.

Flow:
1. Activate payer
2. Send an RTP via GPD message (CREATE VALID)
3. Cancel the RTP via GPD message (DELETE) → RTP to RFC_SENT
4. Send DS12N callback with CxlStsId RJCR (Rejected Cancellation Request)
5. Verify callback is accepted (200)
6. Verify RTP status is ERROR_CANCEL
","3436","An RFC callback DS12N RJCR is successfully received and RTP status is ERROR_CANCEL","functional-tests.tests.callbacks","2026-08-11","passed","2026-08-11","","test_RTP_callback_DS_12N","",""
"","5055","Successfully cancel a Request to Pay","bdd-tests","2026-08-11","passed","2026-08-11","RTP_Cancellation","RTP","",""
"Payer that has never been activated → isActive must be false.","405","test_get_activation_status_not_active_payer","functional-tests.tests.activation","2026-08-11","passed","2026-08-11","","test_debtor_activation_payer_status","",""
"Test sending an UPDATE after CREATE VALID + DELETE with different statuses","1801","An UPDATE message with status EXPIRED after CREATE VALID and DELETE","functional-tests.tests.process_messages_sender","2026-08-11","passed","2026-08-11","","test_RTP_process_sender_UPDATE","",""
"","429","Non-integer size returns 400","functional-tests.tests.activation","2026-08-11","passed","2026-08-11","","test_debtor_activation_list","",""
"","3005","A debtor Service Provider cannot send an RTP","bdd-tests","2026-08-11","passed","2026-08-11","RTP_Sending","RTP","",""
"","1677","An RTP is sent through ICCREA API","functional-tests.tests.availability","2026-08-11","passed","2026-08-11","","test_availability_ICCREA","",""
"No `Sts.Conf` confirmation is present (Sts block omitted entirely), so only CANCEL_RTP is triggered and the RTP stays in RFC_SENT.","3672","Cancelling an RTP - EPC v4 mock happy path scenario: no_sts_block","functional-tests.tests.cancel_rtp","2026-08-11","passed","2026-08-11","","test_RTP_cancel_MOCK_V2","",""
"Querying activation status with an empty payerId must be rejected with 404.","414","Querying activation status with an empty payerId returns 404","functional-tests.tests.activation","2026-08-11","passed","2026-08-11","","test_debtor_activation_payer_status","",""
"
DS_04b callback sent with the Version header must be rejected with 400.
The RTP state must be unchanged.

Flow:
1. Activate payer and send an RTP → resource_id
2. Capture current RTP status
3. Build a valid DS_04b payload referencing the RTP
4. POST to callback endpoint WITH Version header
5. Verify 400 is returned with the expected error body
6. Verify RTP status is unchanged
","2199","DS_04b callback with Version header returns 400","functional-tests.tests.callbacks","2026-08-11","passed","2026-08-11","","test_RTP_callback_with_version_header","",""
"","404","Get payees consents with invalid consent value returns 400","functional-tests.tests.service_registry","2026-08-11","passed","2026-08-11","","test_get_payees_consents","",""
"
Test RFC callback DS12P with non-existing service provider, cancel via REST Web API.

Flow:
1. Activate payer
2. Send an RTP via GPD message (CREATE VALID)
3. Cancel the RTP via REST cancel endpoint with cancel_reason → RTP to RFC_SENT
4. Send DS12P callback with non-existing BIC (MOCKSP99)
5. Verify callback is rejected with 400 (service provider not found)
","1842","Failed RFC callback for non existing Service Provider - DS-12P CNCL compliant - through Web API cancel","functional-tests.tests.callbacks","2026-08-11","passed","2026-08-11","","test_RTP_callback_DS_12P","",""
"Test sending a DELETE operation message via GPD message API after a CREATE","1259","A DELETE message after CREATE DRAFT","functional-tests.tests.process_messages_sender","2026-08-11","passed","2026-08-11","","test_RTP_process_sender_DELETE","",""
"","2407","RTP form is filled and submitted","ux-tests.tests","2026-08-11","passed","2026-08-11","","test_RTP_submission_v3","",""
"Payer activated then deactivated by SP A → isActive must be false.","1308","A deactivated payer returns isActive false","functional-tests.tests.activation","2026-08-11","passed","2026-08-11","","test_debtor_activation_payer_status","",""
"","376","Get payees with invalid authorization","functional-tests.tests.service_registry","2026-08-11","passed","2026-08-11","","test_service_registry_service_providers","",""
"Test sending a CREATE operation message with different statuses via GPD message API","1711","A CREATE message with status VALID","functional-tests.tests.process_messages_sender","2026-08-11","passed","2026-08-11","","test_RTP_process_sender_CREATE","",""
"","405","A debtor service provider fails activation due to wrong service provider id","functional-tests.tests.activation","2026-08-11","passed","2026-08-11","","test_debtor_activation_list","",""
"","2800","An RTP is sent to ICCREA service with activated fiscal code - through Web API","functional-tests.tests.send_rtp","2026-08-11","failed","2026-08-11","","test_RTP_send_ICCREA","",""
"
Payer activated under SP A.
Token with read_rtp_all can read across all Service Providers:
the admin client sub does not match SP A, yet isActive must be true.
","855","read_rtp_all role returns isActive true for a payer on any Service Provider","functional-tests.tests.activation","2026-08-11","passed","2026-08-11","","test_debtor_activation_payer_status","",""
"
DS_08N callback sent with the Version header must be rejected with 400.
The RTP must remain in SENT (transition to REJECTED must not happen).

Flow:
1. Activate payer and send an RTP → resource_id
2. Build a valid DS_08N payload referencing the RTP
3. POST to callback endpoint WITH Version header
4. Verify 400 is returned with the expected error body
5. Verify RTP status is still SENT
","2248","DS_08N callback with Version header returns 400","functional-tests.tests.callbacks","2026-08-11","passed","2026-08-11","","test_RTP_callback_with_version_header","",""
"","430","Get payees consents with extreme page size returns 400","functional-tests.tests.service_registry","2026-08-11","passed","2026-08-11","","test_get_payees_consents","",""
"
Given a debtor is activated and a GPD message (CREATE) is sent via POST /gpd/message,
when the rtp-sender processes it and the RTP reaches status SENT,
when the payee queries the delivery-status endpoint with the correct noticeNumber
(nav) and payeeId (ec_tax_code),
then the response body must contain status=PD_RTP_DELIVERED, a non-null processingDate
in ISO 8601 format, and processingDate must match the SEND_RTP event timestamp from
the GPD message response (truncated to millisecond precision).
","6418","GPD message sent → RTP SENT → PD_RTP_DELIVERED with processingDate","functional-tests.tests.get_rtp","2026-08-11","passed","2026-08-11","","test_RTP_get_delivery_status","",""
"","968","A debtor cannot be activated more than once by the same service provider","functional-tests.tests.activation","2026-08-11","passed","2026-08-11","","test_debtor_activation_create","",""
"","687","Get list of service providers successfully","functional-tests.tests.service_registry","2026-08-11","passed","2026-08-11","","test_service_registry_service_providers","",""
"Each entry in ``INVALID_PAYER_IDS`` (see dataset docstring) must be rejected with 400.","401","The activation request must contain a validly formatted fiscal code","functional-tests.tests.activation","2026-08-11","passed","2026-08-11","","test_debtor_activation_create","",""
"DS_08N RJCT callback sent twice on the same RTP (direct SENT -> REJECTED).

The second callback must be rejected with 400 since the transition is no
longer valid once the RTP is already REJECTED.
","3305","Failed v2 callback for invalid RTP transition - DS-08N negative compliant","functional-tests.tests.callbacks_v2","2026-08-11","passed","2026-08-11","","test_RTP_callback_DS_08N_negative","",""
"Each entry in ``INVALID_PAYER_IDS`` must be rejected with 400.

The ``description`` parameter appears in pytest output to identify which
case failed without having to inspect the raw value.
","425","Querying activation status with an invalid payerId format returns 400","functional-tests.tests.activation","2026-08-11","passed","2026-08-11","","test_debtor_activation_payer_status","",""
"","478","Sending to non-activated debtor returns 422","functional-tests.tests.send_rtp","2026-08-11","passed","2026-08-11","","test_RTP_send_MOCK","",""
"Parametrized contract test generated from the Send API OpenAPI spec.

Schemathesis derives one test case per endpoint defined in the spec, generating
request data (path params, query params, body) that is valid according to the schema.
Each case is executed against the live API and the response is validated with
CONTRACT_CHECKS.

An additional assertion verifies that the Location header is present on 201 responses
from POST /rtps, as required by the spec.
","128388","test_send_api_contract[POST /gpd/message]","contract-tests.tests","2026-08-11","passed","2026-08-11","","test_api_send_rtp","",""
"","5069","Attempt to cancel an already cancelled RTP","bdd-tests","2026-08-11","passed","2026-08-11","RTP_Cancellation","RTP","",""
"","1357","SP_ACTIVATIONS_READ_ALL can retrieve activation by Activation ID created by SP_A","functional-tests.tests.activation","2026-08-11","passed","2026-08-11","","test_RTP_activation_security","",""
"
Test v2 RFC callback DS12P with wrong certificate identity.

Flow:
1. Activate payer
2. Send an RTP via GPD message v2 (CREATE VALID)
3. Cancel the RTP via GPD message v2 (DELETE) -> RTP to RFC_SENT
4. Send DS12P callback with assignee_bic='FAKESP01' (doesn't match certificate identity)
5. Verify callback is rejected with 403 (certificate mismatch)
6. Verify RTP status is still RFC_SENT
","3385","Unauthorized v2 RFC callback due to wrong certificate serial","functional-tests.tests.callbacks_v2","2026-08-11","passed","2026-08-11","","test_RTP_callback_DS_12P_positive","",""
"","406","RTP cancellation fails if resource ID does not exist","functional-tests.tests.cancel_rtp","2026-08-11","passed","2026-08-11","","test_RTP_cancel","",""
"The mock policy falls back to its default `{}` response when no notice number matches, so the RTP stays in RFC_SENT.","3150","Cancelling an RTP - EPC v4 mock happy path scenario: no_match_fallback","functional-tests.tests.cancel_rtp","2026-08-11","passed","2026-08-11","","test_RTP_cancel_MOCK_V2","",""
"","2241","DS_05 redirect v2 callback with Version header returns 400","functional-tests.tests.callbacks_v2","2026-08-11","passed","2026-08-11","","test_RTP_callback_with_version_header","",""
"DS_08P ACCP callback sent directly on a SENT RTP (no prior DS_05 ACTC callback).

The RTP is expected to transition straight from SENT to USER_ACCEPTED.
","2755","A v2 RTP callback with status ACCP is successfully received without a prior DS_05 callback","functional-tests.tests.callbacks_v2","2026-08-11","passed","2026-08-11","","test_RTP_callback_DS_08P_positive","",""
"
Verify that a debt position can be created and published successfully.
","569","Happy path: a debt position is created and published in DEV environment","functional-tests.tests.gpd_availability","2026-08-11","passed","2026-08-11","","test_availability_GPD","",""
"
Test v2 RFC callback DS12N with RJCR status.

Flow:
1. Activate payer
2. Send an RTP via GPD message v2 (CREATE VALID)
3. Cancel the RTP via GPD message v2 (DELETE) -> RTP to RFC_SENT
4. Send DS12N callback with CxlStsId RJCR (Rejected Cancellation Request)
5. Verify callback is accepted (200)
6. Verify RTP status is CANCELLED_REJECTED
","3595","A v2 RFC callback DS12N RJCR is successfully received and RTP status is CANCELLED_REJECTED","functional-tests.tests.callbacks_v2","2026-08-11","passed","2026-08-11","","test_RTP_callback_DS_12N_negative","",""
"Test sending an UPDATE operation message with different statuses via GPD message API before a CREATE","863","An UPDATE message with status INVALID before CREATE","functional-tests.tests.process_messages_sender","2026-08-11","passed","2026-08-11","","test_RTP_process_sender_UPDATE_before_CREATE","",""
"","2183","RTP is successfully retrieved","functional-tests.tests.get_rtp","2026-08-11","passed","2026-08-11","","test_RTP_get","",""
"Each entry in ``INVALID_PAYER_IDS`` must be rejected with 400.

The ``description`` parameter appears in pytest output to identify which
case failed without having to inspect the raw value.
","399","Querying activation status with an invalid payerId format returns 400","functional-tests.tests.activation","2026-08-11","passed","2026-08-11","","test_debtor_activation_payer_status","",""
"Each entry in ``INVALID_PAYER_IDS`` must be rejected with 400.

The ``description`` parameter appears in pytest output to identify which
case failed without having to inspect the raw value.
","402","Querying activation status with an invalid payerId format returns 400","functional-tests.tests.activation","2026-08-11","passed","2026-08-11","","test_debtor_activation_payer_status","",""
"Test sending a DELETE operation message via GPD message API after a standalone UPDATE (no prior CREATE)","1946","A DELETE message after standalone UPDATE VALID","functional-tests.tests.process_messages_sender","2026-08-11","passed","2026-08-11","","test_RTP_process_sender_DELETE","",""
"Test sending an UPDATE after CREATE VALID + DELETE with different statuses","1884","An UPDATE message with status INVALID after CREATE VALID and DELETE","functional-tests.tests.process_messages_sender","2026-08-11","passed","2026-08-11","","test_RTP_process_sender_UPDATE","",""
"An EPC response containing fields not declared in the OpenAPI spec is treated as an invalid message and is NOT tolerated for accept/reject purposes (confirmed with rtp-sender-v2 maintainers, PR #26). The extra `invalid-field` property invalidates the whole response, so the CNCL confirmation is not processed and the RTP stays in RFC_SENT.","2752","Cancelling an RTP - EPC v4 mock unhappy path scenario: cncl_extra_field","functional-tests.tests.cancel_rtp","2026-08-11","passed","2026-08-11","","test_RTP_cancel_MOCK_V2","",""
"Test sending an UPDATE operation message with different statuses via GPD message API after a CREATE","1427","An UPDATE message with status EXPIRED after CREATE","functional-tests.tests.process_messages_sender","2026-08-11","passed","2026-08-11","","test_RTP_process_sender_UPDATE","",""
"","927","Find by payer id request must contain lower case fiscal code","functional-tests.tests.activation","2026-08-11","passed","2026-08-11","","test_debtor_activation_create","",""
"Test sending a DELETE operation message via GPD message API after a standalone UPDATE (no prior CREATE)","1337","A DELETE message after standalone UPDATE EXPIRED","functional-tests.tests.process_messages_sender","2026-08-11","passed","2026-08-11","","test_RTP_process_sender_DELETE","",""
"Test sending a DELETE operation message via GPD message API after a CREATE VALID + UPDATE","2459","A DELETE message after CREATE VALID + UPDATE PAID","functional-tests.tests.process_messages_sender","2026-08-11","passed","2026-08-11","","test_RTP_process_sender_DELETE","",""
"
Test RFC callback DS12N with non-existing service provider, cancel via REST Web API.

Flow:
1. Activate payer
2. Send an RTP via GPD message (CREATE VALID)
3. Cancel the RTP via REST cancel endpoint with cancel_reason → RTP to RFC_SENT
4. Send DS12N callback with non-existing BIC (MOCKSP99)
5. Verify callback is rejected with 400 (service provider not found)
","1819","Failed RFC callback for non existing Service Provider - DS-12N RJCR compliant - through Web API cancel","functional-tests.tests.callbacks","2026-08-11","passed","2026-08-11","","test_RTP_callback_DS_12N","",""
"","426","missing token → 401 Unauthorized","functional-tests.tests.get_rtp","2026-08-11","passed","2026-08-11","","test_RTP_get","",""
"","7185","RTP form cancellation with reason MODT","ux-tests.tests","2026-08-11","failed","2026-08-11","","test_RTP_cancel_v4","",""
"","880","Find by payer id returns 404 when the token subject does not own the activation's Service Provider ID","functional-tests.tests.activation","2026-08-11","passed","2026-08-11","","test_debtor_activation_get","",""
"","2462","An RTP callback with status REJECTED is successfully received","functional-tests.tests.callbacks","2026-08-11","passed","2026-08-11","","test_RTP_callback_DS_08","",""
"
DS_12N RJCR RFC callback sent with the Version header must be rejected with 400.
The RTP must remain in RFC_SENT (transition to ERROR_CANCEL must not happen).

Flow:
1. Activate payer, send RTP, trigger cancel via GPD DELETE → RFC_SENT
2. Build a valid DS_12N RJCR payload
3. POST to RFC callback endpoint WITH Version header
4. Verify 400 is returned with the expected error body
5. Verify RTP status is still RFC_SENT
","2321","DS_12N RJCR RFC callback with Version header returns 400","functional-tests.tests.callbacks","2026-08-11","passed","2026-08-11","","test_RTP_callback_with_version_header","",""
"Each entry in ``INVALID_PAYER_IDS`` (see dataset docstring) must be rejected with 400.","634","The activation request must contain a validly formatted fiscal code","functional-tests.tests.activation","2026-08-11","passed","2026-08-11","","test_debtor_activation_create","",""
"
Tests that sending an RTP payload with an amount over the POSTE limit results in a 400 Bad Request response.

:param debtor_sp_mock_cert_key: Certificate and key tuple for mutual TLS authentication.
:type debtor_sp_mock_cert_key: Tuple[str, str]
","1052","Cannot send RTP with an amount over the POSTE limit","functional-tests.tests.availability","2026-08-11","failed","2026-08-11","","test_availability_POSTE","",""
"","403","Sending an RTP when EPC returns an unexpected status code error (RTP_05.CHK.A0007) returns 500","functional-tests.tests.send_rtp","2026-08-11","failed","2026-08-11","","test_RTP_send_MOCK","",""
"
Test RFC callback DS12P with INVALID status, cancel via REST Web API.

Flow:
1. Activate payer
2. Send an RTP via GPD message (CREATE VALID)
3. Cancel the RTP via REST cancel endpoint with cancel_reason → RTP to RFC_SENT
4. Send DS12P callback with CxlStsId INVALID
5. Verify callback is rejected with 400
6. Verify RTP status is still RFC_SENT
","2406","An RFC callback DS12P INVALID is rejected with 400 - through Web API cancel","functional-tests.tests.callbacks","2026-08-11","passed","2026-08-11","","test_RTP_callback_DS_12P","",""
"DS_08P ACCP callback sent twice on the same RTP (direct SENT -> USER_ACCEPTED).

The second callback must be rejected with 400 since the transition is no
longer valid once the RTP is already USER_ACCEPTED.
","2828","Failed v2 callback for invalid RTP transition - DS-08P positive compliant","functional-tests.tests.callbacks_v2","2026-08-11","passed","2026-08-11","","test_RTP_callback_DS_08P_positive","",""
"
Tests that sending an RTP payload with an invalid amount to the POSTE endpoint results in a 400 Bad Request response.

:param debtor_sp_mock_cert_key: Certificate and key tuple for mutual TLS authentication.
:type debtor_sp_mock_cert_key: Tuple[str, str]
","1655","Cannot send RTP with invalid amount","functional-tests.tests.availability","2026-08-11","passed","2026-08-11","","test_availability_POSTE","",""
"Test sending a DELETE operation message via GPD message API after a CREATE VALID + UPDATE","2041","A DELETE message after CREATE VALID + UPDATE INVALID","functional-tests.tests.process_messages_sender","2026-08-11","passed","2026-08-11","","test_RTP_process_sender_DELETE","",""
"","1811","An RTP sent with synchronous acceptance is in status ACCEPTED - DS-05 ACTC - through Web API V2","functional-tests.tests.send_rtp","2026-08-11","passed","2026-08-11","","test_RTP_send_MOCK","",""
"Each entry in ``INVALID_PAYER_IDS`` must be rejected with 400.

The ``description`` parameter appears in pytest output to identify which
case failed without having to inspect the raw value.
","410","Querying activation status with an invalid payerId format returns 400","functional-tests.tests.activation","2026-08-11","passed","2026-08-11","","test_debtor_activation_payer_status","",""
"
Test RFC callback DS12P with INVALID status, cancel via REST Web API.

Flow:
1. Activate payer
2. Send an RTP via GPD message (CREATE VALID)
3. Cancel the RTP via REST cancel endpoint with cancel_reason → RTP to RFC_SENT
4. Send DS12P callback with CxlStsId INVALID
5. Verify callback is rejected with 400
6. Verify RTP status is still RFC_SENT
","2808","An RFC callback DS12P INVALID is rejected with 400 - through Web API cancel","functional-tests.tests.callbacks","2026-08-11","passed","2026-08-11","","test_RTP_callback_DS_12P","",""
"","540","Sending an RTP when EPC returns a malformed/invalid response body returns 500 - through Web API V2","functional-tests.tests.send_rtp","2026-08-11","failed","2026-08-11","","test_RTP_send_MOCK","",""
"
Test RFC callback DS12N with INVALID status.

Flow:
1. Activate payer
2. Send an RTP via GPD message (CREATE VALID)
3. Cancel the RTP via GPD message (DELETE) → RTP to RFC_SENT
4. Send DS12N callback with CxlStsId INVALID
5. Verify callback is rejected with 400
6. Verify RTP status is still RFC_SENT
","2342","An RFC callback DS12N INVALID is rejected with 400","functional-tests.tests.callbacks","2026-08-11","passed","2026-08-11","","test_RTP_callback_DS_12N","",""
"","2659","An RTP sent with synchronous rejection and missing _links results in status REJECTED - through Web API V2","functional-tests.tests.send_rtp","2026-08-11","passed","2026-08-11","","test_RTP_send_MOCK","",""
"
Given an RTP is sent successfully (status SENT) for a given noticeNumber + payeeId,
when the payee queries the delivery-status endpoint with the correct noticeNumber
but a different payeeId,
then the response must be HTTP 200 with status=PD_RTP_NOT_DELIVERED, verifying
that the endpoint filters on both fields.
","6478","Existing noticeNumber with wrong payeeId → PD_RTP_NOT_DELIVERED","functional-tests.tests.get_rtp","2026-08-11","passed","2026-08-11","","test_RTP_get_delivery_status","",""
"
DS_08P ACCP callback sent with the Version header must be rejected with 400.
The RTP must remain in ACCEPTED (transition to USER_ACCEPTED must not happen).

Flow:
1. Activate payer, send RTP, advance to ACCEPTED via DS_05 (without header)
2. Build a valid DS_08P ACCP payload
3. POST WITH Version header
4. Verify 400 is returned with the expected error body
5. Verify RTP status is still ACCEPTED
","3400","DS_08P ACCP callback with Version header returns 400","functional-tests.tests.callbacks","2026-08-11","passed","2026-08-11","","test_RTP_callback_with_version_header","",""
"","1399","An RTP sent when EPC response omits _links is in status ACCEPTED","functional-tests.tests.send_rtp","2026-08-11","passed","2026-08-11","","test_RTP_send_MOCK","",""
"The PSP synchronously rejects the cancellation request with 422 (per standard behaviour for the EPC 415 Unsupported Media Type scenario). The RTP then transitions to ERROR_CANCEL via ERROR_CANCEL_RTP.","2065","Cancelling an RTP - EPC v4 mock unhappy path scenario: epc_415","functional-tests.tests.cancel_rtp","2026-08-11","failed","2026-08-11","","test_RTP_cancel_MOCK_V2","",""
"CREATE VALID with an ec_tax_code that does not exist in GPD returns 422 Payee not found","909","A CREATE VALID message with a non-existent ec_tax_code is rejected","functional-tests.tests.process_messages_sender","2026-08-11","passed","2026-08-11","","test_RTP_process_sender_CREATE","",""
"Each entry in ``INVALID_PAYER_IDS`` (see dataset docstring) must be rejected with 400.","428","The activation request must contain a validly formatted fiscal code","functional-tests.tests.activation","2026-08-11","passed","2026-08-11","","test_debtor_activation_create","",""
"
Send the same CREATE VALID message twice.

Because send_gpd_message derives the Idempotency-Key deterministically from
the message id (msg_id), reusing the same payload reuses the same key.

Expectations:
- Both calls return HTTP 200 (idempotent, not an error).
- The resourceId in both responses is identical, proving the API returned
  the cached response and did not process the message twice.
- Querying by notice number returns exactly one RTP, confirming that only
  one record was written to the database.
","1831","Two CREATE VALID messages with the same Idempotency-Key both succeed but only one RTP is stored","functional-tests.tests.process_messages_sender","2026-08-11","passed","2026-08-11","","test_RTP_process_sender_IDEMPOTENCY","",""
"","2251","An RTP sent with synchronous acceptance is in status ACCEPTED - DS-05 ACTC - through Web API","functional-tests.tests.send_rtp","2026-08-11","passed","2026-08-11","","test_RTP_send_MOCK","",""
"","1726","An RTP is sent to a CBI service with activated fiscal code - through Web API V2","functional-tests.tests.send_rtp","2026-08-11","failed","2026-08-11","","test_RTP_send_CBI","",""
"Each entry in ``INVALID_PAYER_IDS`` (see dataset docstring) must be rejected with 400.","1301","The activation request must contain a validly formatted fiscal code","functional-tests.tests.activation","2026-08-11","passed","2026-08-11","","test_debtor_activation_create","",""
"","426","The activation request must contain a Service Provider ID of valid length","functional-tests.tests.activation","2026-08-11","passed","2026-08-11","","test_debtor_activation_create","",""
"","897","A debtor activated with an owned but distinct Service Provider ID is deactivated","functional-tests.tests.activation","2026-08-11","passed","2026-08-11","","test_debtor_deactivation","",""
"
DS_05 ACTC callback sent with the Version header must be rejected with 400.
The RTP must remain in SENT (transition to ACCEPTED must not happen).

Flow:
1. Activate payer and send an RTP → resource_id
2. Build a valid DS_05 ACTC payload referencing the RTP
3. POST to callback endpoint WITH Version header
4. Verify 400 is returned with the expected error body
5. Verify RTP status is still SENT
","1924","DS_05 ACTC callback with Version header returns 400","functional-tests.tests.callbacks","2026-08-11","passed","2026-08-11","","test_RTP_callback_with_version_header","",""
"
Test v2 RFC callback DS12P with CNCL status.

Flow:
1. Activate payer
2. Send an RTP via GPD message v2 (CREATE VALID)
3. Cancel the RTP via GPD message v2 (DELETE) -> RTP to RFC_SENT
4. Send DS12P callback with CxlStsId CNCL (Cancelled As Per Request)
5. Verify callback is accepted (200)
6. Verify RTP status is CANCELLED
","2387","A v2 RFC callback DS12P CNCL is successfully received and RTP status is CANCELLED","functional-tests.tests.callbacks_v2","2026-08-11","passed","2026-08-11","","test_RTP_callback_DS_12P_positive","",""
"
Test RFC callback DS12N with RJCR status, cancel triggered via REST Web API with explicit reason.

Flow:
1. Activate payer
2. Send an RTP via GPD message (CREATE VALID)
3. Cancel the RTP via REST cancel endpoint with cancel_reason → RTP to RFC_SENT
4. Send DS12N callback with CxlStsId RJCR (Rejected Cancellation Request)
5. Verify callback is accepted (200)
6. Verify RTP status is ERROR_CANCEL
","2843","An RFC callback DS12N RJCR is successfully received and RTP status is ERROR_CANCEL - through Web API cancel","functional-tests.tests.callbacks","2026-08-11","passed","2026-08-11","","test_RTP_callback_DS_12N","",""
"","823","A debtor with VAT number is activated and retrieved by activation id","functional-tests.tests.activation","2026-08-11","passed","2026-08-11","","test_debtor_activation_get","",""
"
Payer activated under SP A.
- SP B (read_rtp_activations): isActive must be false - privacy rule hides cross-SP activation.
- Admin (read_rtp_all): isActive must be true - role grants visibility across all SPs.
Same payer, same endpoint, different roles → different results.
","1297","read_rtp_all role returns isActive true while read_rtp_activations returns false for the same cross-SP payer","functional-tests.tests.activation","2026-08-11","passed","2026-08-11","","test_debtor_activation_payer_status","",""
"Test sending an UPDATE operation message with different statuses via GPD message API after a CREATE","1416","An UPDATE message with status INVALID after CREATE","functional-tests.tests.process_messages_sender","2026-08-11","passed","2026-08-11","","test_RTP_process_sender_UPDATE","",""
"The PSP synchronously rejects the cancellation request with 422 (per standard behaviour for the EPC 410 Gone scenario). The RTP then transitions to ERROR_CANCEL via ERROR_CANCEL_RTP.","2071","Cancelling an RTP - EPC v4 mock unhappy path scenario: epc_410","functional-tests.tests.cancel_rtp","2026-08-11","failed","2026-08-11","","test_RTP_cancel_MOCK_V2","",""
"
Test v2 RFC callback DS12P with CNCL status applied twice on the same RTP.

Flow:
1. Activate payer
2. Send an RTP via GPD message v2 (CREATE VALID)
3. Cancel the RTP via GPD message v2 (DELETE) -> RTP to RFC_SENT
4. Send DS12P callback with CxlStsId CNCL (Cancelled As Per Request) -> RTP to CANCELLED
5. Send the same DS12P CNCL callback again on the already cancelled RTP
6. Verify the second callback is rejected (400) since the transition is no longer valid
7. Verify RTP status remains CANCELLED
","5006","Failed v2 RFC callback for invalid RTP transition - DS-12P positive compliant","functional-tests.tests.callbacks_v2","2026-08-11","passed","2026-08-11","","test_RTP_callback_DS_12P_positive","",""
"MOCKSP04 owns MOCKSP01 as well as its own spId; activation must be allowed on either.","1728","A debtor is activated using a Service Provider ID the token subject owns but does not itself represent","functional-tests.tests.activation","2026-08-11","passed","2026-08-11","","test_debtor_activation_create","",""
"Each entry in ``INVALID_PAYER_IDS`` (see dataset docstring) must be rejected with 400.","400","The activation request must contain a validly formatted fiscal code","functional-tests.tests.activation","2026-08-11","passed","2026-08-11","","test_debtor_activation_create","",""
"Each entry in ``INVALID_PAYER_IDS`` (see dataset docstring) must be rejected with 400.","401","The activation request must contain a validly formatted fiscal code","functional-tests.tests.activation","2026-08-11","failed","2026-08-11","","test_debtor_activation_create","",""
"","1764","An RTP callback is received with invalid status","functional-tests.tests.callbacks","2026-08-11","passed","2026-08-11","","test_RTP_callback_DS_08","",""
"","397","Sending an RTP when EPC returns a malformed/invalid response body returns 500 - through Web API","functional-tests.tests.send_rtp","2026-08-11","failed","2026-08-11","","test_RTP_send_MOCK","",""
"Test sending a DELETE operation message via GPD message API after a CREATE VALID + UPDATE","2479","A DELETE message after CREATE VALID + UPDATE PUBLISHED","functional-tests.tests.process_messages_sender","2026-08-11","passed","2026-08-11","","test_RTP_process_sender_DELETE","",""
"","7961","RTP form cancellation with reason PAID","ux-tests.tests","2026-08-11","failed","2026-08-11","","test_RTP_cancel_v3","",""
"Test sending a CREATE operation message with different statuses via GPD message API","829","A CREATE message with status PUBLISHED","functional-tests.tests.process_messages_sender","2026-08-11","passed","2026-08-11","","test_RTP_process_sender_CREATE","",""
"Each entry in ``INVALID_PAYER_IDS`` must be rejected with 400.

The ``description`` parameter appears in pytest output to identify which
case failed without having to inspect the raw value.
","429","Querying activation status with an invalid payerId format returns 400","functional-tests.tests.activation","2026-08-11","passed","2026-08-11","","test_debtor_activation_payer_status","",""
"
DS_12P CNCL RFC callback sent with the Version header must be rejected with 400.
The RTP must remain in RFC_SENT (transition to CANCELLED must not happen).

Flow:
1. Activate payer, send RTP, trigger cancel via GPD DELETE → RFC_SENT
2. Build a valid DS_12P CNCL payload
3. POST to RFC callback endpoint WITH Version header
4. Verify 400 is returned with the expected error body
5. Verify RTP status is still RFC_SENT
","2228","DS_12P CNCL RFC callback with Version header returns 400","functional-tests.tests.callbacks","2026-08-11","passed","2026-08-11","","test_RTP_callback_with_version_header","",""
"Test sending a CREATE operation message with an Italian VAT number via GPD message API","996","A CREATE message with VAT number (Partita IVA) is successfully sent through GPD message API","functional-tests.tests.process_messages_sender","2026-08-11","passed","2026-08-11","","test_RTP_process_sender","",""
"The response body is not a recognizable cancellation confirmation (quoted plain string), so the RTP stays in RFC_SENT.","2328","Cancelling an RTP - EPC v4 mock happy path scenario: plain_string","functional-tests.tests.cancel_rtp","2026-08-11","passed","2026-08-11","","test_RTP_cancel_MOCK_V2","",""
"","3078","Failed callback for invalid RTP transition - DS-08P ACCP compliant","functional-tests.tests.callbacks","2026-08-11","passed","2026-08-11","","test_RTP_callback_DS_08","",""
"Each entry in ``INVALID_PAYER_IDS`` must be rejected with 400.

The ``description`` parameter appears in pytest output to identify which
case failed without having to inspect the raw value.
","428","Querying activation status with an invalid payerId format returns 400","functional-tests.tests.activation","2026-08-11","passed","2026-08-11","","test_debtor_activation_payer_status","",""
"Test sending an UPDATE operation message with different statuses via GPD message API after a CREATE","1988","An UPDATE message with status PAID after CREATE","functional-tests.tests.process_messages_sender","2026-08-11","passed","2026-08-11","","test_RTP_process_sender_UPDATE","",""
"Each entry in ``INVALID_PAYER_IDS`` (see dataset docstring) must be rejected with 400.","427","The activation request must contain a validly formatted fiscal code","functional-tests.tests.activation","2026-08-11","passed","2026-08-11","","test_debtor_activation_create","",""
"Authenticated but not authorized: token of SP A tries to use OTP issued for SP B","1286","Test Takeover Fails with Wrong SP Token","functional-tests.tests.takeover","2026-08-11","passed","2026-08-11","","test_debtor_takeover","",""
"Each entry in ``INVALID_PAYER_IDS`` must be rejected with 400.

The ``description`` parameter appears in pytest output to identify which
case failed without having to inspect the raw value.
","426","Querying activation status with an invalid payerId format returns 400","functional-tests.tests.activation","2026-08-11","passed","2026-08-11","","test_debtor_activation_payer_status","",""
"
Test RFC callback DS12P with wrong certificate identity, cancel via REST Web API.

Flow:
1. Activate payer
2. Send an RTP via GPD message (CREATE VALID)
3. Cancel the RTP via REST cancel endpoint with cancel_reason → RTP to RFC_SENT
4. Send DS12P callback with assignee_bic='FAKESP01' (doesn't match certificate identity MOCKSP04)
5. Verify callback is rejected with 403 (certificate mismatch)
","1809","Unauthorized RFC callback due to wrong certificate serial - through Web API cancel","functional-tests.tests.callbacks","2026-08-11","passed","2026-08-11","","test_RTP_callback_DS_12P","",""
"","2990","Takeover fails with invalid OTP","bdd-tests","2026-08-11","passed","2026-08-11","Debtor_Activation_Takeover","RTP","",""
"","2019","An RTP sent with synchronous rejection is in status REJECTED - DS-08P N","functional-tests.tests.send_rtp","2026-08-11","passed","2026-08-11","","test_RTP_send_MOCK","",""
"","1","Successful login","bdd-tests","2026-08-11","passed","2026-08-11","RTP_Web_Sending","RTP","",""
"","2225","DS_document RJCT v2 callback with Version header returns 400","functional-tests.tests.callbacks_v2","2026-08-11","passed","2026-08-11","","test_RTP_callback_with_version_header","",""
"Test sending a DELETE operation message via GPD message API after a CREATE","1266","A DELETE message after CREATE INVALID","functional-tests.tests.process_messages_sender","2026-08-11","passed","2026-08-11","","test_RTP_process_sender_DELETE","",""
"","3074","RTP form is filled and submitted","ux-tests.tests","2026-08-11","passed","2026-08-11","","test_RTP_cancel_v4","",""
"","441","Retrieving non-existent activation by payer id returns 404","functional-tests.tests.activation","2026-08-11","passed","2026-08-11","","test_debtor_activation_get","",""
"","1673","An RTP sent when EPC response omits _links is in status ACCEPTED - through Web API V2","functional-tests.tests.send_rtp","2026-08-11","passed","2026-08-11","","test_RTP_send_MOCK","",""
"","2738","A v2 RTP callback with status ACCP is successfully received","functional-tests.tests.callbacks_v2","2026-08-11","passed","2026-08-11","","test_RTP_callback_DS_08P_positive","",""
"","820","A debtor activated with an owned but distinct Service Provider ID is retrieved by payer id","functional-tests.tests.activation","2026-08-11","passed","2026-08-11","","test_debtor_activation_get","",""
"","2215","DS_08P positive v2 callback with Version header returns 400","functional-tests.tests.callbacks_v2","2026-08-11","passed","2026-08-11","","test_RTP_callback_with_version_header","",""
"Test sending a CREATE operation message with different statuses via GPD message API","968","A CREATE message with status DRAFT","functional-tests.tests.process_messages_sender","2026-08-11","passed","2026-08-11","","test_RTP_process_sender_CREATE","",""
"","430","Get payees consents with negative page size returns 400","functional-tests.tests.service_registry","2026-08-11","passed","2026-08-11","","test_get_payees_consents","",""
"","1921","An RTP callback is received with invalid status","functional-tests.tests.callbacks","2026-08-11","passed","2026-08-11","","test_RTP_callback_DS_08","",""
"
Test RFC callback DS12N with RJCR status applied twice on the same RTP.

Flow:
1. Activate payer
2. Send an RTP via GPD message (CREATE VALID)
3. Cancel the RTP via GPD message (DELETE) -> RTP to RFC_SENT
4. Send DS12N callback with CxlStsId RJCR (Rejected Cancellation Request) -> RTP to ERROR_CANCEL
5. Send the same DS12N RJCR callback again on the already transitioned RTP
6. Verify the second callback is rejected (400) since the transition is no longer valid
7. Verify RTP status remains ERROR_CANCEL
","4877","Failed RFC callback for invalid RTP transition - DS-12N RJCR compliant","functional-tests.tests.callbacks","2026-08-11","passed","2026-08-11","","test_RTP_callback_DS_12N","",""
"","3183","An RTP is sent to a CBI service with activated fiscal code - through Web API","functional-tests.tests.send_rtp","2026-08-11","passed","2026-08-11","","test_RTP_send_CBI","",""
"Each entry in ``INVALID_PAYER_IDS`` must be rejected with 400.

The ``description`` parameter appears in pytest output to identify which
case failed without having to inspect the raw value.
","434","Querying activation status with an invalid payerId format returns 400","functional-tests.tests.activation","2026-08-11","failed","2026-08-11","","test_debtor_activation_payer_status","",""
"","1850","An RTP sent with synchronous acceptance is in status ACCEPTED - DS-05 ACTC","functional-tests.tests.send_rtp","2026-08-11","passed","2026-08-11","","test_RTP_send_MOCK","",""
"","429","A Service Provider with invalid client secret is not authenticated on Keycloak","functional-tests.tests.auth","2026-08-11","passed","2026-08-11","","test_auth","",""
"
Test RFC callback DS12N with wrong certificate identity, cancel via REST Web API.

Flow:
1. Activate payer
2. Send an RTP via GPD message (CREATE VALID)
3. Cancel the RTP via REST cancel endpoint with cancel_reason → RTP to RFC_SENT
4. Send DS12N callback with assignee_bic='FAKESP01' (doesn't match certificate identity MOCKSP04)
5. Verify callback is rejected with 403 (certificate mismatch)
","2406","Unauthorized RFC callback due to wrong certificate serial - through Web API cancel","functional-tests.tests.callbacks","2026-08-11","passed","2026-08-11","","test_RTP_callback_DS_12N","",""
"
Tests that sending an RTP payload with an expired date to the POSTE endpoint results in a 400 Bad Request response.

:param debtor_sp_mock_cert_key: Certificate and key tuple for mutual TLS authentication.
:type debtor_sp_mock_cert_key: Tuple[str, str]
","1071","Cannot send RTP with expired date","functional-tests.tests.availability","2026-08-11","failed","2026-08-11","","test_availability_POSTE","",""
"","449","All auth fixtures expose a valid Bearer token format","functional-tests.tests.auth","2026-08-11","passed","2026-08-11","","test_auth","",""
"
Test RFC callback DS12N with wrong certificate identity, cancel via REST Web API.

Flow:
1. Activate payer
2. Send an RTP via GPD message (CREATE VALID)
3. Cancel the RTP via REST cancel endpoint with cancel_reason → RTP to RFC_SENT
4. Send DS12N callback with assignee_bic='FAKESP01' (doesn't match certificate identity MOCKSP04)
5. Verify callback is rejected with 403 (certificate mismatch)
","1810","Unauthorized RFC callback due to wrong certificate serial - through Web API cancel","functional-tests.tests.callbacks","2026-08-11","passed","2026-08-11","","test_RTP_callback_DS_12N","",""
"Test sending a DELETE operation message via GPD message API after a CREATE","1266","A DELETE message after CREATE PAID","functional-tests.tests.process_messages_sender","2026-08-11","passed","2026-08-11","","test_RTP_process_sender_DELETE","",""
"
Test v2 RFC callback DS12N with RJCR status applied twice on the same RTP.

Flow:
1. Activate payer
2. Send an RTP via GPD message v2 (CREATE VALID)
3. Cancel the RTP via GPD message v2 (DELETE) -> RTP to RFC_SENT
4. Send DS12N callback with CxlStsId RJCR (Rejected Cancellation Request) -> RTP to CANCELLED_REJECTED
5. Send the same DS12N RJCR callback again on the already transitioned RTP
6. Verify the second callback is rejected (400) since the transition is no longer valid
7. Verify RTP status remains CANCELLED_REJECTED
","3775","Failed v2 RFC callback for invalid RTP transition - DS-12N negative compliant","functional-tests.tests.callbacks_v2","2026-08-11","passed","2026-08-11","","test_RTP_callback_DS_12N_negative","",""
"","1059","A debtor with foreign fiscal code is activated successfully","functional-tests.tests.activation","2026-08-11","passed","2026-08-11","","test_debtor_activation_create","",""
"","386","Get payees consents with invalid authorization returns 401","functional-tests.tests.service_registry","2026-08-11","passed","2026-08-11","","test_get_payees_consents","",""
"Test the takeover flow where a user changes service provider","3280","Test Takeover Flow","functional-tests.tests.takeover","2026-08-11","passed","2026-08-11","","test_debtor_takeover","",""
"","2183","Failed callback for non existing Service Provider - DS-08N negative compliant","functional-tests.tests.callbacks_v2","2026-08-11","passed","2026-08-11","","test_RTP_callback_DS_08N_negative","",""
"","1046","Unauthorized callback due to wrong certificate serial","functional-tests.tests.callbacks","2026-08-11","passed","2026-08-11","","test_RTP_callback_DS_08","",""
"","410","Unauthorized callback due to wrong certificate serial","functional-tests.tests.callbacks","2026-08-11","passed","2026-08-11","","test_RTP_callback_DS_04","",""
"","435","Get payees consents with invalid date format returns 400","functional-tests.tests.service_registry","2026-08-11","passed","2026-08-11","","test_get_payees_consents","",""
"","448","A Service Provider with invalid client ID is not authenticated on Keycloak","functional-tests.tests.auth","2026-08-11","passed","2026-08-11","","test_auth","",""
"Test sending an UPDATE after CREATE VALID + DELETE with different statuses","1853","An UPDATE message with status VALID after CREATE VALID and DELETE","functional-tests.tests.process_messages_sender","2026-08-11","passed","2026-08-11","","test_RTP_process_sender_UPDATE","",""
"","734","A Service Provider tries to activates a debtor without having the correct credentials","bdd-tests","2026-08-11","passed","2026-08-11","Debtor_Activation","RTP","",""
"","874","A debtor with omocodia fiscal code is activated successfully","functional-tests.tests.activation","2026-08-11","passed","2026-08-11","","test_debtor_activation_create","",""
"Missing or invalid Bearer token → the endpoint must return 401.","404","Querying activation status without a valid token returns 401","functional-tests.tests.activation","2026-08-11","passed","2026-08-11","","test_debtor_activation_payer_status","",""
"","1355","RTP cancellation fails with an invalid reason - V2","functional-tests.tests.cancel_rtp","2026-08-11","passed","2026-08-11","","test_RTP_cancel","",""
"","947","An RTP is sent through API - through Web API","functional-tests.tests.send_rtp","2026-08-11","passed","2026-08-11","","test_RTP_send_MOCK","",""
"","3548","An RTP callback is successfully received with status ACCP","functional-tests.tests.callbacks","2026-08-11","passed","2026-08-11","","test_RTP_callback_DS_08","",""
"
Test RFC callback DS12P with non-existing service provider.

Flow:
1. Activate payer
2. Send an RTP via GPD message (CREATE VALID)
3. Cancel the RTP via GPD message (DELETE) → RTP to RFC_SENT
4. Send DS12P callback with non-existing BIC (MOCKSP99)
5. Verify callback is rejected with 400 (service provider not found)
","1866","Failed RFC callback for non existing Service Provider - DS-12P CNCL compliant","functional-tests.tests.callbacks","2026-08-11","passed","2026-08-11","","test_RTP_callback_DS_12P","",""
"","2750","DS_12N negative RFC v2 callback with Version header returns 400","functional-tests.tests.callbacks_v2","2026-08-11","passed","2026-08-11","","test_RTP_callback_with_version_header","",""
"","402","Retrieving activation with malformed payer id returns 400","functional-tests.tests.activation","2026-08-11","passed","2026-08-11","","test_debtor_activation_get","",""
"
Test RFC callback DS12N with RJCR status, cancel triggered via REST Web API with explicit reason.

Flow:
1. Activate payer
2. Send an RTP via GPD message (CREATE VALID)
3. Cancel the RTP via REST cancel endpoint with cancel_reason → RTP to RFC_SENT
4. Send DS12N callback with CxlStsId RJCR (Rejected Cancellation Request)
5. Verify callback is accepted (200)
6. Verify RTP status is ERROR_CANCEL
","4663","An RFC callback DS12N RJCR is successfully received and RTP status is ERROR_CANCEL - through Web API cancel","functional-tests.tests.callbacks","2026-08-11","passed","2026-08-11","","test_RTP_callback_DS_12N","",""
"
Test RFC callback DS12N with INVALID status, cancel via REST Web API.

Flow:
1. Activate payer
2. Send an RTP via GPD message (CREATE VALID)
3. Cancel the RTP via REST cancel endpoint with cancel_reason → RTP to RFC_SENT
4. Send DS12N callback with CxlStsId INVALID
5. Verify callback is rejected with 400
6. Verify RTP status is still RFC_SENT
","2623","An RFC callback DS12N INVALID is rejected with 400 - through Web API cancel","functional-tests.tests.callbacks","2026-08-11","passed","2026-08-11","","test_RTP_callback_DS_12N","",""
"Test sending a DELETE operation message via GPD message API after a CREATE VALID + UPDATE","2949","A DELETE message after CREATE VALID + UPDATE VALID","functional-tests.tests.process_messages_sender","2026-08-11","passed","2026-08-11","","test_RTP_process_sender_DELETE","",""
"MOCKSP04 owns MOCKSP01 as well as its own spId; status must reflect the activation either way.","852","An active payer returns isActive true when activated under an owned but distinct Service Provider ID","functional-tests.tests.activation","2026-08-11","passed","2026-08-11","","test_debtor_activation_payer_status","",""
"Test sending an UPDATE operation message with different statuses via GPD message API after a CREATE","1484","An UPDATE message with status DRAFT after CREATE","functional-tests.tests.process_messages_sender","2026-08-11","passed","2026-08-11","","test_RTP_process_sender_UPDATE","",""
"","1125","Whitespaces is allowed in description and company name field","ux-tests.tests","2026-08-11","passed","2026-08-11","","test_RTP_submission_v3","",""
"Test sending an UPDATE operation message with different statuses via GPD message API before a CREATE","832","An UPDATE message with status DRAFT before CREATE","functional-tests.tests.process_messages_sender","2026-08-11","passed","2026-08-11","","test_RTP_process_sender_UPDATE_before_CREATE","",""
"Each entry in ``INVALID_PAYER_IDS`` (see dataset docstring) must be rejected with 400.","403","The activation request must contain a validly formatted fiscal code","functional-tests.tests.activation","2026-08-11","passed","2026-08-11","","test_debtor_activation_create","",""
"UPDATE PAID with psp_tax_code=None (invalid PSP) results in RTP state RFC_SENT","1454","An UPDATE PAID message with an invalid PSP results in RFC_SENT state","functional-tests.tests.process_messages_sender","2026-08-11","passed","2026-08-11","","test_RTP_process_sender_UPDATE","",""
"","3680","Failed callback for invalid RTP transition - DS-08P RJCT compliant","functional-tests.tests.callbacks","2026-08-11","passed","2026-08-11","","test_RTP_callback_DS_08","",""
"","4442","A v2 document RTP callback with status RJCT is successfully received","functional-tests.tests.callbacks_v2","2026-08-11","passed","2026-08-11","","test_RTP_callback_DS_document_rjct","",""
"Each entry in ``INVALID_PAYER_IDS`` must be rejected with 400.

The ``description`` parameter appears in pytest output to identify which
case failed without having to inspect the raw value.
","431","Querying activation status with an invalid payerId format returns 400","functional-tests.tests.activation","2026-08-11","passed","2026-08-11","","test_debtor_activation_payer_status","",""
"","408","All auth fixtures expose a valid Bearer token format","functional-tests.tests.auth","2026-08-11","passed","2026-08-11","","test_auth","",""
"","983","An RTP is sent to Poste service with activated fiscal code - through Web API V2","functional-tests.tests.send_rtp","2026-08-11","failed","2026-08-11","","test_RTP_send_POSTE","",""
"","404","Retrieving activation without valid token returns 401","functional-tests.tests.activation","2026-08-11","passed","2026-08-11","","test_debtor_activation_get","",""
"
Test v2 RFC callback DS12N with INVALID status.

Flow:
1. Activate payer
2. Send an RTP via GPD message v2 (CREATE VALID)
3. Cancel the RTP via GPD message v2 (DELETE) -> RTP to RFC_SENT
4. Send DS12N callback with CxlStsId INVALID
5. Verify callback is rejected with 400
6. Verify RTP status is still RFC_SENT
","2513","A v2 RFC callback DS12N INVALID is rejected with 400","functional-tests.tests.callbacks_v2","2026-08-11","passed","2026-08-11","","test_RTP_callback_DS_12N_negative","",""
"Active payer with omocodia fiscal code (digit substitution) → isActive must be true.","855","An active payer with omocodia fiscal code returns isActive true","functional-tests.tests.activation","2026-08-11","passed","2026-08-11","","test_debtor_activation_payer_status","",""
"","2238","DS_08N negative v2 callback with Version header returns 400","functional-tests.tests.callbacks_v2","2026-08-11","passed","2026-08-11","","test_RTP_callback_with_version_header","",""
"An EPC response containing fields not declared in the OpenAPI spec is treated as an invalid message and is NOT tolerated for accept/reject purposes (confirmed with rtp-sender-v2 maintainers, PR #26). The extra `invalid-field` property invalidates the whole response, so the RJCR confirmation is not processed and the RTP stays in RFC_SENT.","3159","Cancelling an RTP - EPC v4 mock unhappy path scenario: rjcr_extra_field","functional-tests.tests.cancel_rtp","2026-08-11","passed","2026-08-11","","test_RTP_cancel_MOCK_V2","",""
"Test sending a DELETE operation message via GPD message API after a CREATE VALID + UPDATE","1844","A DELETE message after CREATE VALID + UPDATE EXPIRED","functional-tests.tests.process_messages_sender","2026-08-11","passed","2026-08-11","","test_RTP_process_sender_DELETE","",""
"
Test RFC callback DS12N with INVALID status, cancel via REST Web API.

Flow:
1. Activate payer
2. Send an RTP via GPD message (CREATE VALID)
3. Cancel the RTP via REST cancel endpoint with cancel_reason → RTP to RFC_SENT
4. Send DS12N callback with CxlStsId INVALID
5. Verify callback is rejected with 400
6. Verify RTP status is still RFC_SENT
","2221","An RFC callback DS12N INVALID is rejected with 400 - through Web API cancel","functional-tests.tests.callbacks","2026-08-11","passed","2026-08-11","","test_RTP_callback_DS_12N","",""
"","427","Retrieving activation with invalid UUID returns 400","functional-tests.tests.activation","2026-08-11","passed","2026-08-11","","test_debtor_activation_get","",""
"Test that takeover fails when the service provider is unauthenticated","1459","Test Takeover Fails with Unauthenticated SP","functional-tests.tests.takeover","2026-08-11","passed","2026-08-11","","test_debtor_takeover","",""
"","2866","A v2 redirect RTP callback with status ACTC is successfully received","functional-tests.tests.callbacks_v2","2026-08-11","passed","2026-08-11","","test_RTP_callback_DS_05_redirect","",""
"
SP A activates the payer.
SP B queries the status → must get isActive=false to avoid disclosing
that the payer is registered under a competitor SP.
","844","A payer active on a different Service Provider returns isActive false (privacy)","functional-tests.tests.activation","2026-08-11","passed","2026-08-11","","test_debtor_activation_payer_status","",""
"Active payer identified by an 11-digit Partita IVA → isActive must be true.","822","An active payer with VAT number (Partita IVA) returns isActive true","functional-tests.tests.activation","2026-08-11","passed","2026-08-11","","test_debtor_activation_payer_status","",""
"`Sts.Conf = ""CNCL""` triggers CANCEL_RTP -> CONFIRM_RFC -> CANCEL_RTP_ACCR, ending in CANCELLED_ACCR.","2603","Cancelling an RTP - EPC v4 mock happy path scenario: cncl_confirmed","functional-tests.tests.cancel_rtp","2026-08-11","passed","2026-08-11","","test_RTP_cancel_MOCK_V2","",""
"Test sending an UPDATE after CREATE VALID + DELETE with different statuses","2511","An UPDATE message with status PUBLISHED after CREATE VALID and DELETE","functional-tests.tests.process_messages_sender","2026-08-11","passed","2026-08-11","","test_RTP_process_sender_UPDATE","",""
"","399","All auth fixtures expose a valid Bearer token format","functional-tests.tests.auth","2026-08-11","passed","2026-08-11","","test_auth","",""
"Test sending a DELETE operation message via GPD message API after a CREATE VALID + UPDATE","1790","A DELETE message after CREATE VALID + UPDATE DRAFT","functional-tests.tests.process_messages_sender","2026-08-11","passed","2026-08-11","","test_RTP_process_sender_DELETE","",""
"
Given a debtor is activated with the mock fiscal code that makes the debtor
service provider mock reply with a server error, when a GPD message (CREATE)
is sent via POST /gpd/message, then the rtp-sender fails to deliver the RTP
and records an ERROR_SEND_RTP event (RTP status becomes ERROR_SEND). When the
payee then queries the delivery-status endpoint with the matching noticeNumber
and payeeId, the response must be HTTP 200 with status=PD_RTP_NOT_DELIVERED
and processingDate absent or null.
","7929","RTP with ERROR_SEND_RTP event → PD_RTP_NOT_DELIVERED","functional-tests.tests.get_rtp","2026-08-11","failed","2026-08-11","","test_RTP_get_delivery_status","",""
"","1125","Whitespaces is allowed in description and company name field","ux-tests.tests","2026-08-11","passed","2026-08-11","","test_RTP_submission_v4","",""
"","2792","DS_12P positive RFC v2 callback with Version header returns 400","functional-tests.tests.callbacks_v2","2026-08-11","passed","2026-08-11","","test_RTP_callback_with_version_header","",""
"","406","Deactivation fails for non-existing activation","functional-tests.tests.activation","2026-08-11","passed","2026-08-11","","test_debtor_deactivation","",""
"","5191","An RTP is sent through CBI API","functional-tests.tests.availability","2026-08-11","passed","2026-08-11","","test_availability_CBI","",""
"Each entry in ``INVALID_PAYER_IDS`` (see dataset docstring) must be rejected with 400.","401","The activation request must contain a validly formatted fiscal code","functional-tests.tests.activation","2026-08-11","passed","2026-08-11","","test_debtor_activation_create","",""
"","1390","An RTP sent when EPC response contains an unknown field is ignored and remains in status SENT","functional-tests.tests.send_rtp","2026-08-11","passed","2026-08-11","","test_RTP_send_MOCK","",""
"","1689","RTP is successfully cancelled with reason MODT","functional-tests.tests.cancel_rtp","2026-08-11","passed","2026-08-11","","test_RTP_cancel","",""
"Test sending a CREATE operation message with different statuses via GPD message API","846","A CREATE message with status PARTIALLY_PAID","functional-tests.tests.process_messages_sender","2026-08-11","passed","2026-08-11","","test_RTP_process_sender_CREATE","",""
"No `Sts.Conf` confirmation is present (minimal JSON without Sts), so only CANCEL_RTP is triggered and the RTP stays in RFC_SENT.","1923","Cancelling an RTP - EPC v4 mock happy path scenario: minimal_json","functional-tests.tests.cancel_rtp","2026-08-11","passed","2026-08-11","","test_RTP_cancel_MOCK_V2","",""
"Same privacy rule as the cross-SP case: no explicit error, isActive is just false.","828","Get payer status returns isActive false when the token subject does not own the activation's Service Provider ID","functional-tests.tests.activation","2026-08-11","passed","2026-08-11","","test_debtor_activation_payer_status","",""
"","2409","A v2 RTP callback with invalid status is rejected without affecting the RTP status","functional-tests.tests.callbacks_v2","2026-08-11","passed","2026-08-11","","test_RTP_callback_DS_08N_negative","",""
"FAKESP01 does not own MOCKSP01, a Service Provider ID owned by another tspId.","400","Activation is forbidden for a Service Provider ID not owned by the token subject","functional-tests.tests.activation","2026-08-11","passed","2026-08-11","","test_debtor_activation_create","",""
"","823","A debtor activated with an owned but distinct Service Provider ID is retrieved by activation id","functional-tests.tests.activation","2026-08-11","passed","2026-08-11","","test_debtor_activation_get","",""
"","0","A Service Provider is authenticated","functional-tests.tests.auth","2026-08-11","passed","2026-08-11","","test_auth","",""
"","3794","Failed v2 document callback for invalid RTP transition - DS-document RJCT compliant","functional-tests.tests.callbacks_v2","2026-08-11","passed","2026-08-11","","test_RTP_callback_DS_document_rjct","",""
"","402","Invalid NextActivationId format returns 400","functional-tests.tests.activation","2026-08-11","passed","2026-08-11","","test_debtor_activation_list","",""
"","2161","SP_B cannot retrieve activation by Fiscal Code created by SP_A","functional-tests.tests.activation","2026-08-11","passed","2026-08-11","","test_RTP_activation_security","",""
"","2251","Unauthorized callback due to wrong certificate serial","functional-tests.tests.callbacks_v2","2026-08-11","passed","2026-08-11","","test_RTP_callback_DS_08P_positive","",""
"Empty OTP should be rejected","421","Test Takeover Fails with Empty OTP","functional-tests.tests.takeover","2026-08-11","passed","2026-08-11","","test_debtor_takeover","",""
"","1481","RTP is successfully cancelled with reason MODT - V2","functional-tests.tests.cancel_rtp","2026-08-11","passed","2026-08-11","","test_RTP_cancel","",""
"","401","All auth fixtures expose a valid Bearer token format","functional-tests.tests.auth","2026-08-11","passed","2026-08-11","","test_auth","",""
"Each entry in ``INVALID_PAYER_IDS`` must be rejected with 400.

The ``description`` parameter appears in pytest output to identify which
case failed without having to inspect the raw value.
","426","Querying activation status with an invalid payerId format returns 400","functional-tests.tests.activation","2026-08-11","passed","2026-08-11","","test_debtor_activation_payer_status","",""
"","463","inexistent RTP -> empty body","functional-tests.tests.get_rtp","2026-08-11","passed","2026-08-11","","test_RTP_get","",""
"Test sending an UPDATE after CREATE VALID + DELETE with different statuses","1830","An UPDATE message with status PAID after CREATE VALID and DELETE","functional-tests.tests.process_messages_sender","2026-08-11","passed","2026-08-11","","test_RTP_process_sender_UPDATE","",""
"Test sending a CREATE operation message with a foreign fiscal code via GPD message API","1026","A CREATE message with foreign fiscal code is successfully sent through GPD message API","functional-tests.tests.process_messages_sender","2026-08-11","passed","2026-08-11","","test_RTP_process_sender","",""
"","1864","Failed callback for non existing Service Provider - DS-document RJCT compliant","functional-tests.tests.callbacks_v2","2026-08-11","passed","2026-08-11","","test_RTP_callback_DS_document_rjct","",""
"Parametrized contract test generated from the Activation API OpenAPI spec.

Schemathesis derives one test case per endpoint defined in the spec, generating
request data (path params, query params, body) that is valid according to the schema.
Each case is executed against the live API and the response is validated with
CONTRACT_CHECKS.
","62697","test_activation_contract[GET /activations/payer]","contract-tests.tests","2026-08-11","passed","2026-08-11","","test_activation","",""
"","378","The service returns the mocked server error","functional-tests.tests.availability","2026-08-11","passed","2026-08-11","","test_availability_MOCK","",""
"","4017","An authenticated Service Provider cannot send an RTP to an unactivated debtor","bdd-tests","2026-08-11","passed","2026-08-11","RTP_Sending","RTP","",""
"Reusing the same OTP after a successful takeover should fail","1717","Test Takeover Fails with Reused OTP","functional-tests.tests.takeover","2026-08-11","passed","2026-08-11","","test_debtor_takeover","",""
"Test sending an UPDATE operation message with different statuses via GPD message API before a CREATE","818","An UPDATE message with status PARTIALLY_PAID before CREATE","functional-tests.tests.process_messages_sender","2026-08-11","passed","2026-08-11","","test_RTP_process_sender_UPDATE_before_CREATE","",""
"","1939","An RTP sent with synchronous rejection is in status REJECTED - DS-08P N - through Web API","functional-tests.tests.send_rtp","2026-08-11","passed","2026-08-11","","test_RTP_send_MOCK","",""
"","2905","Failed callback for non compliant DS-04b payload","functional-tests.tests.callbacks","2026-08-11","passed","2026-08-11","","test_RTP_callback_DS_04","",""
"
Test RFC callback DS12P with CNCL status.

Flow:
1. Activate payer
2. Send an RTP via GPD message (CREATE VALID)
3. Cancel the RTP via GPD message (DELETE) → RTP to RFC_SENT
4. Send DS12P callback with CxlStsId CNCL (Cancelled As Per Request)
5. Verify callback is accepted (200)
6. Verify RTP status is CANCELLED
","3283","An RFC callback DS12P CNCL is successfully received and RTP status is CANCEL","functional-tests.tests.callbacks","2026-08-11","passed","2026-08-11","","test_RTP_callback_DS_12P","",""
"Test sending a DELETE operation message via GPD message API after a CREATE","1522","A DELETE message after CREATE EXPIRED","functional-tests.tests.process_messages_sender","2026-08-11","passed","2026-08-11","","test_RTP_process_sender_DELETE","",""
"Test sending a DELETE operation message via GPD message API after a standalone UPDATE (no prior CREATE)","1945","A DELETE message after standalone UPDATE PUBLISHED","functional-tests.tests.process_messages_sender","2026-08-11","passed","2026-08-11","","test_RTP_process_sender_DELETE","",""
"","1850","Failed callback for non existing Service Provider - DS-05 redirect compliant","functional-tests.tests.callbacks_v2","2026-08-11","passed","2026-08-11","","test_RTP_callback_DS_05_redirect","",""
"","1937","An RTP sent with synchronous rejection containing extra fields results in status REJECTED","functional-tests.tests.send_rtp","2026-08-11","passed","2026-08-11","","test_RTP_send_MOCK","",""
"","1637","A debtor is activated and retrieved by activation id","functional-tests.tests.activation","2026-08-11","passed","2026-08-11","","test_debtor_activation_get","",""
"Each entry in ``INVALID_PAYER_IDS`` must be rejected with 400.

The ``description`` parameter appears in pytest output to identify which
case failed without having to inspect the raw value.
","399","Querying activation status with an invalid payerId format returns 400","functional-tests.tests.activation","2026-08-11","passed","2026-08-11","","test_debtor_activation_payer_status","",""
"","995","An RTP is sent to Poste service with activated fiscal code - through Web API","functional-tests.tests.send_rtp","2026-08-11","passed","2026-08-11","","test_RTP_send_POSTE","",""
"Each entry in ``INVALID_PAYER_IDS`` (see dataset docstring) must be rejected with 400.","537","The activation request must contain a validly formatted fiscal code","functional-tests.tests.activation","2026-08-11","passed","2026-08-11","","test_debtor_activation_create","",""
"Each entry in ``INVALID_PAYER_IDS`` must be rejected with 400.

The ``description`` parameter appears in pytest output to identify which
case failed without having to inspect the raw value.
","409","Querying activation status with an invalid payerId format returns 400","functional-tests.tests.activation","2026-08-11","passed","2026-08-11","","test_debtor_activation_payer_status","",""
"Test that takeover fails when an invalid OTP is provided","1266","Test Takeover Fails with Invalid OTP","functional-tests.tests.takeover","2026-08-11","passed","2026-08-11","","test_debtor_takeover","",""
"","410","Non-existent NextActivationId returns 200 with empty body","functional-tests.tests.activation","2026-08-11","passed","2026-08-11","","test_debtor_activation_list","",""
"","2690","Failed v2 redirect callback for invalid RTP transition - DS-05 ACTC compliant","functional-tests.tests.callbacks_v2","2026-08-11","passed","2026-08-11","","test_RTP_callback_DS_05_redirect","",""
"Test sending an UPDATE after CREATE VALID + DELETE with different statuses","2370","An UPDATE message with status PARTIALLY_PAID after CREATE VALID and DELETE","functional-tests.tests.process_messages_sender","2026-08-11","passed","2026-08-11","","test_RTP_process_sender_UPDATE","",""
"","1403","An RTP sent when EPC response contains an unknown field is ignored and remains in status SENT - through Web API","functional-tests.tests.send_rtp","2026-08-11","passed","2026-08-11","","test_RTP_send_MOCK","",""
"The response cannot be parsed as a cancellation confirmation (malformed, unquoted string), so the RTP stays in RFC_SENT rather than erroring out.","1872","Cancelling an RTP - EPC v4 mock unhappy path scenario: malformed_string","functional-tests.tests.cancel_rtp","2026-08-11","passed","2026-08-11","","test_RTP_cancel_MOCK_V2","",""
"","1292","An RTP is sent through API - through Web API V2","functional-tests.tests.send_rtp","2026-08-11","passed","2026-08-11","","test_RTP_send_MOCK","",""
"
Verify that a debt position can be updated successfully.
","6371","Happy path: a debt position is updated in DEV environment","functional-tests.tests.gpd_availability","2026-08-11","passed","2026-08-11","","test_availability_GPD","",""
"","822","A debtor with omocodia fiscal code is activated and retrieved by activation id","functional-tests.tests.activation","2026-08-11","passed","2026-08-11","","test_debtor_activation_get","",""
"Test sending a CREATE operation message via GPD message API","943","A CREATE message is successfully sent through GPD message API","functional-tests.tests.process_messages_sender","2026-08-11","passed","2026-08-11","","test_RTP_process_sender","",""
"
Test v2 RFC callback DS12P with non-existing service provider.

Flow:
1. Activate payer
2. Send an RTP via GPD message v2 (CREATE VALID)
3. Cancel the RTP via GPD message v2 (DELETE) -> RTP to RFC_SENT
4. Send DS12P callback with non-existing BIC (MOCKSP99)
5. Verify callback is rejected with 400 (service provider not found)
6. Verify RTP status is still RFC_SENT
","3643","Failed v2 RFC callback for non existing Service Provider - DS-12P positive compliant","functional-tests.tests.callbacks_v2","2026-08-11","passed","2026-08-11","","test_RTP_callback_DS_12P_positive","",""
"DS_08N RJCT callback sent after a prior DS_05 ACTC callback.

The RTP is expected to transition from SENT to ACCEPTED, then to USER_REJECTED.
","3704","A v2 RTP callback with status RJCT after DS_05 transitions the RTP to USER_REJECTED","functional-tests.tests.callbacks_v2","2026-08-11","passed","2026-08-11","","test_RTP_callback_DS_08N_negative","",""
"Each entry in ``INVALID_PAYER_IDS`` (see dataset docstring) must be rejected with 400.","427","The activation request must contain a validly formatted fiscal code","functional-tests.tests.activation","2026-08-11","passed","2026-08-11","","test_debtor_activation_create","",""
"Test sending a DELETE operation message via GPD message API after a standalone UPDATE (no prior CREATE)","3038","A DELETE message after standalone UPDATE INVALID","functional-tests.tests.process_messages_sender","2026-08-11","passed","2026-08-11","","test_RTP_process_sender_DELETE","",""
"","692","Get paginated list of payees successfully","functional-tests.tests.service_registry","2026-08-11","passed","2026-08-11","","test_service_registry_payees_registry","",""
"","2260","An RTP callback with status ACTC is successfully received","functional-tests.tests.callbacks","2026-08-11","passed","2026-08-11","","test_RTP_callback_DS_05","",""
"","440","All auth fixtures expose a valid Bearer token format","functional-tests.tests.auth","2026-08-11","passed","2026-08-11","","test_auth","",""
"`Sts.Conf = ""RJCR""` triggers CANCEL_RTP -> CONFIRM_RFC -> CANCEL_RTP_REJECTED, ending in CANCELLED_REJECTED.","2963","Cancelling an RTP - EPC v4 mock happy path scenario: rjcr_rejected","functional-tests.tests.cancel_rtp","2026-08-11","passed","2026-08-11","","test_RTP_cancel_MOCK_V2","",""
"Test sending a DELETE operation message via GPD message API after a CREATE","1286","A DELETE message after CREATE PARTIALLY_PAID","functional-tests.tests.process_messages_sender","2026-08-11","passed","2026-08-11","","test_RTP_process_sender_DELETE","",""
"The PSP synchronously rejects the cancellation request with 422 (per standard behaviour for the EPC 401 Unauthorized scenario). The RTP then transitions to ERROR_CANCEL via ERROR_CANCEL_RTP.","2649","Cancelling an RTP - EPC v4 mock unhappy path scenario: epc_401","functional-tests.tests.cancel_rtp","2026-08-11","failed","2026-08-11","","test_RTP_cancel_MOCK_V2","",""
"","3590","Failed callback for invalid RTP transition - DS-05 ACTC compliant","functional-tests.tests.callbacks","2026-08-11","passed","2026-08-11","","test_RTP_callback_DS_05","",""
"
Verify that a debt position can be created and published successfully.
","576","Happy path: a debt position is created and published in UAT environment","functional-tests.tests.gpd_availability","2026-08-11","passed","2026-08-11","","test_availability_GPD","",""
"Each entry in ``INVALID_PAYER_IDS`` must be rejected with 400.

The ``description`` parameter appears in pytest output to identify which
case failed without having to inspect the raw value.
","428","Querying activation status with an invalid payerId format returns 400","functional-tests.tests.activation","2026-08-11","passed","2026-08-11","","test_debtor_activation_payer_status","",""
"","1843","Unauthorized callback due to wrong certificate serial","functional-tests.tests.callbacks_v2","2026-08-11","passed","2026-08-11","","test_RTP_callback_DS_05_redirect","",""
"","954","An RTP is sent through GPD message API","functional-tests.tests.send_rtp","2026-08-11","passed","2026-08-11","","test_RTP_send_MOCK","",""
"Each entry in ``INVALID_PAYER_IDS`` (see dataset docstring) must be rejected with 400.","397","The activation request must contain a validly formatted fiscal code","functional-tests.tests.activation","2026-08-11","passed","2026-08-11","","test_debtor_activation_create","",""
"","413","Invalid pagination parameters returns 400","functional-tests.tests.activation","2026-08-11","passed","2026-08-11","","test_debtor_activation_list","",""
"","7195","RTP form cancellation with reason PAID","ux-tests.tests","2026-08-11","failed","2026-08-11","","test_RTP_cancel_v4","",""
"Test sending a CREATE operation message with different statuses via GPD message API","850","A CREATE message with status EXPIRED","functional-tests.tests.process_messages_sender","2026-08-11","passed","2026-08-11","","test_RTP_process_sender_CREATE","",""
"
Tests the retrieval of an access token from the POSTE authentication endpoint using client credentials and mutual TLS.

:param debtor_sp_mock_cert_key: Certificate and key tuple for mutual TLS authentication.
:type debtor_sp_mock_cert_key: Tuple[str, str]
","409","Auth endpoint returns valid token","functional-tests.tests.availability","2026-08-11","passed","2026-08-11","","test_availability_POSTE","",""
