"DESCRIPTION","DURATION IN MS","NAME","PARENT SUITE","START TIME","STATUS","STOP TIME","SUB SUITE","SUITE","TEST CLASS","TEST METHOD"
"
Test RFC callback DS12P with INVALID status.

Flow:
1. Activate payer
2. Send an RTP via GPD message (CREATE VALID)
3. Cancel the RTP via GPD message (DELETE) → RTP to RFC_SENT
4. Send DS12P callback with CxlStsId INVALID
5. Verify callback is rejected with 400
6. Verify RTP status is still RFC_SENT
","2482","An RFC callback DS12P INVALID is rejected with 400","functional-tests.tests.callbacks","2026-10-09","passed","2026-10-09","","test_RTP_callback_DS_12P","",""
"Each entry in ``INVALID_PAYER_IDS`` (see dataset docstring) must be rejected with 400.","516","The activation request must contain a validly formatted fiscal code","functional-tests.tests.activation","2026-10-09","passed","2026-10-09","","test_debtor_activation_create","",""
"","1979","RTP is successfully cancelled with reason MODT","functional-tests.tests.cancel_rtp","2026-10-09","passed","2026-10-09","","test_RTP_cancel","",""
"
Test RFC callback DS12N with non-existing service provider, cancel via REST Web API.

Flow:
1. Activate payer
2. Send an RTP via GPD message (CREATE VALID)
3. Cancel the RTP via REST cancel endpoint with cancel_reason → RTP to RFC_SENT
4. Send DS12N callback with non-existing BIC (MOCKSP99)
5. Verify callback is rejected with 400 (service provider not found)
","1782","Failed RFC callback for non existing Service Provider - DS-12N RJCR compliant - through Web API cancel","functional-tests.tests.callbacks","2026-10-09","passed","2026-10-09","","test_RTP_callback_DS_12N","",""
"","2284","Takeover fails without authentication","bdd-tests","2026-10-09","passed","2026-10-09","Debtor_Activation_Takeover","RTP","",""
"The ownership check fails the same way whether the target spId belongs to someone else
or doesn't exist in the registry at all - NOEXIT00 is not a real Service Provider ID.","520","Activation is forbidden with the same error code for a Service Provider ID absent from the registry","functional-tests.tests.activation","2026-10-09","passed","2026-10-09","","test_debtor_activation_create","",""
"","1572","An RTP sent when EPC response omits _links is in status ACCEPTED - through Web API","functional-tests.tests.send_rtp","2026-10-09","passed","2026-10-09","","test_RTP_send_MOCK","",""
"","808","A status-update cancel error is normalized without changing the RTP","functional-tests.tests.send_rtp","2026-10-09","failed","2026-10-09","","test_RTP_status_update_cancel_MOCK_V2","",""
"Normalize each supported HTTP method to uppercase.","0","test_canonical_representation_emits_an_uppercase_method[post]","functional-tests.tests.qsealc","2026-10-09","passed","2026-10-09","","test_srtp_message_signing","",""
"","825","A status-update error is normalized without changing the RTP","functional-tests.tests.send_rtp","2026-10-09","failed","2026-10-09","","test_RTP_status_update_MOCK_V2","",""
"
Test v2 RFC callback DS12P with wrong certificate identity.

Flow:
1. Activate payer
2. Send an RTP via GPD message v2 (CREATE VALID)
3. Cancel the RTP via GPD message v2 (DELETE) -> RTP to RFC_SENT
4. Send DS12P callback with assignee_bic='FAKESP01' (doesn't match certificate identity)
5. Verify callback is rejected with 403 (certificate mismatch)
6. Verify RTP status is still RFC_SENT
","821","Unauthorized v2 RFC callback due to wrong certificate serial","functional-tests.tests.callbacks_v2","2026-10-09","failed","2026-10-09","","test_RTP_callback_DS_12P_positive","",""
"DS_08P ACCP callback sent twice on the same RTP (direct SENT -> USER_ACCEPTED).

The second callback must be rejected with 400 since the transition is no
longer valid once the RTP is already USER_ACCEPTED.
","824","Failed v2 callback for invalid RTP transition - DS-08P positive compliant","functional-tests.tests.callbacks_v2","2026-10-09","failed","2026-10-09","","test_RTP_callback_DS_08P_positive","",""
"","1","Successful login","bdd-tests","2026-10-09","passed","2026-10-09","RTP_Web_Sending","RTP","",""
"Each entry in ``INVALID_PAYER_IDS`` (see dataset docstring) must be rejected with 400.","423","The activation request must contain a validly formatted fiscal code","functional-tests.tests.activation","2026-10-09","passed","2026-10-09","","test_debtor_activation_create","",""
"The PSP synchronously rejects the cancellation request with 422 (per standard behaviour for the EPC 429 Too Many Requests scenario). The RTP then transitions to ERROR_CANCEL via ERROR_CANCEL_RTP.","838","Cancelling an RTP - EPC v4 mock unhappy path scenario: epc_429","functional-tests.tests.cancel_rtp","2026-10-09","failed","2026-10-09","","test_RTP_cancel_MOCK_V2","",""
"","18838","Unauthorized callback due to wrong certificate serial","functional-tests.tests.callbacks_v2","2026-10-09","passed","2026-10-09","","test_RTP_callback_DS_05_redirect","",""
"
Test RFC callback DS12P with CNCL status, cancel triggered via REST Web API with explicit reason.

Flow:
1. Activate payer
2. Send an RTP via GPD message (CREATE VALID)
3. Cancel the RTP via REST cancel endpoint with cancel_reason → RTP to RFC_SENT
4. Send DS12P callback with CxlStsId CNCL (Cancelled As Per Request)
5. Verify callback is accepted (200)
6. Verify RTP status is CANCELLED
","2836","An RFC callback DS12P CNCL is successfully received and RTP status is CANCEL - through Web API cancel","functional-tests.tests.callbacks","2026-10-09","passed","2026-10-09","","test_RTP_callback_DS_12P","",""
"","926","DS_12P positive RFC v2 callback with Version header returns 400","functional-tests.tests.callbacks_v2","2026-10-09","failed","2026-10-09","","test_RTP_callback_with_version_header","",""
"","518","Unauthorized callback due to wrong certificate serial","functional-tests.tests.callbacks","2026-10-09","passed","2026-10-09","","test_RTP_callback_DS_04","",""
"MOCKSP04 owns both its own spId and MOCKSP01; redeeming an OTP scoped to MOCKSP01 must
assign MOCKSP01 to the new activation, not MOCKSP04 (the redeemer's own tspId).","2806","Test Takeover Redemption Assigns the OTP's Owned Service Provider ID","functional-tests.tests.takeover","2026-10-09","passed","2026-10-09","","test_debtor_takeover","",""
"","1119","A status-update cancel response maps to the expected RTP result","functional-tests.tests.send_rtp","2026-10-09","failed","2026-10-09","","test_RTP_status_update_cancel_MOCK_V2","",""
"","463","A Service Provider tries to activates a debtor without having the correct credentials","bdd-tests","2026-10-09","passed","2026-10-09","Debtor_Activation","RTP","",""
"Accept RSA-PSS signatures using supported salt-length conventions.","1","test_verify_srtp_message_accepts_rsa_pss_signatures[maximum-length]","functional-tests.tests.qsealc","2026-10-09","passed","2026-10-09","","test_srtp_signature_verification","",""
"Normalize each supported HTTP method to uppercase.","0","test_canonical_representation_emits_an_uppercase_method[get]","functional-tests.tests.qsealc","2026-10-09","passed","2026-10-09","","test_srtp_message_signing","",""
"
Tests sending an RTP payload to the POSTE endpoint with valid data and authentication.

:param debtor_sp_mock_cert_key: Certificate and key tuple for mutual TLS authentication.
:type debtor_sp_mock_cert_key: Tuple[str, str]
","136616","An RTP is sent through POSTE API","functional-tests.tests.availability","2026-10-09","broken","2026-10-09","","test_availability_POSTE","",""
"","3365","An RTP callback is successfully received with status ACCP","functional-tests.tests.callbacks","2026-10-09","passed","2026-10-09","","test_RTP_callback_DS_08","",""
"
DS_08P ACCP callback sent with the Version header must be rejected with 400.
The RTP must remain in ACCEPTED (transition to USER_ACCEPTED must not happen).

Flow:
1. Activate payer, send RTP, advance to ACCEPTED via DS_05 (without header)
2. Build a valid DS_08P ACCP payload
3. POST WITH Version header
4. Verify 400 is returned with the expected error body
5. Verify RTP status is still ACCEPTED
","2642","DS_08P ACCP callback with Version header returns 400","functional-tests.tests.callbacks","2026-10-09","passed","2026-10-09","","test_RTP_callback_with_version_header","",""
"","0","A Service Provider is authenticated","functional-tests.tests.auth","2026-10-09","passed","2026-10-09","","test_auth","",""
"Each entry in ``INVALID_PAYER_IDS`` must be rejected with 400.

The ``description`` parameter appears in pytest output to identify which
case failed without having to inspect the raw value.
","401","Querying activation status with an invalid payerId format returns 400","functional-tests.tests.activation","2026-10-09","passed","2026-10-09","","test_debtor_activation_payer_status","",""
"","1377","An RTP sent when EPC response contains an unknown field is ignored and remains in status SENT - through Web API","functional-tests.tests.send_rtp","2026-10-09","passed","2026-10-09","","test_RTP_send_MOCK","",""
"","520","Get payees consents with invalid date format returns 400","functional-tests.tests.service_registry","2026-10-09","passed","2026-10-09","","test_get_payees_consents","",""
"","810","A status-update cancel error is normalized without changing the RTP","functional-tests.tests.send_rtp","2026-10-09","failed","2026-10-09","","test_RTP_status_update_cancel_MOCK_V2","",""
"","809","Sending an RTP when EPC returns a malformed/invalid response body returns 500 - through Web API V2","functional-tests.tests.send_rtp","2026-10-09","failed","2026-10-09","","test_RTP_send_MOCK","",""
"Empty OTP should be rejected","419","Test Takeover Fails with Empty OTP","functional-tests.tests.takeover","2026-10-09","passed","2026-10-09","","test_debtor_takeover","",""
"","900","Get paginated list of payees successfully","functional-tests.tests.service_registry","2026-10-09","passed","2026-10-09","","test_service_registry_payees_registry","",""
"
Test RFC callback DS12N with wrong certificate identity.

Flow:
1. Activate payer
2. Send an RTP via GPD message (CREATE VALID)
3. Cancel the RTP via GPD message (DELETE) → RTP to RFC_SENT
4. Send DS12N callback with assignee_bic='FAKESP01' (doesn't match certificate identity MOCKSP04)
5. Verify callback is rejected with 403 (certificate mismatch)
","1789","Unauthorized RFC callback due to wrong certificate serial","functional-tests.tests.callbacks","2026-10-09","passed","2026-10-09","","test_RTP_callback_DS_12N","",""
"","1181","A status-update error is normalized without changing the RTP","functional-tests.tests.send_rtp","2026-10-09","failed","2026-10-09","","test_RTP_status_update_MOCK_V2","",""
"
DS_08N callback sent with the Version header must be rejected with 400.
The RTP must remain in SENT (transition to REJECTED must not happen).

Flow:
1. Activate payer and send an RTP → resource_id
2. Build a valid DS_08N payload referencing the RTP
3. POST to callback endpoint WITH Version header
4. Verify 400 is returned with the expected error body
5. Verify RTP status is still SENT
","2372","DS_08N callback with Version header returns 400","functional-tests.tests.callbacks","2026-10-09","passed","2026-10-09","","test_RTP_callback_with_version_header","",""
"","824","A status-update cancel response maps to the expected RTP result","functional-tests.tests.send_rtp","2026-10-09","failed","2026-10-09","","test_RTP_status_update_cancel_MOCK_V2","",""
"","412","Invalid NextActivationId format returns 400","functional-tests.tests.activation","2026-10-09","passed","2026-10-09","","test_debtor_activation_list","",""
"","38183","A status-update error is normalized without changing the RTP","functional-tests.tests.send_rtp","2026-10-09","passed","2026-10-09","","test_RTP_status_update_MOCK_V2","",""
"","1923","An RTP sent with synchronous rejection and missing _links results in status REJECTED","functional-tests.tests.send_rtp","2026-10-09","passed","2026-10-09","","test_RTP_send_MOCK","",""
"Parametrized contract test generated from the Send API OpenAPI spec.

Schemathesis derives one test case per endpoint defined in the spec, generating
request data (path params, query params, body) that is valid according to the schema.
Each case is executed against the live API and the response is validated with
CONTRACT_CHECKS.

An additional assertion verifies that the Location header is present on 201 responses
from POST /rtps, as required by the spec.
","174673","test_send_api_contract[POST /gpd/message]","contract-tests.tests","2026-10-09","passed","2026-10-09","","test_api_send_rtp","",""
"Test sending a DELETE operation message via GPD message API after a CREATE VALID + UPDATE","2103","A DELETE message after CREATE VALID + UPDATE VALID","functional-tests.tests.process_messages_sender","2026-10-09","passed","2026-10-09","","test_RTP_process_sender_DELETE","",""
"","806","An RTP sent with synchronous acceptance is in status ACCEPTED - DS-05 ACTC - through Web API V2","functional-tests.tests.send_rtp","2026-10-09","failed","2026-10-09","","test_RTP_send_MOCK","",""
"","3387","Failed callback for non compliant DS-04b payload","functional-tests.tests.callbacks","2026-10-09","passed","2026-10-09","","test_RTP_callback_DS_04","",""
"Test sending a DELETE operation message via GPD message API after a standalone UPDATE (no prior CREATE)","1251","A DELETE message after standalone UPDATE DRAFT","functional-tests.tests.process_messages_sender","2026-10-09","passed","2026-10-09","","test_RTP_process_sender_DELETE","",""
"","823","A status-update cancel error is normalized without changing the RTP","functional-tests.tests.send_rtp","2026-10-09","failed","2026-10-09","","test_RTP_status_update_cancel_MOCK_V2","",""
"OTP bound to payer1 should not work for payer2","1352","Test Takeover Fails with OTP Bound to Different Payer","functional-tests.tests.takeover","2026-10-09","passed","2026-10-09","","test_debtor_takeover","",""
"Reject a message whose target URI cannot be canonicalized.","1","test_verify_srtp_message_rejects_an_invalid_target_uri[/callback]","functional-tests.tests.qsealc","2026-10-09","passed","2026-10-09","","test_srtp_signature_verification","",""
"
Test v2 RFC callback DS12N with INVALID status.

Flow:
1. Activate payer
2. Send an RTP via GPD message v2 (CREATE VALID)
3. Cancel the RTP via GPD message v2 (DELETE) -> RTP to RFC_SENT
4. Send DS12N callback with CxlStsId INVALID
5. Verify callback is rejected with 400
6. Verify RTP status is still RFC_SENT
","811","A v2 RFC callback DS12N INVALID is rejected with 400","functional-tests.tests.callbacks_v2","2026-10-09","failed","2026-10-09","","test_RTP_callback_DS_12N_negative","",""
"Sort and normalize headers in the canonical representation.","1","test_canonical_representation_sorts_headers","functional-tests.tests.qsealc","2026-10-09","passed","2026-10-09","","test_srtp_message_signing","",""
"Test sending an UPDATE after CREATE VALID + DELETE with different statuses","2093","An UPDATE message with status PARTIALLY_PAID after CREATE VALID and DELETE","functional-tests.tests.process_messages_sender","2026-10-09","passed","2026-10-09","","test_RTP_process_sender_UPDATE","",""
"Reject target values that are not valid HTTP URIs.","0","test_canonical_representation_requires_a_complete_target_uri[mailto:api@example.com]","functional-tests.tests.qsealc","2026-10-09","passed","2026-10-09","","test_srtp_message_signing","",""
"","2331","A debtor Service Provider tries to activates a debtor 2 times, failing the second attempt","bdd-tests","2026-10-09","passed","2026-10-09","Debtor_Activation","RTP","",""
"","382","Unauthorized request returns 401","functional-tests.tests.activation","2026-10-09","passed","2026-10-09","","test_debtor_activation_list","",""
"","802","A status-update cancel error is normalized without changing the RTP","functional-tests.tests.send_rtp","2026-10-09","failed","2026-10-09","","test_RTP_status_update_cancel_MOCK_V2","",""
"","2350","An RTP is sent to ICCREA service with activated fiscal code - through Web API","functional-tests.tests.send_rtp","2026-10-09","failed","2026-10-09","","test_RTP_send_ICCREA","",""
"","395","An RTP is sent to Poste service with activated fiscal code - through Web API V2","functional-tests.tests.send_rtp","2026-10-09","failed","2026-10-09","","test_RTP_send_POSTE","",""
"","817","A status-update error is normalized without changing the RTP","functional-tests.tests.send_rtp","2026-10-09","failed","2026-10-09","","test_RTP_status_update_MOCK_V2","",""
"","373","Get payees consents with invalid authorization returns 401","functional-tests.tests.service_registry","2026-10-09","passed","2026-10-09","","test_get_payees_consents","",""
"","1064","A debtor is activated and retrieved by activation id","functional-tests.tests.activation","2026-10-09","passed","2026-10-09","","test_debtor_activation_get","",""
"Test sending an UPDATE operation message with different statuses via GPD message API before a CREATE","835","An UPDATE message with status DRAFT before CREATE","functional-tests.tests.process_messages_sender","2026-10-09","passed","2026-10-09","","test_RTP_process_sender_UPDATE_before_CREATE","",""
"","412","A debtor service provider fails activation due to wrong service provider id","functional-tests.tests.activation","2026-10-09","passed","2026-10-09","","test_debtor_activation_list","",""
"Test sending a DELETE operation message via GPD message API after a standalone UPDATE (no prior CREATE)","1704","A DELETE message after standalone UPDATE VALID","functional-tests.tests.process_messages_sender","2026-10-09","passed","2026-10-09","","test_RTP_process_sender_DELETE","",""
"Normalize each supported HTTP method to uppercase.","0","test_canonical_representation_emits_an_uppercase_method[connect]","functional-tests.tests.qsealc","2026-10-09","passed","2026-10-09","","test_srtp_message_signing","",""
"Exclude transport headers outside the EPC API whitelist.","0","test_canonical_representation_filters_headers_outside_the_epc_api_set","functional-tests.tests.qsealc","2026-10-09","passed","2026-10-09","","test_srtp_message_signing","",""
"CREATE VALID with an ec_tax_code that does not exist in GPD returns 422 Payee not found","823","A CREATE VALID message with a non-existent ec_tax_code is rejected","functional-tests.tests.process_messages_sender","2026-10-09","passed","2026-10-09","","test_RTP_process_sender_CREATE","",""
"Test the takeover flow where a user changes service provider","3832","Test Takeover Flow","functional-tests.tests.takeover","2026-10-09","passed","2026-10-09","","test_debtor_takeover","",""
"","17498","A status-update error is normalized without changing the RTP","functional-tests.tests.send_rtp","2026-10-09","failed","2026-10-09","","test_RTP_status_update_MOCK_V2","",""
"","23829","RTP form cancellation with reason MODT","ux-tests.tests","2026-10-09","failed","2026-10-09","","test_RTP_cancel_v4","",""
"","425","Retrieving activation with invalid UUID returns 400","functional-tests.tests.activation","2026-10-09","passed","2026-10-09","","test_debtor_activation_get","",""
"","20118","Failed v2 document callback for invalid RTP transition - DS-document RJCT compliant","functional-tests.tests.callbacks_v2","2026-10-09","passed","2026-10-09","","test_RTP_callback_DS_document_rjct","",""
"Test sending a DELETE operation message via GPD message API after a CREATE VALID + UPDATE","1776","A DELETE message after CREATE VALID + UPDATE DRAFT","functional-tests.tests.process_messages_sender","2026-10-09","passed","2026-10-09","","test_RTP_process_sender_DELETE","",""
"","1225","SP_B cannot retrieve activation by Activation ID created by SP_A","functional-tests.tests.activation","2026-10-09","passed","2026-10-09","","test_RTP_activation_security","",""
"An EPC response containing fields not declared in the OpenAPI spec is treated as an invalid message and is NOT tolerated for accept/reject purposes (confirmed with rtp-sender-v2 maintainers, PR #26). The extra `invalid-field` property invalidates the whole response, so the RJCR confirmation is not processed and the RTP stays in RFC_SENT.","816","Cancelling an RTP - EPC v4 mock unhappy path scenario: rjcr_extra_field","functional-tests.tests.cancel_rtp","2026-10-09","failed","2026-10-09","","test_RTP_cancel_MOCK_V2","",""
"MOCKSP04 owns MOCKSP01 and triggers the OTP; FAKESP01, which owns neither, must be rejected
with an explicit ownership error, not merely a generic 403.","1263","Test Takeover Fails when Redeemer Does Not Own the OTP's Service Provider ID","functional-tests.tests.takeover","2026-10-09","passed","2026-10-09","","test_debtor_takeover","",""
"FAKESP01 does not own MOCKSP01, a Service Provider ID owned by another tspId.","419","Activation is forbidden for a Service Provider ID not owned by the token subject","functional-tests.tests.activation","2026-10-09","passed","2026-10-09","","test_debtor_activation_create","",""
"","735","Get paginated list of OPT_OUT payees consents successfully","functional-tests.tests.service_registry","2026-10-09","passed","2026-10-09","","test_get_payees_consents","",""
"","399","Non-integer size returns 400","functional-tests.tests.activation","2026-10-09","passed","2026-10-09","","test_debtor_activation_list","",""
"","410","Failed callback for non existing Service Provider - DS-08P compliant","functional-tests.tests.callbacks","2026-10-09","passed","2026-10-09","","test_RTP_callback_DS_08","",""
"Reject a signer chain whose issuer omits a mandatory CA constraint.","0","test_verify_srtp_message_rejects_an_issuer_without_ca_constraints[missing-key-usage]","functional-tests.tests.qsealc","2026-10-09","passed","2026-10-09","","test_srtp_signature_verification","",""
"","412","All auth fixtures expose a valid Bearer token format","functional-tests.tests.auth","2026-10-09","passed","2026-10-09","","test_auth","",""
"","857","Find by payer id returns 404 when the token subject does not own the activation's Service Provider ID","functional-tests.tests.activation","2026-10-09","passed","2026-10-09","","test_debtor_activation_get","",""
"Verify the public ERROR_SEND outcome represented by IRNR and read-API purge.","18646","An IRNR status update returns ERROR_SEND and purges the RTP","functional-tests.tests.send_rtp","2026-10-09","failed","2026-10-09","","test_RTP_status_update_MOCK_V2","",""
"","847","Get by activation id returns 404 when the token subject does not own the activation's Service Provider ID","functional-tests.tests.activation","2026-10-09","passed","2026-10-09","","test_debtor_activation_get","",""
"","39036","A status-update response maps to the expected RTP result","functional-tests.tests.send_rtp","2026-10-09","passed","2026-10-09","","test_RTP_status_update_MOCK_V2","",""
"","834","A debtor with VAT number is activated and retrieved by activation id","functional-tests.tests.activation","2026-10-09","passed","2026-10-09","","test_debtor_activation_get","",""
"","14548","DS_08N negative v2 callback with Version header returns 400","functional-tests.tests.callbacks_v2","2026-10-09","failed","2026-10-09","","test_RTP_callback_with_version_header","",""
"","1435","RTP cancellation fails with an invalid reason - V2","functional-tests.tests.cancel_rtp","2026-10-09","passed","2026-10-09","","test_RTP_cancel","",""
"","917","Sending an RTP when EPC returns an unexpected status code error (RTP_05.CHK.A0007) returns 500 - through Web API","functional-tests.tests.send_rtp","2026-10-09","passed","2026-10-09","","test_RTP_send_MOCK","",""
"
Given an RTP is sent successfully (status SENT) for a given noticeNumber + payeeId,
when the payee queries the delivery-status endpoint with the correct noticeNumber
but a different payeeId,
then the response must be HTTP 200 with status=PD_RTP_NOT_DELIVERED, verifying
that the endpoint filters on both fields.
","7177","Existing noticeNumber with wrong payeeId → PD_RTP_NOT_DELIVERED","functional-tests.tests.get_rtp","2026-10-09","passed","2026-10-09","","test_RTP_get_delivery_status","",""
"","1936","An RTP sent with synchronous rejection containing extra fields results in status REJECTED","functional-tests.tests.send_rtp","2026-10-09","passed","2026-10-09","","test_RTP_send_MOCK","",""
"
Test RFC callback DS12P with wrong certificate identity, cancel via REST Web API.

Flow:
1. Activate payer
2. Send an RTP via GPD message (CREATE VALID)
3. Cancel the RTP via REST cancel endpoint with cancel_reason → RTP to RFC_SENT
4. Send DS12P callback with assignee_bic='FAKESP01' (doesn't match certificate identity MOCKSP04)
5. Verify callback is rejected with 403 (certificate mismatch)
","1826","Unauthorized RFC callback due to wrong certificate serial - through Web API cancel","functional-tests.tests.callbacks","2026-10-09","passed","2026-10-09","","test_RTP_callback_DS_12P","",""
"","14364","A v2 RTP callback with invalid status is rejected without affecting the RTP status","functional-tests.tests.callbacks_v2","2026-10-09","failed","2026-10-09","","test_RTP_callback_DS_08P_positive","",""
"
DS_04b callback sent with the Version header must be rejected with 400.
The RTP state must be unchanged.

Flow:
1. Activate payer and send an RTP → resource_id
2. Capture current RTP status
3. Build a valid DS_04b payload referencing the RTP
4. POST to callback endpoint WITH Version header
5. Verify 400 is returned with the expected error body
6. Verify RTP status is unchanged
","2146","DS_04b callback with Version header returns 400","functional-tests.tests.callbacks","2026-10-09","passed","2026-10-09","","test_RTP_callback_with_version_header","",""
"Normalize each supported HTTP method to uppercase.","0","test_canonical_representation_emits_an_uppercase_method[head]","functional-tests.tests.qsealc","2026-10-09","passed","2026-10-09","","test_srtp_message_signing","",""
"Same privacy rule as the cross-SP case: no explicit error, isActive is just false.","834","Get payer status returns isActive false when the token subject does not own the activation's Service Provider ID","functional-tests.tests.activation","2026-10-09","passed","2026-10-09","","test_debtor_activation_payer_status","",""
"","1322","An RTP sent when EPC response contains an unknown field is ignored and remains in status SENT","functional-tests.tests.send_rtp","2026-10-09","passed","2026-10-09","","test_RTP_send_MOCK","",""
"","510","Get payees consents with wrong token type returns 403","functional-tests.tests.service_registry","2026-10-09","passed","2026-10-09","","test_get_payees_consents","",""
"","3194","An RTP sent with synchronous rejection is in status REJECTED - DS-08P N","functional-tests.tests.send_rtp","2026-10-09","passed","2026-10-09","","test_RTP_send_MOCK","",""
"","569","Failed callback for non existing Service Provider - DS-04b compliant","functional-tests.tests.callbacks","2026-10-09","passed","2026-10-09","","test_RTP_callback_DS_04","",""
"DS_08N RJCT callback sent after a prior DS_05 ACTC callback.

The RTP is expected to transition from SENT to ACCEPTED, then to USER_REJECTED.
","18475","A v2 RTP callback with status RJCT after DS_05 transitions the RTP to USER_REJECTED","functional-tests.tests.callbacks_v2","2026-10-09","failed","2026-10-09","","test_RTP_callback_DS_08N_negative","",""
"Normalize each supported HTTP method to uppercase.","0","test_canonical_representation_emits_an_uppercase_method[trace]","functional-tests.tests.qsealc","2026-10-09","passed","2026-10-09","","test_srtp_message_signing","",""
"","822","A status-update cancel error is normalized without changing the RTP","functional-tests.tests.send_rtp","2026-10-09","failed","2026-10-09","","test_RTP_status_update_cancel_MOCK_V2","",""
"No `Sts.Conf` confirmation is present (minimal JSON without Sts), so only CANCEL_RTP is triggered and the RTP stays in RFC_SENT.","1156","Cancelling an RTP - EPC v4 mock happy path scenario: minimal_json","functional-tests.tests.cancel_rtp","2026-10-09","failed","2026-10-09","","test_RTP_cancel_MOCK_V2","",""
"","403","Sending to non-activated debtor returns 422 - through Web API V2","functional-tests.tests.send_rtp","2026-10-09","failed","2026-10-09","","test_RTP_send_MOCK","",""
"","961","A debtor cannot be activated more than once by the same service provider","functional-tests.tests.activation","2026-10-09","passed","2026-10-09","","test_debtor_activation_create","",""
"","1348","RTP cancellation fails with an invalid reason","functional-tests.tests.cancel_rtp","2026-10-09","passed","2026-10-09","","test_RTP_cancel","",""
"","18282","Failed v2 redirect callback for invalid RTP transition - DS-05 ACTC compliant","functional-tests.tests.callbacks_v2","2026-10-09","failed","2026-10-09","","test_RTP_callback_DS_05_redirect","",""
"","39111","A status-update error is normalized without changing the RTP","functional-tests.tests.send_rtp","2026-10-09","failed","2026-10-09","","test_RTP_status_update_MOCK_V2","",""
"Test sending a DELETE operation message via GPD message API after a CREATE VALID + UPDATE","1800","A DELETE message after CREATE VALID + UPDATE EXPIRED","functional-tests.tests.process_messages_sender","2026-10-09","passed","2026-10-09","","test_RTP_process_sender_DELETE","",""
"","11256","A repeated ALAC status update is an idempotent no-op","functional-tests.tests.callbacks_v2","2026-10-09","failed","2026-10-09","","test_RTP_status_update_callback","",""
"Preserve an unknown revocation status without rejecting the signature.","1","test_verify_srtp_message_reports_an_unknown_revocation_status","functional-tests.tests.qsealc","2026-10-09","passed","2026-10-09","","test_srtp_signature_verification","",""
"Test sending an UPDATE operation message with different statuses via GPD message API after a CREATE","1340","An UPDATE message with status PUBLISHED after CREATE","functional-tests.tests.process_messages_sender","2026-10-09","passed","2026-10-09","","test_RTP_process_sender_UPDATE","",""
"","1508","An RTP is sent to a CBI service with activated fiscal code - through Web API","functional-tests.tests.send_rtp","2026-10-09","failed","2026-10-09","","test_RTP_send_CBI","",""
"","401","All auth fixtures expose a valid Bearer token format","functional-tests.tests.auth","2026-10-09","passed","2026-10-09","","test_auth","",""
"Each entry in ``INVALID_PAYER_IDS`` (see dataset docstring) must be rejected with 400.","524","The activation request must contain a validly formatted fiscal code","functional-tests.tests.activation","2026-10-09","passed","2026-10-09","","test_debtor_activation_create","",""
"","424","RTP cancellation fails if resource ID does not exist - V2","functional-tests.tests.cancel_rtp","2026-10-09","passed","2026-10-09","","test_RTP_cancel","",""
"","2831","RTP is successfully cancelled with reason PAID","functional-tests.tests.cancel_rtp","2026-10-09","passed","2026-10-09","","test_RTP_cancel","",""
"
Test RFC callback DS12N with INVALID status.

Flow:
1. Activate payer
2. Send an RTP via GPD message (CREATE VALID)
3. Cancel the RTP via GPD message (DELETE) → RTP to RFC_SENT
4. Send DS12N callback with CxlStsId INVALID
5. Verify callback is rejected with 400
6. Verify RTP status is still RFC_SENT
","2201","An RFC callback DS12N INVALID is rejected with 400","functional-tests.tests.callbacks","2026-10-09","passed","2026-10-09","","test_RTP_callback_DS_12N","",""
"","3237","An RTP callback is successfully received with status RJCT","functional-tests.tests.callbacks","2026-10-09","passed","2026-10-09","","test_RTP_callback_DS_08","",""
"","931","DS_document RJCT v2 callback with Version header returns 400","functional-tests.tests.callbacks_v2","2026-10-09","failed","2026-10-09","","test_RTP_callback_with_version_header","",""
"","24067","An IRNR status update transitions SENT to ERROR_SEND and marks delivery as lost","functional-tests.tests.callbacks_v2","2026-10-09","passed","2026-10-09","","test_RTP_status_update_callback","",""
"","17983","An RTP is sent to a CBI service with activated fiscal code - through Web API V2","functional-tests.tests.send_rtp","2026-10-09","failed","2026-10-09","","test_RTP_send_CBI","",""
"
Verify that a debt position can be deleted successfully.
","2260","Happy path: a debt position is deleted in UAT environment","functional-tests.tests.gpd_availability","2026-10-09","passed","2026-10-09","","test_availability_GPD","",""
"Test sending an UPDATE after CREATE VALID + DELETE with different statuses","1828","An UPDATE message with status EXPIRED after CREATE VALID and DELETE","functional-tests.tests.process_messages_sender","2026-10-09","passed","2026-10-09","","test_RTP_process_sender_UPDATE","",""
"Accept RSA-PSS signatures using supported salt-length conventions.","2","test_verify_srtp_message_accepts_rsa_pss_signatures[digest-length]","functional-tests.tests.qsealc","2026-10-09","passed","2026-10-09","","test_srtp_signature_verification","",""
"","401","Invalid pagination parameters returns 400","functional-tests.tests.activation","2026-10-09","passed","2026-10-09","","test_debtor_activation_list","",""
"
Test v2 RFC callback DS12P with CNCL status.

Flow:
1. Activate payer
2. Send an RTP via GPD message v2 (CREATE VALID)
3. Cancel the RTP via GPD message v2 (DELETE) -> RTP to RFC_SENT
4. Send DS12P callback with CxlStsId CNCL (Cancelled As Per Request)
5. Verify callback is accepted (200)
6. Verify RTP status is CANCELLED
","831","A v2 RFC callback DS12P CNCL is successfully received and RTP status is CANCELLED","functional-tests.tests.callbacks_v2","2026-10-09","failed","2026-10-09","","test_RTP_callback_DS_12P_positive","",""
"Preserve binary payload bytes after canonical headers.","0","test_canonical_representation_preserves_payload_bytes_after_headers","functional-tests.tests.qsealc","2026-10-09","passed","2026-10-09","","test_srtp_message_signing","",""
"`Sts.Conf = ""RJCR""` triggers CANCEL_RTP -> CONFIRM_RFC -> CANCEL_RTP_REJECTED, ending in CANCELLED_REJECTED.","830","Cancelling an RTP - EPC v4 mock happy path scenario: rjcr_rejected","functional-tests.tests.cancel_rtp","2026-10-09","failed","2026-10-09","","test_RTP_cancel_MOCK_V2","",""
"Each entry in ``INVALID_PAYER_IDS`` must be rejected with 400.

The ``description`` parameter appears in pytest output to identify which
case failed without having to inspect the raw value.
","413","Querying activation status with an invalid payerId format returns 400","functional-tests.tests.activation","2026-10-09","passed","2026-10-09","","test_debtor_activation_payer_status","",""
"","429","Retrieving activation without valid token returns 401","functional-tests.tests.activation","2026-10-09","passed","2026-10-09","","test_debtor_activation_get","",""
"Test sending a CREATE operation message with different statuses via GPD message API","923","A CREATE message with status VALID","functional-tests.tests.process_messages_sender","2026-10-09","passed","2026-10-09","","test_RTP_process_sender_CREATE","",""
"Reusing the same OTP after a successful takeover should fail","1810","Test Takeover Fails with Reused OTP","functional-tests.tests.takeover","2026-10-09","passed","2026-10-09","","test_debtor_takeover","",""
"","3239","Failed callback for invalid RTP transition - DS-08N compliant","functional-tests.tests.callbacks","2026-10-09","passed","2026-10-09","","test_RTP_callback_DS_08","",""
"","1465","A status-update cancel error is normalized without changing the RTP","functional-tests.tests.send_rtp","2026-10-09","failed","2026-10-09","","test_RTP_status_update_cancel_MOCK_V2","",""
"
Test v2 RFC callback DS12N with non-existing service provider.

Flow:
1. Activate payer
2. Send an RTP via GPD message v2 (CREATE VALID)
3. Cancel the RTP via GPD message v2 (DELETE) -> RTP to RFC_SENT
4. Send DS12N callback with non-existing BIC (MOCKSP99)
5. Verify callback is rejected with 400 (service provider not found)
6. Verify RTP status is still RFC_SENT
","832","Failed v2 RFC callback for non existing Service Provider - DS-12N negative compliant","functional-tests.tests.callbacks_v2","2026-10-09","failed","2026-10-09","","test_RTP_callback_DS_12N_negative","",""
"","424","inexistent RTP -> empty body","functional-tests.tests.get_rtp","2026-10-09","passed","2026-10-09","","test_RTP_get","",""
"
Verify that a debt position can be created and published successfully.
","380","Happy path: a debt position is created and published in DEV environment","functional-tests.tests.gpd_availability","2026-10-09","failed","2026-10-09","","test_availability_GPD","",""
"","17247","An RTP is sent to ICCREA service with activated fiscal code - through Web API V2","functional-tests.tests.send_rtp","2026-10-09","failed","2026-10-09","","test_RTP_send_ICCREA","",""
"Reject a signature after the canonicalized body has changed.","2","test_verify_srtp_message_rejects_a_signature_for_changed_body","functional-tests.tests.qsealc","2026-10-09","passed","2026-10-09","","test_srtp_signature_verification","",""
"","817","An ARFR status update transitions SENT to USER_REJECTED","functional-tests.tests.callbacks_v2","2026-10-09","failed","2026-10-09","","test_RTP_status_update_callback","",""
"","1181","Whitespaces is allowed in description and company name field","ux-tests.tests","2026-10-09","passed","2026-10-09","","test_RTP_submission_v4","",""
"Each entry in ``INVALID_PAYER_IDS`` must be rejected with 400.

The ``description`` parameter appears in pytest output to identify which
case failed without having to inspect the raw value.
","392","Querying activation status with an invalid payerId format returns 400","functional-tests.tests.activation","2026-10-09","passed","2026-10-09","","test_debtor_activation_payer_status","",""
"Each entry in ``INVALID_PAYER_IDS`` (see dataset docstring) must be rejected with 400.","412","The activation request must contain a validly formatted fiscal code","functional-tests.tests.activation","2026-10-09","passed","2026-10-09","","test_debtor_activation_create","",""
"","817","A status-update cancel error is normalized without changing the RTP","functional-tests.tests.send_rtp","2026-10-09","failed","2026-10-09","","test_RTP_status_update_cancel_MOCK_V2","",""
"Payer that has never been activated → isActive must be false.","399","test_get_activation_status_not_active_payer","functional-tests.tests.activation","2026-10-09","passed","2026-10-09","","test_debtor_activation_payer_status","",""
"","819","A status-update cancel error is normalized without changing the RTP","functional-tests.tests.send_rtp","2026-10-09","failed","2026-10-09","","test_RTP_status_update_cancel_MOCK_V2","",""
"","2353","An RTP callback with status REJECTED is successfully received","functional-tests.tests.callbacks","2026-10-09","passed","2026-10-09","","test_RTP_callback_DS_08","",""
"Test sending a DELETE operation message via GPD message API after a standalone UPDATE (no prior CREATE)","1247","A DELETE message after standalone UPDATE PUBLISHED","functional-tests.tests.process_messages_sender","2026-10-09","passed","2026-10-09","","test_RTP_process_sender_DELETE","",""
"Test sending an UPDATE after CREATE VALID + DELETE with different statuses","1790","An UPDATE message with status INVALID after CREATE VALID and DELETE","functional-tests.tests.process_messages_sender","2026-10-09","passed","2026-10-09","","test_RTP_process_sender_UPDATE","",""
"Test sending a DELETE operation message via GPD message API after a CREATE","1239","A DELETE message after CREATE INVALID","functional-tests.tests.process_messages_sender","2026-10-09","passed","2026-10-09","","test_RTP_process_sender_DELETE","",""
"
Test RFC callback DS12P with non-existing service provider.

Flow:
1. Activate payer
2. Send an RTP via GPD message (CREATE VALID)
3. Cancel the RTP via GPD message (DELETE) → RTP to RFC_SENT
4. Send DS12P callback with non-existing BIC (MOCKSP99)
5. Verify callback is rejected with 400 (service provider not found)
","2133","Failed RFC callback for non existing Service Provider - DS-12P CNCL compliant","functional-tests.tests.callbacks","2026-10-09","passed","2026-10-09","","test_RTP_callback_DS_12P","",""
"","852","A debtor with VAT number (Partita IVA) is activated successfully","functional-tests.tests.activation","2026-10-09","passed","2026-10-09","","test_debtor_activation_create","",""
"The mock policy falls back to its default `{}` response when no notice number matches, so the RTP stays in RFC_SENT.","852","Cancelling an RTP - EPC v4 mock happy path scenario: no_match_fallback","functional-tests.tests.cancel_rtp","2026-10-09","failed","2026-10-09","","test_RTP_cancel_MOCK_V2","",""
"","2726","An RTP callback is received with invalid status","functional-tests.tests.callbacks","2026-10-09","passed","2026-10-09","","test_RTP_callback_DS_08","",""
"Test sending an UPDATE operation message with different statuses via GPD message API after a CREATE","1910","An UPDATE message with status PAID after CREATE","functional-tests.tests.process_messages_sender","2026-10-09","passed","2026-10-09","","test_RTP_process_sender_UPDATE","",""
"Test that takeover fails when the service provider is unauthenticated","1439","Test Takeover Fails with Unauthenticated SP","functional-tests.tests.takeover","2026-10-09","passed","2026-10-09","","test_debtor_takeover","",""
"Each entry in ``INVALID_PAYER_IDS`` (see dataset docstring) must be rejected with 400.","424","The activation request must contain a validly formatted fiscal code","functional-tests.tests.activation","2026-10-09","failed","2026-10-09","","test_debtor_activation_create","",""
"
Test RFC callback DS12P with wrong certificate identity, cancel via REST Web API.

Flow:
1. Activate payer
2. Send an RTP via GPD message (CREATE VALID)
3. Cancel the RTP via REST cancel endpoint with cancel_reason → RTP to RFC_SENT
4. Send DS12P callback with assignee_bic='FAKESP01' (doesn't match certificate identity MOCKSP04)
5. Verify callback is rejected with 403 (certificate mismatch)
","2491","Unauthorized RFC callback due to wrong certificate serial - through Web API cancel","functional-tests.tests.callbacks","2026-10-09","passed","2026-10-09","","test_RTP_callback_DS_12P","",""
"","2255","An RTP callback with status ACWC is successfully received","functional-tests.tests.callbacks","2026-10-09","passed","2026-10-09","","test_RTP_callback_DS_08","",""
"","928","A status-update error is normalized without changing the RTP","functional-tests.tests.send_rtp","2026-10-09","failed","2026-10-09","","test_RTP_status_update_MOCK_V2","",""
"","2853","An RTP callback with invalid status is received and processed with success without affecting the RTP status","functional-tests.tests.callbacks","2026-10-09","passed","2026-10-09","","test_RTP_callback_DS_05","",""
"MOCKSP04 owns MOCKSP01 as well as its own spId; activation must be allowed on either.","1024","A debtor is activated using a Service Provider ID the token subject owns but does not itself represent","functional-tests.tests.activation","2026-10-09","passed","2026-10-09","","test_debtor_activation_create","",""
"","18803","A v2 document RTP callback with invalid status is rejected without affecting the RTP status","functional-tests.tests.callbacks_v2","2026-10-09","passed","2026-10-09","","test_RTP_callback_DS_document_rjct","",""
"","17872","An RTP sent when EPC response omits _links is in status ACCEPTED - through Web API V2","functional-tests.tests.send_rtp","2026-10-09","passed","2026-10-09","","test_RTP_send_MOCK","",""
"Test sending a DELETE operation message via GPD message API after a CREATE","1240","A DELETE message after CREATE PAID","functional-tests.tests.process_messages_sender","2026-10-09","passed","2026-10-09","","test_RTP_process_sender_DELETE","",""
"","418","All auth fixtures expose a valid Bearer token format","functional-tests.tests.auth","2026-10-09","passed","2026-10-09","","test_auth","",""
"
Tests that sending an RTP payload with an expired date to the POSTE endpoint results in a 400 Bad Request response.

:param debtor_sp_mock_cert_key: Certificate and key tuple for mutual TLS authentication.
:type debtor_sp_mock_cert_key: Tuple[str, str]
","134993","Cannot send RTP with expired date","functional-tests.tests.availability","2026-10-09","broken","2026-10-09","","test_availability_POSTE","",""
"","806","A status-update error is normalized without changing the RTP","functional-tests.tests.send_rtp","2026-10-09","failed","2026-10-09","","test_RTP_status_update_MOCK_V2","",""
"","17516","An RTP is sent through API - through Web API V2","functional-tests.tests.send_rtp","2026-10-09","passed","2026-10-09","","test_RTP_send_MOCK","",""
"","1900","An RTP is sent through CBI API","functional-tests.tests.availability","2026-10-09","failed","2026-10-09","","test_availability_CBI","",""
"Each entry in ``INVALID_PAYER_IDS`` (see dataset docstring) must be rejected with 400.","524","The activation request must contain a validly formatted fiscal code","functional-tests.tests.activation","2026-10-09","passed","2026-10-09","","test_debtor_activation_create","",""
"","824","An RCNR status update cancel records RFC_NOT_RECEIVED and keeps the RTP in RFC_SENT","functional-tests.tests.send_rtp","2026-10-09","failed","2026-10-09","","test_RTP_status_update_cancel_MOCK_V2","",""
"","402","All auth fixtures expose a valid Bearer token format","functional-tests.tests.auth","2026-10-09","passed","2026-10-09","","test_auth","",""
"","2074","SP_B cannot retrieve activation by Fiscal Code created by SP_A","functional-tests.tests.activation","2026-10-09","passed","2026-10-09","","test_RTP_activation_security","",""
"Payer activated under SP A queried by SP A → isActive must be true.","836","An active payer returns isActive true for the same Service Provider","functional-tests.tests.activation","2026-10-09","passed","2026-10-09","","test_debtor_activation_payer_status","",""
"
Test RFC callback DS12P with wrong certificate identity.

Flow:
1. Activate payer
2. Send an RTP via GPD message (CREATE VALID)
3. Cancel the RTP via GPD message (DELETE) → RTP to RFC_SENT
4. Send DS12P callback with assignee_bic='FAKESP01' (doesn't match certificate identity MOCKSP04)
5. Verify callback is rejected with 403 (certificate mismatch)
","2846","Unauthorized RFC callback due to wrong certificate serial","functional-tests.tests.callbacks","2026-10-09","passed","2026-10-09","","test_RTP_callback_DS_12P","",""
"","1216","A status update cancel on an RTP not in RFC_SENT is rejected","functional-tests.tests.send_rtp","2026-10-09","failed","2026-10-09","","test_RTP_status_update_cancel_MOCK_V2","",""
"","406","All auth fixtures expose a valid Bearer token format","functional-tests.tests.auth","2026-10-09","passed","2026-10-09","","test_auth","",""
"Test sending an UPDATE operation message with different statuses via GPD message API after a CREATE","1375","An UPDATE message with status DRAFT after CREATE","functional-tests.tests.process_messages_sender","2026-10-09","passed","2026-10-09","","test_RTP_process_sender_UPDATE","",""
"The PSP synchronously rejects the cancellation request with 422 (per standard behaviour for the EPC 422 Unprocessable Entity scenario). The RTP then transitions to ERROR_CANCEL via ERROR_CANCEL_RTP.","932","Cancelling an RTP - EPC v4 mock unhappy path scenario: epc_422","functional-tests.tests.cancel_rtp","2026-10-09","failed","2026-10-09","","test_RTP_cancel_MOCK_V2","",""
"
Tests that sending an RTP payload with an invalid amount to the POSTE endpoint results in a 400 Bad Request response.

:param debtor_sp_mock_cert_key: Certificate and key tuple for mutual TLS authentication.
:type debtor_sp_mock_cert_key: Tuple[str, str]
","135026","Cannot send RTP with invalid amount","functional-tests.tests.availability","2026-10-09","broken","2026-10-09","","test_availability_POSTE","",""
"The response body is not a recognizable cancellation confirmation (quoted plain string), so the RTP stays in RFC_SENT.","35994","Cancelling an RTP - EPC v4 mock happy path scenario: plain_string","functional-tests.tests.cancel_rtp","2026-10-09","passed","2026-10-09","","test_RTP_cancel_MOCK_V2","",""
"Each entry in ``INVALID_PAYER_IDS`` must be rejected with 400.

The ``description`` parameter appears in pytest output to identify which
case failed without having to inspect the raw value.
","401","Querying activation status with an invalid payerId format returns 400","functional-tests.tests.activation","2026-10-09","passed","2026-10-09","","test_debtor_activation_payer_status","",""
"The PSP synchronously rejects the cancellation request with 422 (per standard behaviour for the EPC 410 Gone scenario). The RTP then transitions to ERROR_CANCEL via ERROR_CANCEL_RTP.","18276","Cancelling an RTP - EPC v4 mock unhappy path scenario: epc_410","functional-tests.tests.cancel_rtp","2026-10-09","failed","2026-10-09","","test_RTP_cancel_MOCK_V2","",""
"The PSP synchronously rejects the cancellation request with 422 (per standard behaviour for the EPC 400 Bad Request scenario). The RTP then transitions to ERROR_CANCEL via ERROR_CANCEL_RTP.","815","Cancelling an RTP - EPC v4 mock unhappy path scenario: epc_400","functional-tests.tests.cancel_rtp","2026-10-09","failed","2026-10-09","","test_RTP_cancel_MOCK_V2","",""
"","847","A debtor with foreign fiscal code is activated successfully","functional-tests.tests.activation","2026-10-09","passed","2026-10-09","","test_debtor_activation_create","",""
"","921","A status-update response maps to the expected RTP result","functional-tests.tests.send_rtp","2026-10-09","failed","2026-10-09","","test_RTP_status_update_MOCK_V2","",""
"
Test RFC callback DS12N with RJCR status.

Flow:
1. Activate payer
2. Send an RTP via GPD message (CREATE VALID)
3. Cancel the RTP via GPD message (DELETE) → RTP to RFC_SENT
4. Send DS12N callback with CxlStsId RJCR (Rejected Cancellation Request)
5. Verify callback is accepted (200)
6. Verify RTP status is ERROR_CANCEL
","2895","An RFC callback DS12N RJCR is successfully received and RTP status is ERROR_CANCEL","functional-tests.tests.callbacks","2026-10-09","passed","2026-10-09","","test_RTP_callback_DS_12N","",""
"","800","A status-update cancel error is normalized without changing the RTP","functional-tests.tests.send_rtp","2026-10-09","failed","2026-10-09","","test_RTP_status_update_cancel_MOCK_V2","",""
"","1734","RTP is successfully retrieved","functional-tests.tests.get_rtp","2026-10-09","passed","2026-10-09","","test_RTP_get","",""
"","939","A debtor with omocodia fiscal code is activated successfully","functional-tests.tests.activation","2026-10-09","passed","2026-10-09","","test_debtor_activation_create","",""
"Each entry in ``INVALID_PAYER_IDS`` must be rejected with 400.

The ``description`` parameter appears in pytest output to identify which
case failed without having to inspect the raw value.
","413","Querying activation status with an invalid payerId format returns 400","functional-tests.tests.activation","2026-10-09","passed","2026-10-09","","test_debtor_activation_payer_status","",""
"","814","Repeating a status update is idempotent","functional-tests.tests.send_rtp","2026-10-09","failed","2026-10-09","","test_RTP_status_update_MOCK_V2","",""
"Frame an empty body so headers and payloads remain distinguishable.","0","test_canonical_representation_frames_an_empty_body","functional-tests.tests.qsealc","2026-10-09","passed","2026-10-09","","test_srtp_message_signing","",""
"Active payer identified by an 11-digit Partita IVA → isActive must be true.","874","An active payer with VAT number (Partita IVA) returns isActive true","functional-tests.tests.activation","2026-10-09","passed","2026-10-09","","test_debtor_activation_payer_status","",""
"Reject target values that are not valid HTTP URIs.","0","test_canonical_representation_requires_a_complete_target_uri[/v1/resource]","functional-tests.tests.qsealc","2026-10-09","passed","2026-10-09","","test_srtp_message_signing","",""
"Each entry in ``INVALID_PAYER_IDS`` must be rejected with 400.

The ``description`` parameter appears in pytest output to identify which
case failed without having to inspect the raw value.
","400","Querying activation status with an invalid payerId format returns 400","functional-tests.tests.activation","2026-10-09","passed","2026-10-09","","test_debtor_activation_payer_status","",""
"","19022","An RTP sent with synchronous rejection is in status REJECTED - DS-08P N - through Web API V2","functional-tests.tests.send_rtp","2026-10-09","passed","2026-10-09","","test_RTP_send_MOCK","",""
"","826","A status-update cancel error is normalized without changing the RTP","functional-tests.tests.send_rtp","2026-10-09","failed","2026-10-09","","test_RTP_status_update_cancel_MOCK_V2","",""
"","1410","An RTP sent with synchronous acceptance is in status ACCEPTED - DS-05 ACTC - through Web API","functional-tests.tests.send_rtp","2026-10-09","passed","2026-10-09","","test_RTP_send_MOCK","",""
"
Test RFC callback DS12N with non-existing service provider.

Flow:
1. Activate payer
2. Send an RTP via GPD message (CREATE VALID)
3. Cancel the RTP via GPD message (DELETE) → RTP to RFC_SENT
4. Send DS12N callback with non-existing BIC (MOCKSP99)
5. Verify callback is rejected with 400 (service provider not found)
","1818","Failed RFC callback for non existing Service Provider - DS-12N RJCR compliant","functional-tests.tests.callbacks","2026-10-09","passed","2026-10-09","","test_RTP_callback_DS_12N","",""
"","21521","A status update without StsRsnInf is rejected","functional-tests.tests.callbacks_v2","2026-10-09","passed","2026-10-09","","test_RTP_status_update_callback","",""
"","35764","An invalid status transition is rejected","functional-tests.tests.send_rtp","2026-10-09","failed","2026-10-09","","test_RTP_status_update_MOCK_V2","",""
"Each entry in ``INVALID_PAYER_IDS`` (see dataset docstring) must be rejected with 400.","523","The activation request must contain a validly formatted fiscal code","functional-tests.tests.activation","2026-10-09","passed","2026-10-09","","test_debtor_activation_create","",""
"","3863","Attempt to cancel an already cancelled RTP","bdd-tests","2026-10-09","passed","2026-10-09","RTP_Cancellation","RTP","",""
"Test sending a DELETE operation message via GPD message API after a standalone UPDATE (no prior CREATE)","1226","A DELETE message after standalone UPDATE EXPIRED","functional-tests.tests.process_messages_sender","2026-10-09","passed","2026-10-09","","test_RTP_process_sender_DELETE","",""
"
Test RFC callback DS12N with RJCR status applied twice on the same RTP.

Flow:
1. Activate payer
2. Send an RTP via GPD message (CREATE VALID)
3. Cancel the RTP via GPD message (DELETE) -> RTP to RFC_SENT
4. Send DS12N callback with CxlStsId RJCR (Rejected Cancellation Request) -> RTP to ERROR_CANCEL
5. Send the same DS12N RJCR callback again on the already transitioned RTP
6. Verify the second callback is rejected (400) since the transition is no longer valid
7. Verify RTP status remains ERROR_CANCEL
","5330","Failed RFC callback for invalid RTP transition - DS-12N RJCR compliant","functional-tests.tests.callbacks","2026-10-09","passed","2026-10-09","","test_RTP_callback_DS_12N","",""
"","18121","An RTP sent when EPC response contains an unknown field is ignored and remains in status SENT - through Web API V2","functional-tests.tests.send_rtp","2026-10-09","passed","2026-10-09","","test_RTP_send_MOCK","",""
"
Given a debtor is activated and a GPD message (CREATE) is sent via POST /gpd/message,
when the rtp-sender processes it and the RTP reaches status SENT,
when the payee queries the delivery-status endpoint with the correct noticeNumber
(nav) and payeeId (ec_tax_code),
then the response body must contain status=PD_RTP_DELIVERED, a non-null processingDate
in ISO 8601 format, and processingDate must match the SEND_RTP event timestamp from
the GPD message response (truncated to millisecond precision).
","6566","GPD message sent → RTP SENT → PD_RTP_DELIVERED with processingDate","functional-tests.tests.get_rtp","2026-10-09","passed","2026-10-09","","test_RTP_get_delivery_status","",""
"UPDATE PAID with psp_tax_code=None (invalid PSP) results in RTP state RFC_SENT","1362","An UPDATE PAID message with an invalid PSP results in RFC_SENT state","functional-tests.tests.process_messages_sender","2026-10-09","passed","2026-10-09","","test_RTP_process_sender_UPDATE","",""
"Each entry in ``INVALID_PAYER_IDS`` (see dataset docstring) must be rejected with 400.","533","The activation request must contain a validly formatted fiscal code","functional-tests.tests.activation","2026-10-09","passed","2026-10-09","","test_debtor_activation_create","",""
"","18538","A v2 redirect RTP callback with invalid status is rejected without affecting the RTP status","functional-tests.tests.callbacks_v2","2026-10-09","passed","2026-10-09","","test_RTP_callback_DS_05_redirect","",""
"Test sending an UPDATE operation message with different statuses via GPD message API after a CREATE","1814","An UPDATE message with status VALID after CREATE","functional-tests.tests.process_messages_sender","2026-10-09","passed","2026-10-09","","test_RTP_process_sender_UPDATE","",""
"Test sending an UPDATE operation message with different statuses via GPD message API before a CREATE","824","An UPDATE message with status PUBLISHED before CREATE","functional-tests.tests.process_messages_sender","2026-10-09","passed","2026-10-09","","test_RTP_process_sender_UPDATE_before_CREATE","",""
"","1062","Unauthorized callback due to wrong certificate serial","functional-tests.tests.callbacks_v2","2026-10-09","failed","2026-10-09","","test_RTP_callback_DS_08P_positive","",""
"","19632","DS_05 redirect v2 callback with Version header returns 400","functional-tests.tests.callbacks_v2","2026-10-09","failed","2026-10-09","","test_RTP_callback_with_version_header","",""
"Each entry in ``INVALID_PAYER_IDS`` must be rejected with 400.

The ``description`` parameter appears in pytest output to identify which
case failed without having to inspect the raw value.
","404","Querying activation status with an invalid payerId format returns 400","functional-tests.tests.activation","2026-10-09","passed","2026-10-09","","test_debtor_activation_payer_status","",""
"","400","Get payees consents with negative page size returns 400","functional-tests.tests.service_registry","2026-10-09","passed","2026-10-09","","test_get_payees_consents","",""
"Test sending an UPDATE operation message with different statuses via GPD message API before a CREATE","950","An UPDATE message with status EXPIRED before CREATE","functional-tests.tests.process_messages_sender","2026-10-09","passed","2026-10-09","","test_RTP_process_sender_UPDATE_before_CREATE","",""
"","4238","Attempt to cancel a non-existing RTP","bdd-tests","2026-10-09","passed","2026-10-09","RTP_Cancellation","RTP","",""
"Each entry in ``INVALID_PAYER_IDS`` (see dataset docstring) must be rejected with 400.","512","The activation request must contain a validly formatted fiscal code","functional-tests.tests.activation","2026-10-09","passed","2026-10-09","","test_debtor_activation_create","",""
"Reject target values that are not valid HTTP URIs.","0","test_canonical_representation_requires_a_complete_target_uri[https://example.com:70000/path]","functional-tests.tests.qsealc","2026-10-09","passed","2026-10-09","","test_srtp_message_signing","",""
"","3223","A debtor Service Provider activates a debtor","bdd-tests","2026-10-09","passed","2026-10-09","Debtor_Activation","RTP","",""
"","806","A status-update cancel response maps to the expected RTP result","functional-tests.tests.send_rtp","2026-10-09","failed","2026-10-09","","test_RTP_status_update_cancel_MOCK_V2","",""
"Each entry in ``INVALID_PAYER_IDS`` (see dataset docstring) must be rejected with 400.","408","The activation request must contain a validly formatted fiscal code","functional-tests.tests.activation","2026-10-09","passed","2026-10-09","","test_debtor_activation_create","",""
"","19329","RTP is successfully cancelled with reason PAID - V2","functional-tests.tests.cancel_rtp","2026-10-09","passed","2026-10-09","","test_RTP_cancel","",""
"Each entry in ``INVALID_PAYER_IDS`` must be rejected with 400.

The ``description`` parameter appears in pytest output to identify which
case failed without having to inspect the raw value.
","400","Querying activation status with an invalid payerId format returns 400","functional-tests.tests.activation","2026-10-09","passed","2026-10-09","","test_debtor_activation_payer_status","",""
"","530","Get payees consents with extreme page size returns 400","functional-tests.tests.service_registry","2026-10-09","passed","2026-10-09","","test_get_payees_consents","",""
"","1137","An RTP is sent to Poste service with activated fiscal code","functional-tests.tests.send_rtp","2026-10-09","passed","2026-10-09","","test_RTP_send_POSTE","",""
"
Verify that a debt position can be updated successfully.
","6279","Happy path: a debt position is updated in UAT environment","functional-tests.tests.gpd_availability","2026-10-09","passed","2026-10-09","","test_availability_GPD","",""
"","393","missing token → 401 Unauthorized","functional-tests.tests.get_rtp","2026-10-09","passed","2026-10-09","","test_RTP_get","",""
"","1027","An RTP is sent to a CBI service with activated fiscal code","functional-tests.tests.send_rtp","2026-10-09","passed","2026-10-09","","test_RTP_send_CBI","",""
"","990","A debtor is activated by an authenticated service provider","functional-tests.tests.activation","2026-10-09","passed","2026-10-09","","test_debtor_activation_create","",""
"","864","A debtor with foreign fiscal code is activated and retrieved by activation id","functional-tests.tests.activation","2026-10-09","passed","2026-10-09","","test_debtor_activation_get","",""
"Reject target values that are not valid HTTP URIs.","0","test_canonical_representation_requires_a_complete_target_uri[https://example.com:not-a-port/path]","functional-tests.tests.qsealc","2026-10-09","passed","2026-10-09","","test_srtp_message_signing","",""
"Test sending a CREATE operation message with different statuses via GPD message API","826","A CREATE message with status EXPIRED","functional-tests.tests.process_messages_sender","2026-10-09","passed","2026-10-09","","test_RTP_process_sender_CREATE","",""
"Parametrized contract test generated from the Activation API OpenAPI spec.

Schemathesis derives one test case per endpoint defined in the spec, generating
request data (path params, query params, body) that is valid according to the schema.
Each case is executed against the live API and the response is validated with
CONTRACT_CHECKS.
","70661","test_activation_contract[GET /activations/payer]","contract-tests.tests","2026-10-09","passed","2026-10-09","","test_activation","",""
"Active payer with a foreign-country fiscal code (Z + 3 digits municipality) → isActive must be true.","840","An active payer with foreign fiscal code returns isActive true","functional-tests.tests.activation","2026-10-09","passed","2026-10-09","","test_debtor_activation_payer_status","",""
"","41899","A status-update response maps to the expected RTP result","functional-tests.tests.send_rtp","2026-10-09","passed","2026-10-09","","test_RTP_status_update_MOCK_V2","",""
"Normalize each supported HTTP method to uppercase.","0","test_canonical_representation_emits_an_uppercase_method[put]","functional-tests.tests.qsealc","2026-10-09","passed","2026-10-09","","test_srtp_message_signing","",""
"
Test v2 RFC callback DS12N with RJCR status applied twice on the same RTP.

Flow:
1. Activate payer
2. Send an RTP via GPD message v2 (CREATE VALID)
3. Cancel the RTP via GPD message v2 (DELETE) -> RTP to RFC_SENT
4. Send DS12N callback with CxlStsId RJCR (Rejected Cancellation Request) -> RTP to CANCELLED_REJECTED
5. Send the same DS12N RJCR callback again on the already transitioned RTP
6. Verify the second callback is rejected (400) since the transition is no longer valid
7. Verify RTP status remains CANCELLED_REJECTED
","821","Failed v2 RFC callback for invalid RTP transition - DS-12N negative compliant","functional-tests.tests.callbacks_v2","2026-10-09","failed","2026-10-09","","test_RTP_callback_DS_12N_negative","",""
"","2241","A debtor Service Provider cannot send an RTP","bdd-tests","2026-10-09","passed","2026-10-09","RTP_Sending","RTP","",""
"","821","An AEXR status update transitions SENT to EXPIRED","functional-tests.tests.callbacks_v2","2026-10-09","failed","2026-10-09","","test_RTP_status_update_callback","",""
"An EPC response containing fields not declared in the OpenAPI spec is treated as an invalid message and is NOT tolerated for accept/reject purposes (confirmed with rtp-sender-v2 maintainers, PR #26). The extra `invalid-field` property invalidates the whole response, so the CNCL confirmation is not processed and the RTP stays in RFC_SENT.","814","Cancelling an RTP - EPC v4 mock unhappy path scenario: cncl_extra_field","functional-tests.tests.cancel_rtp","2026-10-09","failed","2026-10-09","","test_RTP_cancel_MOCK_V2","",""
"","421","Deactivation fails for non-existing activation","functional-tests.tests.activation","2026-10-09","passed","2026-10-09","","test_debtor_deactivation","",""
"","415","malformed rtp_id → 400 Bad Request","functional-tests.tests.get_rtp","2026-10-09","passed","2026-10-09","","test_RTP_get","",""
"
Test RFC callback DS12N with wrong certificate identity, cancel via REST Web API.

Flow:
1. Activate payer
2. Send an RTP via GPD message (CREATE VALID)
3. Cancel the RTP via REST cancel endpoint with cancel_reason → RTP to RFC_SENT
4. Send DS12N callback with assignee_bic='FAKESP01' (doesn't match certificate identity MOCKSP04)
5. Verify callback is rejected with 403 (certificate mismatch)
","1756","Unauthorized RFC callback due to wrong certificate serial - through Web API cancel","functional-tests.tests.callbacks","2026-10-09","passed","2026-10-09","","test_RTP_callback_DS_12N","",""
"","522","The activation request must contain a Service Provider ID of valid length","functional-tests.tests.activation","2026-10-09","passed","2026-10-09","","test_debtor_activation_create","",""
"","31322","RTP form is filled and submitted","ux-tests.tests","2026-10-09","broken","2026-10-09","","test_RTP_submission_v4","",""
"Test sending a DELETE operation message via GPD message API after a CREATE","1229","A DELETE message after CREATE PARTIALLY_PAID","functional-tests.tests.process_messages_sender","2026-10-09","passed","2026-10-09","","test_RTP_process_sender_DELETE","",""
"Reject a message whose target URI cannot be canonicalized.","1","test_verify_srtp_message_rejects_an_invalid_target_uri[mailto:callback@example.com]","functional-tests.tests.qsealc","2026-10-09","passed","2026-10-09","","test_srtp_signature_verification","",""
"","19334","RTP is successfully cancelled with reason MODT - V2","functional-tests.tests.cancel_rtp","2026-10-09","passed","2026-10-09","","test_RTP_cancel","",""
"","834","A debtor activated with an owned but distinct Service Provider ID is retrieved by payer id","functional-tests.tests.activation","2026-10-09","passed","2026-10-09","","test_debtor_activation_get","",""
"Each entry in ``INVALID_PAYER_IDS`` must be rejected with 400.

The ``description`` parameter appears in pytest output to identify which
case failed without having to inspect the raw value.
","415","Querying activation status with an invalid payerId format returns 400","functional-tests.tests.activation","2026-10-09","passed","2026-10-09","","test_debtor_activation_payer_status","",""
"Reject target values that are not valid HTTP URIs.","0","test_canonical_representation_requires_a_complete_target_uri[ftp://example.com/resource]","functional-tests.tests.qsealc","2026-10-09","passed","2026-10-09","","test_srtp_message_signing","",""
"Each entry in ``INVALID_PAYER_IDS`` must be rejected with 400.

The ``description`` parameter appears in pytest output to identify which
case failed without having to inspect the raw value.
","400","Querying activation status with an invalid payerId format returns 400","functional-tests.tests.activation","2026-10-09","passed","2026-10-09","","test_debtor_activation_payer_status","",""
"Each entry in ``INVALID_PAYER_IDS`` must be rejected with 400.

The ``description`` parameter appears in pytest output to identify which
case failed without having to inspect the raw value.
","392","Querying activation status with an invalid payerId format returns 400","functional-tests.tests.activation","2026-10-09","passed","2026-10-09","","test_debtor_activation_payer_status","",""
"Test sending a DELETE operation message via GPD message API after a CREATE VALID + UPDATE","1779","A DELETE message after CREATE VALID + UPDATE PARTIALLY_PAID","functional-tests.tests.process_messages_sender","2026-10-09","passed","2026-10-09","","test_RTP_process_sender_DELETE","",""
"Each entry in ``INVALID_PAYER_IDS`` must be rejected with 400.

The ``description`` parameter appears in pytest output to identify which
case failed without having to inspect the raw value.
","410","Querying activation status with an invalid payerId format returns 400","functional-tests.tests.activation","2026-10-09","passed","2026-10-09","","test_debtor_activation_payer_status","",""
"","1042","SP_ACTIVATIONS_READ_ALL can retrieve activation by Fiscal Code created by SP_A","functional-tests.tests.activation","2026-10-09","passed","2026-10-09","","test_RTP_activation_security","",""
"
Test v2 RFC callback DS12P with non-existing service provider.

Flow:
1. Activate payer
2. Send an RTP via GPD message v2 (CREATE VALID)
3. Cancel the RTP via GPD message v2 (DELETE) -> RTP to RFC_SENT
4. Send DS12P callback with non-existing BIC (MOCKSP99)
5. Verify callback is rejected with 400 (service provider not found)
6. Verify RTP status is still RFC_SENT
","18287","Failed v2 RFC callback for non existing Service Provider - DS-12P positive compliant","functional-tests.tests.callbacks_v2","2026-10-09","failed","2026-10-09","","test_RTP_callback_DS_12P_positive","",""
"Test sending an UPDATE operation message with different statuses via GPD message API after a CREATE","1547","An UPDATE message with status INVALID after CREATE","functional-tests.tests.process_messages_sender","2026-10-09","passed","2026-10-09","","test_RTP_process_sender_UPDATE","",""
"Test sending an UPDATE operation message with different statuses via GPD message API after a CREATE","1390","An UPDATE message with status EXPIRED after CREATE","functional-tests.tests.process_messages_sender","2026-10-09","passed","2026-10-09","","test_RTP_process_sender_UPDATE","",""
"","809","A status-update cancel response maps to the expected RTP result","functional-tests.tests.send_rtp","2026-10-09","failed","2026-10-09","","test_RTP_status_update_cancel_MOCK_V2","",""
"","2668","An RTP sent with synchronous rejection is in status REJECTED - DS-08P N - through Web API","functional-tests.tests.send_rtp","2026-10-09","passed","2026-10-09","","test_RTP_send_MOCK","",""
"","41900","A status-update error is normalized without changing the RTP","functional-tests.tests.send_rtp","2026-10-09","passed","2026-10-09","","test_RTP_status_update_MOCK_V2","",""
"
Verify that a debt position can be created and published successfully.
","454","Happy path: a debt position is created and published in UAT environment","functional-tests.tests.gpd_availability","2026-10-09","passed","2026-10-09","","test_availability_GPD","",""
"MOCKSP04 owns MOCKSP01 as well as its own spId; status must reflect the activation either way.","818","An active payer returns isActive true when activated under an owned but distinct Service Provider ID","functional-tests.tests.activation","2026-10-09","passed","2026-10-09","","test_debtor_activation_payer_status","",""
"Test sending a CREATE operation message with an omocodia fiscal code via GPD message API","1014","A CREATE message with omocodia fiscal code is successfully sent through GPD message API","functional-tests.tests.process_messages_sender","2026-10-09","passed","2026-10-09","","test_RTP_process_sender","",""
"
Test RFC callback DS12N with wrong certificate identity, cancel via REST Web API.

Flow:
1. Activate payer
2. Send an RTP via GPD message (CREATE VALID)
3. Cancel the RTP via REST cancel endpoint with cancel_reason → RTP to RFC_SENT
4. Send DS12N callback with assignee_bic='FAKESP01' (doesn't match certificate identity MOCKSP04)
5. Verify callback is rejected with 403 (certificate mismatch)
","1848","Unauthorized RFC callback due to wrong certificate serial - through Web API cancel","functional-tests.tests.callbacks","2026-10-09","passed","2026-10-09","","test_RTP_callback_DS_12N","",""
"Test sending a DELETE operation message via GPD message API after a CREATE","1249","A DELETE message after CREATE DRAFT","functional-tests.tests.process_messages_sender","2026-10-09","passed","2026-10-09","","test_RTP_process_sender_DELETE","",""
"Generate signatures for each supported explicit digest algorithm.","1","test_sign_srtp_message_uses_an_explicit_digest_algorithm[sha512]","functional-tests.tests.qsealc","2026-10-09","passed","2026-10-09","","test_srtp_signature","",""
"","836","An AEXR status update conflicts with a USER_REJECTED RTP","functional-tests.tests.callbacks_v2","2026-10-09","failed","2026-10-09","","test_RTP_status_update_callback","",""
"Preserve binary payload bytes when no headers are present.","0","test_canonical_representation_preserves_body_bytes_without_headers","functional-tests.tests.qsealc","2026-10-09","passed","2026-10-09","","test_srtp_message_signing","",""
"UPDATE VALID before any CREATE creates a new RTP; the RTP must be retrievable from the database","1319","An UPDATE VALID before CREATE creates the RTP in the database","functional-tests.tests.process_messages_sender","2026-10-09","passed","2026-10-09","","test_RTP_process_sender_UPDATE_before_CREATE","",""
"Test sending an UPDATE operation message with different statuses via GPD message API after a CREATE","1316","An UPDATE message with status PARTIALLY_PAID after CREATE","functional-tests.tests.process_messages_sender","2026-10-09","passed","2026-10-09","","test_RTP_process_sender_UPDATE","",""
"","3600","Failed callback for invalid RTP transition - DS-08P RJCT compliant","functional-tests.tests.callbacks","2026-10-09","passed","2026-10-09","","test_RTP_callback_DS_08","",""
"","21785","A REPR status update leaves SENT unchanged","functional-tests.tests.callbacks_v2","2026-10-09","passed","2026-10-09","","test_RTP_status_update_callback","",""
"","851","A status-update error is normalized without changing the RTP","functional-tests.tests.send_rtp","2026-10-09","failed","2026-10-09","","test_RTP_status_update_MOCK_V2","",""
"","373","The service returns the mocked server error","functional-tests.tests.availability","2026-10-09","passed","2026-10-09","","test_availability_MOCK","",""
"","752","Get list of service providers successfully","functional-tests.tests.service_registry","2026-10-09","passed","2026-10-09","","test_service_registry_service_providers","",""
"Availability probe for takeover notification mock endpoint: expects 204 No Content","372","Test Takeover Notification Endpoint","functional-tests.tests.takeover","2026-10-09","passed","2026-10-09","","test_debtor_takeover","",""
"
Test RFC callback DS12P with non-existing service provider, cancel via REST Web API.

Flow:
1. Activate payer
2. Send an RTP via GPD message (CREATE VALID)
3. Cancel the RTP via REST cancel endpoint with cancel_reason → RTP to RFC_SENT
4. Send DS12P callback with non-existing BIC (MOCKSP99)
5. Verify callback is rejected with 400 (service provider not found)
","2472","Failed RFC callback for non existing Service Provider - DS-12P CNCL compliant - through Web API cancel","functional-tests.tests.callbacks","2026-10-09","passed","2026-10-09","","test_RTP_callback_DS_12P","",""
"Each entry in ``INVALID_PAYER_IDS`` (see dataset docstring) must be rejected with 400.","403","The activation request must contain a validly formatted fiscal code","functional-tests.tests.activation","2026-10-09","passed","2026-10-09","","test_debtor_activation_create","",""
"Normalize each supported HTTP method to uppercase.","0","test_canonical_representation_emits_an_uppercase_method[options]","functional-tests.tests.qsealc","2026-10-09","passed","2026-10-09","","test_srtp_message_signing","",""
"","1498","A status-update error is normalized without changing the RTP","functional-tests.tests.send_rtp","2026-10-09","failed","2026-10-09","","test_RTP_status_update_MOCK_V2","",""
"","37837","A status-update response maps to the expected RTP result","functional-tests.tests.send_rtp","2026-10-09","passed","2026-10-09","","test_RTP_status_update_MOCK_V2","",""
"Each entry in ``INVALID_PAYER_IDS`` (see dataset docstring) must be rejected with 400.","410","The activation request must contain a validly formatted fiscal code","functional-tests.tests.activation","2026-10-09","passed","2026-10-09","","test_debtor_activation_create","",""
"Missing or invalid Bearer token → the endpoint must return 401.","369","Querying activation status without a valid token returns 401","functional-tests.tests.activation","2026-10-09","passed","2026-10-09","","test_debtor_activation_payer_status","",""
"
DS_05 ACTC callback sent with the Version header must be rejected with 400.
The RTP must remain in SENT (transition to ACCEPTED must not happen).

Flow:
1. Activate payer and send an RTP → resource_id
2. Build a valid DS_05 ACTC payload referencing the RTP
3. POST to callback endpoint WITH Version header
4. Verify 400 is returned with the expected error body
5. Verify RTP status is still SENT
","1801","DS_05 ACTC callback with Version header returns 400","functional-tests.tests.callbacks","2026-10-09","passed","2026-10-09","","test_RTP_callback_with_version_header","",""
"Reject a signature when the revocation checker reports revoked.","1","test_verify_srtp_message_rejects_a_revoked_certificate","functional-tests.tests.qsealc","2026-10-09","passed","2026-10-09","","test_srtp_signature_verification","",""
"","19220","A v2 redirect RTP callback with status ACTC is successfully received","functional-tests.tests.callbacks_v2","2026-10-09","passed","2026-10-09","","test_RTP_callback_DS_05_redirect","",""
"","1527","Cannot send RTP with invalid amount","functional-tests.tests.availability","2026-10-09","passed","2026-10-09","","test_availability_CBI","",""
"","388","Requesting a status update for an unknown RTP returns not found","functional-tests.tests.send_rtp","2026-10-09","failed","2026-10-09","","test_RTP_status_update_MOCK_V2","",""
"
Test v2 RFC callback DS12N with RJCR status.

Flow:
1. Activate payer
2. Send an RTP via GPD message v2 (CREATE VALID)
3. Cancel the RTP via GPD message v2 (DELETE) -> RTP to RFC_SENT
4. Send DS12N callback with CxlStsId RJCR (Rejected Cancellation Request)
5. Verify callback is accepted (200)
6. Verify RTP status is CANCELLED_REJECTED
","929","A v2 RFC callback DS12N RJCR is successfully received and RTP status is CANCELLED_REJECTED","functional-tests.tests.callbacks_v2","2026-10-09","failed","2026-10-09","","test_RTP_callback_DS_12N_negative","",""
"Each entry in ``INVALID_PAYER_IDS`` (see dataset docstring) must be rejected with 400.","416","The activation request must contain a validly formatted fiscal code","functional-tests.tests.activation","2026-10-09","passed","2026-10-09","","test_debtor_activation_create","",""
"
Given a debtor is activated with the mock fiscal code that makes the debtor
service provider mock reply with a server error, when a GPD message (CREATE)
is sent via POST /gpd/message, then the rtp-sender fails to deliver the RTP
and records an ERROR_SEND_RTP event (RTP status becomes ERROR_SEND). RTPs in
ERROR_SEND status are purged from both Cosmos and ADX, so querying by
noticeNumber returns an empty list. When the payee then queries the
delivery-status endpoint with the matching noticeNumber and payeeId, the
response must still be HTTP 200 with status=PD_RTP_NOT_DELIVERED and
processingDate absent or null.
","8234","RTP with ERROR_SEND_RTP event → PD_RTP_NOT_DELIVERED","functional-tests.tests.get_rtp","2026-10-09","passed","2026-10-09","","test_RTP_get_delivery_status","",""
"
Tests that sending an RTP payload with an amount over the POSTE limit results in a 400 Bad Request response.

:param debtor_sp_mock_cert_key: Certificate and key tuple for mutual TLS authentication.
:type debtor_sp_mock_cert_key: Tuple[str, str]
","135033","Cannot send RTP with an amount over the POSTE limit","functional-tests.tests.availability","2026-10-09","broken","2026-10-09","","test_availability_POSTE","",""
"","3748","Failed callback for invalid RTP transition - DS-08P ACCP compliant","functional-tests.tests.callbacks","2026-10-09","passed","2026-10-09","","test_RTP_callback_DS_08","",""
"Validate the EPC header whitelist with case-insensitive names.","0","test_epc_header_filter_matches_swagger_headers_case_insensitively","functional-tests.tests.qsealc","2026-10-09","passed","2026-10-09","","test_srtp_message_signing","",""
"","2757","An authenticated creditor Service Provider can send an RTP to an activated debtor","bdd-tests","2026-10-09","passed","2026-10-09","RTP_Sending","RTP","",""
"","392","A status update callback for an unknown RTP is rejected","functional-tests.tests.callbacks_v2","2026-10-09","failed","2026-10-09","","test_RTP_status_update_callback","",""
"Takeover with syntactically valid but nonsensical body should fail","1239","Test Takeover Fails with Nonsensical Body","functional-tests.tests.takeover","2026-10-09","passed","2026-10-09","","test_debtor_takeover","",""
"Normalize each supported HTTP method to uppercase.","0","test_canonical_representation_emits_an_uppercase_method[delete]","functional-tests.tests.qsealc","2026-10-09","passed","2026-10-09","","test_srtp_message_signing","",""
"Test sending an UPDATE after CREATE VALID + DELETE with different statuses","1776","An UPDATE message with status VALID after CREATE VALID and DELETE","functional-tests.tests.process_messages_sender","2026-10-09","passed","2026-10-09","","test_RTP_process_sender_UPDATE","",""
"Accept a signature whose chain terminates at a trusted root.","1","test_verify_srtp_message_accepts_a_signature_with_a_trusted_root","functional-tests.tests.qsealc","2026-10-09","passed","2026-10-09","","test_srtp_signature_verification","",""
"","415","Retrieving activation with malformed payer id returns 400","functional-tests.tests.activation","2026-10-09","passed","2026-10-09","","test_debtor_activation_get","",""
"UPDATE VALID with an ec_tax_code that does not exist in GPD returns 422 Payee not found","835","An UPDATE VALID message with a non-existent ec_tax_code is rejected","functional-tests.tests.process_messages_sender","2026-10-09","passed","2026-10-09","","test_RTP_process_sender_UPDATE","",""
"
DS_12P CNCL RFC callback sent with the Version header must be rejected with 400.
The RTP must remain in RFC_SENT (transition to CANCELLED must not happen).

Flow:
1. Activate payer, send RTP, trigger cancel via GPD DELETE → RFC_SENT
2. Build a valid DS_12P CNCL payload
3. POST to RFC callback endpoint WITH Version header
4. Verify 400 is returned with the expected error body
5. Verify RTP status is still RFC_SENT
","2157","DS_12P CNCL RFC callback with Version header returns 400","functional-tests.tests.callbacks","2026-10-09","passed","2026-10-09","","test_RTP_callback_with_version_header","",""
"Match EPC headers regardless of their input casing.","0","test_canonical_representation_matches_epc_headers_case_insensitively","functional-tests.tests.qsealc","2026-10-09","passed","2026-10-09","","test_srtp_message_signing","",""
"A valid token that carries neither read_rtp_activations nor read_rtp_all must be rejected with 403.","407","Token without read_rtp_activations or read_rtp_all role returns 403 Forbidden","functional-tests.tests.activation","2026-10-09","passed","2026-10-09","","test_debtor_activation_payer_status","",""
"Reject a signer chain whose issuer omits a mandatory CA constraint.","0","test_verify_srtp_message_rejects_an_issuer_without_ca_constraints[missing-basic-constraints]","functional-tests.tests.qsealc","2026-10-09","passed","2026-10-09","","test_srtp_signature_verification","",""
"","23468","RTP form cancellation with reason PAID","ux-tests.tests","2026-10-09","failed","2026-10-09","","test_RTP_cancel_v4","",""
"","818","Sending a GPD message with null operation returns 400","functional-tests.tests.send_rtp","2026-10-09","passed","2026-10-09","","test_RTP_send_MOCK","",""
"The PSP synchronously rejects the cancellation request with 422 (per standard behaviour for the EPC 406 Not Acceptable scenario). The RTP then transitions to ERROR_CANCEL via ERROR_CANCEL_RTP.","36185","Cancelling an RTP - EPC v4 mock unhappy path scenario: epc_406","functional-tests.tests.cancel_rtp","2026-10-09","passed","2026-10-09","","test_RTP_cancel_MOCK_V2","",""
"Each entry in ``INVALID_PAYER_IDS`` must be rejected with 400.

The ``description`` parameter appears in pytest output to identify which
case failed without having to inspect the raw value.
","418","Querying activation status with an invalid payerId format returns 400","functional-tests.tests.activation","2026-10-09","passed","2026-10-09","","test_debtor_activation_payer_status","",""
"","1658","An RTP is sent through ICCREA API","functional-tests.tests.availability","2026-10-09","passed","2026-10-09","","test_availability_ICCREA","",""
"","861","SP_ACTIVATIONS_READ_ALL can retrieve activation by Activation ID created by SP_A","functional-tests.tests.activation","2026-10-09","passed","2026-10-09","","test_RTP_activation_security","",""
"Reject target values that are not valid HTTP URIs.","0","test_canonical_representation_requires_a_complete_target_uri[https://example.com/resource#fragment]","functional-tests.tests.qsealc","2026-10-09","passed","2026-10-09","","test_srtp_message_signing","",""
"","4373","Successfully cancel a Request to Pay","bdd-tests","2026-10-09","passed","2026-10-09","RTP_Cancellation","RTP","",""
"Each entry in ``INVALID_PAYER_IDS`` (see dataset docstring) must be rejected with 400.","525","The activation request must contain a validly formatted fiscal code","functional-tests.tests.activation","2026-10-09","passed","2026-10-09","","test_debtor_activation_create","",""
"Test sending a DELETE operation message via GPD message API after a CREATE VALID + UPDATE","1796","A DELETE message after CREATE VALID + UPDATE INVALID","functional-tests.tests.process_messages_sender","2026-10-09","passed","2026-10-09","","test_RTP_process_sender_DELETE","",""
"
DS_12N RJCR RFC callback sent with the Version header must be rejected with 400.
The RTP must remain in RFC_SENT (transition to ERROR_CANCEL must not happen).

Flow:
1. Activate payer, send RTP, trigger cancel via GPD DELETE → RFC_SENT
2. Build a valid DS_12N RJCR payload
3. POST to RFC callback endpoint WITH Version header
4. Verify 400 is returned with the expected error body
5. Verify RTP status is still RFC_SENT
","2277","DS_12N RJCR RFC callback with Version header returns 400","functional-tests.tests.callbacks","2026-10-09","passed","2026-10-09","","test_RTP_callback_with_version_header","",""
"No `Sts.Conf` confirmation is present (empty JSON object), so only CANCEL_RTP is triggered and the RTP stays in RFC_SENT.","18946","Cancelling an RTP - EPC v4 mock happy path scenario: empty_json_object","functional-tests.tests.cancel_rtp","2026-10-09","failed","2026-10-09","","test_RTP_cancel_MOCK_V2","",""
"","818","A status-update cancel error is normalized without changing the RTP","functional-tests.tests.send_rtp","2026-10-09","failed","2026-10-09","","test_RTP_status_update_cancel_MOCK_V2","",""
"","858","Get a page of activations","functional-tests.tests.activation","2026-10-09","passed","2026-10-09","","test_debtor_activation_list","",""
"
Test RFC callback DS12N with RJCR status, cancel triggered via REST Web API with explicit reason.

Flow:
1. Activate payer
2. Send an RTP via GPD message (CREATE VALID)
3. Cancel the RTP via REST cancel endpoint with cancel_reason → RTP to RFC_SENT
4. Send DS12N callback with CxlStsId RJCR (Rejected Cancellation Request)
5. Verify callback is accepted (200)
6. Verify RTP status is ERROR_CANCEL
","2729","An RFC callback DS12N RJCR is successfully received and RTP status is ERROR_CANCEL - through Web API cancel","functional-tests.tests.callbacks","2026-10-09","passed","2026-10-09","","test_RTP_callback_DS_12N","",""
"Test sending a DELETE operation message via GPD message API after a CREATE","1249","A DELETE message after CREATE EXPIRED","functional-tests.tests.process_messages_sender","2026-10-09","passed","2026-10-09","","test_RTP_process_sender_DELETE","",""
"","1038","An RTP is sent through GPD message API","functional-tests.tests.send_rtp","2026-10-09","passed","2026-10-09","","test_RTP_send_MOCK","",""
"","827","A status-update cancel error is normalized without changing the RTP","functional-tests.tests.send_rtp","2026-10-09","failed","2026-10-09","","test_RTP_status_update_cancel_MOCK_V2","",""
"Test sending a CREATE operation message with different statuses via GPD message API","832","A CREATE message with status PUBLISHED","functional-tests.tests.process_messages_sender","2026-10-09","passed","2026-10-09","","test_RTP_process_sender_CREATE","",""
"The PSP synchronously rejects the cancellation request with 422 (per standard behaviour for the EPC 404 Not Found scenario). The RTP then transitions to ERROR_CANCEL via ERROR_CANCEL_RTP.","834","Cancelling an RTP - EPC v4 mock unhappy path scenario: epc_404","functional-tests.tests.cancel_rtp","2026-10-09","failed","2026-10-09","","test_RTP_cancel_MOCK_V2","",""
"","827","Deactivation fails for activation by another service provider","functional-tests.tests.activation","2026-10-09","passed","2026-10-09","","test_debtor_deactivation","",""
"","1132","Sending a GPD message with null id returns 400","functional-tests.tests.send_rtp","2026-10-09","passed","2026-10-09","","test_RTP_send_MOCK","",""
"Test that takeover fails when an invalid OTP is provided","1465","Test Takeover Fails with Invalid OTP","functional-tests.tests.takeover","2026-10-09","passed","2026-10-09","","test_debtor_takeover","",""
"","18240","A v2 RTP callback with invalid status is rejected without affecting the RTP status","functional-tests.tests.callbacks_v2","2026-10-09","failed","2026-10-09","","test_RTP_callback_DS_08N_negative","",""
"Reject a signature whose certificate chain is expired.","1","test_verify_srtp_message_rejects_an_expired_certificate","functional-tests.tests.qsealc","2026-10-09","passed","2026-10-09","","test_srtp_signature_verification","",""
"
Given a noticeNumber that does not correspond to any RTP in the database,
when the payee queries the delivery-status endpoint,
then the response must be HTTP 200 with status=PD_RTP_NOT_DELIVERED and
processingDate absent or null.
","447","Non-existent noticeNumber → PD_RTP_NOT_DELIVERED","functional-tests.tests.get_rtp","2026-10-09","passed","2026-10-09","","test_RTP_get_delivery_status","",""
"Test sending a DELETE operation message via GPD message API after a standalone UPDATE (no prior CREATE)","1248","A DELETE message after standalone UPDATE INVALID","functional-tests.tests.process_messages_sender","2026-10-09","passed","2026-10-09","","test_RTP_process_sender_DELETE","",""
"","19307","Unauthorized callback due to wrong certificate serial","functional-tests.tests.callbacks_v2","2026-10-09","failed","2026-10-09","","test_RTP_callback_DS_document_rjct","",""
"Test sending an UPDATE operation message with different statuses via GPD message API before a CREATE","820","An UPDATE message with status INVALID before CREATE","functional-tests.tests.process_messages_sender","2026-10-09","passed","2026-10-09","","test_RTP_process_sender_UPDATE_before_CREATE","",""
"","512","Get payees consents with invalid consent value returns 400","functional-tests.tests.service_registry","2026-10-09","passed","2026-10-09","","test_get_payees_consents","",""
"Reject a valid signature whose certificate chain is untrusted.","1","test_verify_srtp_message_rejects_an_untrusted_certificate_chain","functional-tests.tests.qsealc","2026-10-09","passed","2026-10-09","","test_srtp_signature_verification","",""
"","398","Invalid pagination parameters returns 400","functional-tests.tests.activation","2026-10-09","passed","2026-10-09","","test_debtor_activation_list","",""
"","807","A status-update cancel error is normalized without changing the RTP","functional-tests.tests.send_rtp","2026-10-09","failed","2026-10-09","","test_RTP_status_update_cancel_MOCK_V2","",""
"","869","A debtor activated with an owned but distinct Service Provider ID is retrieved by activation id","functional-tests.tests.activation","2026-10-09","passed","2026-10-09","","test_debtor_activation_get","",""
"
Test RFC callback DS12P with INVALID status, cancel via REST Web API.

Flow:
1. Activate payer
2. Send an RTP via GPD message (CREATE VALID)
3. Cancel the RTP via REST cancel endpoint with cancel_reason → RTP to RFC_SENT
4. Send DS12P callback with CxlStsId INVALID
5. Verify callback is rejected with 400
6. Verify RTP status is still RFC_SENT
","2687","An RFC callback DS12P INVALID is rejected with 400 - through Web API cancel","functional-tests.tests.callbacks","2026-10-09","passed","2026-10-09","","test_RTP_callback_DS_12P","",""
"","830","A status-update cancel error is normalized without changing the RTP","functional-tests.tests.send_rtp","2026-10-09","failed","2026-10-09","","test_RTP_status_update_cancel_MOCK_V2","",""
"","916","An ALAC status update transitions SENT to USER_ACCEPTED","functional-tests.tests.callbacks_v2","2026-10-09","failed","2026-10-09","","test_RTP_status_update_callback","",""
"","814","Failed callback for non existing Service Provider - DS-document RJCT compliant","functional-tests.tests.callbacks_v2","2026-10-09","failed","2026-10-09","","test_RTP_callback_DS_document_rjct","",""
"Each entry in ``INVALID_PAYER_IDS`` (see dataset docstring) must be rejected with 400.","409","The activation request must contain a validly formatted fiscal code","functional-tests.tests.activation","2026-10-09","passed","2026-10-09","","test_debtor_activation_create","",""
"Test sending a DELETE operation message via GPD message API after a CREATE","1237","A DELETE message after CREATE PUBLISHED","functional-tests.tests.process_messages_sender","2026-10-09","passed","2026-10-09","","test_RTP_process_sender_DELETE","",""
"","421","Retrieving non-existent activation returns 404","functional-tests.tests.activation","2026-10-09","passed","2026-10-09","","test_debtor_activation_get","",""
"","813","DS_12N negative RFC v2 callback with Version header returns 400","functional-tests.tests.callbacks_v2","2026-10-09","failed","2026-10-09","","test_RTP_callback_with_version_header","",""
"Generate a verifiable signature and all required transport headers.","1","test_sign_srtp_message_returns_a_verifiable_signature_and_headers","functional-tests.tests.qsealc","2026-10-09","passed","2026-10-09","","test_srtp_signature","",""
"","915","A debtor is deactivated by an authenticated service provider","functional-tests.tests.activation","2026-10-09","passed","2026-10-09","","test_debtor_deactivation","",""
"","800","A status-update cancel error is normalized without changing the RTP","functional-tests.tests.send_rtp","2026-10-09","failed","2026-10-09","","test_RTP_status_update_cancel_MOCK_V2","",""
"No `Sts.Conf` confirmation is present (Sts block omitted entirely), so only CANCEL_RTP is triggered and the RTP stays in RFC_SENT.","923","Cancelling an RTP - EPC v4 mock happy path scenario: no_sts_block","functional-tests.tests.cancel_rtp","2026-10-09","failed","2026-10-09","","test_RTP_cancel_MOCK_V2","",""
"The PSP synchronously rejects the cancellation request with 422 (per standard behaviour for the EPC 415 Unsupported Media Type scenario). The RTP then transitions to ERROR_CANCEL via ERROR_CANCEL_RTP.","4030","Cancelling an RTP - EPC v4 mock unhappy path scenario: epc_415","functional-tests.tests.cancel_rtp","2026-10-09","failed","2026-10-09","","test_RTP_cancel_MOCK_V2","",""
"","401","Find by payer id request must contain lower case fiscal code","functional-tests.tests.activation","2026-10-09","passed","2026-10-09","","test_debtor_activation_create","",""
"Each entry in ``INVALID_PAYER_IDS`` (see dataset docstring) must be rejected with 400.","409","The activation request must contain a validly formatted fiscal code","functional-tests.tests.activation","2026-10-09","passed","2026-10-09","","test_debtor_activation_create","",""
"","825","A status-update error is normalized without changing the RTP","functional-tests.tests.send_rtp","2026-10-09","failed","2026-10-09","","test_RTP_status_update_MOCK_V2","",""
"`Sts.Conf = ""CNCL""` triggers CANCEL_RTP -> CONFIRM_RFC -> CANCEL_RTP_ACCR, ending in CANCELLED_ACCR.","1805","Cancelling an RTP - EPC v4 mock happy path scenario: cncl_confirmed","functional-tests.tests.cancel_rtp","2026-10-09","failed","2026-10-09","","test_RTP_cancel_MOCK_V2","",""
"Test sending a CREATE operation message with different statuses via GPD message API","833","A CREATE message with status DRAFT","functional-tests.tests.process_messages_sender","2026-10-09","passed","2026-10-09","","test_RTP_process_sender_CREATE","",""
"","405","The activation request must contain a validly formatted Service Provider ID","functional-tests.tests.activation","2026-10-09","passed","2026-10-09","","test_debtor_activation_create","",""
"Test sending a CREATE operation message with different statuses via GPD message API","807","A CREATE message with status PAID","functional-tests.tests.process_messages_sender","2026-10-09","passed","2026-10-09","","test_RTP_process_sender_CREATE","",""
"Payer activated then deactivated by SP A → isActive must be false.","1304","A deactivated payer returns isActive false","functional-tests.tests.activation","2026-10-09","passed","2026-10-09","","test_debtor_activation_payer_status","",""
"Each entry in ``INVALID_PAYER_IDS`` (see dataset docstring) must be rejected with 400.","403","The activation request must contain a validly formatted fiscal code","functional-tests.tests.activation","2026-10-09","passed","2026-10-09","","test_debtor_activation_create","",""
"Each entry in ``INVALID_PAYER_IDS`` must be rejected with 400.

The ``description`` parameter appears in pytest output to identify which
case failed without having to inspect the raw value.
","422","Querying activation status with an invalid payerId format returns 400","functional-tests.tests.activation","2026-10-09","passed","2026-10-09","","test_debtor_activation_payer_status","",""
"","2718","An authenticated Service Provider cannot send an RTP to an activated debtor","bdd-tests","2026-10-09","passed","2026-10-09","RTP_Sending","RTP","",""
"","1154","Whitespaces is allowed in description and company name field","ux-tests.tests","2026-10-09","passed","2026-10-09","","test_RTP_submission_v3","",""
"Test sending an UPDATE operation message with different statuses via GPD message API before a CREATE","1157","An UPDATE message with status VALID before CREATE","functional-tests.tests.process_messages_sender","2026-10-09","passed","2026-10-09","","test_RTP_process_sender_UPDATE_before_CREATE","",""
"Test sending an UPDATE operation message with different statuses via GPD message API before a CREATE","826","An UPDATE message with status PAID before CREATE","functional-tests.tests.process_messages_sender","2026-10-09","passed","2026-10-09","","test_RTP_process_sender_UPDATE_before_CREATE","",""
"","942","An RTP is sent through API - through Web API","functional-tests.tests.send_rtp","2026-10-09","passed","2026-10-09","","test_RTP_send_MOCK","",""
"","494","Get payees with invalid authorization","functional-tests.tests.service_registry","2026-10-09","passed","2026-10-09","","test_service_registry_payees_registry","",""
"Each entry in ``INVALID_PAYER_IDS`` (see dataset docstring) must be rejected with 400.","421","The activation request must contain a validly formatted fiscal code","functional-tests.tests.activation","2026-10-09","passed","2026-10-09","","test_debtor_activation_create","",""
"
Test RFC callback DS12N with INVALID status, cancel via REST Web API.

Flow:
1. Activate payer
2. Send an RTP via GPD message (CREATE VALID)
3. Cancel the RTP via REST cancel endpoint with cancel_reason → RTP to RFC_SENT
4. Send DS12N callback with CxlStsId INVALID
5. Verify callback is rejected with 400
6. Verify RTP status is still RFC_SENT
","3376","An RFC callback DS12N INVALID is rejected with 400 - through Web API cancel","functional-tests.tests.callbacks","2026-10-09","passed","2026-10-09","","test_RTP_callback_DS_12N","",""
"","570","The RTP web page is reachable","functional-tests.tests.availability","2026-10-09","passed","2026-10-09","","test_availability_RTP_webform","",""
"
Test RFC callback DS12P with CNCL status, cancel triggered via REST Web API with explicit reason.

Flow:
1. Activate payer
2. Send an RTP via GPD message (CREATE VALID)
3. Cancel the RTP via REST cancel endpoint with cancel_reason → RTP to RFC_SENT
4. Send DS12P callback with CxlStsId CNCL (Cancelled As Per Request)
5. Verify callback is accepted (200)
6. Verify RTP status is CANCELLED
","2192","An RFC callback DS12P CNCL is successfully received and RTP status is CANCEL - through Web API cancel","functional-tests.tests.callbacks","2026-10-09","passed","2026-10-09","","test_RTP_callback_DS_12P","",""
"","2854","An RTP is sent to ICCREA service with activated fiscal code","functional-tests.tests.send_rtp","2026-10-09","passed","2026-10-09","","test_RTP_send_ICCREA","",""
"Apply a caller-provided predicate when selecting canonical headers.","0","test_canonical_representation_applies_a_caller_provided_header_filter","functional-tests.tests.qsealc","2026-10-09","passed","2026-10-09","","test_srtp_message_signing","",""
"","806","A status-update response maps to the expected RTP result","functional-tests.tests.send_rtp","2026-10-09","failed","2026-10-09","","test_RTP_status_update_MOCK_V2","",""
"Each entry in ``INVALID_PAYER_IDS`` must be rejected with 400.

The ``description`` parameter appears in pytest output to identify which
case failed without having to inspect the raw value.
","403","Querying activation status with an invalid payerId format returns 400","functional-tests.tests.activation","2026-10-09","passed","2026-10-09","","test_debtor_activation_payer_status","",""
"","1319","An RTP sent when EPC response omits _links is in status ACCEPTED","functional-tests.tests.send_rtp","2026-10-09","passed","2026-10-09","","test_RTP_send_MOCK","",""
"","529","Sending to non-activated debtor returns 422","functional-tests.tests.send_rtp","2026-10-09","passed","2026-10-09","","test_RTP_send_MOCK","",""
"Reject digest algorithms outside the supported set.","0","test_sign_srtp_message_rejects_unsupported_digest_algorithms","functional-tests.tests.qsealc","2026-10-09","passed","2026-10-09","","test_srtp_signature","",""
"Test sending a DELETE operation message via GPD message API after a standalone UPDATE (no prior CREATE)","1230","A DELETE message after standalone UPDATE PARTIALLY_PAID","functional-tests.tests.process_messages_sender","2026-10-09","passed","2026-10-09","","test_RTP_process_sender_DELETE","",""
"","18668","RTP form is filled and submitted","ux-tests.tests","2026-10-09","passed","2026-10-09","","test_RTP_cancel_v4","",""
"","18628","Failed callback for non existing Service Provider - DS-08P positive compliant","functional-tests.tests.callbacks_v2","2026-10-09","passed","2026-10-09","","test_RTP_callback_DS_08P_positive","",""
"","392","A Service Provider with invalid client secret is not authenticated on Keycloak","functional-tests.tests.auth","2026-10-09","passed","2026-10-09","","test_auth","",""
"
Test RFC callback DS12P with non-existing service provider, cancel via REST Web API.

Flow:
1. Activate payer
2. Send an RTP via GPD message (CREATE VALID)
3. Cancel the RTP via REST cancel endpoint with cancel_reason → RTP to RFC_SENT
4. Send DS12P callback with non-existing BIC (MOCKSP99)
5. Verify callback is rejected with 400 (service provider not found)
","1950","Failed RFC callback for non existing Service Provider - DS-12P CNCL compliant - through Web API cancel","functional-tests.tests.callbacks","2026-10-09","passed","2026-10-09","","test_RTP_callback_DS_12P","",""
"","752","Auth endpoint returns valid token","functional-tests.tests.availability","2026-10-09","passed","2026-10-09","","test_availability_CBI","",""
"
Test v2 RFC callback DS12P with INVALID status.

Flow:
1. Activate payer
2. Send an RTP via GPD message v2 (CREATE VALID)
3. Cancel the RTP via GPD message v2 (DELETE) -> RTP to RFC_SENT
4. Send DS12P callback with CxlStsId INVALID
5. Verify callback is rejected with 400
6. Verify RTP status is still RFC_SENT
","844","A v2 RFC callback DS12P INVALID is rejected with 400","functional-tests.tests.callbacks_v2","2026-10-09","failed","2026-10-09","","test_RTP_callback_DS_12P_positive","",""
"","39251","A status-update error is normalized without changing the RTP","functional-tests.tests.send_rtp","2026-10-09","passed","2026-10-09","","test_RTP_status_update_MOCK_V2","",""
"","3945","A debtor Service Provider successfully takes over an activation from another provider","bdd-tests","2026-10-09","passed","2026-10-09","Debtor_Activation_Takeover","RTP","",""
"
Test v2 RFC callback DS12P with CNCL status applied twice on the same RTP.

Flow:
1. Activate payer
2. Send an RTP via GPD message v2 (CREATE VALID)
3. Cancel the RTP via GPD message v2 (DELETE) -> RTP to RFC_SENT
4. Send DS12P callback with CxlStsId CNCL (Cancelled As Per Request) -> RTP to CANCELLED
5. Send the same DS12P CNCL callback again on the already cancelled RTP
6. Verify the second callback is rejected (400) since the transition is no longer valid
7. Verify RTP status remains CANCELLED
","34956","Failed v2 RFC callback for invalid RTP transition - DS-12P positive compliant","functional-tests.tests.callbacks_v2","2026-10-09","failed","2026-10-09","","test_RTP_callback_DS_12P_positive","",""
"","1985","Sending an RTP when EPC returns a malformed/invalid response body returns 500","functional-tests.tests.send_rtp","2026-10-09","passed","2026-10-09","","test_RTP_send_MOCK","",""
"Test sending a DELETE operation message via GPD message API after a standalone UPDATE (no prior CREATE)","1290","A DELETE message after standalone UPDATE PAID","functional-tests.tests.process_messages_sender","2026-10-09","passed","2026-10-09","","test_RTP_process_sender_DELETE","",""
"","914","Sending an RTP when EPC returns an unexpected status code error (RTP_05.CHK.A0007) returns 500","functional-tests.tests.send_rtp","2026-10-09","passed","2026-10-09","","test_RTP_send_MOCK","",""
"
Test RFC callback DS12P with CNCL status.

Flow:
1. Activate payer
2. Send an RTP via GPD message (CREATE VALID)
3. Cancel the RTP via GPD message (DELETE) → RTP to RFC_SENT
4. Send DS12P callback with CxlStsId CNCL (Cancelled As Per Request)
5. Verify callback is accepted (200)
6. Verify RTP status is CANCELLED
","2354","An RFC callback DS12P CNCL is successfully received and RTP status is CANCEL","functional-tests.tests.callbacks","2026-10-09","passed","2026-10-09","","test_RTP_callback_DS_12P","",""
"","2627","RTP form is filled and submitted","ux-tests.tests","2026-10-09","passed","2026-10-09","","test_RTP_submission_v3","",""
"
Payer activated under SP A.
Token with read_rtp_all can read across all Service Providers:
the admin client sub does not match SP A, yet isActive must be true.
","841","read_rtp_all role returns isActive true for a payer on any Service Provider","functional-tests.tests.activation","2026-10-09","passed","2026-10-09","","test_debtor_activation_payer_status","",""
"
SP A activates the payer.
SP B queries the status → must get isActive=false to avoid disclosing
that the payer is registered under a competitor SP.
","860","A payer active on a different Service Provider returns isActive false (privacy)","functional-tests.tests.activation","2026-10-09","passed","2026-10-09","","test_debtor_activation_payer_status","",""
"","4945","RTP form is filled and submitted","ux-tests.tests","2026-10-09","passed","2026-10-09","","test_RTP_cancel_v3","",""
"","1956","An RTP sent with synchronous rejection and missing _links results in status REJECTED - through Web API","functional-tests.tests.send_rtp","2026-10-09","passed","2026-10-09","","test_RTP_send_MOCK","",""
"Keep an empty header block distinct from body bytes that look like headers.","0","test_canonical_representation_distinguishes_headers_from_body_bytes","functional-tests.tests.qsealc","2026-10-09","passed","2026-10-09","","test_srtp_message_signing","",""
"
Test RFC callback DS12N with RJCR status, cancel triggered via REST Web API with explicit reason.

Flow:
1. Activate payer
2. Send an RTP via GPD message (CREATE VALID)
3. Cancel the RTP via REST cancel endpoint with cancel_reason → RTP to RFC_SENT
4. Send DS12N callback with CxlStsId RJCR (Rejected Cancellation Request)
5. Verify callback is accepted (200)
6. Verify RTP status is ERROR_CANCEL
","2786","An RFC callback DS12N RJCR is successfully received and RTP status is ERROR_CANCEL - through Web API cancel","functional-tests.tests.callbacks","2026-10-09","passed","2026-10-09","","test_RTP_callback_DS_12N","",""
"Test sending a DELETE operation message via GPD message API after a CREATE","1446","A DELETE message after CREATE VALID","functional-tests.tests.process_messages_sender","2026-10-09","passed","2026-10-09","","test_RTP_process_sender_DELETE","",""
"The PSP synchronously rejects the cancellation request with 422 (per standard behaviour for the EPC 401 Unauthorized scenario). The RTP then transitions to ERROR_CANCEL via ERROR_CANCEL_RTP.","829","Cancelling an RTP - EPC v4 mock unhappy path scenario: epc_401","functional-tests.tests.cancel_rtp","2026-10-09","failed","2026-10-09","","test_RTP_cancel_MOCK_V2","",""
"Test sending a DELETE operation message via GPD message API after a CREATE VALID + UPDATE","1821","A DELETE message after CREATE VALID + UPDATE PUBLISHED","functional-tests.tests.process_messages_sender","2026-10-09","passed","2026-10-09","","test_RTP_process_sender_DELETE","",""
"DS_08N RJCT callback sent twice on the same RTP (direct SENT -> REJECTED).

The second callback must be rejected with 400 since the transition is no
longer valid once the RTP is already REJECTED.
","18444","Failed v2 callback for invalid RTP transition - DS-08N negative compliant","functional-tests.tests.callbacks_v2","2026-10-09","failed","2026-10-09","","test_RTP_callback_DS_08N_negative","",""
"Encode the leaf certificate as DER and the chain as PEM.","1","test_sign_srtp_message_encodes_leaf_der_and_chain_pem","functional-tests.tests.qsealc","2026-10-09","passed","2026-10-09","","test_srtp_signature","",""
"","37412","A status-update error is normalized without changing the RTP","functional-tests.tests.send_rtp","2026-10-09","passed","2026-10-09","","test_RTP_status_update_MOCK_V2","",""
"Each entry in ``INVALID_PAYER_IDS`` must be rejected with 400.

The ``description`` parameter appears in pytest output to identify which
case failed without having to inspect the raw value.
","412","Querying activation status with an invalid payerId format returns 400","functional-tests.tests.activation","2026-10-09","passed","2026-10-09","","test_debtor_activation_payer_status","",""
"Each entry in ``INVALID_PAYER_IDS`` (see dataset docstring) must be rejected with 400.","417","The activation request must contain a validly formatted fiscal code","functional-tests.tests.activation","2026-10-09","passed","2026-10-09","","test_debtor_activation_create","",""
"
Tests the retrieval of an access token from the POSTE authentication endpoint using client credentials and mutual TLS.

:param debtor_sp_mock_cert_key: Certificate and key tuple for mutual TLS authentication.
:type debtor_sp_mock_cert_key: Tuple[str, str]
","382","Auth endpoint returns valid token","functional-tests.tests.availability","2026-10-09","passed","2026-10-09","","test_availability_POSTE","",""
"","2247","An RTP callback with status ACTC is successfully received","functional-tests.tests.callbacks","2026-10-09","passed","2026-10-09","","test_RTP_callback_DS_05","",""
"Test sending a CREATE operation message with different statuses via GPD message API","823","A CREATE message with status INVALID","functional-tests.tests.process_messages_sender","2026-10-09","passed","2026-10-09","","test_RTP_process_sender_CREATE","",""
"","2590","Takeover fails with invalid OTP","bdd-tests","2026-10-09","passed","2026-10-09","Debtor_Activation_Takeover","RTP","",""
"","443","Sending to non-activated debtor returns 422 - through Web API","functional-tests.tests.send_rtp","2026-10-09","passed","2026-10-09","","test_RTP_send_MOCK","",""
"","18176","Unauthorized callback due to wrong certificate serial","functional-tests.tests.callbacks_v2","2026-10-09","failed","2026-10-09","","test_RTP_callback_DS_08N_negative","",""
"","938","A status-update response maps to the expected RTP result","functional-tests.tests.send_rtp","2026-10-09","failed","2026-10-09","","test_RTP_status_update_MOCK_V2","",""
"Do not append a trailing line feed to the canonical message.","1","test_canonical_representation_does_not_append_a_closing_line_feed","functional-tests.tests.qsealc","2026-10-09","passed","2026-10-09","","test_srtp_message_signing","",""
"","17481","An RTP sent with synchronous rejection containing extra fields results in status SENT - through Web API V2","functional-tests.tests.send_rtp","2026-10-09","passed","2026-10-09","","test_RTP_send_MOCK","",""
"Test sending an UPDATE operation message with different statuses via GPD message API before a CREATE","830","An UPDATE message with status PARTIALLY_PAID before CREATE","functional-tests.tests.process_messages_sender","2026-10-09","passed","2026-10-09","","test_RTP_process_sender_UPDATE_before_CREATE","",""
"","3742","RTP form cancellation with reason PAID","ux-tests.tests","2026-10-09","passed","2026-10-09","","test_RTP_cancel_v3","",""
"
Send the same CREATE VALID message twice.

Because send_gpd_message derives the Idempotency-Key deterministically from
the message id (msg_id), reusing the same payload reuses the same key.

Expectations:
- Both calls return HTTP 200 (idempotent, not an error).
- The resourceId in both responses is identical, proving the API returned
  the cached response and did not process the message twice.
- Querying by notice number returns exactly one RTP, confirming that only
  one record was written to the database.
","4027","Two CREATE VALID messages with the same Idempotency-Key both succeed but only one RTP is stored","functional-tests.tests.process_messages_sender","2026-10-09","passed","2026-10-09","","test_RTP_process_sender_IDEMPOTENCY","",""
"Each entry in ``INVALID_PAYER_IDS`` must be rejected with 400.

The ``description`` parameter appears in pytest output to identify which
case failed without having to inspect the raw value.
","406","Querying activation status with an invalid payerId format returns 400","functional-tests.tests.activation","2026-10-09","failed","2026-10-09","","test_debtor_activation_payer_status","",""
"","811","Failed callback for non existing Service Provider - DS-08N negative compliant","functional-tests.tests.callbacks_v2","2026-10-09","failed","2026-10-09","","test_RTP_callback_DS_08N_negative","",""
"Test sending a CREATE operation message with different statuses via GPD message API","842","A CREATE message with status PARTIALLY_PAID","functional-tests.tests.process_messages_sender","2026-10-09","passed","2026-10-09","","test_RTP_process_sender_CREATE","",""
"","1908","An RTP sent with synchronous rejection containing extra fields results in status REJECTED - through Web API","functional-tests.tests.send_rtp","2026-10-09","passed","2026-10-09","","test_RTP_send_MOCK","",""
"","930","A status-update response maps to the expected RTP result","functional-tests.tests.send_rtp","2026-10-09","failed","2026-10-09","","test_RTP_status_update_MOCK_V2","",""
"","1073","A second service provider triggers takeover when debtor is already active on another service provider","functional-tests.tests.activation","2026-10-09","passed","2026-10-09","","test_debtor_activation_create","",""
"
Verify that a debt position can be deleted successfully.
","382","Happy path: a debt position is deleted in DEV environment","functional-tests.tests.gpd_availability","2026-10-09","failed","2026-10-09","","test_availability_GPD","",""
"DS_08N RJCT callback sent directly on a SENT RTP (no prior DS_05 ACTC callback).

The RTP is expected to transition from SENT to REJECTED.
","825","A v2 RTP callback with status RJCT is successfully received","functional-tests.tests.callbacks_v2","2026-10-09","failed","2026-10-09","","test_RTP_callback_DS_08N_negative","",""
"","19419","DS_08P positive v2 callback with Version header returns 400","functional-tests.tests.callbacks_v2","2026-10-09","passed","2026-10-09","","test_RTP_callback_with_version_header","",""
"","1044","A v2 RTP callback with status ACCP is successfully received","functional-tests.tests.callbacks_v2","2026-10-09","failed","2026-10-09","","test_RTP_callback_DS_08P_positive","",""
"Test sending an UPDATE after CREATE VALID + DELETE with different statuses","1897","An UPDATE message with status DRAFT after CREATE VALID and DELETE","functional-tests.tests.process_messages_sender","2026-10-09","passed","2026-10-09","","test_RTP_process_sender_UPDATE","",""
"Takeover without a previously issued OTP should fail","819","Test Takeover Fails without Prior OTP","functional-tests.tests.takeover","2026-10-09","passed","2026-10-09","","test_debtor_takeover","",""
"Test sending a CREATE operation message with a foreign fiscal code via GPD message API","925","A CREATE message with foreign fiscal code is successfully sent through GPD message API","functional-tests.tests.process_messages_sender","2026-10-09","passed","2026-10-09","","test_RTP_process_sender","",""
"","855","A debtor activated with an owned but distinct Service Provider ID is deactivated","functional-tests.tests.activation","2026-10-09","passed","2026-10-09","","test_debtor_deactivation","",""
"
Payer activated under SP A.
- SP B (read_rtp_activations): isActive must be false - privacy rule hides cross-SP activation.
- Admin (read_rtp_all): isActive must be true - role grants visibility across all SPs.
Same payer, same endpoint, different roles → different results.
","1349","read_rtp_all role returns isActive true while read_rtp_activations returns false for the same cross-SP payer","functional-tests.tests.activation","2026-10-09","passed","2026-10-09","","test_debtor_activation_payer_status","",""
"Each entry in ``INVALID_PAYER_IDS`` (see dataset docstring) must be rejected with 400.","418","The activation request must contain a validly formatted fiscal code","functional-tests.tests.activation","2026-10-09","passed","2026-10-09","","test_debtor_activation_create","",""
"Authenticated but not authorized: token of SP A tries to use OTP issued for SP B","1302","Test Takeover Fails with Wrong SP Token","functional-tests.tests.takeover","2026-10-09","passed","2026-10-09","","test_debtor_takeover","",""
"","399","Unauthorized callback due to wrong certificate serial","functional-tests.tests.callbacks","2026-10-09","passed","2026-10-09","","test_RTP_callback_DS_08","",""
"Each entry in ``INVALID_PAYER_IDS`` must be rejected with 400.

The ``description`` parameter appears in pytest output to identify which
case failed without having to inspect the raw value.
","414","Querying activation status with an invalid payerId format returns 400","functional-tests.tests.activation","2026-10-09","passed","2026-10-09","","test_debtor_activation_payer_status","",""
"
Test RFC callback DS12P with INVALID status, cancel via REST Web API.

Flow:
1. Activate payer
2. Send an RTP via GPD message (CREATE VALID)
3. Cancel the RTP via REST cancel endpoint with cancel_reason → RTP to RFC_SENT
4. Send DS12P callback with CxlStsId INVALID
5. Verify callback is rejected with 400
6. Verify RTP status is still RFC_SENT
","2168","An RFC callback DS12P INVALID is rejected with 400 - through Web API cancel","functional-tests.tests.callbacks","2026-10-09","passed","2026-10-09","","test_RTP_callback_DS_12P","",""
"","405","RTP cancellation fails if resource ID does not exist","functional-tests.tests.cancel_rtp","2026-10-09","passed","2026-10-09","","test_RTP_cancel","",""
"Each entry in ``INVALID_PAYER_IDS`` must be rejected with 400.

The ``description`` parameter appears in pytest output to identify which
case failed without having to inspect the raw value.
","405","Querying activation status with an invalid payerId format returns 400","functional-tests.tests.activation","2026-10-09","passed","2026-10-09","","test_debtor_activation_payer_status","",""
"
Test RFC callback DS12P with CNCL status applied twice on the same RTP.

Flow:
1. Activate payer
2. Send an RTP via GPD message (CREATE VALID)
3. Cancel the RTP via GPD message (DELETE) -> RTP to RFC_SENT
4. Send DS12P callback with CxlStsId CNCL (Cancelled As Per Request) -> RTP to CANCELLED
5. Send the same DS12P CNCL callback again on the already cancelled RTP
6. Verify the second callback is rejected (400) since the transition is no longer valid
7. Verify RTP status remains CANCELLED
","3020","Failed RFC callback for invalid RTP transition - DS-12P CNCL compliant","functional-tests.tests.callbacks","2026-10-09","passed","2026-10-09","","test_RTP_callback_DS_12P","",""
"
Test v2 RFC callback DS12N with wrong certificate identity.

Flow:
1. Activate payer
2. Send an RTP via GPD message v2 (CREATE VALID)
3. Cancel the RTP via GPD message v2 (DELETE) -> RTP to RFC_SENT
4. Send DS12N callback with assignee_bic='FAKESP01' (doesn't match certificate identity)
5. Verify callback is rejected with 403 (certificate mismatch)
6. Verify RTP status is still RFC_SENT
","823","Unauthorized v2 RFC callback due to wrong certificate serial","functional-tests.tests.callbacks_v2","2026-10-09","failed","2026-10-09","","test_RTP_callback_DS_12N_negative","",""
"","898","Sending an RTP when EPC returns a malformed/invalid response body returns 500 - through Web API","functional-tests.tests.send_rtp","2026-10-09","passed","2026-10-09","","test_RTP_send_MOCK","",""
"
Test RFC callback DS12N with non-existing service provider, cancel via REST Web API.

Flow:
1. Activate payer
2. Send an RTP via GPD message (CREATE VALID)
3. Cancel the RTP via REST cancel endpoint with cancel_reason → RTP to RFC_SENT
4. Send DS12N callback with non-existing BIC (MOCKSP99)
5. Verify callback is rejected with 400 (service provider not found)
","1846","Failed RFC callback for non existing Service Provider - DS-12N RJCR compliant - through Web API cancel","functional-tests.tests.callbacks","2026-10-09","passed","2026-10-09","","test_RTP_callback_DS_12N","",""
"The response cannot be parsed as a cancellation confirmation (malformed, unquoted string), so the RTP stays in RFC_SENT rather than erroring out.","832","Cancelling an RTP - EPC v4 mock unhappy path scenario: malformed_string","functional-tests.tests.cancel_rtp","2026-10-09","failed","2026-10-09","","test_RTP_cancel_MOCK_V2","",""
"Normalize each supported HTTP method to uppercase.","0","test_canonical_representation_emits_an_uppercase_method[patch]","functional-tests.tests.qsealc","2026-10-09","passed","2026-10-09","","test_srtp_message_signing","",""
"","395","All auth fixtures expose a valid Bearer token format","functional-tests.tests.auth","2026-10-09","passed","2026-10-09","","test_auth","",""
"
Verify that a debt position can be updated successfully.
","382","Happy path: a debt position is updated in DEV environment","functional-tests.tests.gpd_availability","2026-10-09","failed","2026-10-09","","test_availability_GPD","",""
"","2376","An RTP callback is received with invalid status","functional-tests.tests.callbacks","2026-10-09","passed","2026-10-09","","test_RTP_callback_DS_08","",""
"Generate signatures for each supported explicit digest algorithm.","1","test_sign_srtp_message_uses_an_explicit_digest_algorithm[sha3-256]","functional-tests.tests.qsealc","2026-10-09","passed","2026-10-09","","test_srtp_signature","",""
"","425","Non-existent NextActivationId returns 200 with empty body","functional-tests.tests.activation","2026-10-09","passed","2026-10-09","","test_debtor_activation_list","",""
"","2944","Failed callback for invalid RTP transition - DS-05 ACTC compliant","functional-tests.tests.callbacks","2026-10-09","passed","2026-10-09","","test_RTP_callback_DS_05","",""
"","394","Requesting a status update cancel for an unknown RTP returns not found","functional-tests.tests.send_rtp","2026-10-09","failed","2026-10-09","","test_RTP_status_update_cancel_MOCK_V2","",""
"Test sending an UPDATE after CREATE VALID + DELETE with different statuses","2134","An UPDATE message with status PUBLISHED after CREATE VALID and DELETE","functional-tests.tests.process_messages_sender","2026-10-09","passed","2026-10-09","","test_RTP_process_sender_UPDATE","",""
"","824","A status-update error is normalized without changing the RTP","functional-tests.tests.send_rtp","2026-10-09","failed","2026-10-09","","test_RTP_status_update_MOCK_V2","",""
"","818","A status update callback with a mismatched debtor BIC is forbidden","functional-tests.tests.callbacks_v2","2026-10-09","failed","2026-10-09","","test_RTP_status_update_callback","",""
"","1395","An RTP sent with synchronous acceptance is in status ACCEPTED - DS-05 ACTC","functional-tests.tests.send_rtp","2026-10-09","passed","2026-10-09","","test_RTP_send_MOCK","",""
"","817","A v2 document RTP callback with status RJCT is successfully received","functional-tests.tests.callbacks_v2","2026-10-09","failed","2026-10-09","","test_RTP_callback_DS_document_rjct","",""
"DS_08P ACCP callback sent directly on a SENT RTP (no prior DS_05 ACTC callback).

The RTP is expected to transition straight from SENT to USER_ACCEPTED.
","18569","A v2 RTP callback with status ACCP is successfully received without a prior DS_05 callback","functional-tests.tests.callbacks_v2","2026-10-09","failed","2026-10-09","","test_RTP_callback_DS_08P_positive","",""
"","801","A status-update error is normalized without changing the RTP","functional-tests.tests.send_rtp","2026-10-09","failed","2026-10-09","","test_RTP_status_update_MOCK_V2","",""
"Each entry in ``INVALID_PAYER_IDS`` must be rejected with 400.

The ``description`` parameter appears in pytest output to identify which
case failed without having to inspect the raw value.
","408","Querying activation status with an invalid payerId format returns 400","functional-tests.tests.activation","2026-10-09","passed","2026-10-09","","test_debtor_activation_payer_status","",""
"","1291","An RTP is sent to Poste service with activated fiscal code - through Web API","functional-tests.tests.send_rtp","2026-10-09","passed","2026-10-09","","test_RTP_send_POSTE","",""
"","819","A status-update cancel error is normalized without changing the RTP","functional-tests.tests.send_rtp","2026-10-09","failed","2026-10-09","","test_RTP_status_update_cancel_MOCK_V2","",""
"Test sending a CREATE operation message via GPD message API","1022","A CREATE message is successfully sent through GPD message API","functional-tests.tests.process_messages_sender","2026-10-09","passed","2026-10-09","","test_RTP_process_sender","",""
"Test sending a DELETE operation message via GPD message API after a CREATE VALID + UPDATE","2389","A DELETE message after CREATE VALID + UPDATE PAID","functional-tests.tests.process_messages_sender","2026-10-09","passed","2026-10-09","","test_RTP_process_sender_DELETE","",""
"","848","Deactivation returns 404 when the token subject does not own the activation's Service Provider ID","functional-tests.tests.activation","2026-10-09","passed","2026-10-09","","test_debtor_deactivation","",""
"","411","Get payees consents with negative page number returns 400","functional-tests.tests.service_registry","2026-10-09","passed","2026-10-09","","test_get_payees_consents","",""
"Test sending a CREATE operation message with an Italian VAT number via GPD message API","1036","A CREATE message with VAT number (Partita IVA) is successfully sent through GPD message API","functional-tests.tests.process_messages_sender","2026-10-09","passed","2026-10-09","","test_RTP_process_sender","",""
"","374","Get payees with invalid authorization","functional-tests.tests.service_registry","2026-10-09","passed","2026-10-09","","test_service_registry_service_providers","",""
"","3683","RTP form cancellation with reason MODT","ux-tests.tests","2026-10-09","passed","2026-10-09","","test_RTP_cancel_v3","",""
"","408","A Service Provider with invalid client ID is not authenticated on Keycloak","functional-tests.tests.auth","2026-10-09","passed","2026-10-09","","test_auth","",""
"","512","The service returns the mocked server error","functional-tests.tests.availability","2026-10-09","passed","2026-10-09","","test_availability_MOCK","",""
"","929","An ARJR status update transitions SENT to REJECTED","functional-tests.tests.callbacks_v2","2026-10-09","failed","2026-10-09","","test_RTP_status_update_callback","",""
"","385","Missing Version header returns 200","functional-tests.tests.activation","2026-10-09","passed","2026-10-09","","test_debtor_activation_list","",""
"Each entry in ``INVALID_PAYER_IDS`` must be rejected with 400.

The ``description`` parameter appears in pytest output to identify which
case failed without having to inspect the raw value.
","400","Querying activation status with an invalid payerId format returns 400","functional-tests.tests.activation","2026-10-09","passed","2026-10-09","","test_debtor_activation_payer_status","",""
"","810","An RTP sent with synchronous rejection and missing _links results in status REJECTED - through Web API V2","functional-tests.tests.send_rtp","2026-10-09","failed","2026-10-09","","test_RTP_send_MOCK","",""
"Each entry in ``INVALID_PAYER_IDS`` (see dataset docstring) must be rejected with 400.","403","The activation request must contain a validly formatted fiscal code","functional-tests.tests.activation","2026-10-09","passed","2026-10-09","","test_debtor_activation_create","",""
"","959","A debtor with omocodia fiscal code is activated and retrieved by activation id","functional-tests.tests.activation","2026-10-09","passed","2026-10-09","","test_debtor_activation_get","",""
"","823","A status-update cancel response maps to the expected RTP result","functional-tests.tests.send_rtp","2026-10-09","failed","2026-10-09","","test_RTP_status_update_cancel_MOCK_V2","",""
"","810","Sending an RTP when EPC returns an unexpected status code error (RTP_05.CHK.A0007) returns 500 - through Web API V2","functional-tests.tests.send_rtp","2026-10-09","failed","2026-10-09","","test_RTP_send_MOCK","",""
"Test sending an UPDATE after CREATE VALID + DELETE with different statuses","1768","An UPDATE message with status PAID after CREATE VALID and DELETE","functional-tests.tests.process_messages_sender","2026-10-09","passed","2026-10-09","","test_RTP_process_sender_UPDATE","",""
"Querying activation status with an empty payerId must be rejected with 404.","372","Querying activation status with an empty payerId returns 404","functional-tests.tests.activation","2026-10-09","passed","2026-10-09","","test_debtor_activation_payer_status","",""
"
Test RFC callback DS12N with INVALID status, cancel via REST Web API.

Flow:
1. Activate payer
2. Send an RTP via GPD message (CREATE VALID)
3. Cancel the RTP via REST cancel endpoint with cancel_reason → RTP to RFC_SENT
4. Send DS12N callback with CxlStsId INVALID
5. Verify callback is rejected with 400
6. Verify RTP status is still RFC_SENT
","2191","An RFC callback DS12N INVALID is rejected with 400 - through Web API cancel","functional-tests.tests.callbacks","2026-10-09","passed","2026-10-09","","test_RTP_callback_DS_12N","",""
"","1545","An authenticated Service Provider cannot send an RTP to an unactivated debtor","bdd-tests","2026-10-09","passed","2026-10-09","RTP_Sending","RTP","",""
"","18878","Failed callback for non existing Service Provider - DS-05 redirect compliant","functional-tests.tests.callbacks_v2","2026-10-09","passed","2026-10-09","","test_RTP_callback_DS_05_redirect","",""
"","4439","An RTP callback is successfully received","functional-tests.tests.callbacks","2026-10-09","passed","2026-10-09","","test_RTP_callback_DS_04","",""
"","1760","Cannot send RTP with expired date","functional-tests.tests.availability","2026-10-09","passed","2026-10-09","","test_availability_CBI","",""
"","411","Retrieving non-existent activation by payer id returns 404","functional-tests.tests.activation","2026-10-09","passed","2026-10-09","","test_debtor_activation_get","",""
"Active payer with omocodia fiscal code (digit substitution) → isActive must be true.","948","An active payer with omocodia fiscal code returns isActive true","functional-tests.tests.activation","2026-10-09","passed","2026-10-09","","test_debtor_activation_payer_status","",""
"","421","All auth fixtures expose a valid Bearer token format","functional-tests.tests.auth","2026-10-09","passed","2026-10-09","","test_auth","",""
