"DESCRIPTION","DURATION IN MS","NAME","PARENT SUITE","START TIME","STATUS","STOP TIME","SUB SUITE","SUITE","TEST CLASS","TEST METHOD"
"","2812","DS_08P positive v2 callback with Version header returns 400","functional-tests.tests.callbacks_v2","2026-08-13","passed","2026-08-13","","test_RTP_callback_with_version_header","",""
"","1879","An RTP sent with synchronous rejection and missing _links results in status REJECTED","functional-tests.tests.send_rtp","2026-08-13","passed","2026-08-13","","test_RTP_send_MOCK","",""
"
DS_12N RJCR RFC callback sent with the Version header must be rejected with 400.
The RTP must remain in RFC_SENT (transition to ERROR_CANCEL must not happen).

Flow:
1. Activate payer, send RTP, trigger cancel via GPD DELETE → RFC_SENT
2. Build a valid DS_12N RJCR payload
3. POST to RFC callback endpoint WITH Version header
4. Verify 400 is returned with the expected error body
5. Verify RTP status is still RFC_SENT
","2105","DS_12N RJCR RFC callback with Version header returns 400","functional-tests.tests.callbacks","2026-08-13","passed","2026-08-13","","test_RTP_callback_with_version_header","",""
"Test sending a CREATE operation message via GPD message API","919","A CREATE message is successfully sent through GPD message API","functional-tests.tests.process_messages_sender","2026-08-13","passed","2026-08-13","","test_RTP_process_sender","",""
"","811","A debtor activated with an owned but distinct Service Provider ID is retrieved by activation id","functional-tests.tests.activation","2026-08-13","passed","2026-08-13","","test_debtor_activation_get","",""
"`Sts.Conf = ""RJCR""` triggers CANCEL_RTP -> CONFIRM_RFC -> CANCEL_RTP_REJECTED, ending in CANCELLED_REJECTED.","2708","Cancelling an RTP - EPC v4 mock happy path scenario: rjcr_rejected","functional-tests.tests.cancel_rtp","2026-08-13","passed","2026-08-13","","test_RTP_cancel_MOCK_V2","",""
"","2549","Failed callback for invalid RTP transition - DS-05 ACTC compliant","functional-tests.tests.callbacks","2026-08-13","passed","2026-08-13","","test_RTP_callback_DS_05","",""
"
Test RFC callback DS12N with RJCR status, cancel triggered via REST Web API with explicit reason.

Flow:
1. Activate payer
2. Send an RTP via GPD message (CREATE VALID)
3. Cancel the RTP via REST cancel endpoint with cancel_reason → RTP to RFC_SENT
4. Send DS12N callback with CxlStsId RJCR (Rejected Cancellation Request)
5. Verify callback is accepted (200)
6. Verify RTP status is ERROR_CANCEL
","2748","An RFC callback DS12N RJCR is successfully received and RTP status is ERROR_CANCEL - through Web API cancel","functional-tests.tests.callbacks","2026-08-13","passed","2026-08-13","","test_RTP_callback_DS_12N","",""
"","1494","An RTP is sent through ICCREA API","functional-tests.tests.availability","2026-08-13","passed","2026-08-13","","test_availability_ICCREA","",""
"No `Sts.Conf` confirmation is present (minimal JSON without Sts), so only CANCEL_RTP is triggered and the RTP stays in RFC_SENT.","2327","Cancelling an RTP - EPC v4 mock happy path scenario: minimal_json","functional-tests.tests.cancel_rtp","2026-08-13","passed","2026-08-13","","test_RTP_cancel_MOCK_V2","",""
"","2209","A v2 RTP callback with invalid status is rejected without affecting the RTP status","functional-tests.tests.callbacks_v2","2026-08-13","passed","2026-08-13","","test_RTP_callback_DS_08P_positive","",""
"
Test RFC callback DS12N with non-existing service provider, cancel via REST Web API.

Flow:
1. Activate payer
2. Send an RTP via GPD message (CREATE VALID)
3. Cancel the RTP via REST cancel endpoint with cancel_reason → RTP to RFC_SENT
4. Send DS12N callback with non-existing BIC (MOCKSP99)
5. Verify callback is rejected with 400 (service provider not found)
","1742","Failed RFC callback for non existing Service Provider - DS-12N RJCR compliant - through Web API cancel","functional-tests.tests.callbacks","2026-08-13","passed","2026-08-13","","test_RTP_callback_DS_12N","",""
"Test sending a DELETE operation message via GPD message API after a CREATE","1355","A DELETE message after CREATE VALID","functional-tests.tests.process_messages_sender","2026-08-13","passed","2026-08-13","","test_RTP_process_sender_DELETE","",""
"","739","inexistent RTP -> empty body","functional-tests.tests.get_rtp","2026-08-13","passed","2026-08-13","","test_RTP_get","",""
"","0","A Service Provider is authenticated","functional-tests.tests.auth","2026-08-13","passed","2026-08-13","","test_auth","",""
"Each entry in ``INVALID_PAYER_IDS`` (see dataset docstring) must be rejected with 400.","512","The activation request must contain a validly formatted fiscal code","functional-tests.tests.activation","2026-08-13","passed","2026-08-13","","test_debtor_activation_create","",""
"","401","Deactivation fails for non-existing activation","functional-tests.tests.activation","2026-08-13","passed","2026-08-13","","test_debtor_deactivation","",""
"Test sending an UPDATE after CREATE VALID + DELETE with different statuses","1762","An UPDATE message with status DRAFT after CREATE VALID and DELETE","functional-tests.tests.process_messages_sender","2026-08-13","passed","2026-08-13","","test_RTP_process_sender_UPDATE","",""
"","1378","Cannot send RTP with invalid amount","functional-tests.tests.availability","2026-08-13","passed","2026-08-13","","test_availability_CBI","",""
"","1374","An RTP sent with synchronous rejection containing extra fields results in status SENT - through Web API V2","functional-tests.tests.send_rtp","2026-08-13","passed","2026-08-13","","test_RTP_send_MOCK","",""
"","397","A Service Provider with invalid client ID is not authenticated on Keycloak","functional-tests.tests.auth","2026-08-13","passed","2026-08-13","","test_auth","",""
"","2711","DS_12P positive RFC v2 callback with Version header returns 400","functional-tests.tests.callbacks_v2","2026-08-13","passed","2026-08-13","","test_RTP_callback_with_version_header","",""
"","365","The service returns the mocked server error","functional-tests.tests.availability","2026-08-13","passed","2026-08-13","","test_availability_MOCK","",""
"","799","A debtor activated with an owned but distinct Service Provider ID is retrieved by payer id","functional-tests.tests.activation","2026-08-13","passed","2026-08-13","","test_debtor_activation_get","",""
"","419","Retrieving activation with invalid UUID returns 400","functional-tests.tests.activation","2026-08-13","passed","2026-08-13","","test_debtor_activation_get","",""
"","1851","An RTP sent with synchronous rejection and missing _links results in status REJECTED - through Web API","functional-tests.tests.send_rtp","2026-08-13","passed","2026-08-13","","test_RTP_send_MOCK","",""
"","2184","RTP is successfully cancelled with reason PAID - V2","functional-tests.tests.cancel_rtp","2026-08-13","passed","2026-08-13","","test_RTP_cancel","",""
"Missing or invalid Bearer token → the endpoint must return 401.","384","Querying activation status without a valid token returns 401","functional-tests.tests.activation","2026-08-13","passed","2026-08-13","","test_debtor_activation_payer_status","",""
"","375","Unauthorized request returns 401","functional-tests.tests.activation","2026-08-13","passed","2026-08-13","","test_debtor_activation_list","",""
"The PSP synchronously rejects the cancellation request with 422 (per standard behaviour for the EPC 400 Bad Request scenario). The RTP then transitions to ERROR_CANCEL via ERROR_CANCEL_RTP.","2103","Cancelling an RTP - EPC v4 mock unhappy path scenario: epc_400","functional-tests.tests.cancel_rtp","2026-08-13","failed","2026-08-13","","test_RTP_cancel_MOCK_V2","",""
"
Test RFC callback DS12P with wrong certificate identity.

Flow:
1. Activate payer
2. Send an RTP via GPD message (CREATE VALID)
3. Cancel the RTP via GPD message (DELETE) → RTP to RFC_SENT
4. Send DS12P callback with assignee_bic='FAKESP01' (doesn't match certificate identity MOCKSP04)
5. Verify callback is rejected with 403 (certificate mismatch)
","1763","Unauthorized RFC callback due to wrong certificate serial","functional-tests.tests.callbacks","2026-08-13","passed","2026-08-13","","test_RTP_callback_DS_12P","",""
"The PSP synchronously rejects the cancellation request with 422 (per standard behaviour for the EPC 406 Not Acceptable scenario). The RTP then transitions to ERROR_CANCEL via ERROR_CANCEL_RTP.","2157","Cancelling an RTP - EPC v4 mock unhappy path scenario: epc_406","functional-tests.tests.cancel_rtp","2026-08-13","failed","2026-08-13","","test_RTP_cancel_MOCK_V2","",""
"`Sts.Conf = ""CNCL""` triggers CANCEL_RTP -> CONFIRM_RFC -> CANCEL_RTP_ACCR, ending in CANCELLED_ACCR.","3064","Cancelling an RTP - EPC v4 mock happy path scenario: cncl_confirmed","functional-tests.tests.cancel_rtp","2026-08-13","passed","2026-08-13","","test_RTP_cancel_MOCK_V2","",""
"Each entry in ``INVALID_PAYER_IDS`` (see dataset docstring) must be rejected with 400.","388","The activation request must contain a validly formatted fiscal code","functional-tests.tests.activation","2026-08-13","passed","2026-08-13","","test_debtor_activation_create","",""
"Each entry in ``INVALID_PAYER_IDS`` (see dataset docstring) must be rejected with 400.","392","The activation request must contain a validly formatted fiscal code","functional-tests.tests.activation","2026-08-13","passed","2026-08-13","","test_debtor_activation_create","",""
"","394","Unauthorized callback due to wrong certificate serial","functional-tests.tests.callbacks","2026-08-13","passed","2026-08-13","","test_RTP_callback_DS_04","",""
"","975","An RTP is sent to Poste service with activated fiscal code - through Web API V2","functional-tests.tests.send_rtp","2026-08-13","failed","2026-08-13","","test_RTP_send_POSTE","",""
"An EPC response containing fields not declared in the OpenAPI spec is treated as an invalid message and is NOT tolerated for accept/reject purposes (confirmed with rtp-sender-v2 maintainers, PR #26). The extra `invalid-field` property invalidates the whole response, so the RJCR confirmation is not processed and the RTP stays in RFC_SENT.","3425","Cancelling an RTP - EPC v4 mock unhappy path scenario: rjcr_extra_field","functional-tests.tests.cancel_rtp","2026-08-13","passed","2026-08-13","","test_RTP_cancel_MOCK_V2","",""
"UPDATE PAID with psp_tax_code=None (invalid PSP) results in RTP state RFC_SENT","1486","An UPDATE PAID message with an invalid PSP results in RFC_SENT state","functional-tests.tests.process_messages_sender","2026-08-13","passed","2026-08-13","","test_RTP_process_sender_UPDATE","",""
"Test sending a DELETE operation message via GPD message API after a standalone UPDATE (no prior CREATE)","1345","A DELETE message after standalone UPDATE VALID","functional-tests.tests.process_messages_sender","2026-08-13","passed","2026-08-13","","test_RTP_process_sender_DELETE","",""
"Test sending a CREATE operation message with different statuses via GPD message API","812","A CREATE message with status PARTIALLY_PAID","functional-tests.tests.process_messages_sender","2026-08-13","passed","2026-08-13","","test_RTP_process_sender_CREATE","",""
"Each entry in ``INVALID_PAYER_IDS`` (see dataset docstring) must be rejected with 400.","386","The activation request must contain a validly formatted fiscal code","functional-tests.tests.activation","2026-08-13","passed","2026-08-13","","test_debtor_activation_create","",""
"Each entry in ``INVALID_PAYER_IDS`` must be rejected with 400.

The ``description`` parameter appears in pytest output to identify which
case failed without having to inspect the raw value.
","395","Querying activation status with an invalid payerId format returns 400","functional-tests.tests.activation","2026-08-13","passed","2026-08-13","","test_debtor_activation_payer_status","",""
"","645","Get list of service providers successfully","functional-tests.tests.service_registry","2026-08-13","passed","2026-08-13","","test_service_registry_service_providers","",""
"","888","An RTP is sent to ICCREA service with activated fiscal code - through Web API V2","functional-tests.tests.send_rtp","2026-08-13","failed","2026-08-13","","test_RTP_send_ICCREA","",""
"Test sending a DELETE operation message via GPD message API after a CREATE","1247","A DELETE message after CREATE PUBLISHED","functional-tests.tests.process_messages_sender","2026-08-13","passed","2026-08-13","","test_RTP_process_sender_DELETE","",""
"Test sending a DELETE operation message via GPD message API after a standalone UPDATE (no prior CREATE)","1223","A DELETE message after standalone UPDATE PAID","functional-tests.tests.process_messages_sender","2026-08-13","passed","2026-08-13","","test_RTP_process_sender_DELETE","",""
"Test sending an UPDATE after CREATE VALID + DELETE with different statuses","1821","An UPDATE message with status INVALID after CREATE VALID and DELETE","functional-tests.tests.process_messages_sender","2026-08-13","passed","2026-08-13","","test_RTP_process_sender_UPDATE","",""
"The response body is not a recognizable cancellation confirmation (quoted plain string), so the RTP stays in RFC_SENT.","3631","Cancelling an RTP - EPC v4 mock happy path scenario: plain_string","functional-tests.tests.cancel_rtp","2026-08-13","passed","2026-08-13","","test_RTP_cancel_MOCK_V2","",""
"","2190","DS_05 redirect v2 callback with Version header returns 400","functional-tests.tests.callbacks_v2","2026-08-13","passed","2026-08-13","","test_RTP_callback_with_version_header","",""
"Each entry in ``INVALID_PAYER_IDS`` must be rejected with 400.

The ``description`` parameter appears in pytest output to identify which
case failed without having to inspect the raw value.
","395","Querying activation status with an invalid payerId format returns 400","functional-tests.tests.activation","2026-08-13","passed","2026-08-13","","test_debtor_activation_payer_status","",""
"Test sending a CREATE operation message with an Italian VAT number via GPD message API","926","A CREATE message with VAT number (Partita IVA) is successfully sent through GPD message API","functional-tests.tests.process_messages_sender","2026-08-13","passed","2026-08-13","","test_RTP_process_sender","",""
"","1958","An RTP sent with synchronous rejection is in status REJECTED - DS-08P N - through Web API V2","functional-tests.tests.send_rtp","2026-08-13","passed","2026-08-13","","test_RTP_send_MOCK","",""
"","2317","An RTP callback with status REJECTED is successfully received","functional-tests.tests.callbacks","2026-08-13","passed","2026-08-13","","test_RTP_callback_DS_08","",""
"
DS_05 ACTC callback sent with the Version header must be rejected with 400.
The RTP must remain in SENT (transition to ACCEPTED must not happen).

Flow:
1. Activate payer and send an RTP → resource_id
2. Build a valid DS_05 ACTC payload referencing the RTP
3. POST to callback endpoint WITH Version header
4. Verify 400 is returned with the expected error body
5. Verify RTP status is still SENT
","2152","DS_05 ACTC callback with Version header returns 400","functional-tests.tests.callbacks","2026-08-13","passed","2026-08-13","","test_RTP_callback_with_version_header","",""
"Each entry in ``INVALID_PAYER_IDS`` (see dataset docstring) must be rejected with 400.","1013","The activation request must contain a validly formatted fiscal code","functional-tests.tests.activation","2026-08-13","passed","2026-08-13","","test_debtor_activation_create","",""
"
Test RFC callback DS12P with CNCL status, cancel triggered via REST Web API with explicit reason.

Flow:
1. Activate payer
2. Send an RTP via GPD message (CREATE VALID)
3. Cancel the RTP via REST cancel endpoint with cancel_reason → RTP to RFC_SENT
4. Send DS12P callback with CxlStsId CNCL (Cancelled As Per Request)
5. Verify callback is accepted (200)
6. Verify RTP status is CANCELLED
","2387","An RFC callback DS12P CNCL is successfully received and RTP status is CANCEL - through Web API cancel","functional-tests.tests.callbacks","2026-08-13","passed","2026-08-13","","test_RTP_callback_DS_12P","",""
"Each entry in ``INVALID_PAYER_IDS`` must be rejected with 400.

The ``description`` parameter appears in pytest output to identify which
case failed without having to inspect the raw value.
","393","Querying activation status with an invalid payerId format returns 400","functional-tests.tests.activation","2026-08-13","passed","2026-08-13","","test_debtor_activation_payer_status","",""
"","375","Missing Version header returns 200","functional-tests.tests.activation","2026-08-13","passed","2026-08-13","","test_debtor_activation_list","",""
"Test sending a DELETE operation message via GPD message API after a standalone UPDATE (no prior CREATE)","1250","A DELETE message after standalone UPDATE PARTIALLY_PAID","functional-tests.tests.process_messages_sender","2026-08-13","passed","2026-08-13","","test_RTP_process_sender_DELETE","",""
"","844","Sending a GPD message with null id returns 400","functional-tests.tests.send_rtp","2026-08-13","passed","2026-08-13","","test_RTP_send_MOCK","",""
"Test sending a DELETE operation message via GPD message API after a CREATE VALID + UPDATE","1773","A DELETE message after CREATE VALID + UPDATE DRAFT","functional-tests.tests.process_messages_sender","2026-08-13","passed","2026-08-13","","test_RTP_process_sender_DELETE","",""
"Each entry in ``INVALID_PAYER_IDS`` (see dataset docstring) must be rejected with 400.","396","The activation request must contain a validly formatted fiscal code","functional-tests.tests.activation","2026-08-13","passed","2026-08-13","","test_debtor_activation_create","",""
"","2099","An RTP sent with synchronous rejection is in status REJECTED - DS-08P N","functional-tests.tests.send_rtp","2026-08-13","passed","2026-08-13","","test_RTP_send_MOCK","",""
"","1314","An RTP sent when EPC response contains an unknown field is ignored and remains in status SENT","functional-tests.tests.send_rtp","2026-08-13","passed","2026-08-13","","test_RTP_send_MOCK","",""
"
Test RFC callback DS12N with wrong certificate identity, cancel via REST Web API.

Flow:
1. Activate payer
2. Send an RTP via GPD message (CREATE VALID)
3. Cancel the RTP via REST cancel endpoint with cancel_reason → RTP to RFC_SENT
4. Send DS12N callback with assignee_bic='FAKESP01' (doesn't match certificate identity MOCKSP04)
5. Verify callback is rejected with 403 (certificate mismatch)
","1750","Unauthorized RFC callback due to wrong certificate serial - through Web API cancel","functional-tests.tests.callbacks","2026-08-13","passed","2026-08-13","","test_RTP_callback_DS_12N","",""
"","403","RTP cancellation fails if resource ID does not exist","functional-tests.tests.cancel_rtp","2026-08-13","passed","2026-08-13","","test_RTP_cancel","",""
"","2192","DS_document RJCT v2 callback with Version header returns 400","functional-tests.tests.callbacks_v2","2026-08-13","passed","2026-08-13","","test_RTP_callback_with_version_header","",""
"","826","A debtor is activated and retrieved by activation id","functional-tests.tests.activation","2026-08-13","passed","2026-08-13","","test_debtor_activation_get","",""
"","3174","Failed v2 document callback for invalid RTP transition - DS-document RJCT compliant","functional-tests.tests.callbacks_v2","2026-08-13","passed","2026-08-13","","test_RTP_callback_DS_document_rjct","",""
"The ownership check fails the same way whether the target spId belongs to someone else
or doesn't exist in the registry at all - NOEXIT00 is not a real Service Provider ID.","400","Activation is forbidden with the same error code for a Service Provider ID absent from the registry","functional-tests.tests.activation","2026-08-13","passed","2026-08-13","","test_debtor_activation_create","",""
"","1767","Cannot send RTP with expired date","functional-tests.tests.availability","2026-08-13","passed","2026-08-13","","test_availability_CBI","",""
"","1817","An RTP is sent to a CBI service with activated fiscal code - through Web API","functional-tests.tests.send_rtp","2026-08-13","failed","2026-08-13","","test_RTP_send_CBI","",""
"","397","Sending an RTP when EPC returns an unexpected status code error (RTP_05.CHK.A0007) returns 500","functional-tests.tests.send_rtp","2026-08-13","failed","2026-08-13","","test_RTP_send_MOCK","",""
"Test sending an UPDATE after CREATE VALID + DELETE with different statuses","1779","An UPDATE message with status PAID after CREATE VALID and DELETE","functional-tests.tests.process_messages_sender","2026-08-13","passed","2026-08-13","","test_RTP_process_sender_UPDATE","",""
"Test sending a CREATE operation message with different statuses via GPD message API","832","A CREATE message with status DRAFT","functional-tests.tests.process_messages_sender","2026-08-13","passed","2026-08-13","","test_RTP_process_sender_CREATE","",""
"Each entry in ``INVALID_PAYER_IDS`` must be rejected with 400.

The ``description`` parameter appears in pytest output to identify which
case failed without having to inspect the raw value.
","393","Querying activation status with an invalid payerId format returns 400","functional-tests.tests.activation","2026-08-13","passed","2026-08-13","","test_debtor_activation_payer_status","",""
"
DS_08N callback sent with the Version header must be rejected with 400.
The RTP must remain in SENT (transition to REJECTED must not happen).

Flow:
1. Activate payer and send an RTP → resource_id
2. Build a valid DS_08N payload referencing the RTP
3. POST to callback endpoint WITH Version header
4. Verify 400 is returned with the expected error body
5. Verify RTP status is still SENT
","2460","DS_08N callback with Version header returns 400","functional-tests.tests.callbacks","2026-08-13","passed","2026-08-13","","test_RTP_callback_with_version_header","",""
"","2261","RTP is successfully cancelled with reason PAID","functional-tests.tests.cancel_rtp","2026-08-13","passed","2026-08-13","","test_RTP_cancel","",""
"
Test v2 RFC callback DS12P with CNCL status.

Flow:
1. Activate payer
2. Send an RTP via GPD message v2 (CREATE VALID)
3. Cancel the RTP via GPD message v2 (DELETE) -> RTP to RFC_SENT
4. Send DS12P callback with CxlStsId CNCL (Cancelled As Per Request)
5. Verify callback is accepted (200)
6. Verify RTP status is CANCELLED
","2966","A v2 RFC callback DS12P CNCL is successfully received and RTP status is CANCELLED","functional-tests.tests.callbacks_v2","2026-08-13","passed","2026-08-13","","test_RTP_callback_DS_12P_positive","",""
"
Test RFC callback DS12N with non-existing service provider.

Flow:
1. Activate payer
2. Send an RTP via GPD message (CREATE VALID)
3. Cancel the RTP via GPD message (DELETE) → RTP to RFC_SENT
4. Send DS12N callback with non-existing BIC (MOCKSP99)
5. Verify callback is rejected with 400 (service provider not found)
","1743","Failed RFC callback for non existing Service Provider - DS-12N RJCR compliant","functional-tests.tests.callbacks","2026-08-13","passed","2026-08-13","","test_RTP_callback_DS_12N","",""
"A valid token that carries neither read_rtp_activations nor read_rtp_all must be rejected with 403.","395","Token without read_rtp_activations or read_rtp_all role returns 403 Forbidden","functional-tests.tests.activation","2026-08-13","passed","2026-08-13","","test_debtor_activation_payer_status","",""
"","2552","An RTP callback is successfully received with status ACCP","functional-tests.tests.callbacks","2026-08-13","passed","2026-08-13","","test_RTP_callback_DS_08","",""
"
Verify that a debt position can be updated successfully.
","7433","Happy path: a debt position is updated in DEV environment","functional-tests.tests.gpd_availability","2026-08-13","passed","2026-08-13","","test_availability_GPD","",""
"Each entry in ``INVALID_PAYER_IDS`` must be rejected with 400.

The ``description`` parameter appears in pytest output to identify which
case failed without having to inspect the raw value.
","396","Querying activation status with an invalid payerId format returns 400","functional-tests.tests.activation","2026-08-13","passed","2026-08-13","","test_debtor_activation_payer_status","",""
"Test that takeover fails when an invalid OTP is provided","1219","Test Takeover Fails with Invalid OTP","functional-tests.tests.takeover","2026-08-13","passed","2026-08-13","","test_debtor_takeover","",""
"","2308","Failed callback for non compliant DS-04b payload","functional-tests.tests.callbacks","2026-08-13","passed","2026-08-13","","test_RTP_callback_DS_04","",""
"","386","The activation request must contain a Service Provider ID of valid length","functional-tests.tests.activation","2026-08-13","passed","2026-08-13","","test_debtor_activation_create","",""
"
Test RFC callback DS12P with CNCL status applied twice on the same RTP.

Flow:
1. Activate payer
2. Send an RTP via GPD message (CREATE VALID)
3. Cancel the RTP via GPD message (DELETE) -> RTP to RFC_SENT
4. Send DS12P callback with CxlStsId CNCL (Cancelled As Per Request) -> RTP to CANCELLED
5. Send the same DS12P CNCL callback again on the already cancelled RTP
6. Verify the second callback is rejected (400) since the transition is no longer valid
7. Verify RTP status remains CANCELLED
","2968","Failed RFC callback for invalid RTP transition - DS-12P CNCL compliant","functional-tests.tests.callbacks","2026-08-13","passed","2026-08-13","","test_RTP_callback_DS_12P","",""
"Takeover with syntactically valid but nonsensical body should fail","1209","Test Takeover Fails with Nonsensical Body","functional-tests.tests.takeover","2026-08-13","passed","2026-08-13","","test_debtor_takeover","",""
"","399","Sending an RTP when EPC returns a malformed/invalid response body returns 500 - through Web API","functional-tests.tests.send_rtp","2026-08-13","failed","2026-08-13","","test_RTP_send_MOCK","",""
"Each entry in ``INVALID_PAYER_IDS`` must be rejected with 400.

The ``description`` parameter appears in pytest output to identify which
case failed without having to inspect the raw value.
","395","Querying activation status with an invalid payerId format returns 400","functional-tests.tests.activation","2026-08-13","passed","2026-08-13","","test_debtor_activation_payer_status","",""
"Each entry in ``INVALID_PAYER_IDS`` (see dataset docstring) must be rejected with 400.","397","The activation request must contain a validly formatted fiscal code","functional-tests.tests.activation","2026-08-13","passed","2026-08-13","","test_debtor_activation_create","",""
"Test sending an UPDATE operation message with different statuses via GPD message API after a CREATE","1312","An UPDATE message with status PARTIALLY_PAID after CREATE","functional-tests.tests.process_messages_sender","2026-08-13","passed","2026-08-13","","test_RTP_process_sender_UPDATE","",""
"Test sending a DELETE operation message via GPD message API after a standalone UPDATE (no prior CREATE)","1225","A DELETE message after standalone UPDATE INVALID","functional-tests.tests.process_messages_sender","2026-08-13","passed","2026-08-13","","test_RTP_process_sender_DELETE","",""
"Each entry in ``INVALID_PAYER_IDS`` (see dataset docstring) must be rejected with 400.","516","The activation request must contain a validly formatted fiscal code","functional-tests.tests.activation","2026-08-13","passed","2026-08-13","","test_debtor_activation_create","",""
"","2219","An RTP is sent through CBI API","functional-tests.tests.availability","2026-08-13","failed","2026-08-13","","test_availability_CBI","",""
"
DS_04b callback sent with the Version header must be rejected with 400.
The RTP state must be unchanged.

Flow:
1. Activate payer and send an RTP → resource_id
2. Capture current RTP status
3. Build a valid DS_04b payload referencing the RTP
4. POST to callback endpoint WITH Version header
5. Verify 400 is returned with the expected error body
6. Verify RTP status is unchanged
","2100","DS_04b callback with Version header returns 400","functional-tests.tests.callbacks","2026-08-13","passed","2026-08-13","","test_RTP_callback_with_version_header","",""
"Test sending an UPDATE operation message with different statuses via GPD message API after a CREATE","1354","An UPDATE message with status INVALID after CREATE","functional-tests.tests.process_messages_sender","2026-08-13","passed","2026-08-13","","test_RTP_process_sender_UPDATE","",""
"
Tests that sending an RTP payload with an invalid amount to the POSTE endpoint results in a 400 Bad Request response.

:param debtor_sp_mock_cert_key: Certificate and key tuple for mutual TLS authentication.
:type debtor_sp_mock_cert_key: Tuple[str, str]
","1143","Cannot send RTP with invalid amount","functional-tests.tests.availability","2026-08-13","passed","2026-08-13","","test_availability_POSTE","",""
"MOCKSP04 owns MOCKSP01 as well as its own spId; activation must be allowed on either.","831","A debtor is activated using a Service Provider ID the token subject owns but does not itself represent","functional-tests.tests.activation","2026-08-13","passed","2026-08-13","","test_debtor_activation_create","",""
"","1489","An RTP is sent through GPD message API","functional-tests.tests.send_rtp","2026-08-13","passed","2026-08-13","","test_RTP_send_MOCK","",""
"UPDATE VALID with an ec_tax_code that does not exist in GPD returns 422 Payee not found","837","An UPDATE VALID message with a non-existent ec_tax_code is rejected","functional-tests.tests.process_messages_sender","2026-08-13","passed","2026-08-13","","test_RTP_process_sender_UPDATE","",""
"","402","Get payees consents with invalid date format returns 400","functional-tests.tests.service_registry","2026-08-13","passed","2026-08-13","","test_get_payees_consents","",""
"","398","All auth fixtures expose a valid Bearer token format","functional-tests.tests.auth","2026-08-13","passed","2026-08-13","","test_auth","",""
"
Test v2 RFC callback DS12N with non-existing service provider.

Flow:
1. Activate payer
2. Send an RTP via GPD message v2 (CREATE VALID)
3. Cancel the RTP via GPD message v2 (DELETE) -> RTP to RFC_SENT
4. Send DS12N callback with non-existing BIC (MOCKSP99)
5. Verify callback is rejected with 400 (service provider not found)
6. Verify RTP status is still RFC_SENT
","3490","Failed v2 RFC callback for non existing Service Provider - DS-12N negative compliant","functional-tests.tests.callbacks_v2","2026-08-13","passed","2026-08-13","","test_RTP_callback_DS_12N_negative","",""
"
Test RFC callback DS12N with RJCR status, cancel triggered via REST Web API with explicit reason.

Flow:
1. Activate payer
2. Send an RTP via GPD message (CREATE VALID)
3. Cancel the RTP via REST cancel endpoint with cancel_reason → RTP to RFC_SENT
4. Send DS12N callback with CxlStsId RJCR (Rejected Cancellation Request)
5. Verify callback is accepted (200)
6. Verify RTP status is ERROR_CANCEL
","3548","An RFC callback DS12N RJCR is successfully received and RTP status is ERROR_CANCEL - through Web API cancel","functional-tests.tests.callbacks","2026-08-13","passed","2026-08-13","","test_RTP_callback_DS_12N","",""
"Payer activated under SP A queried by SP A → isActive must be true.","824","An active payer returns isActive true for the same Service Provider","functional-tests.tests.activation","2026-08-13","passed","2026-08-13","","test_debtor_activation_payer_status","",""
"Same privacy rule as the cross-SP case: no explicit error, isActive is just false.","850","Get payer status returns isActive false when the token subject does not own the activation's Service Provider ID","functional-tests.tests.activation","2026-08-13","passed","2026-08-13","","test_debtor_activation_payer_status","",""
"","2674","Failed callback for non existing Service Provider - DS-05 redirect compliant","functional-tests.tests.callbacks_v2","2026-08-13","passed","2026-08-13","","test_RTP_callback_DS_05_redirect","",""
"","398","Sending an RTP when EPC returns an unexpected status code error (RTP_05.CHK.A0007) returns 500 - through Web API V2","functional-tests.tests.send_rtp","2026-08-13","failed","2026-08-13","","test_RTP_send_MOCK","",""
"","2089","An RTP is sent to a CBI service with activated fiscal code - through Web API V2","functional-tests.tests.send_rtp","2026-08-13","failed","2026-08-13","","test_RTP_send_CBI","",""
"","3101","Failed callback for invalid RTP transition - DS-08N compliant","functional-tests.tests.callbacks","2026-08-13","passed","2026-08-13","","test_RTP_callback_DS_08","",""
"","402","Sending an RTP when EPC returns an unexpected status code error (RTP_05.CHK.A0007) returns 500 - through Web API","functional-tests.tests.send_rtp","2026-08-13","failed","2026-08-13","","test_RTP_send_MOCK","",""
"","2728","SP_B cannot retrieve activation by Fiscal Code created by SP_A","functional-tests.tests.activation","2026-08-13","passed","2026-08-13","","test_RTP_activation_security","",""
"Each entry in ``INVALID_PAYER_IDS`` must be rejected with 400.

The ``description`` parameter appears in pytest output to identify which
case failed without having to inspect the raw value.
","400","Querying activation status with an invalid payerId format returns 400","functional-tests.tests.activation","2026-08-13","passed","2026-08-13","","test_debtor_activation_payer_status","",""
"
Given a debtor is activated with the mock fiscal code that makes the debtor
service provider mock reply with a server error, when a GPD message (CREATE)
is sent via POST /gpd/message, then the rtp-sender fails to deliver the RTP
and records an ERROR_SEND_RTP event (RTP status becomes ERROR_SEND). When the
payee then queries the delivery-status endpoint with the matching noticeNumber
and payeeId, the response must be HTTP 200 with status=PD_RTP_NOT_DELIVERED
and processingDate absent or null.
","8072","RTP with ERROR_SEND_RTP event → PD_RTP_NOT_DELIVERED","functional-tests.tests.get_rtp","2026-08-13","failed","2026-08-13","","test_RTP_get_delivery_status","",""
"","1793","A debtor with foreign fiscal code is activated successfully","functional-tests.tests.activation","2026-08-13","passed","2026-08-13","","test_debtor_activation_create","",""
"","1115","Sending to non-activated debtor returns 422 - through Web API V2","functional-tests.tests.send_rtp","2026-08-13","passed","2026-08-13","","test_RTP_send_MOCK","",""
"","1760","Unauthorized callback due to wrong certificate serial","functional-tests.tests.callbacks_v2","2026-08-13","passed","2026-08-13","","test_RTP_callback_DS_05_redirect","",""
"
DS_12P CNCL RFC callback sent with the Version header must be rejected with 400.
The RTP must remain in RFC_SENT (transition to CANCELLED must not happen).

Flow:
1. Activate payer, send RTP, trigger cancel via GPD DELETE → RFC_SENT
2. Build a valid DS_12P CNCL payload
3. POST to RFC callback endpoint WITH Version header
4. Verify 400 is returned with the expected error body
5. Verify RTP status is still RFC_SENT
","2125","DS_12P CNCL RFC callback with Version header returns 400","functional-tests.tests.callbacks","2026-08-13","passed","2026-08-13","","test_RTP_callback_with_version_header","",""
"","374","The service returns the mocked server error","functional-tests.tests.availability","2026-08-13","passed","2026-08-13","","test_availability_MOCK","",""
"Each entry in ``INVALID_PAYER_IDS`` (see dataset docstring) must be rejected with 400.","409","The activation request must contain a validly formatted fiscal code","functional-tests.tests.activation","2026-08-13","passed","2026-08-13","","test_debtor_activation_create","",""
"Test sending a CREATE operation message with different statuses via GPD message API","822","A CREATE message with status PAID","functional-tests.tests.process_messages_sender","2026-08-13","passed","2026-08-13","","test_RTP_process_sender_CREATE","",""
"
DS_08P ACCP callback sent with the Version header must be rejected with 400.
The RTP must remain in ACCEPTED (transition to USER_ACCEPTED must not happen).

Flow:
1. Activate payer, send RTP, advance to ACCEPTED via DS_05 (without header)
2. Build a valid DS_08P ACCP payload
3. POST WITH Version header
4. Verify 400 is returned with the expected error body
5. Verify RTP status is still ACCEPTED
","2449","DS_08P ACCP callback with Version header returns 400","functional-tests.tests.callbacks","2026-08-13","passed","2026-08-13","","test_RTP_callback_with_version_header","",""
"","364","Get payees with invalid authorization","functional-tests.tests.service_registry","2026-08-13","passed","2026-08-13","","test_service_registry_service_providers","",""
"","2233","A v2 RTP callback with invalid status is rejected without affecting the RTP status","functional-tests.tests.callbacks_v2","2026-08-13","passed","2026-08-13","","test_RTP_callback_DS_08N_negative","",""
"Each entry in ``INVALID_PAYER_IDS`` (see dataset docstring) must be rejected with 400.","395","The activation request must contain a validly formatted fiscal code","functional-tests.tests.activation","2026-08-13","passed","2026-08-13","","test_debtor_activation_create","",""
"Test sending an UPDATE after CREATE VALID + DELETE with different statuses","1756","An UPDATE message with status EXPIRED after CREATE VALID and DELETE","functional-tests.tests.process_messages_sender","2026-08-13","passed","2026-08-13","","test_RTP_process_sender_UPDATE","",""
"
Test RFC callback DS12N with RJCR status applied twice on the same RTP.

Flow:
1. Activate payer
2. Send an RTP via GPD message (CREATE VALID)
3. Cancel the RTP via GPD message (DELETE) -> RTP to RFC_SENT
4. Send DS12N callback with CxlStsId RJCR (Rejected Cancellation Request) -> RTP to ERROR_CANCEL
5. Send the same DS12N RJCR callback again on the already transitioned RTP
6. Verify the second callback is rejected (400) since the transition is no longer valid
7. Verify RTP status remains ERROR_CANCEL
","3577","Failed RFC callback for invalid RTP transition - DS-12N RJCR compliant","functional-tests.tests.callbacks","2026-08-13","passed","2026-08-13","","test_RTP_callback_DS_12N","",""
"Each entry in ``INVALID_PAYER_IDS`` (see dataset docstring) must be rejected with 400.","399","The activation request must contain a validly formatted fiscal code","functional-tests.tests.activation","2026-08-13","failed","2026-08-13","","test_debtor_activation_create","",""
"Active payer identified by an 11-digit Partita IVA → isActive must be true.","820","An active payer with VAT number (Partita IVA) returns isActive true","functional-tests.tests.activation","2026-08-13","passed","2026-08-13","","test_debtor_activation_payer_status","",""
"Test sending an UPDATE operation message with different statuses via GPD message API before a CREATE","911","An UPDATE message with status PUBLISHED before CREATE","functional-tests.tests.process_messages_sender","2026-08-13","passed","2026-08-13","","test_RTP_process_sender_UPDATE_before_CREATE","",""
"
Test RFC callback DS12N with INVALID status, cancel via REST Web API.

Flow:
1. Activate payer
2. Send an RTP via GPD message (CREATE VALID)
3. Cancel the RTP via REST cancel endpoint with cancel_reason → RTP to RFC_SENT
4. Send DS12N callback with CxlStsId INVALID
5. Verify callback is rejected with 400
6. Verify RTP status is still RFC_SENT
","2168","An RFC callback DS12N INVALID is rejected with 400 - through Web API cancel","functional-tests.tests.callbacks","2026-08-13","passed","2026-08-13","","test_RTP_callback_DS_12N","",""
"Each entry in ``INVALID_PAYER_IDS`` (see dataset docstring) must be rejected with 400.","391","The activation request must contain a validly formatted fiscal code","functional-tests.tests.activation","2026-08-13","passed","2026-08-13","","test_debtor_activation_create","",""
"","1750","RTP is successfully cancelled with reason MODT","functional-tests.tests.cancel_rtp","2026-08-13","passed","2026-08-13","","test_RTP_cancel","",""
"","1530","A debtor cannot be activated more than once by the same service provider","functional-tests.tests.activation","2026-08-13","passed","2026-08-13","","test_debtor_activation_create","",""
"","399","A Service Provider with invalid client secret is not authenticated on Keycloak","functional-tests.tests.auth","2026-08-13","passed","2026-08-13","","test_auth","",""
"","396","Sending an RTP when EPC returns a malformed/invalid response body returns 500","functional-tests.tests.send_rtp","2026-08-13","failed","2026-08-13","","test_RTP_send_MOCK","",""
"","387","Get payees with invalid authorization","functional-tests.tests.service_registry","2026-08-13","passed","2026-08-13","","test_service_registry_payees_registry","",""
"
Tests that sending an RTP payload with an amount over the POSTE limit results in a 400 Bad Request response.

:param debtor_sp_mock_cert_key: Certificate and key tuple for mutual TLS authentication.
:type debtor_sp_mock_cert_key: Tuple[str, str]
","1038","Cannot send RTP with an amount over the POSTE limit","functional-tests.tests.availability","2026-08-13","failed","2026-08-13","","test_availability_POSTE","",""
"","2279","A v2 redirect RTP callback with invalid status is rejected without affecting the RTP status","functional-tests.tests.callbacks_v2","2026-08-13","passed","2026-08-13","","test_RTP_callback_DS_05_redirect","",""
"","724","Sending to non-activated debtor returns 422","functional-tests.tests.send_rtp","2026-08-13","passed","2026-08-13","","test_RTP_send_MOCK","",""
"","3122","An RTP callback is successfully received with status RJCT","functional-tests.tests.callbacks","2026-08-13","passed","2026-08-13","","test_RTP_callback_DS_08","",""
"","1425","RTP is successfully cancelled with reason MODT - V2","functional-tests.tests.cancel_rtp","2026-08-13","passed","2026-08-13","","test_RTP_cancel","",""
"Availability probe for takeover notification mock endpoint: expects 204 No Content","390","Test Takeover Notification Endpoint","functional-tests.tests.takeover","2026-08-13","passed","2026-08-13","","test_debtor_takeover","",""
"
Given a debtor is activated and a GPD message (CREATE) is sent via POST /gpd/message,
when the rtp-sender processes it and the RTP reaches status SENT,
when the payee queries the delivery-status endpoint with the correct noticeNumber
(nav) and payeeId (ec_tax_code),
then the response body must contain status=PD_RTP_DELIVERED, a non-null processingDate
in ISO 8601 format, and processingDate must match the SEND_RTP event timestamp from
the GPD message response (truncated to millisecond precision).
","6417","GPD message sent → RTP SENT → PD_RTP_DELIVERED with processingDate","functional-tests.tests.get_rtp","2026-08-13","passed","2026-08-13","","test_RTP_get_delivery_status","",""
"Test sending an UPDATE operation message with different statuses via GPD message API before a CREATE","1884","An UPDATE message with status EXPIRED before CREATE","functional-tests.tests.process_messages_sender","2026-08-13","passed","2026-08-13","","test_RTP_process_sender_UPDATE_before_CREATE","",""
"Active payer with a foreign-country fiscal code (Z + 3 digits municipality) → isActive must be true.","829","An active payer with foreign fiscal code returns isActive true","functional-tests.tests.activation","2026-08-13","passed","2026-08-13","","test_debtor_activation_payer_status","",""
"
Test v2 RFC callback DS12P with CNCL status applied twice on the same RTP.

Flow:
1. Activate payer
2. Send an RTP via GPD message v2 (CREATE VALID)
3. Cancel the RTP via GPD message v2 (DELETE) -> RTP to RFC_SENT
4. Send DS12P callback with CxlStsId CNCL (Cancelled As Per Request) -> RTP to CANCELLED
5. Send the same DS12P CNCL callback again on the already cancelled RTP
6. Verify the second callback is rejected (400) since the transition is no longer valid
7. Verify RTP status remains CANCELLED
","3113","Failed v2 RFC callback for invalid RTP transition - DS-12P positive compliant","functional-tests.tests.callbacks_v2","2026-08-13","passed","2026-08-13","","test_RTP_callback_DS_12P_positive","",""
"","412","Get payees consents with invalid consent value returns 400","functional-tests.tests.service_registry","2026-08-13","passed","2026-08-13","","test_get_payees_consents","",""
"Test sending a DELETE operation message via GPD message API after a CREATE VALID + UPDATE","1795","A DELETE message after CREATE VALID + UPDATE PARTIALLY_PAID","functional-tests.tests.process_messages_sender","2026-08-13","passed","2026-08-13","","test_RTP_process_sender_DELETE","",""
"The PSP synchronously rejects the cancellation request with 422 (per standard behaviour for the EPC 410 Gone scenario). The RTP then transitions to ERROR_CANCEL via ERROR_CANCEL_RTP.","2033","Cancelling an RTP - EPC v4 mock unhappy path scenario: epc_410","functional-tests.tests.cancel_rtp","2026-08-13","failed","2026-08-13","","test_RTP_cancel_MOCK_V2","",""
"
Verify that a debt position can be deleted successfully.
","2324","Happy path: a debt position is deleted in DEV environment","functional-tests.tests.gpd_availability","2026-08-13","passed","2026-08-13","","test_availability_GPD","",""
"UPDATE VALID before any CREATE creates a new RTP; the RTP must be retrievable from the database","1552","An UPDATE VALID before CREATE creates the RTP in the database","functional-tests.tests.process_messages_sender","2026-08-13","passed","2026-08-13","","test_RTP_process_sender_UPDATE_before_CREATE","",""
"","2851","A v2 redirect RTP callback with status ACTC is successfully received","functional-tests.tests.callbacks_v2","2026-08-13","passed","2026-08-13","","test_RTP_callback_DS_05_redirect","",""
"","397","Non-integer size returns 400","functional-tests.tests.activation","2026-08-13","passed","2026-08-13","","test_debtor_activation_list","",""
"","2985","An RTP callback is successfully received","functional-tests.tests.callbacks","2026-08-13","passed","2026-08-13","","test_RTP_callback_DS_04","",""
"DS_08P ACCP callback sent directly on a SENT RTP (no prior DS_05 ACTC callback).

The RTP is expected to transition straight from SENT to USER_ACCEPTED.
","2187","A v2 RTP callback with status ACCP is successfully received without a prior DS_05 callback","functional-tests.tests.callbacks_v2","2026-08-13","passed","2026-08-13","","test_RTP_callback_DS_08P_positive","",""
"Test sending an UPDATE after CREATE VALID + DELETE with different statuses","1777","An UPDATE message with status PUBLISHED after CREATE VALID and DELETE","functional-tests.tests.process_messages_sender","2026-08-13","passed","2026-08-13","","test_RTP_process_sender_UPDATE","",""
"
Test v2 RFC callback DS12N with wrong certificate identity.

Flow:
1. Activate payer
2. Send an RTP via GPD message v2 (CREATE VALID)
3. Cancel the RTP via GPD message v2 (DELETE) -> RTP to RFC_SENT
4. Send DS12N callback with assignee_bic='FAKESP01' (doesn't match certificate identity)
5. Verify callback is rejected with 403 (certificate mismatch)
6. Verify RTP status is still RFC_SENT
","2302","Unauthorized v2 RFC callback due to wrong certificate serial","functional-tests.tests.callbacks_v2","2026-08-13","passed","2026-08-13","","test_RTP_callback_DS_12N_negative","",""
"
Send the same CREATE VALID message twice.

Because send_gpd_message derives the Idempotency-Key deterministically from
the message id (msg_id), reusing the same payload reuses the same key.

Expectations:
- Both calls return HTTP 200 (idempotent, not an error).
- The resourceId in both responses is identical, proving the API returned
  the cached response and did not process the message twice.
- Querying by notice number returns exactly one RTP, confirming that only
  one record was written to the database.
","1799","Two CREATE VALID messages with the same Idempotency-Key both succeed but only one RTP is stored","functional-tests.tests.process_messages_sender","2026-08-13","passed","2026-08-13","","test_RTP_process_sender_IDEMPOTENCY","",""
"","472","The RTP web page is reachable","functional-tests.tests.availability","2026-08-13","passed","2026-08-13","","test_availability_RTP_webform","",""
"","825","Deactivation returns 404 when the token subject does not own the activation's Service Provider ID","functional-tests.tests.activation","2026-08-13","passed","2026-08-13","","test_debtor_deactivation","",""
"Each entry in ``INVALID_PAYER_IDS`` must be rejected with 400.

The ``description`` parameter appears in pytest output to identify which
case failed without having to inspect the raw value.
","397","Querying activation status with an invalid payerId format returns 400","functional-tests.tests.activation","2026-08-13","passed","2026-08-13","","test_debtor_activation_payer_status","",""
"","1860","An RTP sent with synchronous rejection containing extra fields results in status REJECTED - through Web API","functional-tests.tests.send_rtp","2026-08-13","passed","2026-08-13","","test_RTP_send_MOCK","",""
"","835","A debtor activated with an owned but distinct Service Provider ID is deactivated","functional-tests.tests.activation","2026-08-13","passed","2026-08-13","","test_debtor_deactivation","",""
"","1781","Failed callback for non existing Service Provider - DS-08N negative compliant","functional-tests.tests.callbacks_v2","2026-08-13","passed","2026-08-13","","test_RTP_callback_DS_08N_negative","",""
"","909","An RTP is sent through API - through Web API","functional-tests.tests.send_rtp","2026-08-13","passed","2026-08-13","","test_RTP_send_MOCK","",""
"","2455","RTP cancellation fails with an invalid reason - V2","functional-tests.tests.cancel_rtp","2026-08-13","passed","2026-08-13","","test_RTP_cancel","",""
"","2638","An RTP callback with status ACTC is successfully received","functional-tests.tests.callbacks","2026-08-13","passed","2026-08-13","","test_RTP_callback_DS_05","",""
"","2591","A v2 RTP callback with status ACCP is successfully received","functional-tests.tests.callbacks_v2","2026-08-13","passed","2026-08-13","","test_RTP_callback_DS_08P_positive","",""
"Each entry in ``INVALID_PAYER_IDS`` must be rejected with 400.

The ``description`` parameter appears in pytest output to identify which
case failed without having to inspect the raw value.
","405","Querying activation status with an invalid payerId format returns 400","functional-tests.tests.activation","2026-08-13","passed","2026-08-13","","test_debtor_activation_payer_status","",""
"","1884","An RTP sent with synchronous rejection containing extra fields results in status REJECTED","functional-tests.tests.send_rtp","2026-08-13","passed","2026-08-13","","test_RTP_send_MOCK","",""
"
Test RFC callback DS12N with wrong certificate identity, cancel via REST Web API.

Flow:
1. Activate payer
2. Send an RTP via GPD message (CREATE VALID)
3. Cancel the RTP via REST cancel endpoint with cancel_reason → RTP to RFC_SENT
4. Send DS12N callback with assignee_bic='FAKESP01' (doesn't match certificate identity MOCKSP04)
5. Verify callback is rejected with 403 (certificate mismatch)
","1748","Unauthorized RFC callback due to wrong certificate serial - through Web API cancel","functional-tests.tests.callbacks","2026-08-13","passed","2026-08-13","","test_RTP_callback_DS_12N","",""
"","3930","Failed callback for invalid RTP transition - DS-08P ACCP compliant","functional-tests.tests.callbacks","2026-08-13","passed","2026-08-13","","test_RTP_callback_DS_08","",""
"Each entry in ``INVALID_PAYER_IDS`` (see dataset docstring) must be rejected with 400.","389","The activation request must contain a validly formatted fiscal code","functional-tests.tests.activation","2026-08-13","passed","2026-08-13","","test_debtor_activation_create","",""
"Each entry in ``INVALID_PAYER_IDS`` must be rejected with 400.

The ``description`` parameter appears in pytest output to identify which
case failed without having to inspect the raw value.
","397","Querying activation status with an invalid payerId format returns 400","functional-tests.tests.activation","2026-08-13","passed","2026-08-13","","test_debtor_activation_payer_status","",""
"An EPC response containing fields not declared in the OpenAPI spec is treated as an invalid message and is NOT tolerated for accept/reject purposes (confirmed with rtp-sender-v2 maintainers, PR #26). The extra `invalid-field` property invalidates the whole response, so the CNCL confirmation is not processed and the RTP stays in RFC_SENT.","3664","Cancelling an RTP - EPC v4 mock unhappy path scenario: cncl_extra_field","functional-tests.tests.cancel_rtp","2026-08-13","passed","2026-08-13","","test_RTP_cancel_MOCK_V2","",""
"","400","malformed rtp_id → 400 Bad Request","functional-tests.tests.get_rtp","2026-08-13","passed","2026-08-13","","test_RTP_get","",""
"","716","Get paginated list of payees successfully","functional-tests.tests.service_registry","2026-08-13","passed","2026-08-13","","test_service_registry_payees_registry","",""
"","1919","An RTP sent with synchronous rejection and missing _links results in status REJECTED - through Web API V2","functional-tests.tests.send_rtp","2026-08-13","passed","2026-08-13","","test_RTP_send_MOCK","",""
"Test sending a DELETE operation message via GPD message API after a standalone UPDATE (no prior CREATE)","1220","A DELETE message after standalone UPDATE DRAFT","functional-tests.tests.process_messages_sender","2026-08-13","passed","2026-08-13","","test_RTP_process_sender_DELETE","",""
"Each entry in ``INVALID_PAYER_IDS`` (see dataset docstring) must be rejected with 400.","543","The activation request must contain a validly formatted fiscal code","functional-tests.tests.activation","2026-08-13","passed","2026-08-13","","test_debtor_activation_create","",""
"","4230","Failed callback for invalid RTP transition - DS-08P RJCT compliant","functional-tests.tests.callbacks","2026-08-13","passed","2026-08-13","","test_RTP_callback_DS_08","",""
"Test sending an UPDATE operation message with different statuses via GPD message API before a CREATE","923","An UPDATE message with status VALID before CREATE","functional-tests.tests.process_messages_sender","2026-08-13","passed","2026-08-13","","test_RTP_process_sender_UPDATE_before_CREATE","",""
"OTP bound to payer1 should not work for payer2","1256","Test Takeover Fails with OTP Bound to Different Payer","functional-tests.tests.takeover","2026-08-13","passed","2026-08-13","","test_debtor_takeover","",""
"","389","Get payees consents with negative page size returns 400","functional-tests.tests.service_registry","2026-08-13","passed","2026-08-13","","test_get_payees_consents","",""
"Test sending an UPDATE operation message with different statuses via GPD message API before a CREATE","812","An UPDATE message with status INVALID before CREATE","functional-tests.tests.process_messages_sender","2026-08-13","passed","2026-08-13","","test_RTP_process_sender_UPDATE_before_CREATE","",""
"Each entry in ``INVALID_PAYER_IDS`` must be rejected with 400.

The ``description`` parameter appears in pytest output to identify which
case failed without having to inspect the raw value.
","395","Querying activation status with an invalid payerId format returns 400","functional-tests.tests.activation","2026-08-13","passed","2026-08-13","","test_debtor_activation_payer_status","",""
"","936","SP_B cannot retrieve activation by Activation ID created by SP_A","functional-tests.tests.activation","2026-08-13","passed","2026-08-13","","test_RTP_activation_security","",""
"Each entry in ``INVALID_PAYER_IDS`` (see dataset docstring) must be rejected with 400.","511","The activation request must contain a validly formatted fiscal code","functional-tests.tests.activation","2026-08-13","passed","2026-08-13","","test_debtor_activation_create","",""
"
Test v2 RFC callback DS12P with wrong certificate identity.

Flow:
1. Activate payer
2. Send an RTP via GPD message v2 (CREATE VALID)
3. Cancel the RTP via GPD message v2 (DELETE) -> RTP to RFC_SENT
4. Send DS12P callback with assignee_bic='FAKESP01' (doesn't match certificate identity)
5. Verify callback is rejected with 403 (certificate mismatch)
6. Verify RTP status is still RFC_SENT
","2272","Unauthorized v2 RFC callback due to wrong certificate serial","functional-tests.tests.callbacks_v2","2026-08-13","passed","2026-08-13","","test_RTP_callback_DS_12P_positive","",""
"Each entry in ``INVALID_PAYER_IDS`` (see dataset docstring) must be rejected with 400.","395","The activation request must contain a validly formatted fiscal code","functional-tests.tests.activation","2026-08-13","passed","2026-08-13","","test_debtor_activation_create","",""
"
Test v2 RFC callback DS12P with INVALID status.

Flow:
1. Activate payer
2. Send an RTP via GPD message v2 (CREATE VALID)
3. Cancel the RTP via GPD message v2 (DELETE) -> RTP to RFC_SENT
4. Send DS12P callback with CxlStsId INVALID
5. Verify callback is rejected with 400
6. Verify RTP status is still RFC_SENT
","2639","A v2 RFC callback DS12P INVALID is rejected with 400","functional-tests.tests.callbacks_v2","2026-08-13","passed","2026-08-13","","test_RTP_callback_DS_12P_positive","",""
"Payer activated then deactivated by SP A → isActive must be false.","1271","A deactivated payer returns isActive false","functional-tests.tests.activation","2026-08-13","passed","2026-08-13","","test_debtor_activation_payer_status","",""
"Test sending an UPDATE operation message with different statuses via GPD message API before a CREATE","928","An UPDATE message with status PARTIALLY_PAID before CREATE","functional-tests.tests.process_messages_sender","2026-08-13","passed","2026-08-13","","test_RTP_process_sender_UPDATE_before_CREATE","",""
"Test sending a DELETE operation message via GPD message API after a CREATE","1273","A DELETE message after CREATE PARTIALLY_PAID","functional-tests.tests.process_messages_sender","2026-08-13","passed","2026-08-13","","test_RTP_process_sender_DELETE","",""
"","393","Get payees consents with wrong token type returns 403","functional-tests.tests.service_registry","2026-08-13","passed","2026-08-13","","test_get_payees_consents","",""
"","1784","Unauthorized callback due to wrong certificate serial","functional-tests.tests.callbacks_v2","2026-08-13","passed","2026-08-13","","test_RTP_callback_DS_08N_negative","",""
"MOCKSP04 owns MOCKSP01 as well as its own spId; status must reflect the activation either way.","1376","An active payer returns isActive true when activated under an owned but distinct Service Provider ID","functional-tests.tests.activation","2026-08-13","passed","2026-08-13","","test_debtor_activation_payer_status","",""
"Test sending an UPDATE operation message with different statuses via GPD message API after a CREATE","1361","An UPDATE message with status PUBLISHED after CREATE","functional-tests.tests.process_messages_sender","2026-08-13","passed","2026-08-13","","test_RTP_process_sender_UPDATE","",""
"","2596","Failed v2 redirect callback for invalid RTP transition - DS-05 ACTC compliant","functional-tests.tests.callbacks_v2","2026-08-13","passed","2026-08-13","","test_RTP_callback_DS_05_redirect","",""
"Test sending a DELETE operation message via GPD message API after a standalone UPDATE (no prior CREATE)","1406","A DELETE message after standalone UPDATE EXPIRED","functional-tests.tests.process_messages_sender","2026-08-13","passed","2026-08-13","","test_RTP_process_sender_DELETE","",""
"
Test v2 RFC callback DS12N with RJCR status.

Flow:
1. Activate payer
2. Send an RTP via GPD message v2 (CREATE VALID)
3. Cancel the RTP via GPD message v2 (DELETE) -> RTP to RFC_SENT
4. Send DS12N callback with CxlStsId RJCR (Rejected Cancellation Request)
5. Verify callback is accepted (200)
6. Verify RTP status is CANCELLED_REJECTED
","2843","A v2 RFC callback DS12N RJCR is successfully received and RTP status is CANCELLED_REJECTED","functional-tests.tests.callbacks_v2","2026-08-13","passed","2026-08-13","","test_RTP_callback_DS_12N_negative","",""
"Each entry in ``INVALID_PAYER_IDS`` (see dataset docstring) must be rejected with 400.","386","The activation request must contain a validly formatted fiscal code","functional-tests.tests.activation","2026-08-13","passed","2026-08-13","","test_debtor_activation_create","",""
"
Test RFC callback DS12N with RJCR status.

Flow:
1. Activate payer
2. Send an RTP via GPD message (CREATE VALID)
3. Cancel the RTP via GPD message (DELETE) → RTP to RFC_SENT
4. Send DS12N callback with CxlStsId RJCR (Rejected Cancellation Request)
5. Verify callback is accepted (200)
6. Verify RTP status is ERROR_CANCEL
","2714","An RFC callback DS12N RJCR is successfully received and RTP status is ERROR_CANCEL","functional-tests.tests.callbacks","2026-08-13","passed","2026-08-13","","test_RTP_callback_DS_12N","",""
"","1351","An RTP sent with synchronous acceptance is in status ACCEPTED - DS-05 ACTC - through Web API V2","functional-tests.tests.send_rtp","2026-08-13","passed","2026-08-13","","test_RTP_send_MOCK","",""
"","1475","An RTP sent with synchronous acceptance is in status ACCEPTED - DS-05 ACTC","functional-tests.tests.send_rtp","2026-08-13","passed","2026-08-13","","test_RTP_send_MOCK","",""
"
Tests sending an RTP payload to the POSTE endpoint with valid data and authentication.

:param debtor_sp_mock_cert_key: Certificate and key tuple for mutual TLS authentication.
:type debtor_sp_mock_cert_key: Tuple[str, str]
","1416","An RTP is sent through POSTE API","functional-tests.tests.availability","2026-08-13","passed","2026-08-13","","test_availability_POSTE","",""
"Each entry in ``INVALID_PAYER_IDS`` must be rejected with 400.

The ``description`` parameter appears in pytest output to identify which
case failed without having to inspect the raw value.
","408","Querying activation status with an invalid payerId format returns 400","functional-tests.tests.activation","2026-08-13","passed","2026-08-13","","test_debtor_activation_payer_status","",""
"
Test RFC callback DS12P with non-existing service provider.

Flow:
1. Activate payer
2. Send an RTP via GPD message (CREATE VALID)
3. Cancel the RTP via GPD message (DELETE) → RTP to RFC_SENT
4. Send DS12P callback with non-existing BIC (MOCKSP99)
5. Verify callback is rejected with 400 (service provider not found)
","2709","Failed RFC callback for non existing Service Provider - DS-12P CNCL compliant","functional-tests.tests.callbacks","2026-08-13","passed","2026-08-13","","test_RTP_callback_DS_12P","",""
"Each entry in ``INVALID_PAYER_IDS`` must be rejected with 400.

The ``description`` parameter appears in pytest output to identify which
case failed without having to inspect the raw value.
","402","Querying activation status with an invalid payerId format returns 400","functional-tests.tests.activation","2026-08-13","passed","2026-08-13","","test_debtor_activation_payer_status","",""
"MOCKSP04 owns both its own spId and MOCKSP01; redeeming an OTP scoped to MOCKSP01 must
assign MOCKSP01 to the new activation, not MOCKSP04 (the redeemer's own tspId).","2673","Test Takeover Redemption Assigns the OTP's Owned Service Provider ID","functional-tests.tests.takeover","2026-08-13","passed","2026-08-13","","test_debtor_takeover","",""
"DS_08N RJCT callback sent after a prior DS_05 ACTC callback.

The RTP is expected to transition from SENT to ACCEPTED, then to USER_REJECTED.
","3283","A v2 RTP callback with status RJCT after DS_05 transitions the RTP to USER_REJECTED","functional-tests.tests.callbacks_v2","2026-08-13","passed","2026-08-13","","test_RTP_callback_DS_08N_negative","",""
"
Test RFC callback DS12P with wrong certificate identity, cancel via REST Web API.

Flow:
1. Activate payer
2. Send an RTP via GPD message (CREATE VALID)
3. Cancel the RTP via REST cancel endpoint with cancel_reason → RTP to RFC_SENT
4. Send DS12P callback with assignee_bic='FAKESP01' (doesn't match certificate identity MOCKSP04)
5. Verify callback is rejected with 403 (certificate mismatch)
","1849","Unauthorized RFC callback due to wrong certificate serial - through Web API cancel","functional-tests.tests.callbacks","2026-08-13","passed","2026-08-13","","test_RTP_callback_DS_12P","",""
"","410","Retrieving activation with malformed payer id returns 400","functional-tests.tests.activation","2026-08-13","passed","2026-08-13","","test_debtor_activation_get","",""
"The PSP synchronously rejects the cancellation request with 422 (per standard behaviour for the EPC 401 Unauthorized scenario). The RTP then transitions to ERROR_CANCEL via ERROR_CANCEL_RTP.","2002","Cancelling an RTP - EPC v4 mock unhappy path scenario: epc_401","functional-tests.tests.cancel_rtp","2026-08-13","failed","2026-08-13","","test_RTP_cancel_MOCK_V2","",""
"","826","Sending a GPD message with null operation returns 400","functional-tests.tests.send_rtp","2026-08-13","passed","2026-08-13","","test_RTP_send_MOCK","",""
"","399","All auth fixtures expose a valid Bearer token format","functional-tests.tests.auth","2026-08-13","passed","2026-08-13","","test_auth","",""
"","373","Retrieving activation without valid token returns 401","functional-tests.tests.activation","2026-08-13","passed","2026-08-13","","test_debtor_activation_get","",""
"","1786","Failed callback for non existing Service Provider - DS-08P positive compliant","functional-tests.tests.callbacks_v2","2026-08-13","passed","2026-08-13","","test_RTP_callback_DS_08P_positive","",""
"Test sending a DELETE operation message via GPD message API after a CREATE","1231","A DELETE message after CREATE INVALID","functional-tests.tests.process_messages_sender","2026-08-13","passed","2026-08-13","","test_RTP_process_sender_DELETE","",""
"The response cannot be parsed as a cancellation confirmation (malformed, unquoted string), so the RTP stays in RFC_SENT rather than erroring out.","2569","Cancelling an RTP - EPC v4 mock unhappy path scenario: malformed_string","functional-tests.tests.cancel_rtp","2026-08-13","passed","2026-08-13","","test_RTP_cancel_MOCK_V2","",""
"","1398","An RTP sent when EPC response omits _links is in status ACCEPTED - through Web API V2","functional-tests.tests.send_rtp","2026-08-13","passed","2026-08-13","","test_RTP_send_MOCK","",""
"Test sending a DELETE operation message via GPD message API after a standalone UPDATE (no prior CREATE)","1247","A DELETE message after standalone UPDATE PUBLISHED","functional-tests.tests.process_messages_sender","2026-08-13","passed","2026-08-13","","test_RTP_process_sender_DELETE","",""
"Each entry in ``INVALID_PAYER_IDS`` must be rejected with 400.

The ``description`` parameter appears in pytest output to identify which
case failed without having to inspect the raw value.
","405","Querying activation status with an invalid payerId format returns 400","functional-tests.tests.activation","2026-08-13","passed","2026-08-13","","test_debtor_activation_payer_status","",""
"DS_08P ACCP callback sent twice on the same RTP (direct SENT -> USER_ACCEPTED).

The second callback must be rejected with 400 since the transition is no
longer valid once the RTP is already USER_ACCEPTED.
","2600","Failed v2 callback for invalid RTP transition - DS-08P positive compliant","functional-tests.tests.callbacks_v2","2026-08-13","passed","2026-08-13","","test_RTP_callback_DS_08P_positive","",""
"
Payer activated under SP A.
Token with read_rtp_all can read across all Service Providers:
the admin client sub does not match SP A, yet isActive must be true.
","811","read_rtp_all role returns isActive true for a payer on any Service Provider","functional-tests.tests.activation","2026-08-13","passed","2026-08-13","","test_debtor_activation_payer_status","",""
"","2899","DS_08N negative v2 callback with Version header returns 400","functional-tests.tests.callbacks_v2","2026-08-13","passed","2026-08-13","","test_RTP_callback_with_version_header","",""
"
Test RFC callback DS12P with wrong certificate identity, cancel via REST Web API.

Flow:
1. Activate payer
2. Send an RTP via GPD message (CREATE VALID)
3. Cancel the RTP via REST cancel endpoint with cancel_reason → RTP to RFC_SENT
4. Send DS12P callback with assignee_bic='FAKESP01' (doesn't match certificate identity MOCKSP04)
5. Verify callback is rejected with 403 (certificate mismatch)
","1964","Unauthorized RFC callback due to wrong certificate serial - through Web API cancel","functional-tests.tests.callbacks","2026-08-13","passed","2026-08-13","","test_RTP_callback_DS_12P","",""
"Test sending a DELETE operation message via GPD message API after a CREATE VALID + UPDATE","2383","A DELETE message after CREATE VALID + UPDATE PAID","functional-tests.tests.process_messages_sender","2026-08-13","passed","2026-08-13","","test_RTP_process_sender_DELETE","",""
"
Payer activated under SP A.
- SP B (read_rtp_activations): isActive must be false - privacy rule hides cross-SP activation.
- Admin (read_rtp_all): isActive must be true - role grants visibility across all SPs.
Same payer, same endpoint, different roles → different results.
","1419","read_rtp_all role returns isActive true while read_rtp_activations returns false for the same cross-SP payer","functional-tests.tests.activation","2026-08-13","passed","2026-08-13","","test_debtor_activation_payer_status","",""
"Test the takeover flow where a user changes service provider","3146","Test Takeover Flow","functional-tests.tests.takeover","2026-08-13","passed","2026-08-13","","test_debtor_takeover","",""
"
Test RFC callback DS12P with CNCL status, cancel triggered via REST Web API with explicit reason.

Flow:
1. Activate payer
2. Send an RTP via GPD message (CREATE VALID)
3. Cancel the RTP via REST cancel endpoint with cancel_reason → RTP to RFC_SENT
4. Send DS12P callback with CxlStsId CNCL (Cancelled As Per Request)
5. Verify callback is accepted (200)
6. Verify RTP status is CANCELLED
","2407","An RFC callback DS12P CNCL is successfully received and RTP status is CANCEL - through Web API cancel","functional-tests.tests.callbacks","2026-08-13","passed","2026-08-13","","test_RTP_callback_DS_12P","",""
"","402","Invalid pagination parameters returns 400","functional-tests.tests.activation","2026-08-13","passed","2026-08-13","","test_debtor_activation_list","",""
"","1109","An RTP is sent to Poste service with activated fiscal code","functional-tests.tests.send_rtp","2026-08-13","passed","2026-08-13","","test_RTP_send_POSTE","",""
"
Verify that a debt position can be deleted successfully.
","2204","Happy path: a debt position is deleted in UAT environment","functional-tests.tests.gpd_availability","2026-08-13","passed","2026-08-13","","test_availability_GPD","",""
"","404","All auth fixtures expose a valid Bearer token format","functional-tests.tests.auth","2026-08-13","passed","2026-08-13","","test_auth","",""
"","411","Invalid pagination parameters returns 400","functional-tests.tests.activation","2026-08-13","passed","2026-08-13","","test_debtor_activation_list","",""
"
Test RFC callback DS12P with INVALID status, cancel via REST Web API.

Flow:
1. Activate payer
2. Send an RTP via GPD message (CREATE VALID)
3. Cancel the RTP via REST cancel endpoint with cancel_reason → RTP to RFC_SENT
4. Send DS12P callback with CxlStsId INVALID
5. Verify callback is rejected with 400
6. Verify RTP status is still RFC_SENT
","2112","An RFC callback DS12P INVALID is rejected with 400 - through Web API cancel","functional-tests.tests.callbacks","2026-08-13","passed","2026-08-13","","test_RTP_callback_DS_12P","",""
"","1760","Unauthorized callback due to wrong certificate serial","functional-tests.tests.callbacks_v2","2026-08-13","passed","2026-08-13","","test_RTP_callback_DS_document_rjct","",""
"","403","Retrieving non-existent activation returns 404","functional-tests.tests.activation","2026-08-13","passed","2026-08-13","","test_debtor_activation_get","",""
"No `Sts.Conf` confirmation is present (Sts block omitted entirely), so only CANCEL_RTP is triggered and the RTP stays in RFC_SENT.","2286","Cancelling an RTP - EPC v4 mock happy path scenario: no_sts_block","functional-tests.tests.cancel_rtp","2026-08-13","passed","2026-08-13","","test_RTP_cancel_MOCK_V2","",""
"
Test RFC callback DS12N with INVALID status, cancel via REST Web API.

Flow:
1. Activate payer
2. Send an RTP via GPD message (CREATE VALID)
3. Cancel the RTP via REST cancel endpoint with cancel_reason → RTP to RFC_SENT
4. Send DS12N callback with CxlStsId INVALID
5. Verify callback is rejected with 400
6. Verify RTP status is still RFC_SENT
","2167","An RFC callback DS12N INVALID is rejected with 400 - through Web API cancel","functional-tests.tests.callbacks","2026-08-13","passed","2026-08-13","","test_RTP_callback_DS_12N","",""
"Each entry in ``INVALID_PAYER_IDS`` must be rejected with 400.

The ``description`` parameter appears in pytest output to identify which
case failed without having to inspect the raw value.
","402","Querying activation status with an invalid payerId format returns 400","functional-tests.tests.activation","2026-08-13","failed","2026-08-13","","test_debtor_activation_payer_status","",""
"Test sending a CREATE operation message with different statuses via GPD message API","918","A CREATE message with status VALID","functional-tests.tests.process_messages_sender","2026-08-13","passed","2026-08-13","","test_RTP_process_sender_CREATE","",""
"Test sending a CREATE operation message with different statuses via GPD message API","834","A CREATE message with status EXPIRED","functional-tests.tests.process_messages_sender","2026-08-13","passed","2026-08-13","","test_RTP_process_sender_CREATE","",""
"Test that takeover fails when the service provider is unauthenticated","1397","Test Takeover Fails with Unauthenticated SP","functional-tests.tests.takeover","2026-08-13","passed","2026-08-13","","test_debtor_takeover","",""
"Each entry in ``INVALID_PAYER_IDS`` must be rejected with 400.

The ``description`` parameter appears in pytest output to identify which
case failed without having to inspect the raw value.
","397","Querying activation status with an invalid payerId format returns 400","functional-tests.tests.activation","2026-08-13","passed","2026-08-13","","test_debtor_activation_payer_status","",""
"Reusing the same OTP after a successful takeover should fail","1680","Test Takeover Fails with Reused OTP","functional-tests.tests.takeover","2026-08-13","passed","2026-08-13","","test_debtor_takeover","",""
"Test sending a DELETE operation message via GPD message API after a CREATE VALID + UPDATE","1767","A DELETE message after CREATE VALID + UPDATE INVALID","functional-tests.tests.process_messages_sender","2026-08-13","passed","2026-08-13","","test_RTP_process_sender_DELETE","",""
"Test sending an UPDATE operation message with different statuses via GPD message API after a CREATE","1475","An UPDATE message with status VALID after CREATE","functional-tests.tests.process_messages_sender","2026-08-13","passed","2026-08-13","","test_RTP_process_sender_UPDATE","",""
"","399","Sending an RTP when EPC returns a malformed/invalid response body returns 500 - through Web API V2","functional-tests.tests.send_rtp","2026-08-13","failed","2026-08-13","","test_RTP_send_MOCK","",""
"","820","Get paginated list of OPT_OUT payees consents successfully","functional-tests.tests.service_registry","2026-08-13","passed","2026-08-13","","test_get_payees_consents","",""
"","815","A debtor with VAT number is activated and retrieved by activation id","functional-tests.tests.activation","2026-08-13","passed","2026-08-13","","test_debtor_activation_get","",""
"","1717","An RTP callback is received with invalid status","functional-tests.tests.callbacks","2026-08-13","passed","2026-08-13","","test_RTP_callback_DS_08","",""
"","2135","An RTP callback with invalid status is received and processed with success without affecting the RTP status","functional-tests.tests.callbacks","2026-08-13","passed","2026-08-13","","test_RTP_callback_DS_05","",""
"","822","A debtor with VAT number (Partita IVA) is activated successfully","functional-tests.tests.activation","2026-08-13","passed","2026-08-13","","test_debtor_activation_create","",""
"","821","A debtor with foreign fiscal code is activated and retrieved by activation id","functional-tests.tests.activation","2026-08-13","passed","2026-08-13","","test_debtor_activation_get","",""
"Authenticated but not authorized: token of SP A tries to use OTP issued for SP B","1240","Test Takeover Fails with Wrong SP Token","functional-tests.tests.takeover","2026-08-13","passed","2026-08-13","","test_debtor_takeover","",""
"
Verify that a debt position can be created and published successfully.
","460","Happy path: a debt position is created and published in DEV environment","functional-tests.tests.gpd_availability","2026-08-13","passed","2026-08-13","","test_availability_GPD","",""
"","1318","An RTP sent with synchronous acceptance is in status ACCEPTED - DS-05 ACTC - through Web API","functional-tests.tests.send_rtp","2026-08-13","passed","2026-08-13","","test_RTP_send_MOCK","",""
"Test sending a DELETE operation message via GPD message API after a CREATE","1226","A DELETE message after CREATE PAID","functional-tests.tests.process_messages_sender","2026-08-13","passed","2026-08-13","","test_RTP_process_sender_DELETE","",""
"","3328","DS_12N negative RFC v2 callback with Version header returns 400","functional-tests.tests.callbacks_v2","2026-08-13","passed","2026-08-13","","test_RTP_callback_with_version_header","",""
"","1793","Failed callback for non existing Service Provider - DS-document RJCT compliant","functional-tests.tests.callbacks_v2","2026-08-13","passed","2026-08-13","","test_RTP_callback_DS_document_rjct","",""
"","870","Auth endpoint returns valid token","functional-tests.tests.availability","2026-08-13","passed","2026-08-13","","test_availability_CBI","",""
"
Test RFC callback DS12N with wrong certificate identity.

Flow:
1. Activate payer
2. Send an RTP via GPD message (CREATE VALID)
3. Cancel the RTP via GPD message (DELETE) → RTP to RFC_SENT
4. Send DS12N callback with assignee_bic='FAKESP01' (doesn't match certificate identity MOCKSP04)
5. Verify callback is rejected with 403 (certificate mismatch)
","1773","Unauthorized RFC callback due to wrong certificate serial","functional-tests.tests.callbacks","2026-08-13","passed","2026-08-13","","test_RTP_callback_DS_12N","",""
"","868","A debtor with omocodia fiscal code is activated and retrieved by activation id","functional-tests.tests.activation","2026-08-13","passed","2026-08-13","","test_debtor_activation_get","",""
"The PSP synchronously rejects the cancellation request with 422 (per standard behaviour for the EPC 415 Unsupported Media Type scenario). The RTP then transitions to ERROR_CANCEL via ERROR_CANCEL_RTP.","2122","Cancelling an RTP - EPC v4 mock unhappy path scenario: epc_415","functional-tests.tests.cancel_rtp","2026-08-13","failed","2026-08-13","","test_RTP_cancel_MOCK_V2","",""
"","400","Failed callback for non existing Service Provider - DS-04b compliant","functional-tests.tests.callbacks","2026-08-13","passed","2026-08-13","","test_RTP_callback_DS_04","",""
"Takeover without a previously issued OTP should fail","910","Test Takeover Fails without Prior OTP","functional-tests.tests.takeover","2026-08-13","passed","2026-08-13","","test_debtor_takeover","",""
"","406","Invalid NextActivationId format returns 400","functional-tests.tests.activation","2026-08-13","passed","2026-08-13","","test_debtor_activation_list","",""
"Test sending a DELETE operation message via GPD message API after a CREATE VALID + UPDATE","1757","A DELETE message after CREATE VALID + UPDATE EXPIRED","functional-tests.tests.process_messages_sender","2026-08-13","passed","2026-08-13","","test_RTP_process_sender_DELETE","",""
"
Test RFC callback DS12P with CNCL status.

Flow:
1. Activate payer
2. Send an RTP via GPD message (CREATE VALID)
3. Cancel the RTP via GPD message (DELETE) → RTP to RFC_SENT
4. Send DS12P callback with CxlStsId CNCL (Cancelled As Per Request)
5. Verify callback is accepted (200)
6. Verify RTP status is CANCELLED
","2168","An RFC callback DS12P CNCL is successfully received and RTP status is CANCEL","functional-tests.tests.callbacks","2026-08-13","passed","2026-08-13","","test_RTP_callback_DS_12P","",""
"","495","Sending to non-activated debtor returns 422 - through Web API","functional-tests.tests.send_rtp","2026-08-13","passed","2026-08-13","","test_RTP_send_MOCK","",""
"","816","Find by payer id returns 404 when the token subject does not own the activation's Service Provider ID","functional-tests.tests.activation","2026-08-13","passed","2026-08-13","","test_debtor_activation_get","",""
"","2081","RTP cancellation fails with an invalid reason","functional-tests.tests.cancel_rtp","2026-08-13","passed","2026-08-13","","test_RTP_cancel","",""
"Each entry in ``INVALID_PAYER_IDS`` (see dataset docstring) must be rejected with 400.","393","The activation request must contain a validly formatted fiscal code","functional-tests.tests.activation","2026-08-13","passed","2026-08-13","","test_debtor_activation_create","",""
"
Given an RTP is sent successfully (status SENT) for a given noticeNumber + payeeId,
when the payee queries the delivery-status endpoint with the correct noticeNumber
but a different payeeId,
then the response must be HTTP 200 with status=PD_RTP_NOT_DELIVERED, verifying
that the endpoint filters on both fields.
","6329","Existing noticeNumber with wrong payeeId → PD_RTP_NOT_DELIVERED","functional-tests.tests.get_rtp","2026-08-13","passed","2026-08-13","","test_RTP_get_delivery_status","",""
"
Tests that sending an RTP payload with an expired date to the POSTE endpoint results in a 400 Bad Request response.

:param debtor_sp_mock_cert_key: Certificate and key tuple for mutual TLS authentication.
:type debtor_sp_mock_cert_key: Tuple[str, str]
","1054","Cannot send RTP with expired date","functional-tests.tests.availability","2026-08-13","failed","2026-08-13","","test_availability_POSTE","",""
"","1598","SP_ACTIVATIONS_READ_ALL can retrieve activation by Fiscal Code created by SP_A","functional-tests.tests.activation","2026-08-13","passed","2026-08-13","","test_RTP_activation_security","",""
"","2647","An RTP is sent to ICCREA service with activated fiscal code - through Web API","functional-tests.tests.send_rtp","2026-08-13","failed","2026-08-13","","test_RTP_send_ICCREA","",""
"","1180","Get a page of activations","functional-tests.tests.activation","2026-08-13","passed","2026-08-13","","test_debtor_activation_list","",""
"","410","Unauthorized callback due to wrong certificate serial","functional-tests.tests.callbacks","2026-08-13","passed","2026-08-13","","test_RTP_callback_DS_08","",""
"
Tests the retrieval of an access token from the POSTE authentication endpoint using client credentials and mutual TLS.

:param debtor_sp_mock_cert_key: Certificate and key tuple for mutual TLS authentication.
:type debtor_sp_mock_cert_key: Tuple[str, str]
","444","Auth endpoint returns valid token","functional-tests.tests.availability","2026-08-13","passed","2026-08-13","","test_availability_POSTE","",""
"","855","A debtor is deactivated by an authenticated service provider","functional-tests.tests.activation","2026-08-13","passed","2026-08-13","","test_debtor_deactivation","",""
"","374","Get payees consents with invalid authorization returns 401","functional-tests.tests.service_registry","2026-08-13","passed","2026-08-13","","test_get_payees_consents","",""
"
Test v2 RFC callback DS12N with RJCR status applied twice on the same RTP.

Flow:
1. Activate payer
2. Send an RTP via GPD message v2 (CREATE VALID)
3. Cancel the RTP via GPD message v2 (DELETE) -> RTP to RFC_SENT
4. Send DS12N callback with CxlStsId RJCR (Rejected Cancellation Request) -> RTP to CANCELLED_REJECTED
5. Send the same DS12N RJCR callback again on the already transitioned RTP
6. Verify the second callback is rejected (400) since the transition is no longer valid
7. Verify RTP status remains CANCELLED_REJECTED
","4681","Failed v2 RFC callback for invalid RTP transition - DS-12N negative compliant","functional-tests.tests.callbacks_v2","2026-08-13","passed","2026-08-13","","test_RTP_callback_DS_12N_negative","",""
"CREATE VALID with an ec_tax_code that does not exist in GPD returns 422 Payee not found","821","A CREATE VALID message with a non-existent ec_tax_code is rejected","functional-tests.tests.process_messages_sender","2026-08-13","passed","2026-08-13","","test_RTP_process_sender_CREATE","",""
"
Test RFC callback DS12P with INVALID status, cancel via REST Web API.

Flow:
1. Activate payer
2. Send an RTP via GPD message (CREATE VALID)
3. Cancel the RTP via REST cancel endpoint with cancel_reason → RTP to RFC_SENT
4. Send DS12P callback with CxlStsId INVALID
5. Verify callback is rejected with 400
6. Verify RTP status is still RFC_SENT
","2290","An RFC callback DS12P INVALID is rejected with 400 - through Web API cancel","functional-tests.tests.callbacks","2026-08-13","passed","2026-08-13","","test_RTP_callback_DS_12P","",""
"Each entry in ``INVALID_PAYER_IDS`` must be rejected with 400.

The ``description`` parameter appears in pytest output to identify which
case failed without having to inspect the raw value.
","407","Querying activation status with an invalid payerId format returns 400","functional-tests.tests.activation","2026-08-13","passed","2026-08-13","","test_debtor_activation_payer_status","",""
"MOCKSP04 owns MOCKSP01 and triggers the OTP; FAKESP01, which owns neither, must be rejected
with an explicit ownership error, not merely a generic 403.","1222","Test Takeover Fails when Redeemer Does Not Own the OTP's Service Provider ID","functional-tests.tests.takeover","2026-08-13","passed","2026-08-13","","test_debtor_takeover","",""
"","1305","An RTP sent when EPC response omits _links is in status ACCEPTED - through Web API","functional-tests.tests.send_rtp","2026-08-13","passed","2026-08-13","","test_RTP_send_MOCK","",""
"Each entry in ``INVALID_PAYER_IDS`` must be rejected with 400.

The ``description`` parameter appears in pytest output to identify which
case failed without having to inspect the raw value.
","398","Querying activation status with an invalid payerId format returns 400","functional-tests.tests.activation","2026-08-13","passed","2026-08-13","","test_debtor_activation_payer_status","",""
"
Verify that a debt position can be updated successfully.
","6233","Happy path: a debt position is updated in UAT environment","functional-tests.tests.gpd_availability","2026-08-13","passed","2026-08-13","","test_availability_GPD","",""
"","1769","Unauthorized callback due to wrong certificate serial","functional-tests.tests.callbacks_v2","2026-08-13","passed","2026-08-13","","test_RTP_callback_DS_08P_positive","",""
"Each entry in ``INVALID_PAYER_IDS`` must be rejected with 400.

The ``description`` parameter appears in pytest output to identify which
case failed without having to inspect the raw value.
","393","Querying activation status with an invalid payerId format returns 400","functional-tests.tests.activation","2026-08-13","passed","2026-08-13","","test_debtor_activation_payer_status","",""
"Test sending an UPDATE after CREATE VALID + DELETE with different statuses","1760","An UPDATE message with status VALID after CREATE VALID and DELETE","functional-tests.tests.process_messages_sender","2026-08-13","passed","2026-08-13","","test_RTP_process_sender_UPDATE","",""
"","409","Get payees consents with negative page number returns 400","functional-tests.tests.service_registry","2026-08-13","passed","2026-08-13","","test_get_payees_consents","",""
"
Verify that a debt position can be created and published successfully.
","440","Happy path: a debt position is created and published in UAT environment","functional-tests.tests.gpd_availability","2026-08-13","passed","2026-08-13","","test_availability_GPD","",""
"","2168","An RTP callback with status ACWC is successfully received","functional-tests.tests.callbacks","2026-08-13","passed","2026-08-13","","test_RTP_callback_DS_08","",""
"","402","Retrieving non-existent activation by payer id returns 404","functional-tests.tests.activation","2026-08-13","passed","2026-08-13","","test_debtor_activation_get","",""
"","1246","SP_ACTIVATIONS_READ_ALL can retrieve activation by Activation ID created by SP_A","functional-tests.tests.activation","2026-08-13","passed","2026-08-13","","test_RTP_activation_security","",""
"Test sending a DELETE operation message via GPD message API after a CREATE VALID + UPDATE","1807","A DELETE message after CREATE VALID + UPDATE PUBLISHED","functional-tests.tests.process_messages_sender","2026-08-13","passed","2026-08-13","","test_RTP_process_sender_DELETE","",""
"","397","The activation request must contain a validly formatted Service Provider ID","functional-tests.tests.activation","2026-08-13","passed","2026-08-13","","test_debtor_activation_create","",""
"Each entry in ``INVALID_PAYER_IDS`` must be rejected with 400.

The ``description`` parameter appears in pytest output to identify which
case failed without having to inspect the raw value.
","395","Querying activation status with an invalid payerId format returns 400","functional-tests.tests.activation","2026-08-13","passed","2026-08-13","","test_debtor_activation_payer_status","",""
"","1053","An RTP is sent to ICCREA service with activated fiscal code","functional-tests.tests.send_rtp","2026-08-13","passed","2026-08-13","","test_RTP_send_ICCREA","",""
"","1719","An RTP callback is received with invalid status","functional-tests.tests.callbacks","2026-08-13","passed","2026-08-13","","test_RTP_callback_DS_08","",""
"
Test v2 RFC callback DS12P with non-existing service provider.

Flow:
1. Activate payer
2. Send an RTP via GPD message v2 (CREATE VALID)
3. Cancel the RTP via GPD message v2 (DELETE) -> RTP to RFC_SENT
4. Send DS12P callback with non-existing BIC (MOCKSP99)
5. Verify callback is rejected with 400 (service provider not found)
6. Verify RTP status is still RFC_SENT
","2273","Failed v2 RFC callback for non existing Service Provider - DS-12P positive compliant","functional-tests.tests.callbacks_v2","2026-08-13","passed","2026-08-13","","test_RTP_callback_DS_12P_positive","",""
"","399","All auth fixtures expose a valid Bearer token format","functional-tests.tests.auth","2026-08-13","passed","2026-08-13","","test_auth","",""
"
SP A activates the payer.
SP B queries the status → must get isActive=false to avoid disclosing
that the payer is registered under a competitor SP.
","839","A payer active on a different Service Provider returns isActive false (privacy)","functional-tests.tests.activation","2026-08-13","passed","2026-08-13","","test_debtor_activation_payer_status","",""
"","1389","An RTP sent when EPC response contains an unknown field is ignored and remains in status SENT - through Web API V2","functional-tests.tests.send_rtp","2026-08-13","passed","2026-08-13","","test_RTP_send_MOCK","",""
"Test sending a DELETE operation message via GPD message API after a CREATE","1219","A DELETE message after CREATE EXPIRED","functional-tests.tests.process_messages_sender","2026-08-13","passed","2026-08-13","","test_RTP_process_sender_DELETE","",""
"","404","Find by payer id request must contain lower case fiscal code","functional-tests.tests.activation","2026-08-13","passed","2026-08-13","","test_debtor_activation_create","",""
"
Given a noticeNumber that does not correspond to any RTP in the database,
when the payee queries the delivery-status endpoint,
then the response must be HTTP 200 with status=PD_RTP_NOT_DELIVERED and
processingDate absent or null.
","482","Non-existent noticeNumber → PD_RTP_NOT_DELIVERED","functional-tests.tests.get_rtp","2026-08-13","passed","2026-08-13","","test_RTP_get_delivery_status","",""
"Each entry in ``INVALID_PAYER_IDS`` (see dataset docstring) must be rejected with 400.","393","The activation request must contain a validly formatted fiscal code","functional-tests.tests.activation","2026-08-13","passed","2026-08-13","","test_debtor_activation_create","",""
"Test sending an UPDATE operation message with different statuses via GPD message API before a CREATE","1088","An UPDATE message with status DRAFT before CREATE","functional-tests.tests.process_messages_sender","2026-08-13","passed","2026-08-13","","test_RTP_process_sender_UPDATE_before_CREATE","",""
"Test sending an UPDATE operation message with different statuses via GPD message API after a CREATE","2615","An UPDATE message with status PAID after CREATE","functional-tests.tests.process_messages_sender","2026-08-13","passed","2026-08-13","","test_RTP_process_sender_UPDATE","",""
"DS_08N RJCT callback sent directly on a SENT RTP (no prior DS_05 ACTC callback).

The RTP is expected to transition from SENT to REJECTED.
","2930","A v2 RTP callback with status RJCT is successfully received","functional-tests.tests.callbacks_v2","2026-08-13","passed","2026-08-13","","test_RTP_callback_DS_08N_negative","",""
"","1121","A debtor is activated by an authenticated service provider","functional-tests.tests.activation","2026-08-13","passed","2026-08-13","","test_debtor_activation_create","",""
"","401","All auth fixtures expose a valid Bearer token format","functional-tests.tests.auth","2026-08-13","passed","2026-08-13","","test_auth","",""
"Payer that has never been activated → isActive must be false.","404","test_get_activation_status_not_active_payer","functional-tests.tests.activation","2026-08-13","passed","2026-08-13","","test_debtor_activation_payer_status","",""
"
Test v2 RFC callback DS12N with INVALID status.

Flow:
1. Activate payer
2. Send an RTP via GPD message v2 (CREATE VALID)
3. Cancel the RTP via GPD message v2 (DELETE) -> RTP to RFC_SENT
4. Send DS12N callback with CxlStsId INVALID
5. Verify callback is rejected with 400
6. Verify RTP status is still RFC_SENT
","2461","A v2 RFC callback DS12N INVALID is rejected with 400","functional-tests.tests.callbacks_v2","2026-08-13","passed","2026-08-13","","test_RTP_callback_DS_12N_negative","",""
"No `Sts.Conf` confirmation is present (empty JSON object), so only CANCEL_RTP is triggered and the RTP stays in RFC_SENT.","2412","Cancelling an RTP - EPC v4 mock happy path scenario: empty_json_object","functional-tests.tests.cancel_rtp","2026-08-13","passed","2026-08-13","","test_RTP_cancel_MOCK_V2","",""
"","1893","An RTP sent with synchronous rejection is in status REJECTED - DS-08P N - through Web API","functional-tests.tests.send_rtp","2026-08-13","passed","2026-08-13","","test_RTP_send_MOCK","",""
"
Test RFC callback DS12N with INVALID status.

Flow:
1. Activate payer
2. Send an RTP via GPD message (CREATE VALID)
3. Cancel the RTP via GPD message (DELETE) → RTP to RFC_SENT
4. Send DS12N callback with CxlStsId INVALID
5. Verify callback is rejected with 400
6. Verify RTP status is still RFC_SENT
","2159","An RFC callback DS12N INVALID is rejected with 400","functional-tests.tests.callbacks","2026-08-13","passed","2026-08-13","","test_RTP_callback_DS_12N","",""
"","2231","A v2 document RTP callback with invalid status is rejected without affecting the RTP status","functional-tests.tests.callbacks_v2","2026-08-13","passed","2026-08-13","","test_RTP_callback_DS_document_rjct","",""
"Test sending an UPDATE operation message with different statuses via GPD message API after a CREATE","1361","An UPDATE message with status EXPIRED after CREATE","functional-tests.tests.process_messages_sender","2026-08-13","passed","2026-08-13","","test_RTP_process_sender_UPDATE","",""
"","829","A debtor with omocodia fiscal code is activated successfully","functional-tests.tests.activation","2026-08-13","passed","2026-08-13","","test_debtor_activation_create","",""
"","413","RTP cancellation fails if resource ID does not exist - V2","functional-tests.tests.cancel_rtp","2026-08-13","passed","2026-08-13","","test_RTP_cancel","",""
"Each entry in ``INVALID_PAYER_IDS`` (see dataset docstring) must be rejected with 400.","398","The activation request must contain a validly formatted fiscal code","functional-tests.tests.activation","2026-08-13","passed","2026-08-13","","test_debtor_activation_create","",""
"Querying activation status with an empty payerId must be rejected with 404.","365","Querying activation status with an empty payerId returns 404","functional-tests.tests.activation","2026-08-13","passed","2026-08-13","","test_debtor_activation_payer_status","",""
"","413","Non-existent NextActivationId returns 200 with empty body","functional-tests.tests.activation","2026-08-13","passed","2026-08-13","","test_debtor_activation_list","",""
"Each entry in ``INVALID_PAYER_IDS`` must be rejected with 400.

The ``description`` parameter appears in pytest output to identify which
case failed without having to inspect the raw value.
","408","Querying activation status with an invalid payerId format returns 400","functional-tests.tests.activation","2026-08-13","passed","2026-08-13","","test_debtor_activation_payer_status","",""
"","3066","An RTP sent when EPC response omits _links is in status ACCEPTED","functional-tests.tests.send_rtp","2026-08-13","passed","2026-08-13","","test_RTP_send_MOCK","",""
"Test sending a CREATE operation message with an omocodia fiscal code via GPD message API","911","A CREATE message with omocodia fiscal code is successfully sent through GPD message API","functional-tests.tests.process_messages_sender","2026-08-13","passed","2026-08-13","","test_RTP_process_sender","",""
"Test sending a CREATE operation message with different statuses via GPD message API","813","A CREATE message with status INVALID","functional-tests.tests.process_messages_sender","2026-08-13","passed","2026-08-13","","test_RTP_process_sender_CREATE","",""
"
Test RFC callback DS12P with INVALID status.

Flow:
1. Activate payer
2. Send an RTP via GPD message (CREATE VALID)
3. Cancel the RTP via GPD message (DELETE) → RTP to RFC_SENT
4. Send DS12P callback with CxlStsId INVALID
5. Verify callback is rejected with 400
6. Verify RTP status is still RFC_SENT
","2896","An RFC callback DS12P INVALID is rejected with 400","functional-tests.tests.callbacks","2026-08-13","passed","2026-08-13","","test_RTP_callback_DS_12P","",""
"","1315","An RTP sent when EPC response contains an unknown field is ignored and remains in status SENT - through Web API","functional-tests.tests.send_rtp","2026-08-13","passed","2026-08-13","","test_RTP_send_MOCK","",""
"","398","A debtor service provider fails activation due to wrong service provider id","functional-tests.tests.activation","2026-08-13","passed","2026-08-13","","test_debtor_activation_list","",""
"Test sending an UPDATE operation message with different statuses via GPD message API after a CREATE","1572","An UPDATE message with status DRAFT after CREATE","functional-tests.tests.process_messages_sender","2026-08-13","passed","2026-08-13","","test_RTP_process_sender_UPDATE","",""
"","399","All auth fixtures expose a valid Bearer token format","functional-tests.tests.auth","2026-08-13","passed","2026-08-13","","test_auth","",""
"Each entry in ``INVALID_PAYER_IDS`` (see dataset docstring) must be rejected with 400.","874","The activation request must contain a validly formatted fiscal code","functional-tests.tests.activation","2026-08-13","passed","2026-08-13","","test_debtor_activation_create","",""
"Test sending a DELETE operation message via GPD message API after a CREATE","1208","A DELETE message after CREATE DRAFT","functional-tests.tests.process_messages_sender","2026-08-13","passed","2026-08-13","","test_RTP_process_sender_DELETE","",""
"The mock policy falls back to its default `{}` response when no notice number matches, so the RTP stays in RFC_SENT.","1887","Cancelling an RTP - EPC v4 mock happy path scenario: no_match_fallback","functional-tests.tests.cancel_rtp","2026-08-13","passed","2026-08-13","","test_RTP_cancel_MOCK_V2","",""
"Test sending an UPDATE after CREATE VALID + DELETE with different statuses","1760","An UPDATE message with status PARTIALLY_PAID after CREATE VALID and DELETE","functional-tests.tests.process_messages_sender","2026-08-13","passed","2026-08-13","","test_RTP_process_sender_UPDATE","",""
"
Test RFC callback DS12P with non-existing service provider, cancel via REST Web API.

Flow:
1. Activate payer
2. Send an RTP via GPD message (CREATE VALID)
3. Cancel the RTP via REST cancel endpoint with cancel_reason → RTP to RFC_SENT
4. Send DS12P callback with non-existing BIC (MOCKSP99)
5. Verify callback is rejected with 400 (service provider not found)
","1843","Failed RFC callback for non existing Service Provider - DS-12P CNCL compliant - through Web API cancel","functional-tests.tests.callbacks","2026-08-13","passed","2026-08-13","","test_RTP_callback_DS_12P","",""
"The PSP synchronously rejects the cancellation request with 422 (per standard behaviour for the EPC 422 Unprocessable Entity scenario). The RTP then transitions to ERROR_CANCEL via ERROR_CANCEL_RTP.","2040","Cancelling an RTP - EPC v4 mock unhappy path scenario: epc_422","functional-tests.tests.cancel_rtp","2026-08-13","failed","2026-08-13","","test_RTP_cancel_MOCK_V2","",""
"Test sending a CREATE operation message with a foreign fiscal code via GPD message API","1147","A CREATE message with foreign fiscal code is successfully sent through GPD message API","functional-tests.tests.process_messages_sender","2026-08-13","passed","2026-08-13","","test_RTP_process_sender","",""
"","958","An RTP is sent to Poste service with activated fiscal code - through Web API","functional-tests.tests.send_rtp","2026-08-13","passed","2026-08-13","","test_RTP_send_POSTE","",""
"","965","A second service provider triggers takeover when debtor is already active on another service provider","functional-tests.tests.activation","2026-08-13","passed","2026-08-13","","test_debtor_activation_create","",""
"Empty OTP should be rejected","414","Test Takeover Fails with Empty OTP","functional-tests.tests.takeover","2026-08-13","passed","2026-08-13","","test_debtor_takeover","",""
"","2399","A v2 document RTP callback with status RJCT is successfully received","functional-tests.tests.callbacks_v2","2026-08-13","passed","2026-08-13","","test_RTP_callback_DS_document_rjct","",""
"","819","Get by activation id returns 404 when the token subject does not own the activation's Service Provider ID","functional-tests.tests.activation","2026-08-13","passed","2026-08-13","","test_debtor_activation_get","",""
"","401","Failed callback for non existing Service Provider - DS-08P compliant","functional-tests.tests.callbacks","2026-08-13","passed","2026-08-13","","test_RTP_callback_DS_08","",""
"Active payer with omocodia fiscal code (digit substitution) → isActive must be true.","825","An active payer with omocodia fiscal code returns isActive true","functional-tests.tests.activation","2026-08-13","passed","2026-08-13","","test_debtor_activation_payer_status","",""
"
Test RFC callback DS12N with non-existing service provider, cancel via REST Web API.

Flow:
1. Activate payer
2. Send an RTP via GPD message (CREATE VALID)
3. Cancel the RTP via REST cancel endpoint with cancel_reason → RTP to RFC_SENT
4. Send DS12N callback with non-existing BIC (MOCKSP99)
5. Verify callback is rejected with 400 (service provider not found)
","1740","Failed RFC callback for non existing Service Provider - DS-12N RJCR compliant - through Web API cancel","functional-tests.tests.callbacks","2026-08-13","passed","2026-08-13","","test_RTP_callback_DS_12N","",""
"Test sending an UPDATE operation message with different statuses via GPD message API before a CREATE","1059","An UPDATE message with status PAID before CREATE","functional-tests.tests.process_messages_sender","2026-08-13","passed","2026-08-13","","test_RTP_process_sender_UPDATE_before_CREATE","",""
"Test sending a CREATE operation message with different statuses via GPD message API","815","A CREATE message with status PUBLISHED","functional-tests.tests.process_messages_sender","2026-08-13","passed","2026-08-13","","test_RTP_process_sender_CREATE","",""
"The PSP synchronously rejects the cancellation request with 422 (per standard behaviour for the EPC 429 Too Many Requests scenario). The RTP then transitions to ERROR_CANCEL via ERROR_CANCEL_RTP.","11295","Cancelling an RTP - EPC v4 mock unhappy path scenario: epc_429","functional-tests.tests.cancel_rtp","2026-08-13","failed","2026-08-13","","test_RTP_cancel_MOCK_V2","",""
"FAKESP01 does not own MOCKSP01, a Service Provider ID owned by another tspId.","395","Activation is forbidden for a Service Provider ID not owned by the token subject","functional-tests.tests.activation","2026-08-13","passed","2026-08-13","","test_debtor_activation_create","",""
"","404","Get payees consents with extreme page size returns 400","functional-tests.tests.service_registry","2026-08-13","passed","2026-08-13","","test_get_payees_consents","",""
"The PSP synchronously rejects the cancellation request with 422 (per standard behaviour for the EPC 404 Not Found scenario). The RTP then transitions to ERROR_CANCEL via ERROR_CANCEL_RTP.","2261","Cancelling an RTP - EPC v4 mock unhappy path scenario: epc_404","functional-tests.tests.cancel_rtp","2026-08-13","failed","2026-08-13","","test_RTP_cancel_MOCK_V2","",""
"","1317","RTP is successfully retrieved","functional-tests.tests.get_rtp","2026-08-13","passed","2026-08-13","","test_RTP_get","",""
"","1769","An RTP is sent to a CBI service with activated fiscal code","functional-tests.tests.send_rtp","2026-08-13","passed","2026-08-13","","test_RTP_send_CBI","",""
"DS_08N RJCT callback sent twice on the same RTP (direct SENT -> REJECTED).

The second callback must be rejected with 400 since the transition is no
longer valid once the RTP is already REJECTED.
","3132","Failed v2 callback for invalid RTP transition - DS-08N negative compliant","functional-tests.tests.callbacks_v2","2026-08-13","passed","2026-08-13","","test_RTP_callback_DS_08N_negative","",""
"","393","missing token → 401 Unauthorized","functional-tests.tests.get_rtp","2026-08-13","passed","2026-08-13","","test_RTP_get","",""
"","413","All auth fixtures expose a valid Bearer token format","functional-tests.tests.auth","2026-08-13","passed","2026-08-13","","test_auth","",""
"
Test RFC callback DS12P with non-existing service provider, cancel via REST Web API.

Flow:
1. Activate payer
2. Send an RTP via GPD message (CREATE VALID)
3. Cancel the RTP via REST cancel endpoint with cancel_reason → RTP to RFC_SENT
4. Send DS12P callback with non-existing BIC (MOCKSP99)
5. Verify callback is rejected with 400 (service provider not found)
","1818","Failed RFC callback for non existing Service Provider - DS-12P CNCL compliant - through Web API cancel","functional-tests.tests.callbacks","2026-08-13","passed","2026-08-13","","test_RTP_callback_DS_12P","",""
"Test sending a DELETE operation message via GPD message API after a CREATE VALID + UPDATE","2625","A DELETE message after CREATE VALID + UPDATE VALID","functional-tests.tests.process_messages_sender","2026-08-13","passed","2026-08-13","","test_RTP_process_sender_DELETE","",""
"","996","An RTP is sent through API - through Web API V2","functional-tests.tests.send_rtp","2026-08-13","passed","2026-08-13","","test_RTP_send_MOCK","",""
"","818","Deactivation fails for activation by another service provider","functional-tests.tests.activation","2026-08-13","passed","2026-08-13","","test_debtor_deactivation","",""
