"DESCRIPTION","DURATION IN MS","NAME","PARENT SUITE","START TIME","STATUS","STOP TIME","SUB SUITE","SUITE","TEST CLASS","TEST METHOD"
"","1286","A debtor activated with an owned but distinct Service Provider ID is retrieved by payer id","functional-tests.tests.activation","2026-09-18","passed","2026-09-18","","test_debtor_activation_get","",""
"Test sending a DELETE operation message via GPD message API after a standalone UPDATE (no prior CREATE)","2080","A DELETE message after standalone UPDATE VALID","functional-tests.tests.process_messages_sender","2026-09-18","passed","2026-09-18","","test_RTP_process_sender_DELETE","",""
"","2662","An RTP sent with synchronous rejection containing extra fields results in status REJECTED","functional-tests.tests.send_rtp","2026-09-18","passed","2026-09-18","","test_RTP_send_MOCK","",""
"","4002","An RTP callback is successfully received with status ACCP","functional-tests.tests.callbacks","2026-09-18","passed","2026-09-18","","test_RTP_callback_DS_08","",""
"
Tests that sending an RTP payload with an amount over the POSTE limit results in a 400 Bad Request response.

:param debtor_sp_mock_cert_key: Certificate and key tuple for mutual TLS authentication.
:type debtor_sp_mock_cert_key: Tuple[str, str]
","1185","Cannot send RTP with an amount over the POSTE limit","functional-tests.tests.availability","2026-09-18","failed","2026-09-18","","test_availability_POSTE","",""
"
Test RFC callback DS12N with RJCR status, cancel triggered via REST Web API with explicit reason.

Flow:
1. Activate payer
2. Send an RTP via GPD message (CREATE VALID)
3. Cancel the RTP via REST cancel endpoint with cancel_reason → RTP to RFC_SENT
4. Send DS12N callback with CxlStsId RJCR (Rejected Cancellation Request)
5. Verify callback is accepted (200)
6. Verify RTP status is ERROR_CANCEL
","4031","An RFC callback DS12N RJCR is successfully received and RTP status is ERROR_CANCEL - through Web API cancel","functional-tests.tests.callbacks","2026-09-18","passed","2026-09-18","","test_RTP_callback_DS_12N","",""
"No `Sts.Conf` confirmation is present (minimal JSON without Sts), so only CANCEL_RTP is triggered and the RTP stays in RFC_SENT.","2778","Cancelling an RTP - EPC v4 mock happy path scenario: minimal_json","functional-tests.tests.cancel_rtp","2026-09-18","passed","2026-09-18","","test_RTP_cancel_MOCK_V2","",""
"Each entry in ``INVALID_PAYER_IDS`` (see dataset docstring) must be rejected with 400.","826","The activation request must contain a validly formatted fiscal code","functional-tests.tests.activation","2026-09-18","passed","2026-09-18","","test_debtor_activation_create","",""
"","2609","An RTP sent with synchronous rejection and missing _links results in status REJECTED - through Web API V2","functional-tests.tests.send_rtp","2026-09-18","passed","2026-09-18","","test_RTP_send_MOCK","",""
"The mock policy falls back to its default `{}` response when no notice number matches, so the RTP stays in RFC_SENT.","2772","Cancelling an RTP - EPC v4 mock happy path scenario: no_match_fallback","functional-tests.tests.cancel_rtp","2026-09-18","passed","2026-09-18","","test_RTP_cancel_MOCK_V2","",""
"
Test RFC callback DS12N with INVALID status, cancel via REST Web API.

Flow:
1. Activate payer
2. Send an RTP via GPD message (CREATE VALID)
3. Cancel the RTP via REST cancel endpoint with cancel_reason → RTP to RFC_SENT
4. Send DS12N callback with CxlStsId INVALID
5. Verify callback is rejected with 400
6. Verify RTP status is still RFC_SENT
","3313","An RFC callback DS12N INVALID is rejected with 400 - through Web API cancel","functional-tests.tests.callbacks","2026-09-18","passed","2026-09-18","","test_RTP_callback_DS_12N","",""
"","1279","Sending a GPD message with null id returns 400","functional-tests.tests.send_rtp","2026-09-18","passed","2026-09-18","","test_RTP_send_MOCK","",""
"Test sending a DELETE operation message via GPD message API after a standalone UPDATE (no prior CREATE)","1947","A DELETE message after standalone UPDATE DRAFT","functional-tests.tests.process_messages_sender","2026-09-18","passed","2026-09-18","","test_RTP_process_sender_DELETE","",""
"","2177","Takeover fails without authentication","bdd-tests","2026-09-18","passed","2026-09-18","Debtor_Activation_Takeover","RTP","",""
"","805","Retrieving activation with malformed payer id returns 400","functional-tests.tests.activation","2026-09-18","passed","2026-09-18","","test_debtor_activation_get","",""
"","3071","Failed callback for non existing Service Provider - DS-08P positive compliant","functional-tests.tests.callbacks_v2","2026-09-18","passed","2026-09-18","","test_RTP_callback_DS_08P_positive","",""
"Test sending a DELETE operation message via GPD message API after a CREATE VALID + UPDATE","2855","A DELETE message after CREATE VALID + UPDATE VALID","functional-tests.tests.process_messages_sender","2026-09-18","passed","2026-09-18","","test_RTP_process_sender_DELETE","",""
"","3354","An RTP callback is successfully received","functional-tests.tests.callbacks","2026-09-18","passed","2026-09-18","","test_RTP_callback_DS_04","",""
"","680","Sending to non-activated debtor returns 422 - through Web API V2","functional-tests.tests.send_rtp","2026-09-18","passed","2026-09-18","","test_RTP_send_MOCK","",""
"","1084","An RTP is sent to Poste service with activated fiscal code - through Web API","functional-tests.tests.send_rtp","2026-09-18","passed","2026-09-18","","test_RTP_send_POSTE","",""
"
Test RFC callback DS12P with INVALID status, cancel via REST Web API.

Flow:
1. Activate payer
2. Send an RTP via GPD message (CREATE VALID)
3. Cancel the RTP via REST cancel endpoint with cancel_reason → RTP to RFC_SENT
4. Send DS12P callback with CxlStsId INVALID
5. Verify callback is rejected with 400
6. Verify RTP status is still RFC_SENT
","3305","An RFC callback DS12P INVALID is rejected with 400 - through Web API cancel","functional-tests.tests.callbacks","2026-09-18","passed","2026-09-18","","test_RTP_callback_DS_12P","",""
"Takeover without a previously issued OTP should fail","1282","Test Takeover Fails without Prior OTP","functional-tests.tests.takeover","2026-09-18","passed","2026-09-18","","test_debtor_takeover","",""
"","3035","RTP form is filled and submitted","ux-tests.tests","2026-09-18","passed","2026-09-18","","test_RTP_cancel_v3","",""
"Test sending an UPDATE operation message with different statuses via GPD message API before a CREATE","1644","An UPDATE message with status INVALID before CREATE","functional-tests.tests.process_messages_sender","2026-09-18","passed","2026-09-18","","test_RTP_process_sender_UPDATE_before_CREATE","",""
"","1284","Get by activation id returns 404 when the token subject does not own the activation's Service Provider ID","functional-tests.tests.activation","2026-09-18","passed","2026-09-18","","test_debtor_activation_get","",""
"","1998","An RTP sent when EPC response contains an unknown field is ignored and remains in status SENT - through Web API","functional-tests.tests.send_rtp","2026-09-18","passed","2026-09-18","","test_RTP_send_MOCK","",""
"","657","Get payees consents with invalid date format returns 400","functional-tests.tests.service_registry","2026-09-18","passed","2026-09-18","","test_get_payees_consents","",""
"","2571","An RTP sent with synchronous rejection and missing _links results in status REJECTED","functional-tests.tests.send_rtp","2026-09-18","passed","2026-09-18","","test_RTP_send_MOCK","",""
"DS_08N RJCT callback sent after a prior DS_05 ACTC callback.

The RTP is expected to transition from SENT to ACCEPTED, then to USER_REJECTED.
","4602","A v2 RTP callback with status RJCT after DS_05 transitions the RTP to USER_REJECTED","functional-tests.tests.callbacks_v2","2026-09-18","passed","2026-09-18","","test_RTP_callback_DS_08N_negative","",""
"","2456","A debtor Service Provider tries to activates a debtor 2 times, failing the second attempt","bdd-tests","2026-09-18","passed","2026-09-18","Debtor_Activation","RTP","",""
"","1361","Sending an RTP when EPC returns an unexpected status code error (RTP_05.CHK.A0007) returns 500","functional-tests.tests.send_rtp","2026-09-18","passed","2026-09-18","","test_RTP_send_MOCK","",""
"
Test RFC callback DS12N with wrong certificate identity, cancel via REST Web API.

Flow:
1. Activate payer
2. Send an RTP via GPD message (CREATE VALID)
3. Cancel the RTP via REST cancel endpoint with cancel_reason → RTP to RFC_SENT
4. Send DS12N callback with assignee_bic='FAKESP01' (doesn't match certificate identity MOCKSP04)
5. Verify callback is rejected with 403 (certificate mismatch)
","2812","Unauthorized RFC callback due to wrong certificate serial - through Web API cancel","functional-tests.tests.callbacks","2026-09-18","passed","2026-09-18","","test_RTP_callback_DS_12N","",""
"","2280","Cannot send RTP with expired date","functional-tests.tests.availability","2026-09-18","passed","2026-09-18","","test_availability_CBI","",""
"
Test v2 RFC callback DS12P with non-existing service provider.

Flow:
1. Activate payer
2. Send an RTP via GPD message v2 (CREATE VALID)
3. Cancel the RTP via GPD message v2 (DELETE) -> RTP to RFC_SENT
4. Send DS12P callback with non-existing BIC (MOCKSP99)
5. Verify callback is rejected with 400 (service provider not found)
6. Verify RTP status is still RFC_SENT
","3460","Failed v2 RFC callback for non existing Service Provider - DS-12P positive compliant","functional-tests.tests.callbacks_v2","2026-09-18","passed","2026-09-18","","test_RTP_callback_DS_12P_positive","",""
"Active payer with a foreign-country fiscal code (Z + 3 digits municipality) → isActive must be true.","1275","An active payer with foreign fiscal code returns isActive true","functional-tests.tests.activation","2026-09-18","passed","2026-09-18","","test_debtor_activation_payer_status","",""
"","635","Get payees consents with wrong token type returns 403","functional-tests.tests.service_registry","2026-09-18","passed","2026-09-18","","test_get_payees_consents","",""
"
Tests that sending an RTP payload with an invalid amount to the POSTE endpoint results in a 400 Bad Request response.

:param debtor_sp_mock_cert_key: Certificate and key tuple for mutual TLS authentication.
:type debtor_sp_mock_cert_key: Tuple[str, str]
","1261","Cannot send RTP with invalid amount","functional-tests.tests.availability","2026-09-18","passed","2026-09-18","","test_availability_POSTE","",""
"
Test RFC callback DS12N with RJCR status, cancel triggered via REST Web API with explicit reason.

Flow:
1. Activate payer
2. Send an RTP via GPD message (CREATE VALID)
3. Cancel the RTP via REST cancel endpoint with cancel_reason → RTP to RFC_SENT
4. Send DS12N callback with CxlStsId RJCR (Rejected Cancellation Request)
5. Verify callback is accepted (200)
6. Verify RTP status is ERROR_CANCEL
","3884","An RFC callback DS12N RJCR is successfully received and RTP status is ERROR_CANCEL - through Web API cancel","functional-tests.tests.callbacks","2026-09-18","passed","2026-09-18","","test_RTP_callback_DS_12N","",""
"UPDATE PAID with psp_tax_code=None (invalid PSP) results in RTP state RFC_SENT","2217","An UPDATE PAID message with an invalid PSP results in RFC_SENT state","functional-tests.tests.process_messages_sender","2026-09-18","passed","2026-09-18","","test_RTP_process_sender_UPDATE","",""
"Test that takeover fails when an invalid OTP is provided","1948","Test Takeover Fails with Invalid OTP","functional-tests.tests.takeover","2026-09-18","passed","2026-09-18","","test_debtor_takeover","",""
"","619","Invalid pagination parameters returns 400","functional-tests.tests.activation","2026-09-18","passed","2026-09-18","","test_debtor_activation_list","",""
"","2060","An RTP sent with synchronous rejection containing extra fields results in status SENT - through Web API V2","functional-tests.tests.send_rtp","2026-09-18","passed","2026-09-18","","test_RTP_send_MOCK","",""
"Each entry in ``INVALID_PAYER_IDS`` (see dataset docstring) must be rejected with 400.","661","The activation request must contain a validly formatted fiscal code","functional-tests.tests.activation","2026-09-18","passed","2026-09-18","","test_debtor_activation_create","",""
"","3310","DS_document RJCT v2 callback with Version header returns 400","functional-tests.tests.callbacks_v2","2026-09-18","passed","2026-09-18","","test_RTP_callback_with_version_header","",""
"","628","The activation request must contain a Service Provider ID of valid length","functional-tests.tests.activation","2026-09-18","passed","2026-09-18","","test_debtor_activation_create","",""
"","627","Retrieving activation with invalid UUID returns 400","functional-tests.tests.activation","2026-09-18","passed","2026-09-18","","test_debtor_activation_get","",""
"","625","Get payees consents with negative page size returns 400","functional-tests.tests.service_registry","2026-09-18","passed","2026-09-18","","test_get_payees_consents","",""
"No `Sts.Conf` confirmation is present (Sts block omitted entirely), so only CANCEL_RTP is triggered and the RTP stays in RFC_SENT.","2787","Cancelling an RTP - EPC v4 mock happy path scenario: no_sts_block","functional-tests.tests.cancel_rtp","2026-09-18","passed","2026-09-18","","test_RTP_cancel_MOCK_V2","",""
"Test sending an UPDATE operation message with different statuses via GPD message API before a CREATE","1443","An UPDATE message with status PAID before CREATE","functional-tests.tests.process_messages_sender","2026-09-18","passed","2026-09-18","","test_RTP_process_sender_UPDATE_before_CREATE","",""
"","3150","An RTP is sent to ICCREA service with activated fiscal code - through Web API","functional-tests.tests.send_rtp","2026-09-18","failed","2026-09-18","","test_RTP_send_ICCREA","",""
"Test sending a DELETE operation message via GPD message API after a CREATE","1919","A DELETE message after CREATE INVALID","functional-tests.tests.process_messages_sender","2026-09-18","passed","2026-09-18","","test_RTP_process_sender_DELETE","",""
"Test sending an UPDATE operation message with different statuses via GPD message API after a CREATE","2039","An UPDATE message with status PUBLISHED after CREATE","functional-tests.tests.process_messages_sender","2026-09-18","passed","2026-09-18","","test_RTP_process_sender_UPDATE","",""
"Test sending a CREATE operation message with different statuses via GPD message API","1275","A CREATE message with status PARTIALLY_PAID","functional-tests.tests.process_messages_sender","2026-09-18","passed","2026-09-18","","test_RTP_process_sender_CREATE","",""
"Each entry in ``INVALID_PAYER_IDS`` must be rejected with 400.

The ``description`` parameter appears in pytest output to identify which
case failed without having to inspect the raw value.
","653","Querying activation status with an invalid payerId format returns 400","functional-tests.tests.activation","2026-09-18","passed","2026-09-18","","test_debtor_activation_payer_status","",""
"A valid token that carries neither read_rtp_activations nor read_rtp_all must be rejected with 403.","638","Token without read_rtp_activations or read_rtp_all role returns 403 Forbidden","functional-tests.tests.activation","2026-09-18","passed","2026-09-18","","test_debtor_activation_payer_status","",""
"Takeover with syntactically valid but nonsensical body should fail","1920","Test Takeover Fails with Nonsensical Body","functional-tests.tests.takeover","2026-09-18","passed","2026-09-18","","test_debtor_takeover","",""
"Each entry in ``INVALID_PAYER_IDS`` must be rejected with 400.

The ``description`` parameter appears in pytest output to identify which
case failed without having to inspect the raw value.
","625","Querying activation status with an invalid payerId format returns 400","functional-tests.tests.activation","2026-09-18","passed","2026-09-18","","test_debtor_activation_payer_status","",""
"The PSP synchronously rejects the cancellation request with 422 (per standard behaviour for the EPC 401 Unauthorized scenario). The RTP then transitions to ERROR_CANCEL via ERROR_CANCEL_RTP.","3320","Cancelling an RTP - EPC v4 mock unhappy path scenario: epc_401","functional-tests.tests.cancel_rtp","2026-09-18","passed","2026-09-18","","test_RTP_cancel_MOCK_V2","",""
"","2653","An RTP sent with synchronous rejection is in status REJECTED - DS-08P N - through Web API V2","functional-tests.tests.send_rtp","2026-09-18","passed","2026-09-18","","test_RTP_send_MOCK","",""
"Test sending a CREATE operation message with a foreign fiscal code via GPD message API","1387","A CREATE message with foreign fiscal code is successfully sent through GPD message API","functional-tests.tests.process_messages_sender","2026-09-18","passed","2026-09-18","","test_RTP_process_sender","",""
"The PSP synchronously rejects the cancellation request with 422 (per standard behaviour for the EPC 422 Unprocessable Entity scenario). The RTP then transitions to ERROR_CANCEL via ERROR_CANCEL_RTP.","3355","Cancelling an RTP - EPC v4 mock unhappy path scenario: epc_422","functional-tests.tests.cancel_rtp","2026-09-18","passed","2026-09-18","","test_RTP_cancel_MOCK_V2","",""
"
Test RFC callback DS12P with INVALID status, cancel via REST Web API.

Flow:
1. Activate payer
2. Send an RTP via GPD message (CREATE VALID)
3. Cancel the RTP via REST cancel endpoint with cancel_reason → RTP to RFC_SENT
4. Send DS12P callback with CxlStsId INVALID
5. Verify callback is rejected with 400
6. Verify RTP status is still RFC_SENT
","3366","An RFC callback DS12P INVALID is rejected with 400 - through Web API cancel","functional-tests.tests.callbacks","2026-09-18","passed","2026-09-18","","test_RTP_callback_DS_12P","",""
"Each entry in ``INVALID_PAYER_IDS`` (see dataset docstring) must be rejected with 400.","791","The activation request must contain a validly formatted fiscal code","functional-tests.tests.activation","2026-09-18","passed","2026-09-18","","test_debtor_activation_create","",""
"DS_08N RJCT callback sent directly on a SENT RTP (no prior DS_05 ACTC callback).

The RTP is expected to transition from SENT to REJECTED.
","3963","A v2 RTP callback with status RJCT is successfully received","functional-tests.tests.callbacks_v2","2026-09-18","passed","2026-09-18","","test_RTP_callback_DS_08N_negative","",""
"An EPC response containing fields not declared in the OpenAPI spec is treated as an invalid message and is NOT tolerated for accept/reject purposes (confirmed with rtp-sender-v2 maintainers, PR #26). The extra `invalid-field` property invalidates the whole response, so the CNCL confirmation is not processed and the RTP stays in RFC_SENT.","3341","Cancelling an RTP - EPC v4 mock unhappy path scenario: cncl_extra_field","functional-tests.tests.cancel_rtp","2026-09-18","passed","2026-09-18","","test_RTP_cancel_MOCK_V2","",""
"No `Sts.Conf` confirmation is present (empty JSON object), so only CANCEL_RTP is triggered and the RTP stays in RFC_SENT.","2894","Cancelling an RTP - EPC v4 mock happy path scenario: empty_json_object","functional-tests.tests.cancel_rtp","2026-09-18","passed","2026-09-18","","test_RTP_cancel_MOCK_V2","",""
"","641","inexistent RTP -> empty body","functional-tests.tests.get_rtp","2026-09-18","passed","2026-09-18","","test_RTP_get","",""
"","3394","A v2 RTP callback with invalid status is rejected without affecting the RTP status","functional-tests.tests.callbacks_v2","2026-09-18","passed","2026-09-18","","test_RTP_callback_DS_08N_negative","",""
"","1370","A debtor is activated by an authenticated service provider","functional-tests.tests.activation","2026-09-18","passed","2026-09-18","","test_debtor_activation_create","",""
"","1282","A debtor activated with an owned but distinct Service Provider ID is retrieved by activation id","functional-tests.tests.activation","2026-09-18","passed","2026-09-18","","test_debtor_activation_get","",""
"Test sending an UPDATE operation message with different statuses via GPD message API after a CREATE","2051","An UPDATE message with status EXPIRED after CREATE","functional-tests.tests.process_messages_sender","2026-09-18","passed","2026-09-18","","test_RTP_process_sender_UPDATE","",""
"","4085","Failed v2 redirect callback for invalid RTP transition - DS-05 ACTC compliant","functional-tests.tests.callbacks_v2","2026-09-18","passed","2026-09-18","","test_RTP_callback_DS_05_redirect","",""
"","1997","SP_B cannot retrieve activation by Fiscal Code created by SP_A","functional-tests.tests.activation","2026-09-18","passed","2026-09-18","","test_RTP_activation_security","",""
"DS_08P ACCP callback sent twice on the same RTP (direct SENT -> USER_ACCEPTED).

The second callback must be rejected with 400 since the transition is no
longer valid once the RTP is already USER_ACCEPTED.
","4581","Failed v2 callback for invalid RTP transition - DS-08P positive compliant","functional-tests.tests.callbacks_v2","2026-09-18","passed","2026-09-18","","test_RTP_callback_DS_08P_positive","",""
"","1999","An RTP sent with synchronous acceptance is in status ACCEPTED - DS-05 ACTC - through Web API","functional-tests.tests.send_rtp","2026-09-18","passed","2026-09-18","","test_RTP_send_MOCK","",""
"Test sending an UPDATE operation message with different statuses via GPD message API before a CREATE","1293","An UPDATE message with status PARTIALLY_PAID before CREATE","functional-tests.tests.process_messages_sender","2026-09-18","passed","2026-09-18","","test_RTP_process_sender_UPDATE_before_CREATE","",""
"","1279","Deactivation fails for activation by another service provider","functional-tests.tests.activation","2026-09-18","passed","2026-09-18","","test_debtor_deactivation","",""
"Empty OTP should be rejected","637","Test Takeover Fails with Empty OTP","functional-tests.tests.takeover","2026-09-18","passed","2026-09-18","","test_debtor_takeover","",""
"","2585","An RTP sent with synchronous rejection is in status REJECTED - DS-08P N - through Web API","functional-tests.tests.send_rtp","2026-09-18","passed","2026-09-18","","test_RTP_send_MOCK","",""
"","516","A Service Provider tries to activates a debtor without having the correct credentials","bdd-tests","2026-09-18","passed","2026-09-18","Debtor_Activation","RTP","",""
"Each entry in ``INVALID_PAYER_IDS`` must be rejected with 400.

The ``description`` parameter appears in pytest output to identify which
case failed without having to inspect the raw value.
","628","Querying activation status with an invalid payerId format returns 400","functional-tests.tests.activation","2026-09-18","passed","2026-09-18","","test_debtor_activation_payer_status","",""
"
Verify that a debt position can be updated successfully.
","7081","Happy path: a debt position is updated in DEV environment","functional-tests.tests.gpd_availability","2026-09-18","passed","2026-09-18","","test_availability_GPD","",""
"Each entry in ``INVALID_PAYER_IDS`` must be rejected with 400.

The ``description`` parameter appears in pytest output to identify which
case failed without having to inspect the raw value.
","627","Querying activation status with an invalid payerId format returns 400","functional-tests.tests.activation","2026-09-18","passed","2026-09-18","","test_debtor_activation_payer_status","",""
"","629","All auth fixtures expose a valid Bearer token format","functional-tests.tests.auth","2026-09-18","passed","2026-09-18","","test_auth","",""
"
Verify that a debt position can be created and published successfully.
","654","Happy path: a debt position is created and published in DEV environment","functional-tests.tests.gpd_availability","2026-09-18","passed","2026-09-18","","test_availability_GPD","",""
"
Test RFC callback DS12P with non-existing service provider, cancel via REST Web API.

Flow:
1. Activate payer
2. Send an RTP via GPD message (CREATE VALID)
3. Cancel the RTP via REST cancel endpoint with cancel_reason → RTP to RFC_SENT
4. Send DS12P callback with non-existing BIC (MOCKSP99)
5. Verify callback is rejected with 400 (service provider not found)
","2733","Failed RFC callback for non existing Service Provider - DS-12P CNCL compliant - through Web API cancel","functional-tests.tests.callbacks","2026-09-18","passed","2026-09-18","","test_RTP_callback_DS_12P","",""
"","660","All auth fixtures expose a valid Bearer token format","functional-tests.tests.auth","2026-09-18","passed","2026-09-18","","test_auth","",""
"DS_08P ACCP callback sent directly on a SENT RTP (no prior DS_05 ACTC callback).

The RTP is expected to transition straight from SENT to USER_ACCEPTED.
","3574","A v2 RTP callback with status ACCP is successfully received without a prior DS_05 callback","functional-tests.tests.callbacks_v2","2026-09-18","passed","2026-09-18","","test_RTP_callback_DS_08P_positive","",""
"Each entry in ``INVALID_PAYER_IDS`` must be rejected with 400.

The ``description`` parameter appears in pytest output to identify which
case failed without having to inspect the raw value.
","640","Querying activation status with an invalid payerId format returns 400","functional-tests.tests.activation","2026-09-18","passed","2026-09-18","","test_debtor_activation_payer_status","",""
"
SP A activates the payer.
SP B queries the status → must get isActive=false to avoid disclosing
that the payer is registered under a competitor SP.
","1314","A payer active on a different Service Provider returns isActive false (privacy)","functional-tests.tests.activation","2026-09-18","passed","2026-09-18","","test_debtor_activation_payer_status","",""
"Test sending a CREATE operation message with different statuses via GPD message API","1305","A CREATE message with status PUBLISHED","functional-tests.tests.process_messages_sender","2026-09-18","passed","2026-09-18","","test_RTP_process_sender_CREATE","",""
"Test sending an UPDATE after CREATE VALID + DELETE with different statuses","2704","An UPDATE message with status PAID after CREATE VALID and DELETE","functional-tests.tests.process_messages_sender","2026-09-18","passed","2026-09-18","","test_RTP_process_sender_UPDATE","",""
"
Test RFC callback DS12N with RJCR status applied twice on the same RTP.

Flow:
1. Activate payer
2. Send an RTP via GPD message (CREATE VALID)
3. Cancel the RTP via GPD message (DELETE) -> RTP to RFC_SENT
4. Send DS12N callback with CxlStsId RJCR (Rejected Cancellation Request) -> RTP to ERROR_CANCEL
5. Send the same DS12N RJCR callback again on the already transitioned RTP
6. Verify the second callback is rejected (400) since the transition is no longer valid
7. Verify RTP status remains ERROR_CANCEL
","5217","Failed RFC callback for invalid RTP transition - DS-12N RJCR compliant","functional-tests.tests.callbacks","2026-09-18","passed","2026-09-18","","test_RTP_callback_DS_12N","",""
"","632","Get payees consents with invalid consent value returns 400","functional-tests.tests.service_registry","2026-09-18","passed","2026-09-18","","test_get_payees_consents","",""
"","3841","A v2 RTP callback with invalid status is rejected without affecting the RTP status","functional-tests.tests.callbacks_v2","2026-09-18","passed","2026-09-18","","test_RTP_callback_DS_08P_positive","",""
"Each entry in ``INVALID_PAYER_IDS`` must be rejected with 400.

The ``description`` parameter appears in pytest output to identify which
case failed without having to inspect the raw value.
","652","Querying activation status with an invalid payerId format returns 400","functional-tests.tests.activation","2026-09-18","passed","2026-09-18","","test_debtor_activation_payer_status","",""
"Each entry in ``INVALID_PAYER_IDS`` must be rejected with 400.

The ``description`` parameter appears in pytest output to identify which
case failed without having to inspect the raw value.
","635","Querying activation status with an invalid payerId format returns 400","functional-tests.tests.activation","2026-09-18","passed","2026-09-18","","test_debtor_activation_payer_status","",""
"","1282","Deactivation returns 404 when the token subject does not own the activation's Service Provider ID","functional-tests.tests.activation","2026-09-18","passed","2026-09-18","","test_debtor_deactivation","",""
"","3328","An RTP callback with status ACWC is successfully received","functional-tests.tests.callbacks","2026-09-18","passed","2026-09-18","","test_RTP_callback_DS_08","",""
"","2839","An authenticated creditor Service Provider can send an RTP to an activated debtor","bdd-tests","2026-09-18","passed","2026-09-18","RTP_Sending","RTP","",""
"Each entry in ``INVALID_PAYER_IDS`` (see dataset docstring) must be rejected with 400.","628","The activation request must contain a validly formatted fiscal code","functional-tests.tests.activation","2026-09-18","passed","2026-09-18","","test_debtor_activation_create","",""
"","2758","Unauthorized callback due to wrong certificate serial","functional-tests.tests.callbacks_v2","2026-09-18","passed","2026-09-18","","test_RTP_callback_DS_05_redirect","",""
"Each entry in ``INVALID_PAYER_IDS`` (see dataset docstring) must be rejected with 400.","792","The activation request must contain a validly formatted fiscal code","functional-tests.tests.activation","2026-09-18","passed","2026-09-18","","test_debtor_activation_create","",""
"Test sending a DELETE operation message via GPD message API after a CREATE","2088","A DELETE message after CREATE VALID","functional-tests.tests.process_messages_sender","2026-09-18","passed","2026-09-18","","test_RTP_process_sender_DELETE","",""
"","4538","Failed callback for invalid RTP transition - DS-08N compliant","functional-tests.tests.callbacks","2026-09-18","passed","2026-09-18","","test_RTP_callback_DS_08","",""
"","1285","An RTP is sent to Poste service with activated fiscal code","functional-tests.tests.send_rtp","2026-09-18","passed","2026-09-18","","test_RTP_send_POSTE","",""
"Test sending a DELETE operation message via GPD message API after a CREATE","1945","A DELETE message after CREATE PUBLISHED","functional-tests.tests.process_messages_sender","2026-09-18","passed","2026-09-18","","test_RTP_process_sender_DELETE","",""
"
Given a debtor is activated and a GPD message (CREATE) is sent via POST /gpd/message,
when the rtp-sender processes it and the RTP reaches status SENT,
when the payee queries the delivery-status endpoint with the correct noticeNumber
(nav) and payeeId (ec_tax_code),
then the response body must contain status=PD_RTP_DELIVERED, a non-null processingDate
in ISO 8601 format, and processingDate must match the SEND_RTP event timestamp from
the GPD message response (truncated to millisecond precision).
","7040","GPD message sent → RTP SENT → PD_RTP_DELIVERED with processingDate","functional-tests.tests.get_rtp","2026-09-18","passed","2026-09-18","","test_RTP_get_delivery_status","",""
"Availability probe for takeover notification mock endpoint: expects 204 No Content","585","Test Takeover Notification Endpoint","functional-tests.tests.takeover","2026-09-18","passed","2026-09-18","","test_debtor_takeover","",""
"Each entry in ``INVALID_PAYER_IDS`` (see dataset docstring) must be rejected with 400.","633","The activation request must contain a validly formatted fiscal code","functional-tests.tests.activation","2026-09-18","passed","2026-09-18","","test_debtor_activation_create","",""
"The PSP synchronously rejects the cancellation request with 422 (per standard behaviour for the EPC 406 Not Acceptable scenario). The RTP then transitions to ERROR_CANCEL via ERROR_CANCEL_RTP.","3471","Cancelling an RTP - EPC v4 mock unhappy path scenario: epc_406","functional-tests.tests.cancel_rtp","2026-09-18","passed","2026-09-18","","test_RTP_cancel_MOCK_V2","",""
"","2027","An RTP sent when EPC response omits _links is in status ACCEPTED","functional-tests.tests.send_rtp","2026-09-18","passed","2026-09-18","","test_RTP_send_MOCK","",""
"","2879","RTP form cancellation with reason PAID","ux-tests.tests","2026-09-18","passed","2026-09-18","","test_RTP_cancel_v3","",""
"","4583","An RTP callback is successfully received with status RJCT","functional-tests.tests.callbacks","2026-09-18","passed","2026-09-18","","test_RTP_callback_DS_08","",""
"Parametrized contract test generated from the Send API OpenAPI spec.

Schemathesis derives one test case per endpoint defined in the spec, generating
request data (path params, query params, body) that is valid according to the schema.
Each case is executed against the live API and the response is validated with
CONTRACT_CHECKS.

An additional assertion verifies that the Location header is present on 201 responses
from POST /rtps, as required by the spec.
","149649","test_send_api_contract[POST /gpd/message]","contract-tests.tests","2026-09-18","passed","2026-09-18","","test_api_send_rtp","",""
"Each entry in ``INVALID_PAYER_IDS`` (see dataset docstring) must be rejected with 400.","626","The activation request must contain a validly formatted fiscal code","functional-tests.tests.activation","2026-09-18","passed","2026-09-18","","test_debtor_activation_create","",""
"","3348","DS_08N negative v2 callback with Version header returns 400","functional-tests.tests.callbacks_v2","2026-09-18","passed","2026-09-18","","test_RTP_callback_with_version_header","",""
"
Test RFC callback DS12P with INVALID status.

Flow:
1. Activate payer
2. Send an RTP via GPD message (CREATE VALID)
3. Cancel the RTP via GPD message (DELETE) → RTP to RFC_SENT
4. Send DS12P callback with CxlStsId INVALID
5. Verify callback is rejected with 400
6. Verify RTP status is still RFC_SENT
","3379","An RFC callback DS12P INVALID is rejected with 400","functional-tests.tests.callbacks","2026-09-18","passed","2026-09-18","","test_RTP_callback_DS_12P","",""
"","2838","An authenticated Service Provider cannot send an RTP to an activated debtor","bdd-tests","2026-09-18","passed","2026-09-18","RTP_Sending","RTP","",""
"MOCKSP04 owns MOCKSP01 as well as its own spId; activation must be allowed on either.","1286","A debtor is activated using a Service Provider ID the token subject owns but does not itself represent","functional-tests.tests.activation","2026-09-18","passed","2026-09-18","","test_debtor_activation_create","",""
"","2094","RTP is successfully cancelled with reason MODT","functional-tests.tests.cancel_rtp","2026-09-18","passed","2026-09-18","","test_RTP_cancel","",""
"","1303","A debtor with VAT number (Partita IVA) is activated successfully","functional-tests.tests.activation","2026-09-18","passed","2026-09-18","","test_debtor_activation_create","",""
"Payer activated then deactivated by SP A → isActive must be false.","2060","A deactivated payer returns isActive false","functional-tests.tests.activation","2026-09-18","passed","2026-09-18","","test_debtor_activation_payer_status","",""
"","4004","A v2 RTP callback with status ACCP is successfully received","functional-tests.tests.callbacks_v2","2026-09-18","passed","2026-09-18","","test_RTP_callback_DS_08P_positive","",""
"","2025","RTP form is filled and submitted","ux-tests.tests","2026-09-18","passed","2026-09-18","","test_RTP_submission_v4","",""
"
Test RFC callback DS12N with wrong certificate identity.

Flow:
1. Activate payer
2. Send an RTP via GPD message (CREATE VALID)
3. Cancel the RTP via GPD message (DELETE) → RTP to RFC_SENT
4. Send DS12N callback with assignee_bic='FAKESP01' (doesn't match certificate identity MOCKSP04)
5. Verify callback is rejected with 403 (certificate mismatch)
","3030","Unauthorized RFC callback due to wrong certificate serial","functional-tests.tests.callbacks","2026-09-18","passed","2026-09-18","","test_RTP_callback_DS_12N","",""
"
Given an RTP is sent successfully (status SENT) for a given noticeNumber + payeeId,
when the payee queries the delivery-status endpoint with the correct noticeNumber
but a different payeeId,
then the response must be HTTP 200 with status=PD_RTP_NOT_DELIVERED, verifying
that the endpoint filters on both fields.
","7050","Existing noticeNumber with wrong payeeId → PD_RTP_NOT_DELIVERED","functional-tests.tests.get_rtp","2026-09-18","passed","2026-09-18","","test_RTP_get_delivery_status","",""
"","604","Retrieving activation without valid token returns 401","functional-tests.tests.activation","2026-09-18","passed","2026-09-18","","test_debtor_activation_get","",""
"The PSP synchronously rejects the cancellation request with 422 (per standard behaviour for the EPC 415 Unsupported Media Type scenario). The RTP then transitions to ERROR_CANCEL via ERROR_CANCEL_RTP.","3459","Cancelling an RTP - EPC v4 mock unhappy path scenario: epc_415","functional-tests.tests.cancel_rtp","2026-09-18","passed","2026-09-18","","test_RTP_cancel_MOCK_V2","",""
"","4043","DS_12N negative RFC v2 callback with Version header returns 400","functional-tests.tests.callbacks_v2","2026-09-18","passed","2026-09-18","","test_RTP_callback_with_version_header","",""
"","1398","An RTP is sent to a CBI service with activated fiscal code","functional-tests.tests.send_rtp","2026-09-18","passed","2026-09-18","","test_RTP_send_CBI","",""
"An EPC response containing fields not declared in the OpenAPI spec is treated as an invalid message and is NOT tolerated for accept/reject purposes (confirmed with rtp-sender-v2 maintainers, PR #26). The extra `invalid-field` property invalidates the whole response, so the RJCR confirmation is not processed and the RTP stays in RFC_SENT.","3118","Cancelling an RTP - EPC v4 mock unhappy path scenario: rjcr_extra_field","functional-tests.tests.cancel_rtp","2026-09-18","passed","2026-09-18","","test_RTP_cancel_MOCK_V2","",""
"","4084","A debtor Service Provider successfully takes over an activation from another provider","bdd-tests","2026-09-18","passed","2026-09-18","Debtor_Activation_Takeover","RTP","",""
"
Test RFC callback DS12N with RJCR status.

Flow:
1. Activate payer
2. Send an RTP via GPD message (CREATE VALID)
3. Cancel the RTP via GPD message (DELETE) → RTP to RFC_SENT
4. Send DS12N callback with CxlStsId RJCR (Rejected Cancellation Request)
5. Verify callback is accepted (200)
6. Verify RTP status is ERROR_CANCEL
","3956","An RFC callback DS12N RJCR is successfully received and RTP status is ERROR_CANCEL","functional-tests.tests.callbacks","2026-09-18","passed","2026-09-18","","test_RTP_callback_DS_12N","",""
"Each entry in ``INVALID_PAYER_IDS`` (see dataset docstring) must be rejected with 400.","631","The activation request must contain a validly formatted fiscal code","functional-tests.tests.activation","2026-09-18","passed","2026-09-18","","test_debtor_activation_create","",""
"","1344","A debtor is deactivated by an authenticated service provider","functional-tests.tests.activation","2026-09-18","passed","2026-09-18","","test_debtor_deactivation","",""
"","2441","RTP form is filled and submitted","ux-tests.tests","2026-09-18","passed","2026-09-18","","test_RTP_cancel_v4","",""
"","3613","A v2 redirect RTP callback with status ACTC is successfully received","functional-tests.tests.callbacks_v2","2026-09-18","passed","2026-09-18","","test_RTP_callback_DS_05_redirect","",""
"The PSP synchronously rejects the cancellation request with 422 (per standard behaviour for the EPC 429 Too Many Requests scenario). The RTP then transitions to ERROR_CANCEL via ERROR_CANCEL_RTP.","12047","Cancelling an RTP - EPC v4 mock unhappy path scenario: epc_429","functional-tests.tests.cancel_rtp","2026-09-18","passed","2026-09-18","","test_RTP_cancel_MOCK_V2","",""
"
Tests that sending an RTP payload with an expired date to the POSTE endpoint results in a 400 Bad Request response.

:param debtor_sp_mock_cert_key: Certificate and key tuple for mutual TLS authentication.
:type debtor_sp_mock_cert_key: Tuple[str, str]
","1161","Cannot send RTP with expired date","functional-tests.tests.availability","2026-09-18","failed","2026-09-18","","test_availability_POSTE","",""
"Test sending an UPDATE after CREATE VALID + DELETE with different statuses","2743","An UPDATE message with status EXPIRED after CREATE VALID and DELETE","functional-tests.tests.process_messages_sender","2026-09-18","passed","2026-09-18","","test_RTP_process_sender_UPDATE","",""
"
Test RFC callback DS12P with CNCL status.

Flow:
1. Activate payer
2. Send an RTP via GPD message (CREATE VALID)
3. Cancel the RTP via GPD message (DELETE) → RTP to RFC_SENT
4. Send DS12P callback with CxlStsId CNCL (Cancelled As Per Request)
5. Verify callback is accepted (200)
6. Verify RTP status is CANCELLED
","3335","An RFC callback DS12P CNCL is successfully received and RTP status is CANCEL","functional-tests.tests.callbacks","2026-09-18","passed","2026-09-18","","test_RTP_callback_DS_12P","",""
"","2725","Failed callback for non existing Service Provider - DS-05 redirect compliant","functional-tests.tests.callbacks_v2","2026-09-18","passed","2026-09-18","","test_RTP_callback_DS_05_redirect","",""
"
Test RFC callback DS12N with non-existing service provider, cancel via REST Web API.

Flow:
1. Activate payer
2. Send an RTP via GPD message (CREATE VALID)
3. Cancel the RTP via REST cancel endpoint with cancel_reason → RTP to RFC_SENT
4. Send DS12N callback with non-existing BIC (MOCKSP99)
5. Verify callback is rejected with 400 (service provider not found)
","2713","Failed RFC callback for non existing Service Provider - DS-12N RJCR compliant - through Web API cancel","functional-tests.tests.callbacks","2026-09-18","passed","2026-09-18","","test_RTP_callback_DS_12N","",""
"Test sending a DELETE operation message via GPD message API after a CREATE VALID + UPDATE","2690","A DELETE message after CREATE VALID + UPDATE PARTIALLY_PAID","functional-tests.tests.process_messages_sender","2026-09-18","passed","2026-09-18","","test_RTP_process_sender_DELETE","",""
"Test sending an UPDATE operation message with different statuses via GPD message API before a CREATE","1274","An UPDATE message with status PUBLISHED before CREATE","functional-tests.tests.process_messages_sender","2026-09-18","passed","2026-09-18","","test_RTP_process_sender_UPDATE_before_CREATE","",""
"","2640","An RTP callback is received with invalid status","functional-tests.tests.callbacks","2026-09-18","passed","2026-09-18","","test_RTP_callback_DS_08","",""
"
Tests sending an RTP payload to the POSTE endpoint with valid data and authentication.

:param debtor_sp_mock_cert_key: Certificate and key tuple for mutual TLS authentication.
:type debtor_sp_mock_cert_key: Tuple[str, str]
","1324","An RTP is sent through POSTE API","functional-tests.tests.availability","2026-09-18","passed","2026-09-18","","test_availability_POSTE","",""
"","619","malformed rtp_id → 400 Bad Request","functional-tests.tests.get_rtp","2026-09-18","passed","2026-09-18","","test_RTP_get","",""
"`Sts.Conf = ""CNCL""` triggers CANCEL_RTP -> CONFIRM_RFC -> CANCEL_RTP_ACCR, ending in CANCELLED_ACCR.","3449","Cancelling an RTP - EPC v4 mock happy path scenario: cncl_confirmed","functional-tests.tests.cancel_rtp","2026-09-18","passed","2026-09-18","","test_RTP_cancel_MOCK_V2","",""
"
Verify that a debt position can be created and published successfully.
","714","Happy path: a debt position is created and published in UAT environment","functional-tests.tests.gpd_availability","2026-09-18","passed","2026-09-18","","test_availability_GPD","",""
"Each entry in ``INVALID_PAYER_IDS`` must be rejected with 400.

The ``description`` parameter appears in pytest output to identify which
case failed without having to inspect the raw value.
","652","Querying activation status with an invalid payerId format returns 400","functional-tests.tests.activation","2026-09-18","passed","2026-09-18","","test_debtor_activation_payer_status","",""
"The ownership check fails the same way whether the target spId belongs to someone else
or doesn't exist in the registry at all - NOEXIT00 is not a real Service Provider ID.","626","Activation is forbidden with the same error code for a Service Provider ID absent from the registry","functional-tests.tests.activation","2026-09-18","passed","2026-09-18","","test_debtor_activation_create","",""
"","2586","An RTP sent with synchronous rejection and missing _links results in status REJECTED - through Web API","functional-tests.tests.send_rtp","2026-09-18","passed","2026-09-18","","test_RTP_send_MOCK","",""
"Test sending a DELETE operation message via GPD message API after a standalone UPDATE (no prior CREATE)","1955","A DELETE message after standalone UPDATE EXPIRED","functional-tests.tests.process_messages_sender","2026-09-18","passed","2026-09-18","","test_RTP_process_sender_DELETE","",""
"Test sending a CREATE operation message with an omocodia fiscal code via GPD message API","1371","A CREATE message with omocodia fiscal code is successfully sent through GPD message API","functional-tests.tests.process_messages_sender","2026-09-18","passed","2026-09-18","","test_RTP_process_sender","",""
"Test sending a DELETE operation message via GPD message API after a CREATE VALID + UPDATE","3268","A DELETE message after CREATE VALID + UPDATE PAID","functional-tests.tests.process_messages_sender","2026-09-18","passed","2026-09-18","","test_RTP_process_sender_DELETE","",""
"","651","All auth fixtures expose a valid Bearer token format","functional-tests.tests.auth","2026-09-18","passed","2026-09-18","","test_auth","",""
"UPDATE VALID before any CREATE creates a new RTP; the RTP must be retrievable from the database","2130","An UPDATE VALID before CREATE creates the RTP in the database","functional-tests.tests.process_messages_sender","2026-09-18","passed","2026-09-18","","test_RTP_process_sender_UPDATE_before_CREATE","",""
"Test sending a DELETE operation message via GPD message API after a standalone UPDATE (no prior CREATE)","1935","A DELETE message after standalone UPDATE PUBLISHED","functional-tests.tests.process_messages_sender","2026-09-18","passed","2026-09-18","","test_RTP_process_sender_DELETE","",""
"","626","Invalid NextActivationId format returns 400","functional-tests.tests.activation","2026-09-18","passed","2026-09-18","","test_debtor_activation_list","",""
"","1990","An RTP sent when EPC response contains an unknown field is ignored and remains in status SENT","functional-tests.tests.send_rtp","2026-09-18","passed","2026-09-18","","test_RTP_send_MOCK","",""
"","2127","An RTP sent when EPC response contains an unknown field is ignored and remains in status SENT - through Web API V2","functional-tests.tests.send_rtp","2026-09-18","passed","2026-09-18","","test_RTP_send_MOCK","",""
"","3510","An RTP callback with invalid status is received and processed with success without affecting the RTP status","functional-tests.tests.callbacks","2026-09-18","passed","2026-09-18","","test_RTP_callback_DS_05","",""
"","635","Retrieving non-existent activation returns 404","functional-tests.tests.activation","2026-09-18","passed","2026-09-18","","test_debtor_activation_get","",""
"Each entry in ``INVALID_PAYER_IDS`` (see dataset docstring) must be rejected with 400.","660","The activation request must contain a validly formatted fiscal code","functional-tests.tests.activation","2026-09-18","passed","2026-09-18","","test_debtor_activation_create","",""
"
Test v2 RFC callback DS12N with RJCR status applied twice on the same RTP.

Flow:
1. Activate payer
2. Send an RTP via GPD message v2 (CREATE VALID)
3. Cancel the RTP via GPD message v2 (DELETE) -> RTP to RFC_SENT
4. Send DS12N callback with CxlStsId RJCR (Rejected Cancellation Request) -> RTP to CANCELLED_REJECTED
5. Send the same DS12N RJCR callback again on the already transitioned RTP
6. Verify the second callback is rejected (400) since the transition is no longer valid
7. Verify RTP status remains CANCELLED_REJECTED
","5232","Failed v2 RFC callback for invalid RTP transition - DS-12N negative compliant","functional-tests.tests.callbacks_v2","2026-09-18","passed","2026-09-18","","test_RTP_callback_DS_12N_negative","",""
"Test sending an UPDATE operation message with different statuses via GPD message API after a CREATE","2032","An UPDATE message with status PARTIALLY_PAID after CREATE","functional-tests.tests.process_messages_sender","2026-09-18","passed","2026-09-18","","test_RTP_process_sender_UPDATE","",""
"","4061","Attempt to cancel an already cancelled RTP","bdd-tests","2026-09-18","passed","2026-09-18","RTP_Cancellation","RTP","",""
"Test sending a CREATE operation message with different statuses via GPD message API","1273","A CREATE message with status EXPIRED","functional-tests.tests.process_messages_sender","2026-09-18","passed","2026-09-18","","test_RTP_process_sender_CREATE","",""
"","629","A debtor service provider fails activation due to wrong service provider id","functional-tests.tests.activation","2026-09-18","passed","2026-09-18","","test_debtor_activation_list","",""
"
Verify that a debt position can be updated successfully.
","6995","Happy path: a debt position is updated in UAT environment","functional-tests.tests.gpd_availability","2026-09-18","passed","2026-09-18","","test_availability_GPD","",""
"Test sending a CREATE operation message with different statuses via GPD message API","1379","A CREATE message with status VALID","functional-tests.tests.process_messages_sender","2026-09-18","passed","2026-09-18","","test_RTP_process_sender_CREATE","",""
"","1493","A debtor is activated and retrieved by activation id","functional-tests.tests.activation","2026-09-18","passed","2026-09-18","","test_debtor_activation_get","",""
"Each entry in ``INVALID_PAYER_IDS`` (see dataset docstring) must be rejected with 400.","638","The activation request must contain a validly formatted fiscal code","functional-tests.tests.activation","2026-09-18","passed","2026-09-18","","test_debtor_activation_create","",""
"","2006","An RTP sent when EPC response omits _links is in status ACCEPTED - through Web API","functional-tests.tests.send_rtp","2026-09-18","passed","2026-09-18","","test_RTP_send_MOCK","",""
"Reusing the same OTP after a successful takeover should fail","2606","Test Takeover Fails with Reused OTP","functional-tests.tests.takeover","2026-09-18","passed","2026-09-18","","test_debtor_takeover","",""
"","2698","Failed callback for non existing Service Provider - DS-document RJCT compliant","functional-tests.tests.callbacks_v2","2026-09-18","passed","2026-09-18","","test_RTP_callback_DS_document_rjct","",""
"Same privacy rule as the cross-SP case: no explicit error, isActive is just false.","1299","Get payer status returns isActive false when the token subject does not own the activation's Service Provider ID","functional-tests.tests.activation","2026-09-18","passed","2026-09-18","","test_debtor_activation_payer_status","",""
"Each entry in ``INVALID_PAYER_IDS`` must be rejected with 400.

The ``description`` parameter appears in pytest output to identify which
case failed without having to inspect the raw value.
","618","Querying activation status with an invalid payerId format returns 400","functional-tests.tests.activation","2026-09-18","passed","2026-09-18","","test_debtor_activation_payer_status","",""
"","5105","Failed callback for invalid RTP transition - DS-08P RJCT compliant","functional-tests.tests.callbacks","2026-09-18","passed","2026-09-18","","test_RTP_callback_DS_08","",""
"MOCKSP04 owns MOCKSP01 and triggers the OTP; FAKESP01, which owns neither, must be rejected
with an explicit ownership error, not merely a generic 403.","1978","Test Takeover Fails when Redeemer Does Not Own the OTP's Service Provider ID","functional-tests.tests.takeover","2026-09-18","passed","2026-09-18","","test_debtor_takeover","",""
"
Test v2 RFC callback DS12P with INVALID status.

Flow:
1. Activate payer
2. Send an RTP via GPD message v2 (CREATE VALID)
3. Cancel the RTP via GPD message v2 (DELETE) -> RTP to RFC_SENT
4. Send DS12P callback with CxlStsId INVALID
5. Verify callback is rejected with 400
6. Verify RTP status is still RFC_SENT
","3462","A v2 RFC callback DS12P INVALID is rejected with 400","functional-tests.tests.callbacks_v2","2026-09-18","passed","2026-09-18","","test_RTP_callback_DS_12P_positive","",""
"
Test RFC callback DS12N with INVALID status, cancel via REST Web API.

Flow:
1. Activate payer
2. Send an RTP via GPD message (CREATE VALID)
3. Cancel the RTP via REST cancel endpoint with cancel_reason → RTP to RFC_SENT
4. Send DS12N callback with CxlStsId INVALID
5. Verify callback is rejected with 400
6. Verify RTP status is still RFC_SENT
","3284","An RFC callback DS12N INVALID is rejected with 400 - through Web API cancel","functional-tests.tests.callbacks","2026-09-18","passed","2026-09-18","","test_RTP_callback_DS_12N","",""
"","3402","DS_05 redirect v2 callback with Version header returns 400","functional-tests.tests.callbacks_v2","2026-09-18","passed","2026-09-18","","test_RTP_callback_with_version_header","",""
"
Send the same CREATE VALID message twice.

Because send_gpd_message derives the Idempotency-Key deterministically from
the message id (msg_id), reusing the same payload reuses the same key.

Expectations:
- Both calls return HTTP 200 (idempotent, not an error).
- The resourceId in both responses is identical, proving the API returned
  the cached response and did not process the message twice.
- Querying by notice number returns exactly one RTP, confirming that only
  one record was written to the database.
","2836","Two CREATE VALID messages with the same Idempotency-Key both succeed but only one RTP is stored","functional-tests.tests.process_messages_sender","2026-09-18","passed","2026-09-18","","test_RTP_process_sender_IDEMPOTENCY","",""
"","626","missing token → 401 Unauthorized","functional-tests.tests.get_rtp","2026-09-18","passed","2026-09-18","","test_RTP_get","",""
"","1320","A second service provider triggers takeover when debtor is already active on another service provider","functional-tests.tests.activation","2026-09-18","passed","2026-09-18","","test_debtor_activation_create","",""
"Test sending an UPDATE after CREATE VALID + DELETE with different statuses","2780","An UPDATE message with status INVALID after CREATE VALID and DELETE","functional-tests.tests.process_messages_sender","2026-09-18","passed","2026-09-18","","test_RTP_process_sender_UPDATE","",""
"The response cannot be parsed as a cancellation confirmation (malformed, unquoted string), so the RTP stays in RFC_SENT rather than erroring out.","2823","Cancelling an RTP - EPC v4 mock unhappy path scenario: malformed_string","functional-tests.tests.cancel_rtp","2026-09-18","passed","2026-09-18","","test_RTP_cancel_MOCK_V2","",""
"
DS_12P CNCL RFC callback sent with the Version header must be rejected with 400.
The RTP must remain in RFC_SENT (transition to CANCELLED must not happen).

Flow:
1. Activate payer, send RTP, trigger cancel via GPD DELETE → RFC_SENT
2. Build a valid DS_12P CNCL payload
3. POST to RFC callback endpoint WITH Version header
4. Verify 400 is returned with the expected error body
5. Verify RTP status is still RFC_SENT
","3339","DS_12P CNCL RFC callback with Version header returns 400","functional-tests.tests.callbacks","2026-09-18","passed","2026-09-18","","test_RTP_callback_with_version_header","",""
"","3320","DS_08P positive v2 callback with Version header returns 400","functional-tests.tests.callbacks_v2","2026-09-18","passed","2026-09-18","","test_RTP_callback_with_version_header","",""
"
Given a debtor is activated with the mock fiscal code that makes the debtor
service provider mock reply with a server error, when a GPD message (CREATE)
is sent via POST /gpd/message, then the rtp-sender fails to deliver the RTP
and records an ERROR_SEND_RTP event (RTP status becomes ERROR_SEND). RTPs in
ERROR_SEND status are purged from both Cosmos and ADX, so querying by
noticeNumber returns an empty list. When the payee then queries the
delivery-status endpoint with the matching noticeNumber and payeeId, the
response must still be HTTP 200 with status=PD_RTP_NOT_DELIVERED and
processingDate absent or null.
","8894","RTP with ERROR_SEND_RTP event → PD_RTP_NOT_DELIVERED","functional-tests.tests.get_rtp","2026-09-18","passed","2026-09-18","","test_RTP_get_delivery_status","",""
"","2020","RTP cancellation fails with an invalid reason - V2","functional-tests.tests.cancel_rtp","2026-09-18","passed","2026-09-18","","test_RTP_cancel","",""
"Test sending an UPDATE after CREATE VALID + DELETE with different statuses","2808","An UPDATE message with status PARTIALLY_PAID after CREATE VALID and DELETE","functional-tests.tests.process_messages_sender","2026-09-18","passed","2026-09-18","","test_RTP_process_sender_UPDATE","",""
"","1285","A debtor with VAT number is activated and retrieved by activation id","functional-tests.tests.activation","2026-09-18","passed","2026-09-18","","test_debtor_activation_get","",""
"","641","Non-integer size returns 400","functional-tests.tests.activation","2026-09-18","passed","2026-09-18","","test_debtor_activation_list","",""
"FAKESP01 does not own MOCKSP01, a Service Provider ID owned by another tspId.","626","Activation is forbidden for a Service Provider ID not owned by the token subject","functional-tests.tests.activation","2026-09-18","passed","2026-09-18","","test_debtor_activation_create","",""
"Test sending a DELETE operation message via GPD message API after a standalone UPDATE (no prior CREATE)","1954","A DELETE message after standalone UPDATE INVALID","functional-tests.tests.process_messages_sender","2026-09-18","passed","2026-09-18","","test_RTP_process_sender_DELETE","",""
"","1285","Find by payer id returns 404 when the token subject does not own the activation's Service Provider ID","functional-tests.tests.activation","2026-09-18","passed","2026-09-18","","test_debtor_activation_get","",""
"","2896","RTP form cancellation with reason PAID","ux-tests.tests","2026-09-18","passed","2026-09-18","","test_RTP_cancel_v4","",""
"","3590","Failed callback for non compliant DS-04b payload","functional-tests.tests.callbacks","2026-09-18","passed","2026-09-18","","test_RTP_callback_DS_04","",""
"CREATE VALID with an ec_tax_code that does not exist in GPD returns 422 Payee not found","1322","A CREATE VALID message with a non-existent ec_tax_code is rejected","functional-tests.tests.process_messages_sender","2026-09-18","passed","2026-09-18","","test_RTP_process_sender_CREATE","",""
"","680","Sending to non-activated debtor returns 422 - through Web API","functional-tests.tests.send_rtp","2026-09-18","passed","2026-09-18","","test_RTP_send_MOCK","",""
"","1312","A debtor with foreign fiscal code is activated and retrieved by activation id","functional-tests.tests.activation","2026-09-18","passed","2026-09-18","","test_debtor_activation_get","",""
"
Test v2 RFC callback DS12P with CNCL status.

Flow:
1. Activate payer
2. Send an RTP via GPD message v2 (CREATE VALID)
3. Cancel the RTP via GPD message v2 (DELETE) -> RTP to RFC_SENT
4. Send DS12P callback with CxlStsId CNCL (Cancelled As Per Request)
5. Verify callback is accepted (200)
6. Verify RTP status is CANCELLED
","3498","A v2 RFC callback DS12P CNCL is successfully received and RTP status is CANCELLED","functional-tests.tests.callbacks_v2","2026-09-18","passed","2026-09-18","","test_RTP_callback_DS_12P_positive","",""
"
Test v2 RFC callback DS12P with CNCL status applied twice on the same RTP.

Flow:
1. Activate payer
2. Send an RTP via GPD message v2 (CREATE VALID)
3. Cancel the RTP via GPD message v2 (DELETE) -> RTP to RFC_SENT
4. Send DS12P callback with CxlStsId CNCL (Cancelled As Per Request) -> RTP to CANCELLED
5. Send the same DS12P CNCL callback again on the already cancelled RTP
6. Verify the second callback is rejected (400) since the transition is no longer valid
7. Verify RTP status remains CANCELLED
","4728","Failed v2 RFC callback for invalid RTP transition - DS-12P positive compliant","functional-tests.tests.callbacks_v2","2026-09-18","passed","2026-09-18","","test_RTP_callback_DS_12P_positive","",""
"","1287","A debtor cannot be activated more than once by the same service provider","functional-tests.tests.activation","2026-09-18","passed","2026-09-18","","test_debtor_activation_create","",""
"","4456","DS_12P positive RFC v2 callback with Version header returns 400","functional-tests.tests.callbacks_v2","2026-09-18","passed","2026-09-18","","test_RTP_callback_with_version_header","",""
"","1153","An RTP is sent to Poste service with activated fiscal code - through Web API V2","functional-tests.tests.send_rtp","2026-09-18","failed","2026-09-18","","test_RTP_send_POSTE","",""
"
Tests the retrieval of an access token from the POSTE authentication endpoint using client credentials and mutual TLS.

:param debtor_sp_mock_cert_key: Certificate and key tuple for mutual TLS authentication.
:type debtor_sp_mock_cert_key: Tuple[str, str]
","271","Auth endpoint returns valid token","functional-tests.tests.availability","2026-09-18","passed","2026-09-18","","test_availability_POSTE","",""
"
Test RFC callback DS12P with CNCL status, cancel triggered via REST Web API with explicit reason.

Flow:
1. Activate payer
2. Send an RTP via GPD message (CREATE VALID)
3. Cancel the RTP via REST cancel endpoint with cancel_reason → RTP to RFC_SENT
4. Send DS12P callback with CxlStsId CNCL (Cancelled As Per Request)
5. Verify callback is accepted (200)
6. Verify RTP status is CANCELLED
","3319","An RFC callback DS12P CNCL is successfully received and RTP status is CANCEL - through Web API cancel","functional-tests.tests.callbacks","2026-09-18","passed","2026-09-18","","test_RTP_callback_DS_12P","",""
"","1478","A debtor with omocodia fiscal code is activated successfully","functional-tests.tests.activation","2026-09-18","passed","2026-09-18","","test_debtor_activation_create","",""
"","796","The service returns the mocked server error","functional-tests.tests.availability","2026-09-18","passed","2026-09-18","","test_availability_MOCK","",""
"Test sending a DELETE operation message via GPD message API after a CREATE","1944","A DELETE message after CREATE DRAFT","functional-tests.tests.process_messages_sender","2026-09-18","passed","2026-09-18","","test_RTP_process_sender_DELETE","",""
"","3019","RTP form cancellation with reason MODT","ux-tests.tests","2026-09-18","passed","2026-09-18","","test_RTP_cancel_v3","",""
"","2195","A debtor Service Provider cannot send an RTP","bdd-tests","2026-09-18","passed","2026-09-18","RTP_Sending","RTP","",""
"
DS_04b callback sent with the Version header must be rejected with 400.
The RTP state must be unchanged.

Flow:
1. Activate payer and send an RTP → resource_id
2. Capture current RTP status
3. Build a valid DS_04b payload referencing the RTP
4. POST to callback endpoint WITH Version header
5. Verify 400 is returned with the expected error body
6. Verify RTP status is unchanged
","3349","DS_04b callback with Version header returns 400","functional-tests.tests.callbacks","2026-09-18","passed","2026-09-18","","test_RTP_callback_with_version_header","",""
"","1506","Auth endpoint returns valid token","functional-tests.tests.availability","2026-09-18","passed","2026-09-18","","test_availability_CBI","",""
"","2561","An RTP sent with synchronous rejection containing extra fields results in status REJECTED - through Web API","functional-tests.tests.send_rtp","2026-09-18","passed","2026-09-18","","test_RTP_send_MOCK","",""
"","585","Get payees with invalid authorization","functional-tests.tests.service_registry","2026-09-18","passed","2026-09-18","","test_service_registry_service_providers","",""
"
Test RFC callback DS12P with wrong certificate identity, cancel via REST Web API.

Flow:
1. Activate payer
2. Send an RTP via GPD message (CREATE VALID)
3. Cancel the RTP via REST cancel endpoint with cancel_reason → RTP to RFC_SENT
4. Send DS12P callback with assignee_bic='FAKESP01' (doesn't match certificate identity MOCKSP04)
5. Verify callback is rejected with 403 (certificate mismatch)
","2840","Unauthorized RFC callback due to wrong certificate serial - through Web API cancel","functional-tests.tests.callbacks","2026-09-18","passed","2026-09-18","","test_RTP_callback_DS_12P","",""
"
Test RFC callback DS12N with wrong certificate identity, cancel via REST Web API.

Flow:
1. Activate payer
2. Send an RTP via GPD message (CREATE VALID)
3. Cancel the RTP via REST cancel endpoint with cancel_reason → RTP to RFC_SENT
4. Send DS12N callback with assignee_bic='FAKESP01' (doesn't match certificate identity MOCKSP04)
5. Verify callback is rejected with 403 (certificate mismatch)
","2677","Unauthorized RFC callback due to wrong certificate serial - through Web API cancel","functional-tests.tests.callbacks","2026-09-18","passed","2026-09-18","","test_RTP_callback_DS_12N","",""
"","2029","An RTP sent with synchronous acceptance is in status ACCEPTED - DS-05 ACTC","functional-tests.tests.send_rtp","2026-09-18","passed","2026-09-18","","test_RTP_send_MOCK","",""
"Each entry in ``INVALID_PAYER_IDS`` (see dataset docstring) must be rejected with 400.","795","The activation request must contain a validly formatted fiscal code","functional-tests.tests.activation","2026-09-18","passed","2026-09-18","","test_debtor_activation_create","",""
"","657","Get payees consents with extreme page size returns 400","functional-tests.tests.service_registry","2026-09-18","passed","2026-09-18","","test_get_payees_consents","",""
"","607","Get payees with invalid authorization","functional-tests.tests.service_registry","2026-09-18","passed","2026-09-18","","test_service_registry_payees_registry","",""
"","2157","RTP is successfully cancelled with reason PAID - V2","functional-tests.tests.cancel_rtp","2026-09-18","passed","2026-09-18","","test_RTP_cancel","",""
"Querying activation status with an empty payerId must be rejected with 404.","602","Querying activation status with an empty payerId returns 404","functional-tests.tests.activation","2026-09-18","passed","2026-09-18","","test_debtor_activation_payer_status","",""
"Test sending a CREATE operation message with an Italian VAT number via GPD message API","1377","A CREATE message with VAT number (Partita IVA) is successfully sent through GPD message API","functional-tests.tests.process_messages_sender","2026-09-18","passed","2026-09-18","","test_RTP_process_sender","",""
"","3387","A v2 document RTP callback with invalid status is rejected without affecting the RTP status","functional-tests.tests.callbacks_v2","2026-09-18","passed","2026-09-18","","test_RTP_callback_DS_document_rjct","",""
"","642","Failed callback for non existing Service Provider - DS-08P compliant","functional-tests.tests.callbacks","2026-09-18","passed","2026-09-18","","test_RTP_callback_DS_08","",""
"Test sending an UPDATE operation message with different statuses via GPD message API before a CREATE","1334","An UPDATE message with status DRAFT before CREATE","functional-tests.tests.process_messages_sender","2026-09-18","passed","2026-09-18","","test_RTP_process_sender_UPDATE_before_CREATE","",""
"
Test RFC callback DS12P with CNCL status, cancel triggered via REST Web API with explicit reason.

Flow:
1. Activate payer
2. Send an RTP via GPD message (CREATE VALID)
3. Cancel the RTP via REST cancel endpoint with cancel_reason → RTP to RFC_SENT
4. Send DS12P callback with CxlStsId CNCL (Cancelled As Per Request)
5. Verify callback is accepted (200)
6. Verify RTP status is CANCELLED
","3346","An RFC callback DS12P CNCL is successfully received and RTP status is CANCEL - through Web API cancel","functional-tests.tests.callbacks","2026-09-18","passed","2026-09-18","","test_RTP_callback_DS_12P","",""
"Each entry in ``INVALID_PAYER_IDS`` must be rejected with 400.

The ``description`` parameter appears in pytest output to identify which
case failed without having to inspect the raw value.
","624","Querying activation status with an invalid payerId format returns 400","functional-tests.tests.activation","2026-09-18","passed","2026-09-18","","test_debtor_activation_payer_status","",""
"Test sending a DELETE operation message via GPD message API after a CREATE","1887","A DELETE message after CREATE EXPIRED","functional-tests.tests.process_messages_sender","2026-09-18","passed","2026-09-18","","test_RTP_process_sender_DELETE","",""
"
Test v2 RFC callback DS12N with INVALID status.

Flow:
1. Activate payer
2. Send an RTP via GPD message v2 (CREATE VALID)
3. Cancel the RTP via GPD message v2 (DELETE) -> RTP to RFC_SENT
4. Send DS12N callback with CxlStsId INVALID
5. Verify callback is rejected with 400
6. Verify RTP status is still RFC_SENT
","3461","A v2 RFC callback DS12N INVALID is rejected with 400","functional-tests.tests.callbacks_v2","2026-09-18","passed","2026-09-18","","test_RTP_callback_DS_12N_negative","",""
"Test sending a DELETE operation message via GPD message API after a standalone UPDATE (no prior CREATE)","1916","A DELETE message after standalone UPDATE PARTIALLY_PAID","functional-tests.tests.process_messages_sender","2026-09-18","passed","2026-09-18","","test_RTP_process_sender_DELETE","",""
"
DS_08P ACCP callback sent with the Version header must be rejected with 400.
The RTP must remain in ACCEPTED (transition to USER_ACCEPTED must not happen).

Flow:
1. Activate payer, send RTP, advance to ACCEPTED via DS_05 (without header)
2. Build a valid DS_08P ACCP payload
3. POST WITH Version header
4. Verify 400 is returned with the expected error body
5. Verify RTP status is still ACCEPTED
","3307","DS_08P ACCP callback with Version header returns 400","functional-tests.tests.callbacks","2026-09-18","passed","2026-09-18","","test_RTP_callback_with_version_header","",""
"","2750","Unauthorized callback due to wrong certificate serial","functional-tests.tests.callbacks_v2","2026-09-18","passed","2026-09-18","","test_RTP_callback_DS_08N_negative","",""
"
Test RFC callback DS12N with non-existing service provider, cancel via REST Web API.

Flow:
1. Activate payer
2. Send an RTP via GPD message (CREATE VALID)
3. Cancel the RTP via REST cancel endpoint with cancel_reason → RTP to RFC_SENT
4. Send DS12N callback with non-existing BIC (MOCKSP99)
5. Verify callback is rejected with 400 (service provider not found)
","2673","Failed RFC callback for non existing Service Provider - DS-12N RJCR compliant - through Web API cancel","functional-tests.tests.callbacks","2026-09-18","passed","2026-09-18","","test_RTP_callback_DS_12N","",""
"","609","Get payees consents with invalid authorization returns 401","functional-tests.tests.service_registry","2026-09-18","passed","2026-09-18","","test_get_payees_consents","",""
"","640","Get payees consents with negative page number returns 400","functional-tests.tests.service_registry","2026-09-18","passed","2026-09-18","","test_get_payees_consents","",""
"Test sending a DELETE operation message via GPD message API after a CREATE VALID + UPDATE","2714","A DELETE message after CREATE VALID + UPDATE DRAFT","functional-tests.tests.process_messages_sender","2026-09-18","passed","2026-09-18","","test_RTP_process_sender_DELETE","",""
"","4580","Failed v2 document callback for invalid RTP transition - DS-document RJCT compliant","functional-tests.tests.callbacks_v2","2026-09-18","passed","2026-09-18","","test_RTP_callback_DS_document_rjct","",""
"","1437","Get a page of activations","functional-tests.tests.activation","2026-09-18","passed","2026-09-18","","test_debtor_activation_list","",""
"","1368","Sending an RTP when EPC returns a malformed/invalid response body returns 500 - through Web API","functional-tests.tests.send_rtp","2026-09-18","passed","2026-09-18","","test_RTP_send_MOCK","",""
"","3429","Attempt to cancel a non-existing RTP","bdd-tests","2026-09-18","passed","2026-09-18","RTP_Cancellation","RTP","",""
"
Test v2 RFC callback DS12N with wrong certificate identity.

Flow:
1. Activate payer
2. Send an RTP via GPD message v2 (CREATE VALID)
3. Cancel the RTP via GPD message v2 (DELETE) -> RTP to RFC_SENT
4. Send DS12N callback with assignee_bic='FAKESP01' (doesn't match certificate identity)
5. Verify callback is rejected with 403 (certificate mismatch)
6. Verify RTP status is still RFC_SENT
","3971","Unauthorized v2 RFC callback due to wrong certificate serial","functional-tests.tests.callbacks_v2","2026-09-18","passed","2026-09-18","","test_RTP_callback_DS_12N_negative","",""
"
Test v2 RFC callback DS12N with non-existing service provider.

Flow:
1. Activate payer
2. Send an RTP via GPD message v2 (CREATE VALID)
3. Cancel the RTP via GPD message v2 (DELETE) -> RTP to RFC_SENT
4. Send DS12N callback with non-existing BIC (MOCKSP99)
5. Verify callback is rejected with 400 (service provider not found)
6. Verify RTP status is still RFC_SENT
","3460","Failed v2 RFC callback for non existing Service Provider - DS-12N negative compliant","functional-tests.tests.callbacks_v2","2026-09-18","passed","2026-09-18","","test_RTP_callback_DS_12N_negative","",""
"Each entry in ``INVALID_PAYER_IDS`` (see dataset docstring) must be rejected with 400.","627","The activation request must contain a validly formatted fiscal code","functional-tests.tests.activation","2026-09-18","passed","2026-09-18","","test_debtor_activation_create","",""
"","1695","An RTP is sent to a CBI service with activated fiscal code - through Web API V2","functional-tests.tests.send_rtp","2026-09-18","failed","2026-09-18","","test_RTP_send_CBI","",""
"","630","All auth fixtures expose a valid Bearer token format","functional-tests.tests.auth","2026-09-18","passed","2026-09-18","","test_auth","",""
"Payer that has never been activated → isActive must be false.","630","test_get_activation_status_not_active_payer","functional-tests.tests.activation","2026-09-18","passed","2026-09-18","","test_debtor_activation_payer_status","",""
"
Test v2 RFC callback DS12P with wrong certificate identity.

Flow:
1. Activate payer
2. Send an RTP via GPD message v2 (CREATE VALID)
3. Cancel the RTP via GPD message v2 (DELETE) -> RTP to RFC_SENT
4. Send DS12P callback with assignee_bic='FAKESP01' (doesn't match certificate identity)
5. Verify callback is rejected with 403 (certificate mismatch)
6. Verify RTP status is still RFC_SENT
","3491","Unauthorized v2 RFC callback due to wrong certificate serial","functional-tests.tests.callbacks_v2","2026-09-18","passed","2026-09-18","","test_RTP_callback_DS_12P_positive","",""
"Test sending a DELETE operation message via GPD message API after a CREATE VALID + UPDATE","2710","A DELETE message after CREATE VALID + UPDATE EXPIRED","functional-tests.tests.process_messages_sender","2026-09-18","passed","2026-09-18","","test_RTP_process_sender_DELETE","",""
"Test sending an UPDATE operation message with different statuses via GPD message API before a CREATE","1406","An UPDATE message with status VALID before CREATE","functional-tests.tests.process_messages_sender","2026-09-18","passed","2026-09-18","","test_RTP_process_sender_UPDATE_before_CREATE","",""
"Each entry in ``INVALID_PAYER_IDS`` must be rejected with 400.

The ``description`` parameter appears in pytest output to identify which
case failed without having to inspect the raw value.
","635","Querying activation status with an invalid payerId format returns 400","functional-tests.tests.activation","2026-09-18","passed","2026-09-18","","test_debtor_activation_payer_status","",""
"","636","RTP cancellation fails if resource ID does not exist","functional-tests.tests.cancel_rtp","2026-09-18","passed","2026-09-18","","test_RTP_cancel","",""
"The PSP synchronously rejects the cancellation request with 422 (per standard behaviour for the EPC 400 Bad Request scenario). The RTP then transitions to ERROR_CANCEL via ERROR_CANCEL_RTP.","3367","Cancelling an RTP - EPC v4 mock unhappy path scenario: epc_400","functional-tests.tests.cancel_rtp","2026-09-18","passed","2026-09-18","","test_RTP_cancel_MOCK_V2","",""
"","3941","Failed callback for invalid RTP transition - DS-05 ACTC compliant","functional-tests.tests.callbacks","2026-09-18","passed","2026-09-18","","test_RTP_callback_DS_05","",""
"","2119","RTP is successfully cancelled with reason MODT - V2","functional-tests.tests.cancel_rtp","2026-09-18","passed","2026-09-18","","test_RTP_cancel","",""
"Test sending an UPDATE after CREATE VALID + DELETE with different statuses","2696","An UPDATE message with status VALID after CREATE VALID and DELETE","functional-tests.tests.process_messages_sender","2026-09-18","passed","2026-09-18","","test_RTP_process_sender_UPDATE","",""
"The response body is not a recognizable cancellation confirmation (quoted plain string), so the RTP stays in RFC_SENT.","2857","Cancelling an RTP - EPC v4 mock happy path scenario: plain_string","functional-tests.tests.cancel_rtp","2026-09-18","passed","2026-09-18","","test_RTP_cancel_MOCK_V2","",""
"","1370","Sending an RTP when EPC returns a malformed/invalid response body returns 500","functional-tests.tests.send_rtp","2026-09-18","passed","2026-09-18","","test_RTP_send_MOCK","",""
"","1303","Whitespaces is allowed in description and company name field","ux-tests.tests","2026-09-18","passed","2026-09-18","","test_RTP_submission_v4","",""
"
DS_08N callback sent with the Version header must be rejected with 400.
The RTP must remain in SENT (transition to REJECTED must not happen).

Flow:
1. Activate payer and send an RTP → resource_id
2. Build a valid DS_08N payload referencing the RTP
3. POST to callback endpoint WITH Version header
4. Verify 400 is returned with the expected error body
5. Verify RTP status is still SENT
","2645","DS_08N callback with Version header returns 400","functional-tests.tests.callbacks","2026-09-18","passed","2026-09-18","","test_RTP_callback_with_version_header","",""
"Test that takeover fails when the service provider is unauthenticated","1953","Test Takeover Fails with Unauthenticated SP","functional-tests.tests.takeover","2026-09-18","passed","2026-09-18","","test_debtor_takeover","",""
"","637","Invalid pagination parameters returns 400","functional-tests.tests.activation","2026-09-18","passed","2026-09-18","","test_debtor_activation_list","",""
"Each entry in ``INVALID_PAYER_IDS`` (see dataset docstring) must be rejected with 400.","658","The activation request must contain a validly formatted fiscal code","functional-tests.tests.activation","2026-09-18","passed","2026-09-18","","test_debtor_activation_create","",""
"
Payer activated under SP A.
- SP B (read_rtp_activations): isActive must be false - privacy rule hides cross-SP activation.
- Admin (read_rtp_all): isActive must be true - role grants visibility across all SPs.
Same payer, same endpoint, different roles → different results.
","1934","read_rtp_all role returns isActive true while read_rtp_activations returns false for the same cross-SP payer","functional-tests.tests.activation","2026-09-18","passed","2026-09-18","","test_debtor_activation_payer_status","",""
"","3796","An RTP is sent to a CBI service with activated fiscal code - through Web API","functional-tests.tests.send_rtp","2026-09-18","passed","2026-09-18","","test_RTP_send_CBI","",""
"","791","The activation request must contain a validly formatted Service Provider ID","functional-tests.tests.activation","2026-09-18","passed","2026-09-18","","test_debtor_activation_create","",""
"","1451","SP_ACTIVATIONS_READ_ALL can retrieve activation by Activation ID created by SP_A","functional-tests.tests.activation","2026-09-18","passed","2026-09-18","","test_RTP_activation_security","",""
"","2062","RTP is successfully retrieved","functional-tests.tests.get_rtp","2026-09-18","passed","2026-09-18","","test_RTP_get","",""
"","2745","Unauthorized callback due to wrong certificate serial","functional-tests.tests.callbacks_v2","2026-09-18","passed","2026-09-18","","test_RTP_callback_DS_document_rjct","",""
"","921","Get list of service providers successfully","functional-tests.tests.service_registry","2026-09-18","passed","2026-09-18","","test_service_registry_service_providers","",""
"Each entry in ``INVALID_PAYER_IDS`` must be rejected with 400.

The ``description`` parameter appears in pytest output to identify which
case failed without having to inspect the raw value.
","650","Querying activation status with an invalid payerId format returns 400","functional-tests.tests.activation","2026-09-18","failed","2026-09-18","","test_debtor_activation_payer_status","",""
"The PSP synchronously rejects the cancellation request with 422 (per standard behaviour for the EPC 410 Gone scenario). The RTP then transitions to ERROR_CANCEL via ERROR_CANCEL_RTP.","3704","Cancelling an RTP - EPC v4 mock unhappy path scenario: epc_410","functional-tests.tests.cancel_rtp","2026-09-18","passed","2026-09-18","","test_RTP_cancel_MOCK_V2","",""
"Each entry in ``INVALID_PAYER_IDS`` must be rejected with 400.

The ``description`` parameter appears in pytest output to identify which
case failed without having to inspect the raw value.
","625","Querying activation status with an invalid payerId format returns 400","functional-tests.tests.activation","2026-09-18","passed","2026-09-18","","test_debtor_activation_payer_status","",""
"Parametrized contract test generated from the Activation API OpenAPI spec.

Schemathesis derives one test case per endpoint defined in the spec, generating
request data (path params, query params, body) that is valid according to the schema.
Each case is executed against the live API and the response is validated with
CONTRACT_CHECKS.
","71335","test_activation_contract[GET /activations/payer]","contract-tests.tests","2026-09-18","passed","2026-09-18","","test_activation","",""
"Test sending an UPDATE operation message with different statuses via GPD message API after a CREATE","2052","An UPDATE message with status INVALID after CREATE","functional-tests.tests.process_messages_sender","2026-09-18","passed","2026-09-18","","test_RTP_process_sender_UPDATE","",""
"Each entry in ``INVALID_PAYER_IDS`` must be rejected with 400.

The ``description`` parameter appears in pytest output to identify which
case failed without having to inspect the raw value.
","625","Querying activation status with an invalid payerId format returns 400","functional-tests.tests.activation","2026-09-18","passed","2026-09-18","","test_debtor_activation_payer_status","",""
"","635","Deactivation fails for non-existing activation","functional-tests.tests.activation","2026-09-18","passed","2026-09-18","","test_debtor_deactivation","",""
"
Test RFC callback DS12P with wrong certificate identity.

Flow:
1. Activate payer
2. Send an RTP via GPD message (CREATE VALID)
3. Cancel the RTP via GPD message (DELETE) → RTP to RFC_SENT
4. Send DS12P callback with assignee_bic='FAKESP01' (doesn't match certificate identity MOCKSP04)
5. Verify callback is rejected with 403 (certificate mismatch)
","2742","Unauthorized RFC callback due to wrong certificate serial","functional-tests.tests.callbacks","2026-09-18","passed","2026-09-18","","test_RTP_callback_DS_12P","",""
"","3180","A debtor Service Provider activates a debtor","bdd-tests","2026-09-18","passed","2026-09-18","Debtor_Activation","RTP","",""
"","631","Failed callback for non existing Service Provider - DS-04b compliant","functional-tests.tests.callbacks","2026-09-18","passed","2026-09-18","","test_RTP_callback_DS_04","",""
"Test sending a DELETE operation message via GPD message API after a CREATE","1915","A DELETE message after CREATE PARTIALLY_PAID","functional-tests.tests.process_messages_sender","2026-09-18","passed","2026-09-18","","test_RTP_process_sender_DELETE","",""
"","1302","A debtor activated with an owned but distinct Service Provider ID is deactivated","functional-tests.tests.activation","2026-09-18","passed","2026-09-18","","test_debtor_deactivation","",""
"
Test RFC callback DS12P with wrong certificate identity, cancel via REST Web API.

Flow:
1. Activate payer
2. Send an RTP via GPD message (CREATE VALID)
3. Cancel the RTP via REST cancel endpoint with cancel_reason → RTP to RFC_SENT
4. Send DS12P callback with assignee_bic='FAKESP01' (doesn't match certificate identity MOCKSP04)
5. Verify callback is rejected with 403 (certificate mismatch)
","2740","Unauthorized RFC callback due to wrong certificate serial - through Web API cancel","functional-tests.tests.callbacks","2026-09-18","passed","2026-09-18","","test_RTP_callback_DS_12P","",""
"","669","A Service Provider with invalid client secret is not authenticated on Keycloak","functional-tests.tests.auth","2026-09-18","passed","2026-09-18","","test_auth","",""
"","616","Missing Version header returns 200","functional-tests.tests.activation","2026-09-18","passed","2026-09-18","","test_debtor_activation_list","",""
"","1698","An authenticated Service Provider cannot send an RTP to an unactivated debtor","bdd-tests","2026-09-18","passed","2026-09-18","RTP_Sending","RTP","",""
"","652","Unauthorized callback due to wrong certificate serial","functional-tests.tests.callbacks","2026-09-18","passed","2026-09-18","","test_RTP_callback_DS_04","",""
"Test sending an UPDATE after CREATE VALID + DELETE with different statuses","3280","An UPDATE message with status PUBLISHED after CREATE VALID and DELETE","functional-tests.tests.process_messages_sender","2026-09-18","passed","2026-09-18","","test_RTP_process_sender_UPDATE","",""
"Each entry in ``INVALID_PAYER_IDS`` (see dataset docstring) must be rejected with 400.","807","The activation request must contain a validly formatted fiscal code","functional-tests.tests.activation","2026-09-18","passed","2026-09-18","","test_debtor_activation_create","",""
"
Test RFC callback DS12P with non-existing service provider.

Flow:
1. Activate payer
2. Send an RTP via GPD message (CREATE VALID)
3. Cancel the RTP via GPD message (DELETE) → RTP to RFC_SENT
4. Send DS12P callback with non-existing BIC (MOCKSP99)
5. Verify callback is rejected with 400 (service provider not found)
","2680","Failed RFC callback for non existing Service Provider - DS-12P CNCL compliant","functional-tests.tests.callbacks","2026-09-18","passed","2026-09-18","","test_RTP_callback_DS_12P","",""
"","626","Retrieving non-existent activation by payer id returns 404","functional-tests.tests.activation","2026-09-18","passed","2026-09-18","","test_debtor_activation_get","",""
"Each entry in ``INVALID_PAYER_IDS`` must be rejected with 400.

The ``description`` parameter appears in pytest output to identify which
case failed without having to inspect the raw value.
","636","Querying activation status with an invalid payerId format returns 400","functional-tests.tests.activation","2026-09-18","passed","2026-09-18","","test_debtor_activation_payer_status","",""
"
Verify that a debt position can be deleted successfully.
","2941","Happy path: a debt position is deleted in UAT environment","functional-tests.tests.gpd_availability","2026-09-18","passed","2026-09-18","","test_availability_GPD","",""
"Test sending an UPDATE after CREATE VALID + DELETE with different statuses","2732","An UPDATE message with status DRAFT after CREATE VALID and DELETE","functional-tests.tests.process_messages_sender","2026-09-18","passed","2026-09-18","","test_RTP_process_sender_UPDATE","",""
"Active payer with omocodia fiscal code (digit substitution) → isActive must be true.","1289","An active payer with omocodia fiscal code returns isActive true","functional-tests.tests.activation","2026-09-18","passed","2026-09-18","","test_debtor_activation_payer_status","",""
"","1456","Sending an RTP when EPC returns an unexpected status code error (RTP_05.CHK.A0007) returns 500 - through Web API V2","functional-tests.tests.send_rtp","2026-09-18","passed","2026-09-18","","test_RTP_send_MOCK","",""
"","1139","An RTP is sent to ICCREA service with activated fiscal code - through Web API V2","functional-tests.tests.send_rtp","2026-09-18","failed","2026-09-18","","test_RTP_send_ICCREA","",""
"","638","All auth fixtures expose a valid Bearer token format","functional-tests.tests.auth","2026-09-18","passed","2026-09-18","","test_auth","",""
"","2066","An RTP is sent through ICCREA API","functional-tests.tests.availability","2026-09-18","passed","2026-09-18","","test_availability_ICCREA","",""
"Test sending a DELETE operation message via GPD message API after a CREATE VALID + UPDATE","2775","A DELETE message after CREATE VALID + UPDATE INVALID","functional-tests.tests.process_messages_sender","2026-09-18","passed","2026-09-18","","test_RTP_process_sender_DELETE","",""
"","651","A Service Provider with invalid client ID is not authenticated on Keycloak","functional-tests.tests.auth","2026-09-18","passed","2026-09-18","","test_auth","",""
"","2029","Cannot send RTP with invalid amount","functional-tests.tests.availability","2026-09-18","passed","2026-09-18","","test_availability_CBI","",""
"","2756","Takeover fails with invalid OTP","bdd-tests","2026-09-18","passed","2026-09-18","Debtor_Activation_Takeover","RTP","",""
"","2594","An RTP sent with synchronous rejection is in status REJECTED - DS-08P N","functional-tests.tests.send_rtp","2026-09-18","passed","2026-09-18","","test_RTP_send_MOCK","",""
"","1","Successful login","bdd-tests","2026-09-18","passed","2026-09-18","RTP_Web_Sending","RTP","",""
"
Test RFC callback DS12P with CNCL status applied twice on the same RTP.

Flow:
1. Activate payer
2. Send an RTP via GPD message (CREATE VALID)
3. Cancel the RTP via GPD message (DELETE) -> RTP to RFC_SENT
4. Send DS12P callback with CxlStsId CNCL (Cancelled As Per Request) -> RTP to CANCELLED
5. Send the same DS12P CNCL callback again on the already cancelled RTP
6. Verify the second callback is rejected (400) since the transition is no longer valid
7. Verify RTP status remains CANCELLED
","4620","Failed RFC callback for invalid RTP transition - DS-12P CNCL compliant","functional-tests.tests.callbacks","2026-09-18","passed","2026-09-18","","test_RTP_callback_DS_12P","",""
"Test sending a DELETE operation message via GPD message API after a CREATE","1907","A DELETE message after CREATE PAID","functional-tests.tests.process_messages_sender","2026-09-18","passed","2026-09-18","","test_RTP_process_sender_DELETE","",""
"
Verify that a debt position can be deleted successfully.
","3016","Happy path: a debt position is deleted in DEV environment","functional-tests.tests.gpd_availability","2026-09-18","passed","2026-09-18","","test_availability_GPD","",""
"The PSP synchronously rejects the cancellation request with 422 (per standard behaviour for the EPC 404 Not Found scenario). The RTP then transitions to ERROR_CANCEL via ERROR_CANCEL_RTP.","3874","Cancelling an RTP - EPC v4 mock unhappy path scenario: epc_404","functional-tests.tests.cancel_rtp","2026-09-18","passed","2026-09-18","","test_RTP_cancel_MOCK_V2","",""
"Each entry in ``INVALID_PAYER_IDS`` must be rejected with 400.

The ``description`` parameter appears in pytest output to identify which
case failed without having to inspect the raw value.
","634","Querying activation status with an invalid payerId format returns 400","functional-tests.tests.activation","2026-09-18","passed","2026-09-18","","test_debtor_activation_payer_status","",""
"","639","RTP cancellation fails if resource ID does not exist - V2","functional-tests.tests.cancel_rtp","2026-09-18","passed","2026-09-18","","test_RTP_cancel","",""
"Test sending a DELETE operation message via GPD message API after a standalone UPDATE (no prior CREATE)","1917","A DELETE message after standalone UPDATE PAID","functional-tests.tests.process_messages_sender","2026-09-18","passed","2026-09-18","","test_RTP_process_sender_DELETE","",""
"","1280","A debtor with omocodia fiscal code is activated and retrieved by activation id","functional-tests.tests.activation","2026-09-18","passed","2026-09-18","","test_debtor_activation_get","",""
"","633","Non-existent NextActivationId returns 200 with empty body","functional-tests.tests.activation","2026-09-18","passed","2026-09-18","","test_debtor_activation_list","",""
"Test sending an UPDATE operation message with different statuses via GPD message API after a CREATE","2621","An UPDATE message with status PAID after CREATE","functional-tests.tests.process_messages_sender","2026-09-18","passed","2026-09-18","","test_RTP_process_sender_UPDATE","",""
"","1284","A debtor with foreign fiscal code is activated successfully","functional-tests.tests.activation","2026-09-18","passed","2026-09-18","","test_debtor_activation_create","",""
"","2971","RTP form cancellation with reason MODT","ux-tests.tests","2026-09-18","passed","2026-09-18","","test_RTP_cancel_v4","",""
"Active payer identified by an 11-digit Partita IVA → isActive must be true.","1331","An active payer with VAT number (Partita IVA) returns isActive true","functional-tests.tests.activation","2026-09-18","passed","2026-09-18","","test_debtor_activation_payer_status","",""
"","3422","A v2 redirect RTP callback with invalid status is rejected without affecting the RTP status","functional-tests.tests.callbacks_v2","2026-09-18","passed","2026-09-18","","test_RTP_callback_DS_05_redirect","",""
"","1387","Sending an RTP when EPC returns an unexpected status code error (RTP_05.CHK.A0007) returns 500 - through Web API","functional-tests.tests.send_rtp","2026-09-18","passed","2026-09-18","","test_RTP_send_MOCK","",""
"Test sending a DELETE operation message via GPD message API after a CREATE VALID + UPDATE","2742","A DELETE message after CREATE VALID + UPDATE PUBLISHED","functional-tests.tests.process_messages_sender","2026-09-18","passed","2026-09-18","","test_RTP_process_sender_DELETE","",""
"
Given a noticeNumber that does not correspond to any RTP in the database,
when the payee queries the delivery-status endpoint,
then the response must be HTTP 200 with status=PD_RTP_NOT_DELIVERED and
processingDate absent or null.
","644","Non-existent noticeNumber → PD_RTP_NOT_DELIVERED","functional-tests.tests.get_rtp","2026-09-18","passed","2026-09-18","","test_RTP_get_delivery_status","",""
"","636","Unauthorized callback due to wrong certificate serial","functional-tests.tests.callbacks","2026-09-18","passed","2026-09-18","","test_RTP_callback_DS_08","",""
"","628","The service returns the mocked server error","functional-tests.tests.availability","2026-09-18","passed","2026-09-18","","test_availability_MOCK","",""
"Each entry in ``INVALID_PAYER_IDS`` (see dataset docstring) must be rejected with 400.","637","The activation request must contain a validly formatted fiscal code","functional-tests.tests.activation","2026-09-18","passed","2026-09-18","","test_debtor_activation_create","",""
"OTP bound to payer1 should not work for payer2","1920","Test Takeover Fails with OTP Bound to Different Payer","functional-tests.tests.takeover","2026-09-18","passed","2026-09-18","","test_debtor_takeover","",""
"DS_08N RJCT callback sent twice on the same RTP (direct SENT -> REJECTED).

The second callback must be rejected with 400 since the transition is no
longer valid once the RTP is already REJECTED.
","4623","Failed v2 callback for invalid RTP transition - DS-08N negative compliant","functional-tests.tests.callbacks_v2","2026-09-18","passed","2026-09-18","","test_RTP_callback_DS_08N_negative","",""
"","623","All auth fixtures expose a valid Bearer token format","functional-tests.tests.auth","2026-09-18","passed","2026-09-18","","test_auth","",""
"Each entry in ``INVALID_PAYER_IDS`` (see dataset docstring) must be rejected with 400.","793","The activation request must contain a validly formatted fiscal code","functional-tests.tests.activation","2026-09-18","passed","2026-09-18","","test_debtor_activation_create","",""
"
Test RFC callback DS12N with non-existing service provider.

Flow:
1. Activate payer
2. Send an RTP via GPD message (CREATE VALID)
3. Cancel the RTP via GPD message (DELETE) → RTP to RFC_SENT
4. Send DS12N callback with non-existing BIC (MOCKSP99)
5. Verify callback is rejected with 400 (service provider not found)
","3492","Failed RFC callback for non existing Service Provider - DS-12N RJCR compliant","functional-tests.tests.callbacks","2026-09-18","passed","2026-09-18","","test_RTP_callback_DS_12N","",""
"
DS_12N RJCR RFC callback sent with the Version header must be rejected with 400.
The RTP must remain in RFC_SENT (transition to ERROR_CANCEL must not happen).

Flow:
1. Activate payer, send RTP, trigger cancel via GPD DELETE → RFC_SENT
2. Build a valid DS_12N RJCR payload
3. POST to RFC callback endpoint WITH Version header
4. Verify 400 is returned with the expected error body
5. Verify RTP status is still RFC_SENT
","3316","DS_12N RJCR RFC callback with Version header returns 400","functional-tests.tests.callbacks","2026-09-18","passed","2026-09-18","","test_RTP_callback_with_version_header","",""
"Test sending an UPDATE operation message with different statuses via GPD message API before a CREATE","1309","An UPDATE message with status EXPIRED before CREATE","functional-tests.tests.process_messages_sender","2026-09-18","passed","2026-09-18","","test_RTP_process_sender_UPDATE_before_CREATE","",""
"Each entry in ``INVALID_PAYER_IDS`` must be rejected with 400.

The ``description`` parameter appears in pytest output to identify which
case failed without having to inspect the raw value.
","617","Querying activation status with an invalid payerId format returns 400","functional-tests.tests.activation","2026-09-18","passed","2026-09-18","","test_debtor_activation_payer_status","",""
"","2730","An RTP callback with status ACTC is successfully received","functional-tests.tests.callbacks","2026-09-18","passed","2026-09-18","","test_RTP_callback_DS_05","",""
"Test sending a CREATE operation message with different statuses via GPD message API","1276","A CREATE message with status DRAFT","functional-tests.tests.process_messages_sender","2026-09-18","passed","2026-09-18","","test_RTP_process_sender_CREATE","",""
"
Payer activated under SP A.
Token with read_rtp_all can read across all Service Providers:
the admin client sub does not match SP A, yet isActive must be true.
","1277","read_rtp_all role returns isActive true for a payer on any Service Provider","functional-tests.tests.activation","2026-09-18","passed","2026-09-18","","test_debtor_activation_payer_status","",""
"Test sending a CREATE operation message with different statuses via GPD message API","1311","A CREATE message with status INVALID","functional-tests.tests.process_messages_sender","2026-09-18","passed","2026-09-18","","test_RTP_process_sender_CREATE","",""
"","636","All auth fixtures expose a valid Bearer token format","functional-tests.tests.auth","2026-09-18","passed","2026-09-18","","test_auth","",""
"Authenticated but not authorized: token of SP A tries to use OTP issued for SP B","1925","Test Takeover Fails with Wrong SP Token","functional-tests.tests.takeover","2026-09-18","passed","2026-09-18","","test_debtor_takeover","",""
"Each entry in ``INVALID_PAYER_IDS`` must be rejected with 400.

The ``description`` parameter appears in pytest output to identify which
case failed without having to inspect the raw value.
","629","Querying activation status with an invalid payerId format returns 400","functional-tests.tests.activation","2026-09-18","passed","2026-09-18","","test_debtor_activation_payer_status","",""
"Test sending a CREATE operation message via GPD message API","1392","A CREATE message is successfully sent through GPD message API","functional-tests.tests.process_messages_sender","2026-09-18","passed","2026-09-18","","test_RTP_process_sender","",""
"","1746","SP_B cannot retrieve activation by Activation ID created by SP_A","functional-tests.tests.activation","2026-09-18","passed","2026-09-18","","test_RTP_activation_security","",""
"","1506","An RTP is sent through API - through Web API V2","functional-tests.tests.send_rtp","2026-09-18","passed","2026-09-18","","test_RTP_send_MOCK","",""
"","1414","An RTP is sent through GPD message API","functional-tests.tests.send_rtp","2026-09-18","passed","2026-09-18","","test_RTP_send_MOCK","",""
"","709","Sending to non-activated debtor returns 422","functional-tests.tests.send_rtp","2026-09-18","passed","2026-09-18","","test_RTP_send_MOCK","",""
"","1130","Whitespaces is allowed in description and company name field","ux-tests.tests","2026-09-18","passed","2026-09-18","","test_RTP_submission_v3","",""
"Each entry in ``INVALID_PAYER_IDS`` (see dataset docstring) must be rejected with 400.","645","The activation request must contain a validly formatted fiscal code","functional-tests.tests.activation","2026-09-18","passed","2026-09-18","","test_debtor_activation_create","",""
"Each entry in ``INVALID_PAYER_IDS`` (see dataset docstring) must be rejected with 400.","640","The activation request must contain a validly formatted fiscal code","functional-tests.tests.activation","2026-09-18","passed","2026-09-18","","test_debtor_activation_create","",""
"Test sending an UPDATE operation message with different statuses via GPD message API after a CREATE","2073","An UPDATE message with status DRAFT after CREATE","functional-tests.tests.process_messages_sender","2026-09-18","passed","2026-09-18","","test_RTP_process_sender_UPDATE","",""
"
Test RFC callback DS12N with INVALID status.

Flow:
1. Activate payer
2. Send an RTP via GPD message (CREATE VALID)
3. Cancel the RTP via GPD message (DELETE) → RTP to RFC_SENT
4. Send DS12N callback with CxlStsId INVALID
5. Verify callback is rejected with 400
6. Verify RTP status is still RFC_SENT
","4018","An RFC callback DS12N INVALID is rejected with 400","functional-tests.tests.callbacks","2026-09-18","passed","2026-09-18","","test_RTP_callback_DS_12N","",""
"Each entry in ``INVALID_PAYER_IDS`` must be rejected with 400.

The ``description`` parameter appears in pytest output to identify which
case failed without having to inspect the raw value.
","625","Querying activation status with an invalid payerId format returns 400","functional-tests.tests.activation","2026-09-18","passed","2026-09-18","","test_debtor_activation_payer_status","",""
"","1269","Sending a GPD message with null operation returns 400","functional-tests.tests.send_rtp","2026-09-18","passed","2026-09-18","","test_RTP_send_MOCK","",""
"Each entry in ``INVALID_PAYER_IDS`` must be rejected with 400.

The ``description`` parameter appears in pytest output to identify which
case failed without having to inspect the raw value.
","633","Querying activation status with an invalid payerId format returns 400","functional-tests.tests.activation","2026-09-18","passed","2026-09-18","","test_debtor_activation_payer_status","",""
"","2079","An RTP sent with synchronous acceptance is in status ACCEPTED - DS-05 ACTC - through Web API V2","functional-tests.tests.send_rtp","2026-09-18","passed","2026-09-18","","test_RTP_send_MOCK","",""
"Payer activated under SP A queried by SP A → isActive must be true.","1292","An active payer returns isActive true for the same Service Provider","functional-tests.tests.activation","2026-09-18","passed","2026-09-18","","test_debtor_activation_payer_status","",""
"","2709","An RTP callback is received with invalid status","functional-tests.tests.callbacks","2026-09-18","passed","2026-09-18","","test_RTP_callback_DS_08","",""
"","4163","Successfully cancel a Request to Pay","bdd-tests","2026-09-18","passed","2026-09-18","RTP_Cancellation","RTP","",""
"","3252","A v2 document RTP callback with status RJCT is successfully received","functional-tests.tests.callbacks_v2","2026-09-18","passed","2026-09-18","","test_RTP_callback_DS_document_rjct","",""
"","2037","RTP cancellation fails with an invalid reason","functional-tests.tests.cancel_rtp","2026-09-18","passed","2026-09-18","","test_RTP_cancel","",""
"Each entry in ``INVALID_PAYER_IDS`` (see dataset docstring) must be rejected with 400.","633","The activation request must contain a validly formatted fiscal code","functional-tests.tests.activation","2026-09-18","passed","2026-09-18","","test_debtor_activation_create","",""
"Missing or invalid Bearer token → the endpoint must return 401.","619","Querying activation status without a valid token returns 401","functional-tests.tests.activation","2026-09-18","passed","2026-09-18","","test_debtor_activation_payer_status","",""
"","728","The RTP web page is reachable","functional-tests.tests.availability","2026-09-18","passed","2026-09-18","","test_availability_RTP_webform","",""
"","2099","An RTP sent when EPC response omits _links is in status ACCEPTED - through Web API V2","functional-tests.tests.send_rtp","2026-09-18","passed","2026-09-18","","test_RTP_send_MOCK","",""
"","2835","RTP is successfully cancelled with reason PAID","functional-tests.tests.cancel_rtp","2026-09-18","passed","2026-09-18","","test_RTP_cancel","",""
"","1258","Get paginated list of payees successfully","functional-tests.tests.service_registry","2026-09-18","passed","2026-09-18","","test_service_registry_payees_registry","",""
"
Test RFC callback DS12P with non-existing service provider, cancel via REST Web API.

Flow:
1. Activate payer
2. Send an RTP via GPD message (CREATE VALID)
3. Cancel the RTP via REST cancel endpoint with cancel_reason → RTP to RFC_SENT
4. Send DS12P callback with non-existing BIC (MOCKSP99)
5. Verify callback is rejected with 400 (service provider not found)
","2751","Failed RFC callback for non existing Service Provider - DS-12P CNCL compliant - through Web API cancel","functional-tests.tests.callbacks","2026-09-18","passed","2026-09-18","","test_RTP_callback_DS_12P","",""
"Test the takeover flow where a user changes service provider","4357","Test Takeover Flow","functional-tests.tests.takeover","2026-09-18","passed","2026-09-18","","test_debtor_takeover","",""
"","1528","SP_ACTIVATIONS_READ_ALL can retrieve activation by Fiscal Code created by SP_A","functional-tests.tests.activation","2026-09-18","passed","2026-09-18","","test_RTP_activation_security","",""
"","606","Unauthorized request returns 401","functional-tests.tests.activation","2026-09-18","passed","2026-09-18","","test_debtor_activation_list","",""
"
DS_05 ACTC callback sent with the Version header must be rejected with 400.
The RTP must remain in SENT (transition to ACCEPTED must not happen).

Flow:
1. Activate payer and send an RTP → resource_id
2. Build a valid DS_05 ACTC payload referencing the RTP
3. POST to callback endpoint WITH Version header
4. Verify 400 is returned with the expected error body
5. Verify RTP status is still SENT
","2618","DS_05 ACTC callback with Version header returns 400","functional-tests.tests.callbacks","2026-09-18","passed","2026-09-18","","test_RTP_callback_with_version_header","",""
"Each entry in ``INVALID_PAYER_IDS`` must be rejected with 400.

The ``description`` parameter appears in pytest output to identify which
case failed without having to inspect the raw value.
","624","Querying activation status with an invalid payerId format returns 400","functional-tests.tests.activation","2026-09-18","passed","2026-09-18","","test_debtor_activation_payer_status","",""
"","1220","An RTP is sent to ICCREA service with activated fiscal code","functional-tests.tests.send_rtp","2026-09-18","passed","2026-09-18","","test_RTP_send_ICCREA","",""
"Test sending an UPDATE operation message with different statuses via GPD message API after a CREATE","2435","An UPDATE message with status VALID after CREATE","functional-tests.tests.process_messages_sender","2026-09-18","passed","2026-09-18","","test_RTP_process_sender_UPDATE","",""
"","1406","Sending an RTP when EPC returns a malformed/invalid response body returns 500 - through Web API V2","functional-tests.tests.send_rtp","2026-09-18","passed","2026-09-18","","test_RTP_send_MOCK","",""
"","907","Get paginated list of OPT_OUT payees consents successfully","functional-tests.tests.service_registry","2026-09-18","passed","2026-09-18","","test_get_payees_consents","",""
"","1453","An RTP is sent through API - through Web API","functional-tests.tests.send_rtp","2026-09-18","passed","2026-09-18","","test_RTP_send_MOCK","",""
"","1951","RTP form is filled and submitted","ux-tests.tests","2026-09-18","passed","2026-09-18","","test_RTP_submission_v3","",""
"","3317","An RTP callback with status REJECTED is successfully received","functional-tests.tests.callbacks","2026-09-18","passed","2026-09-18","","test_RTP_callback_DS_08","",""
"","2769","Failed callback for non existing Service Provider - DS-08N negative compliant","functional-tests.tests.callbacks_v2","2026-09-18","passed","2026-09-18","","test_RTP_callback_DS_08N_negative","",""
"
Test v2 RFC callback DS12N with RJCR status.

Flow:
1. Activate payer
2. Send an RTP via GPD message v2 (CREATE VALID)
3. Cancel the RTP via GPD message v2 (DELETE) -> RTP to RFC_SENT
4. Send DS12N callback with CxlStsId RJCR (Rejected Cancellation Request)
5. Verify callback is accepted (200)
6. Verify RTP status is CANCELLED_REJECTED
","4010","A v2 RFC callback DS12N RJCR is successfully received and RTP status is CANCELLED_REJECTED","functional-tests.tests.callbacks_v2","2026-09-18","passed","2026-09-18","","test_RTP_callback_DS_12N_negative","",""
"Test sending a CREATE operation message with different statuses via GPD message API","1276","A CREATE message with status PAID","functional-tests.tests.process_messages_sender","2026-09-18","passed","2026-09-18","","test_RTP_process_sender_CREATE","",""
"UPDATE VALID with an ec_tax_code that does not exist in GPD returns 422 Payee not found","1476","An UPDATE VALID message with a non-existent ec_tax_code is rejected","functional-tests.tests.process_messages_sender","2026-09-18","passed","2026-09-18","","test_RTP_process_sender_UPDATE","",""
"MOCKSP04 owns both its own spId and MOCKSP01; redeeming an OTP scoped to MOCKSP01 must
assign MOCKSP01 to the new activation, not MOCKSP04 (the redeemer's own tspId).","3645","Test Takeover Redemption Assigns the OTP's Owned Service Provider ID","functional-tests.tests.takeover","2026-09-18","passed","2026-09-18","","test_debtor_takeover","",""
"`Sts.Conf = ""RJCR""` triggers CANCEL_RTP -> CONFIRM_RFC -> CANCEL_RTP_REJECTED, ending in CANCELLED_REJECTED.","3395","Cancelling an RTP - EPC v4 mock happy path scenario: rjcr_rejected","functional-tests.tests.cancel_rtp","2026-09-18","passed","2026-09-18","","test_RTP_cancel_MOCK_V2","",""
"","642","Find by payer id request must contain lower case fiscal code","functional-tests.tests.activation","2026-09-18","passed","2026-09-18","","test_debtor_activation_create","",""
"","4264","An RTP is sent through CBI API","functional-tests.tests.availability","2026-09-18","passed","2026-09-18","","test_availability_CBI","",""
"MOCKSP04 owns MOCKSP01 as well as its own spId; status must reflect the activation either way.","1280","An active payer returns isActive true when activated under an owned but distinct Service Provider ID","functional-tests.tests.activation","2026-09-18","passed","2026-09-18","","test_debtor_activation_payer_status","",""
"","2740","Unauthorized callback due to wrong certificate serial","functional-tests.tests.callbacks_v2","2026-09-18","passed","2026-09-18","","test_RTP_callback_DS_08P_positive","",""
"Each entry in ``INVALID_PAYER_IDS`` (see dataset docstring) must be rejected with 400.","620","The activation request must contain a validly formatted fiscal code","functional-tests.tests.activation","2026-09-18","passed","2026-09-18","","test_debtor_activation_create","",""
"Each entry in ``INVALID_PAYER_IDS`` (see dataset docstring) must be rejected with 400.","639","The activation request must contain a validly formatted fiscal code","functional-tests.tests.activation","2026-09-18","failed","2026-09-18","","test_debtor_activation_create","",""
"","1","A Service Provider is authenticated","functional-tests.tests.auth","2026-09-18","passed","2026-09-18","","test_auth","",""
"","4638","Failed callback for invalid RTP transition - DS-08P ACCP compliant","functional-tests.tests.callbacks","2026-09-18","passed","2026-09-18","","test_RTP_callback_DS_08","",""
