"DESCRIPTION","DURATION IN MS","NAME","PARENT SUITE","START TIME","STATUS","STOP TIME","SUB SUITE","SUITE","TEST CLASS","TEST METHOD"
"","1969","An RTP sent with synchronous acceptance is in status ACCEPTED - DS-05 ACTC - through Web API","functional-tests.tests.send_rtp","2026-07-31","passed","2026-07-31","","test_RTP_send_MOCK","",""
"The PSP synchronously rejects the cancellation request with 422 (per standard behaviour for the EPC 404 Not Found scenario). The RTP then transitions to ERROR_CANCEL via ERROR_CANCEL_RTP.","3470","Cancelling an RTP - EPC v4 mock unhappy path scenario: epc_404","functional-tests.tests.cancel_rtp","2026-07-31","failed","2026-07-31","","test_RTP_cancel_MOCK_V2","",""
"The response body is not a recognizable cancellation confirmation (quoted plain string), so the RTP stays in RFC_SENT.","3525","Cancelling an RTP - EPC v4 mock happy path scenario: plain_string","functional-tests.tests.cancel_rtp","2026-07-31","passed","2026-07-31","","test_RTP_cancel_MOCK_V2","",""
"Test sending a DELETE operation message via GPD message API after a CREATE VALID + UPDATE","3170","A DELETE message after CREATE VALID + UPDATE PUBLISHED","functional-tests.tests.process_messages_sender","2026-07-31","passed","2026-07-31","","test_RTP_process_sender_DELETE","",""
"
Given a noticeNumber that does not correspond to any RTP in the database,
when the payee queries the delivery-status endpoint,
then the response must be HTTP 200 with status=PD_RTP_NOT_DELIVERED and
processingDate absent or null.
","634","Non-existent noticeNumber → PD_RTP_NOT_DELIVERED","functional-tests.tests.get_rtp","2026-07-31","passed","2026-07-31","","test_RTP_get_delivery_status","",""
"Each entry in ``INVALID_PAYER_IDS`` must be rejected with 400.

The ``description`` parameter appears in pytest output to identify which
case failed without having to inspect the raw value.
","610","Querying activation status with an invalid payerId format returns 400","functional-tests.tests.activation","2026-07-31","passed","2026-07-31","","test_debtor_activation_payer_status","",""
"`Sts.Conf = ""RJCR""` triggers CANCEL_RTP -> CONFIRM_RFC -> CANCEL_RTP_REJECTED, ending in CANCELLED_REJECTED.","4024","Cancelling an RTP - EPC v4 mock happy path scenario: rjcr_rejected","functional-tests.tests.cancel_rtp","2026-07-31","passed","2026-07-31","","test_RTP_cancel_MOCK_V2","",""
"","2589","An RTP sent with synchronous rejection is in status REJECTED - DS-08P N","functional-tests.tests.send_rtp","2026-07-31","passed","2026-07-31","","test_RTP_send_MOCK","",""
"Test sending a DELETE operation message via GPD message API after a CREATE","2531","A DELETE message after CREATE PARTIALLY_PAID","functional-tests.tests.process_messages_sender","2026-07-31","passed","2026-07-31","","test_RTP_process_sender_DELETE","",""
"
Verify that a debt position can be updated successfully.
","7695","Happy path: a debt position is updated in DEV environment","functional-tests.tests.gpd_availability","2026-07-31","passed","2026-07-31","","test_availability_GPD","",""
"
Test v2 RFC callback DS12N with RJCR status.

Flow:
1. Activate payer
2. Send an RTP via GPD message v2 (CREATE VALID)
3. Cancel the RTP via GPD message v2 (DELETE) -> RTP to RFC_SENT
4. Send DS12N callback with CxlStsId RJCR (Rejected Cancellation Request)
5. Verify callback is accepted (200)
6. Verify RTP status is CANCELLED_REJECTED
","4697","A v2 RFC callback DS12N RJCR is successfully received and RTP status is CANCELLED_REJECTED","functional-tests.tests.callbacks_v2","2026-07-31","passed","2026-07-31","","test_RTP_callback_DS_12N_negative","",""
"Each entry in ``INVALID_PAYER_IDS`` (see dataset docstring) must be rejected with 400.","625","The activation request must contain a validly formatted fiscal code","functional-tests.tests.activation","2026-07-31","passed","2026-07-31","","test_debtor_activation_create","",""
"","3902","Failed callback for non compliant DS-04b payload","functional-tests.tests.callbacks","2026-07-31","passed","2026-07-31","","test_RTP_callback_DS_04","",""
"Test sending a CREATE operation message with different statuses via GPD message API","1264","A CREATE message with status PARTIALLY_PAID","functional-tests.tests.process_messages_sender","2026-07-31","passed","2026-07-31","","test_RTP_process_sender_CREATE","",""
"Test sending a CREATE operation message with an omocodia fiscal code via GPD message API","1366","A CREATE message with omocodia fiscal code is successfully sent through GPD message API","functional-tests.tests.process_messages_sender","2026-07-31","passed","2026-07-31","","test_RTP_process_sender","",""
"Each entry in ``INVALID_PAYER_IDS`` must be rejected with 400.

The ``description`` parameter appears in pytest output to identify which
case failed without having to inspect the raw value.
","644","Querying activation status with an invalid payerId format returns 400","functional-tests.tests.activation","2026-07-31","passed","2026-07-31","","test_debtor_activation_payer_status","",""
"","1288","A debtor with VAT number (Partita IVA) is activated successfully","functional-tests.tests.activation","2026-07-31","passed","2026-07-31","","test_debtor_activation_create","",""
"","631","A Service Provider with invalid client ID is not authenticated on Keycloak","functional-tests.tests.auth","2026-07-31","passed","2026-07-31","","test_auth","",""
"","2484","An authenticated Service Provider cannot send an RTP to an activated debtor","bdd-tests","2026-07-31","passed","2026-07-31","RTP_Sending","RTP","",""
"","4464","A v2 RTP callback with invalid status is rejected without affecting the RTP status","functional-tests.tests.callbacks_v2","2026-07-31","passed","2026-07-31","","test_RTP_callback_DS_08P_positive","",""
"","586","Get payees with invalid authorization","functional-tests.tests.service_registry","2026-07-31","passed","2026-07-31","","test_service_registry_payees_registry","",""
"","3786","DS_document RJCT v2 callback with Version header returns 400","functional-tests.tests.callbacks_v2","2026-07-31","passed","2026-07-31","","test_RTP_callback_with_version_header","",""
"Availability probe for takeover notification mock endpoint: expects 204 No Content","632","Test Takeover Notification Endpoint","functional-tests.tests.takeover","2026-07-31","passed","2026-07-31","","test_debtor_takeover","",""
"Test sending an UPDATE operation message with different statuses via GPD message API before a CREATE","1779","An UPDATE message with status PARTIALLY_PAID before CREATE","functional-tests.tests.process_messages_sender","2026-07-31","passed","2026-07-31","","test_RTP_process_sender_UPDATE_before_CREATE","",""
"","642","The activation request must contain a validly formatted Service Provider ID","functional-tests.tests.activation","2026-07-31","passed","2026-07-31","","test_debtor_activation_create","",""
"Payer activated then deactivated by SP A → isActive must be false.","1997","A deactivated payer returns isActive false","functional-tests.tests.activation","2026-07-31","passed","2026-07-31","","test_debtor_activation_payer_status","",""
"Takeover without a previously issued OTP should fail","1273","Test Takeover Fails without Prior OTP","functional-tests.tests.takeover","2026-07-31","passed","2026-07-31","","test_debtor_takeover","",""
"","4243","An RTP is sent to a CBI service with activated fiscal code - through Web API","functional-tests.tests.send_rtp","2026-07-31","passed","2026-07-31","","test_RTP_send_CBI","",""
"","597","Get payees with invalid authorization","functional-tests.tests.service_registry","2026-07-31","passed","2026-07-31","","test_service_registry_service_providers","",""
"","1996","An RTP sent when EPC response contains an unknown field is ignored and remains in status SENT - through Web API","functional-tests.tests.send_rtp","2026-07-31","passed","2026-07-31","","test_RTP_send_MOCK","",""
"","1587","SP_B cannot retrieve activation by Activation ID created by SP_A","functional-tests.tests.activation","2026-07-31","passed","2026-07-31","","test_RTP_activation_security","",""
"","4358","DS_12N negative RFC v2 callback with Version header returns 400","functional-tests.tests.callbacks_v2","2026-07-31","passed","2026-07-31","","test_RTP_callback_with_version_header","",""
"","1351","Get paginated list of payees successfully","functional-tests.tests.service_registry","2026-07-31","passed","2026-07-31","","test_service_registry_payees_registry","",""
"","1227","Get paginated list of OPT_OUT payees consents successfully","functional-tests.tests.service_registry","2026-07-31","passed","2026-07-31","","test_get_payees_consents","",""
"Test sending a DELETE operation message via GPD message API after a CREATE VALID + UPDATE","2833","A DELETE message after CREATE VALID + UPDATE PARTIALLY_PAID","functional-tests.tests.process_messages_sender","2026-07-31","passed","2026-07-31","","test_RTP_process_sender_DELETE","",""
"Test sending an UPDATE after CREATE VALID + DELETE with different statuses","2634","An UPDATE message with status INVALID after CREATE VALID and DELETE","functional-tests.tests.process_messages_sender","2026-07-31","passed","2026-07-31","","test_RTP_process_sender_UPDATE","",""
"","622","Deactivation fails for non-existing activation","functional-tests.tests.activation","2026-07-31","passed","2026-07-31","","test_debtor_deactivation","",""
"Each entry in ``INVALID_PAYER_IDS`` (see dataset docstring) must be rejected with 400.","621","The activation request must contain a validly formatted fiscal code","functional-tests.tests.activation","2026-07-31","passed","2026-07-31","","test_debtor_activation_create","",""
"Querying activation status with an empty payerId must be rejected with 404.","601","Querying activation status with an empty payerId returns 404","functional-tests.tests.activation","2026-07-31","passed","2026-07-31","","test_debtor_activation_payer_status","",""
"Empty OTP should be rejected","836","Test Takeover Fails with Empty OTP","functional-tests.tests.takeover","2026-07-31","passed","2026-07-31","","test_debtor_takeover","",""
"","3453","An RTP sent with synchronous rejection containing extra fields results in status REJECTED","functional-tests.tests.send_rtp","2026-07-31","passed","2026-07-31","","test_RTP_send_MOCK","",""
"
Test RFC callback DS12N with wrong certificate identity.

Flow:
1. Activate payer
2. Send an RTP via GPD message (CREATE VALID)
3. Cancel the RTP via GPD message (DELETE) → RTP to RFC_SENT
4. Send DS12N callback with assignee_bic='FAKESP01' (doesn't match certificate identity MOCKSP04)
5. Verify callback is rejected with 403 (certificate mismatch)
","2636","Unauthorized RFC callback due to wrong certificate serial","functional-tests.tests.callbacks","2026-07-31","passed","2026-07-31","","test_RTP_callback_DS_12N","",""
"","4637","An RTP callback is successfully received","functional-tests.tests.callbacks","2026-07-31","passed","2026-07-31","","test_RTP_callback_DS_04","",""
"Each entry in ``INVALID_PAYER_IDS`` must be rejected with 400.

The ``description`` parameter appears in pytest output to identify which
case failed without having to inspect the raw value.
","616","Querying activation status with an invalid payerId format returns 400","functional-tests.tests.activation","2026-07-31","passed","2026-07-31","","test_debtor_activation_payer_status","",""
"Test sending a DELETE operation message via GPD message API after a CREATE","2438","A DELETE message after CREATE PAID","functional-tests.tests.process_messages_sender","2026-07-31","passed","2026-07-31","","test_RTP_process_sender_DELETE","",""
"","785","Get payees consents with extreme page size returns 400","functional-tests.tests.service_registry","2026-07-31","passed","2026-07-31","","test_get_payees_consents","",""
"Test sending a DELETE operation message via GPD message API after a standalone UPDATE (no prior CREATE)","2092","A DELETE message after standalone UPDATE PUBLISHED","functional-tests.tests.process_messages_sender","2026-07-31","passed","2026-07-31","","test_RTP_process_sender_DELETE","",""
"
Test RFC callback DS12P with wrong certificate identity, cancel via REST Web API.

Flow:
1. Activate payer
2. Send an RTP via GPD message (CREATE VALID)
3. Cancel the RTP via REST cancel endpoint with cancel_reason → RTP to RFC_SENT
4. Send DS12P callback with assignee_bic='FAKESP01' (doesn't match certificate identity MOCKSP04)
5. Verify callback is rejected with 403 (certificate mismatch)
","3671","Unauthorized RFC callback due to wrong certificate serial - through Web API cancel","functional-tests.tests.callbacks","2026-07-31","passed","2026-07-31","","test_RTP_callback_DS_12P","",""
"","646","Failed callback for non existing Service Provider - DS-04b compliant","functional-tests.tests.callbacks","2026-07-31","passed","2026-07-31","","test_RTP_callback_DS_04","",""
"Each entry in ``INVALID_PAYER_IDS`` must be rejected with 400.

The ``description`` parameter appears in pytest output to identify which
case failed without having to inspect the raw value.
","613","Querying activation status with an invalid payerId format returns 400","functional-tests.tests.activation","2026-07-31","passed","2026-07-31","","test_debtor_activation_payer_status","",""
"","4529","A debtor Service Provider successfully takes over an activation from another provider","bdd-tests","2026-07-31","passed","2026-07-31","Debtor_Activation_Takeover","RTP","",""
"
DS_04b callback sent with the Version header must be rejected with 400.
The RTP state must be unchanged.

Flow:
1. Activate payer and send an RTP → resource_id
2. Capture current RTP status
3. Build a valid DS_04b payload referencing the RTP
4. POST to callback endpoint WITH Version header
5. Verify 400 is returned with the expected error body
6. Verify RTP status is unchanged
","3938","DS_04b callback with Version header returns 400","functional-tests.tests.callbacks","2026-07-31","passed","2026-07-31","","test_RTP_callback_with_version_header","",""
"","3515","RTP cancellation fails with an invalid reason","functional-tests.tests.cancel_rtp","2026-07-31","passed","2026-07-31","","test_RTP_cancel","",""
"Each entry in ``INVALID_PAYER_IDS`` must be rejected with 400.

The ``description`` parameter appears in pytest output to identify which
case failed without having to inspect the raw value.
","1125","Querying activation status with an invalid payerId format returns 400","functional-tests.tests.activation","2026-07-31","passed","2026-07-31","","test_debtor_activation_payer_status","",""
"Test sending a DELETE operation message via GPD message API after a CREATE VALID + UPDATE","4070","A DELETE message after CREATE VALID + UPDATE VALID","functional-tests.tests.process_messages_sender","2026-07-31","passed","2026-07-31","","test_RTP_process_sender_DELETE","",""
"Each entry in ``INVALID_PAYER_IDS`` must be rejected with 400.

The ``description`` parameter appears in pytest output to identify which
case failed without having to inspect the raw value.
","622","Querying activation status with an invalid payerId format returns 400","functional-tests.tests.activation","2026-07-31","passed","2026-07-31","","test_debtor_activation_payer_status","",""
"","6146","DS_08N negative v2 callback with Version header returns 400","functional-tests.tests.callbacks_v2","2026-07-31","passed","2026-07-31","","test_RTP_callback_with_version_header","",""
"","1441","An authenticated Service Provider cannot send an RTP to an unactivated debtor","bdd-tests","2026-07-31","passed","2026-07-31","RTP_Sending","RTP","",""
"
DS_08P ACCP callback sent with the Version header must be rejected with 400.
The RTP must remain in ACCEPTED (transition to USER_ACCEPTED must not happen).

Flow:
1. Activate payer, send RTP, advance to ACCEPTED via DS_05 (without header)
2. Build a valid DS_08P ACCP payload
3. POST WITH Version header
4. Verify 400 is returned with the expected error body
5. Verify RTP status is still ACCEPTED
","3237","DS_08P ACCP callback with Version header returns 400","functional-tests.tests.callbacks","2026-07-31","passed","2026-07-31","","test_RTP_callback_with_version_header","",""
"","663","Sending to non-activated debtor returns 422","functional-tests.tests.send_rtp","2026-07-31","passed","2026-07-31","","test_RTP_send_MOCK","",""
"","2435","RTP is successfully cancelled with reason MODT - V2","functional-tests.tests.cancel_rtp","2026-07-31","passed","2026-07-31","","test_RTP_cancel","",""
"","609","Unauthorized callback due to wrong certificate serial","functional-tests.tests.callbacks","2026-07-31","passed","2026-07-31","","test_RTP_callback_DS_04","",""
"","7440","RTP form cancellation with reason MODT","ux-tests.tests","2026-07-31","failed","2026-07-31","","test_RTP_cancel_v4","",""
"","591","Missing Version header returns 200","functional-tests.tests.activation","2026-07-31","passed","2026-07-31","","test_debtor_activation_list","",""
"","2455","RTP is successfully cancelled with reason PAID","functional-tests.tests.cancel_rtp","2026-07-31","passed","2026-07-31","","test_RTP_cancel","",""
"Test sending an UPDATE after CREATE VALID + DELETE with different statuses","2673","An UPDATE message with status PAID after CREATE VALID and DELETE","functional-tests.tests.process_messages_sender","2026-07-31","passed","2026-07-31","","test_RTP_process_sender_UPDATE","",""
"The PSP synchronously rejects the cancellation request with 422 (per standard behaviour for the EPC 429 Too Many Requests scenario). The RTP then transitions to ERROR_CANCEL via ERROR_CANCEL_RTP.","13439","Cancelling an RTP - EPC v4 mock unhappy path scenario: epc_429","functional-tests.tests.cancel_rtp","2026-07-31","failed","2026-07-31","","test_RTP_cancel_MOCK_V2","",""
"Test sending an UPDATE operation message with different statuses via GPD message API after a CREATE","2633","An UPDATE message with status VALID after CREATE","functional-tests.tests.process_messages_sender","2026-07-31","passed","2026-07-31","","test_RTP_process_sender_UPDATE","",""
"Test sending a DELETE operation message via GPD message API after a CREATE","1887","A DELETE message after CREATE INVALID","functional-tests.tests.process_messages_sender","2026-07-31","passed","2026-07-31","","test_RTP_process_sender_DELETE","",""
"
DS_12N RJCR RFC callback sent with the Version header must be rejected with 400.
The RTP must remain in RFC_SENT (transition to ERROR_CANCEL must not happen).

Flow:
1. Activate payer, send RTP, trigger cancel via GPD DELETE → RFC_SENT
2. Build a valid DS_12N RJCR payload
3. POST to RFC callback endpoint WITH Version header
4. Verify 400 is returned with the expected error body
5. Verify RTP status is still RFC_SENT
","3253","DS_12N RJCR RFC callback with Version header returns 400","functional-tests.tests.callbacks","2026-07-31","passed","2026-07-31","","test_RTP_callback_with_version_header","",""
"
Test v2 RFC callback DS12P with wrong certificate identity.

Flow:
1. Activate payer
2. Send an RTP via GPD message v2 (CREATE VALID)
3. Cancel the RTP via GPD message v2 (DELETE) -> RTP to RFC_SENT
4. Send DS12P callback with assignee_bic='FAKESP01' (doesn't match certificate identity)
5. Verify callback is rejected with 403 (certificate mismatch)
6. Verify RTP status is still RFC_SENT
","3489","Unauthorized v2 RFC callback due to wrong certificate serial","functional-tests.tests.callbacks_v2","2026-07-31","passed","2026-07-31","","test_RTP_callback_DS_12P_positive","",""
"Each entry in ``INVALID_PAYER_IDS`` must be rejected with 400.

The ``description`` parameter appears in pytest output to identify which
case failed without having to inspect the raw value.
","621","Querying activation status with an invalid payerId format returns 400","functional-tests.tests.activation","2026-07-31","passed","2026-07-31","","test_debtor_activation_payer_status","",""
"Test sending a CREATE operation message with different statuses via GPD message API","1372","A CREATE message with status VALID","functional-tests.tests.process_messages_sender","2026-07-31","passed","2026-07-31","","test_RTP_process_sender_CREATE","",""
"","651","Non-integer size returns 400","functional-tests.tests.activation","2026-07-31","passed","2026-07-31","","test_debtor_activation_list","",""
"","637","All auth fixtures expose a valid Bearer token format","functional-tests.tests.auth","2026-07-31","passed","2026-07-31","","test_auth","",""
"","865","Get list of service providers successfully","functional-tests.tests.service_registry","2026-07-31","passed","2026-07-31","","test_service_registry_service_providers","",""
"CREATE VALID with an ec_tax_code that does not exist in GPD returns 422 Payee not found","1282","A CREATE VALID message with a non-existent ec_tax_code is rejected","functional-tests.tests.process_messages_sender","2026-07-31","passed","2026-07-31","","test_RTP_process_sender_CREATE","",""
"Authenticated but not authorized: token of SP A tries to use OTP issued for SP B","1920","Test Takeover Fails with Wrong SP Token","functional-tests.tests.takeover","2026-07-31","passed","2026-07-31","","test_debtor_takeover","",""
"An EPC response containing fields not declared in the OpenAPI spec is treated as an invalid message and is NOT tolerated for accept/reject purposes (confirmed with rtp-sender-v2 maintainers, PR #26). The extra `invalid-field` property invalidates the whole response, so the RJCR confirmation is not processed and the RTP stays in RFC_SENT.","3594","Cancelling an RTP - EPC v4 mock unhappy path scenario: rjcr_extra_field","functional-tests.tests.cancel_rtp","2026-07-31","passed","2026-07-31","","test_RTP_cancel_MOCK_V2","",""
"The PSP synchronously rejects the cancellation request with 422 (per standard behaviour for the EPC 400 Bad Request scenario). The RTP then transitions to ERROR_CANCEL via ERROR_CANCEL_RTP.","4350","Cancelling an RTP - EPC v4 mock unhappy path scenario: epc_400","functional-tests.tests.cancel_rtp","2026-07-31","failed","2026-07-31","","test_RTP_cancel_MOCK_V2","",""
"","1977","An RTP sent when EPC response omits _links is in status ACCEPTED","functional-tests.tests.send_rtp","2026-07-31","passed","2026-07-31","","test_RTP_send_MOCK","",""
"","6926","RTP form cancellation with reason MODT","ux-tests.tests","2026-07-31","failed","2026-07-31","","test_RTP_cancel_v3","",""
"","2076","Takeover fails without authentication","bdd-tests","2026-07-31","passed","2026-07-31","Debtor_Activation_Takeover","RTP","",""
"","1498","A second service provider triggers takeover when debtor is already active on another service provider","functional-tests.tests.activation","2026-07-31","passed","2026-07-31","","test_debtor_activation_create","",""
"Test sending a DELETE operation message via GPD message API after a CREATE VALID + UPDATE","3505","A DELETE message after CREATE VALID + UPDATE DRAFT","functional-tests.tests.process_messages_sender","2026-07-31","passed","2026-07-31","","test_RTP_process_sender_DELETE","",""
"","2839","Unauthorized callback due to wrong certificate serial","functional-tests.tests.callbacks_v2","2026-07-31","passed","2026-07-31","","test_RTP_callback_DS_08N_negative","",""
"Each entry in ``INVALID_PAYER_IDS`` (see dataset docstring) must be rejected with 400.","641","The activation request must contain a validly formatted fiscal code","functional-tests.tests.activation","2026-07-31","passed","2026-07-31","","test_debtor_activation_create","",""
"","1157","Whitespaces is allowed in description and company name field","ux-tests.tests","2026-07-31","passed","2026-07-31","","test_RTP_submission_v3","",""
"","620","Get payees consents with wrong token type returns 403","functional-tests.tests.service_registry","2026-07-31","passed","2026-07-31","","test_get_payees_consents","",""
"Test sending a DELETE operation message via GPD message API after a CREATE VALID + UPDATE","2878","A DELETE message after CREATE VALID + UPDATE EXPIRED","functional-tests.tests.process_messages_sender","2026-07-31","passed","2026-07-31","","test_RTP_process_sender_DELETE","",""
"","3730","An RTP sent with synchronous rejection is in status REJECTED - DS-08P N - through Web API V2","functional-tests.tests.send_rtp","2026-07-31","passed","2026-07-31","","test_RTP_send_MOCK","",""
"Takeover with syntactically valid but nonsensical body should fail","1906","Test Takeover Fails with Nonsensical Body","functional-tests.tests.takeover","2026-07-31","passed","2026-07-31","","test_debtor_takeover","",""
"
Test RFC callback DS12N with RJCR status, cancel triggered via REST Web API with explicit reason.

Flow:
1. Activate payer
2. Send an RTP via GPD message (CREATE VALID)
3. Cancel the RTP via REST cancel endpoint with cancel_reason → RTP to RFC_SENT
4. Send DS12N callback with CxlStsId RJCR (Rejected Cancellation Request)
5. Verify callback is accepted (200)
6. Verify RTP status is ERROR_CANCEL
","4198","An RFC callback DS12N RJCR is successfully received and RTP status is ERROR_CANCEL - through Web API cancel","functional-tests.tests.callbacks","2026-07-31","passed","2026-07-31","","test_RTP_callback_DS_12N","",""
"","1260","A debtor with VAT number is activated and retrieved by activation id","functional-tests.tests.activation","2026-07-31","passed","2026-07-31","","test_debtor_activation_get","",""
"","612","All auth fixtures expose a valid Bearer token format","functional-tests.tests.auth","2026-07-31","passed","2026-07-31","","test_auth","",""
"
Test RFC callback DS12N with non-existing service provider.

Flow:
1. Activate payer
2. Send an RTP via GPD message (CREATE VALID)
3. Cancel the RTP via GPD message (DELETE) → RTP to RFC_SENT
4. Send DS12N callback with non-existing BIC (MOCKSP99)
5. Verify callback is rejected with 400 (service provider not found)
","3668","Failed RFC callback for non existing Service Provider - DS-12N RJCR compliant","functional-tests.tests.callbacks","2026-07-31","passed","2026-07-31","","test_RTP_callback_DS_12N","",""
"
Verify that a debt position can be deleted successfully.
","2892","Happy path: a debt position is deleted in UAT environment","functional-tests.tests.gpd_availability","2026-07-31","passed","2026-07-31","","test_availability_GPD","",""
"","0","A Service Provider is authenticated","functional-tests.tests.auth","2026-07-31","passed","2026-07-31","","test_auth","",""
"Test sending a DELETE operation message via GPD message API after a CREATE","1957","A DELETE message after CREATE DRAFT","functional-tests.tests.process_messages_sender","2026-07-31","passed","2026-07-31","","test_RTP_process_sender_DELETE","",""
"","726","Retrieving activation with invalid UUID returns 400","functional-tests.tests.activation","2026-07-31","passed","2026-07-31","","test_debtor_activation_get","",""
"","1270","A debtor with omocodia fiscal code is activated successfully","functional-tests.tests.activation","2026-07-31","passed","2026-07-31","","test_debtor_activation_create","",""
"Each entry in ``INVALID_PAYER_IDS`` must be rejected with 400.

The ``description`` parameter appears in pytest output to identify which
case failed without having to inspect the raw value.
","625","Querying activation status with an invalid payerId format returns 400","functional-tests.tests.activation","2026-07-31","failed","2026-07-31","","test_debtor_activation_payer_status","",""
"","3440","A debtor Service Provider activates a debtor","bdd-tests","2026-07-31","passed","2026-07-31","Debtor_Activation","RTP","",""
"","1281","A debtor is deactivated by an authenticated service provider","functional-tests.tests.activation","2026-07-31","passed","2026-07-31","","test_debtor_deactivation","",""
"
Test RFC callback DS12N with INVALID status, cancel via REST Web API.

Flow:
1. Activate payer
2. Send an RTP via GPD message (CREATE VALID)
3. Cancel the RTP via REST cancel endpoint with cancel_reason → RTP to RFC_SENT
4. Send DS12N callback with CxlStsId INVALID
5. Verify callback is rejected with 400
6. Verify RTP status is still RFC_SENT
","4196","An RFC callback DS12N INVALID is rejected with 400 - through Web API cancel","functional-tests.tests.callbacks","2026-07-31","passed","2026-07-31","","test_RTP_callback_DS_12N","",""
"","2555","An RTP sent with synchronous rejection is in status REJECTED - DS-08P N - through Web API","functional-tests.tests.send_rtp","2026-07-31","passed","2026-07-31","","test_RTP_send_MOCK","",""
"","1973","An RTP sent when EPC response omits _links is in status ACCEPTED - through Web API","functional-tests.tests.send_rtp","2026-07-31","passed","2026-07-31","","test_RTP_send_MOCK","",""
"Each entry in ``INVALID_PAYER_IDS`` must be rejected with 400.

The ``description`` parameter appears in pytest output to identify which
case failed without having to inspect the raw value.
","618","Querying activation status with an invalid payerId format returns 400","functional-tests.tests.activation","2026-07-31","passed","2026-07-31","","test_debtor_activation_payer_status","",""
"Test sending a CREATE operation message with different statuses via GPD message API","1242","A CREATE message with status PAID","functional-tests.tests.process_messages_sender","2026-07-31","passed","2026-07-31","","test_RTP_process_sender_CREATE","",""
"","1356","An RTP is sent to a CBI service with activated fiscal code","functional-tests.tests.send_rtp","2026-07-31","passed","2026-07-31","","test_RTP_send_CBI","",""
"","598","The service returns the mocked server error","functional-tests.tests.availability","2026-07-31","passed","2026-07-31","","test_availability_MOCK","",""
"
Test RFC callback DS12P with CNCL status, cancel triggered via REST Web API with explicit reason.

Flow:
1. Activate payer
2. Send an RTP via GPD message (CREATE VALID)
3. Cancel the RTP via REST cancel endpoint with cancel_reason → RTP to RFC_SENT
4. Send DS12P callback with CxlStsId CNCL (Cancelled As Per Request)
5. Verify callback is accepted (200)
6. Verify RTP status is CANCELLED
","4127","An RFC callback DS12P CNCL is successfully received and RTP status is CANCEL - through Web API cancel","functional-tests.tests.callbacks","2026-07-31","passed","2026-07-31","","test_RTP_callback_DS_12P","",""
"","2531","An RTP sent with synchronous acceptance is in status ACCEPTED - DS-05 ACTC","functional-tests.tests.send_rtp","2026-07-31","passed","2026-07-31","","test_RTP_send_MOCK","",""
"
Tests that sending an RTP payload with an invalid amount to the POSTE endpoint results in a 400 Bad Request response.

:param debtor_sp_mock_cert_key: Certificate and key tuple for mutual TLS authentication.
:type debtor_sp_mock_cert_key: Tuple[str, str]
","2123","Cannot send RTP with invalid amount","functional-tests.tests.availability","2026-07-31","passed","2026-07-31","","test_availability_POSTE","",""
"","2985","SP_B cannot retrieve activation by Fiscal Code created by SP_A","functional-tests.tests.activation","2026-07-31","passed","2026-07-31","","test_RTP_activation_security","",""
"Test sending a DELETE operation message via GPD message API after a CREATE","2505","A DELETE message after CREATE VALID","functional-tests.tests.process_messages_sender","2026-07-31","passed","2026-07-31","","test_RTP_process_sender_DELETE","",""
"","1858","RTP form is filled and submitted","ux-tests.tests","2026-07-31","passed","2026-07-31","","test_RTP_submission_v4","",""
"Each entry in ``INVALID_PAYER_IDS`` (see dataset docstring) must be rejected with 400.","644","The activation request must contain a validly formatted fiscal code","functional-tests.tests.activation","2026-07-31","passed","2026-07-31","","test_debtor_activation_create","",""
"Each entry in ``INVALID_PAYER_IDS`` (see dataset docstring) must be rejected with 400.","613","The activation request must contain a validly formatted fiscal code","functional-tests.tests.activation","2026-07-31","passed","2026-07-31","","test_debtor_activation_create","",""
"","602","malformed rtp_id → 400 Bad Request","functional-tests.tests.get_rtp","2026-07-31","passed","2026-07-31","","test_RTP_get","",""
"","7032","An RTP sent when EPC response contains an unknown field is ignored and remains in status SENT","functional-tests.tests.send_rtp","2026-07-31","passed","2026-07-31","","test_RTP_send_MOCK","",""
"
Test RFC callback DS12P with CNCL status.

Flow:
1. Activate payer
2. Send an RTP via GPD message (CREATE VALID)
3. Cancel the RTP via GPD message (DELETE) → RTP to RFC_SENT
4. Send DS12P callback with CxlStsId CNCL (Cancelled As Per Request)
5. Verify callback is accepted (200)
6. Verify RTP status is CANCELLED
","3349","An RFC callback DS12P CNCL is successfully received and RTP status is CANCEL","functional-tests.tests.callbacks","2026-07-31","passed","2026-07-31","","test_RTP_callback_DS_12P","",""
"
Verify that a debt position can be created and published successfully.
","1145","Happy path: a debt position is created and published in UAT environment","functional-tests.tests.gpd_availability","2026-07-31","passed","2026-07-31","","test_availability_GPD","",""
"","632","inexistent RTP -> empty body","functional-tests.tests.get_rtp","2026-07-31","passed","2026-07-31","","test_RTP_get","",""
"
Test RFC callback DS12P with INVALID status.

Flow:
1. Activate payer
2. Send an RTP via GPD message (CREATE VALID)
3. Cancel the RTP via GPD message (DELETE) → RTP to RFC_SENT
4. Send DS12P callback with CxlStsId INVALID
5. Verify callback is rejected with 400
6. Verify RTP status is still RFC_SENT
","3339","An RFC callback DS12P INVALID is rejected with 400","functional-tests.tests.callbacks","2026-07-31","passed","2026-07-31","","test_RTP_callback_DS_12P","",""
"Active payer with a foreign-country fiscal code (Z + 3 digits municipality) → isActive must be true.","1287","An active payer with foreign fiscal code returns isActive true","functional-tests.tests.activation","2026-07-31","passed","2026-07-31","","test_debtor_activation_payer_status","",""
"","2637","An RTP callback is received with invalid status","functional-tests.tests.callbacks","2026-07-31","passed","2026-07-31","","test_RTP_callback_DS_08","",""
"Test sending a DELETE operation message via GPD message API after a standalone UPDATE (no prior CREATE)","2033","A DELETE message after standalone UPDATE DRAFT","functional-tests.tests.process_messages_sender","2026-07-31","passed","2026-07-31","","test_RTP_process_sender_DELETE","",""
"
Test RFC callback DS12N with INVALID status, cancel via REST Web API.

Flow:
1. Activate payer
2. Send an RTP via GPD message (CREATE VALID)
3. Cancel the RTP via REST cancel endpoint with cancel_reason → RTP to RFC_SENT
4. Send DS12N callback with CxlStsId INVALID
5. Verify callback is rejected with 400
6. Verify RTP status is still RFC_SENT
","3334","An RFC callback DS12N INVALID is rejected with 400 - through Web API cancel","functional-tests.tests.callbacks","2026-07-31","passed","2026-07-31","","test_RTP_callback_DS_12N","",""
"","1313","A debtor is activated by an authenticated service provider","functional-tests.tests.activation","2026-07-31","passed","2026-07-31","","test_debtor_activation_create","",""
"","1689","An RTP is sent to a CBI service with activated fiscal code - through Web API V2","functional-tests.tests.send_rtp","2026-07-31","failed","2026-07-31","","test_RTP_send_CBI","",""
"","611","Get payees consents with invalid date format returns 400","functional-tests.tests.service_registry","2026-07-31","passed","2026-07-31","","test_get_payees_consents","",""
"
Test v2 RFC callback DS12P with CNCL status.

Flow:
1. Activate payer
2. Send an RTP via GPD message v2 (CREATE VALID)
3. Cancel the RTP via GPD message v2 (DELETE) -> RTP to RFC_SENT
4. Send DS12P callback with CxlStsId CNCL (Cancelled As Per Request)
5. Verify callback is accepted (200)
6. Verify RTP status is CANCELLED
","3505","A v2 RFC callback DS12P CNCL is successfully received and RTP status is CANCELLED","functional-tests.tests.callbacks_v2","2026-07-31","passed","2026-07-31","","test_RTP_callback_DS_12P_positive","",""
"","1252","Sending a GPD message with null operation returns 400","functional-tests.tests.send_rtp","2026-07-31","passed","2026-07-31","","test_RTP_send_MOCK","",""
"Test sending an UPDATE operation message with different statuses via GPD message API after a CREATE","2040","An UPDATE message with status DRAFT after CREATE","functional-tests.tests.process_messages_sender","2026-07-31","passed","2026-07-31","","test_RTP_process_sender_UPDATE","",""
"","1110","An RTP is sent to Poste service with activated fiscal code - through Web API","functional-tests.tests.send_rtp","2026-07-31","passed","2026-07-31","","test_RTP_send_POSTE","",""
"Each entry in ``INVALID_PAYER_IDS`` must be rejected with 400.

The ``description`` parameter appears in pytest output to identify which
case failed without having to inspect the raw value.
","621","Querying activation status with an invalid payerId format returns 400","functional-tests.tests.activation","2026-07-31","passed","2026-07-31","","test_debtor_activation_payer_status","",""
"","1907","A debtor Service Provider cannot send an RTP","bdd-tests","2026-07-31","passed","2026-07-31","RTP_Sending","RTP","",""
"","791","Get payees consents with invalid consent value returns 400","functional-tests.tests.service_registry","2026-07-31","passed","2026-07-31","","test_get_payees_consents","",""
"","2382","A debtor Service Provider tries to activates a debtor 2 times, failing the second attempt","bdd-tests","2026-07-31","passed","2026-07-31","Debtor_Activation","RTP","",""
"","630","All auth fixtures expose a valid Bearer token format","functional-tests.tests.auth","2026-07-31","passed","2026-07-31","","test_auth","",""
"","627","Non-existent NextActivationId returns 200 with empty body","functional-tests.tests.activation","2026-07-31","passed","2026-07-31","","test_debtor_activation_list","",""
"","1361","An RTP is sent to Poste service with activated fiscal code - through Web API V2","functional-tests.tests.send_rtp","2026-07-31","passed","2026-07-31","","test_RTP_send_POSTE","",""
"No `Sts.Conf` confirmation is present (empty JSON object), so only CANCEL_RTP is triggered and the RTP stays in RFC_SENT.","2856","Cancelling an RTP - EPC v4 mock happy path scenario: empty_json_object","functional-tests.tests.cancel_rtp","2026-07-31","passed","2026-07-31","","test_RTP_cancel_MOCK_V2","",""
"Test sending an UPDATE operation message with different statuses via GPD message API before a CREATE","1252","An UPDATE message with status DRAFT before CREATE","functional-tests.tests.process_messages_sender","2026-07-31","passed","2026-07-31","","test_RTP_process_sender_UPDATE_before_CREATE","",""
"","796","Get payees consents with negative page number returns 400","functional-tests.tests.service_registry","2026-07-31","passed","2026-07-31","","test_get_payees_consents","",""
"DS_08P ACCP callback sent directly on a SENT RTP (no prior DS_05 ACTC callback).

The RTP is expected to transition straight from SENT to USER_ACCEPTED.
","3800","A v2 RTP callback with status ACCP is successfully received without a prior DS_05 callback","functional-tests.tests.callbacks_v2","2026-07-31","passed","2026-07-31","","test_RTP_callback_DS_08P_positive","",""
"","2739","Failed callback for non existing Service Provider - DS-08P positive compliant","functional-tests.tests.callbacks_v2","2026-07-31","passed","2026-07-31","","test_RTP_callback_DS_08P_positive","",""
"
Given a debtor is activated with the mock fiscal code that makes the debtor
service provider mock reply with a server error, when a GPD message (CREATE)
is sent via POST /gpd/message, then the rtp-sender fails to deliver the RTP
and records an ERROR_SEND_RTP event (RTP status becomes ERROR_SEND). When the
payee then queries the delivery-status endpoint with the matching noticeNumber
and payeeId, the response must be HTTP 200 with status=PD_RTP_NOT_DELIVERED
and processingDate absent or null.
","8662","RTP with ERROR_SEND_RTP event → PD_RTP_NOT_DELIVERED","functional-tests.tests.get_rtp","2026-07-31","failed","2026-07-31","","test_RTP_get_delivery_status","",""
"Test sending a DELETE operation message via GPD message API after a standalone UPDATE (no prior CREATE)","2417","A DELETE message after standalone UPDATE VALID","functional-tests.tests.process_messages_sender","2026-07-31","passed","2026-07-31","","test_RTP_process_sender_DELETE","",""
"","2638","An RTP sent with synchronous rejection and missing _links results in status REJECTED - through Web API V2","functional-tests.tests.send_rtp","2026-07-31","passed","2026-07-31","","test_RTP_send_MOCK","",""
"","1353","A debtor cannot be activated more than once by the same service provider","functional-tests.tests.activation","2026-07-31","passed","2026-07-31","","test_debtor_activation_create","",""
"","633","All auth fixtures expose a valid Bearer token format","functional-tests.tests.auth","2026-07-31","passed","2026-07-31","","test_auth","",""
"Each entry in ``INVALID_PAYER_IDS`` must be rejected with 400.

The ``description`` parameter appears in pytest output to identify which
case failed without having to inspect the raw value.
","613","Querying activation status with an invalid payerId format returns 400","functional-tests.tests.activation","2026-07-31","passed","2026-07-31","","test_debtor_activation_payer_status","",""
"Test sending an UPDATE operation message with different statuses via GPD message API before a CREATE","1922","An UPDATE message with status EXPIRED before CREATE","functional-tests.tests.process_messages_sender","2026-07-31","passed","2026-07-31","","test_RTP_process_sender_UPDATE_before_CREATE","",""
"","5242","An RTP is sent through CBI API","functional-tests.tests.availability","2026-07-31","passed","2026-07-31","","test_availability_CBI","",""
"
Test RFC callback DS12N with non-existing service provider, cancel via REST Web API.

Flow:
1. Activate payer
2. Send an RTP via GPD message (CREATE VALID)
3. Cancel the RTP via REST cancel endpoint with cancel_reason → RTP to RFC_SENT
4. Send DS12N callback with non-existing BIC (MOCKSP99)
5. Verify callback is rejected with 400 (service provider not found)
","2660","Failed RFC callback for non existing Service Provider - DS-12N RJCR compliant - through Web API cancel","functional-tests.tests.callbacks","2026-07-31","passed","2026-07-31","","test_RTP_callback_DS_12N","",""
"Test sending an UPDATE after CREATE VALID + DELETE with different statuses","3404","An UPDATE message with status PUBLISHED after CREATE VALID and DELETE","functional-tests.tests.process_messages_sender","2026-07-31","passed","2026-07-31","","test_RTP_process_sender_UPDATE","",""
"","746","The RTP web page is reachable","functional-tests.tests.availability","2026-07-31","passed","2026-07-31","","test_availability_RTP_webform","",""
"Test sending a DELETE operation message via GPD message API after a standalone UPDATE (no prior CREATE)","2603","A DELETE message after standalone UPDATE PAID","functional-tests.tests.process_messages_sender","2026-07-31","passed","2026-07-31","","test_RTP_process_sender_DELETE","",""
"
SP A activates the payer.
SP B queries the status → must get isActive=false to avoid disclosing
that the payer is registered under a competitor SP.
","1288","A payer active on a different Service Provider returns isActive false (privacy)","functional-tests.tests.activation","2026-07-31","passed","2026-07-31","","test_debtor_activation_payer_status","",""
"No `Sts.Conf` confirmation is present (Sts block omitted entirely), so only CANCEL_RTP is triggered and the RTP stays in RFC_SENT.","5066","Cancelling an RTP - EPC v4 mock happy path scenario: no_sts_block","functional-tests.tests.cancel_rtp","2026-07-31","passed","2026-07-31","","test_RTP_cancel_MOCK_V2","",""
"","2339","RTP is successfully cancelled with reason MODT","functional-tests.tests.cancel_rtp","2026-07-31","passed","2026-07-31","","test_RTP_cancel","",""
"
Verify that a debt position can be updated successfully.
","6891","Happy path: a debt position is updated in UAT environment","functional-tests.tests.gpd_availability","2026-07-31","passed","2026-07-31","","test_availability_GPD","",""
"OTP bound to payer1 should not work for payer2","1926","Test Takeover Fails with OTP Bound to Different Payer","functional-tests.tests.takeover","2026-07-31","passed","2026-07-31","","test_debtor_takeover","",""
"Each entry in ``INVALID_PAYER_IDS`` must be rejected with 400.

The ``description`` parameter appears in pytest output to identify which
case failed without having to inspect the raw value.
","646","Querying activation status with an invalid payerId format returns 400","functional-tests.tests.activation","2026-07-31","passed","2026-07-31","","test_debtor_activation_payer_status","",""
"","3628","A v2 redirect RTP callback with status ACTC is successfully received","functional-tests.tests.callbacks_v2","2026-07-31","passed","2026-07-31","","test_RTP_callback_DS_05_redirect","",""
"","618","missing token → 401 Unauthorized","functional-tests.tests.get_rtp","2026-07-31","passed","2026-07-31","","test_RTP_get","",""
"
Tests sending an RTP payload to the POSTE endpoint with valid data and authentication.

:param debtor_sp_mock_cert_key: Certificate and key tuple for mutual TLS authentication.
:type debtor_sp_mock_cert_key: Tuple[str, str]
","2067","An RTP is sent through POSTE API","functional-tests.tests.availability","2026-07-31","passed","2026-07-31","","test_availability_POSTE","",""
"The PSP synchronously rejects the cancellation request with 422 (per standard behaviour for the EPC 410 Gone scenario). The RTP then transitions to ERROR_CANCEL via ERROR_CANCEL_RTP.","3482","Cancelling an RTP - EPC v4 mock unhappy path scenario: epc_410","functional-tests.tests.cancel_rtp","2026-07-31","failed","2026-07-31","","test_RTP_cancel_MOCK_V2","",""
"Test sending an UPDATE operation message with different statuses via GPD message API after a CREATE","2858","An UPDATE message with status EXPIRED after CREATE","functional-tests.tests.process_messages_sender","2026-07-31","passed","2026-07-31","","test_RTP_process_sender_UPDATE","",""
"","1278","The service returns the mocked server error","functional-tests.tests.availability","2026-07-31","passed","2026-07-31","","test_availability_MOCK","",""
"Test the takeover flow where a user changes service provider","4387","Test Takeover Flow","functional-tests.tests.takeover","2026-07-31","passed","2026-07-31","","test_debtor_takeover","",""
"","2378","An RTP is sent through API - through Web API V2","functional-tests.tests.send_rtp","2026-07-31","passed","2026-07-31","","test_RTP_send_MOCK","",""
"Each entry in ``INVALID_PAYER_IDS`` must be rejected with 400.

The ``description`` parameter appears in pytest output to identify which
case failed without having to inspect the raw value.
","614","Querying activation status with an invalid payerId format returns 400","functional-tests.tests.activation","2026-07-31","passed","2026-07-31","","test_debtor_activation_payer_status","",""
"
Given a debtor is activated and a GPD message (CREATE) is sent via POST /gpd/message,
when the rtp-sender processes it and the RTP reaches status SENT,
when the payee queries the delivery-status endpoint with the correct noticeNumber
(nav) and payeeId (ec_tax_code),
then the response body must contain status=PD_RTP_DELIVERED, a non-null processingDate
in ISO 8601 format, and processingDate must match the SEND_RTP event timestamp from
the GPD message response (truncated to millisecond precision).
","7124","GPD message sent → RTP SENT → PD_RTP_DELIVERED with processingDate","functional-tests.tests.get_rtp","2026-07-31","passed","2026-07-31","","test_RTP_get_delivery_status","",""
"","640","A debtor service provider fails activation due to wrong service provider id","functional-tests.tests.activation","2026-07-31","passed","2026-07-31","","test_debtor_activation_list","",""
"","610","Retrieving activation without valid token returns 401","functional-tests.tests.activation","2026-07-31","passed","2026-07-31","","test_debtor_activation_get","",""
"
Test RFC callback DS12P with wrong certificate identity.

Flow:
1. Activate payer
2. Send an RTP via GPD message (CREATE VALID)
3. Cancel the RTP via GPD message (DELETE) → RTP to RFC_SENT
4. Send DS12P callback with assignee_bic='FAKESP01' (doesn't match certificate identity MOCKSP04)
5. Verify callback is rejected with 403 (certificate mismatch)
","3218","Unauthorized RFC callback due to wrong certificate serial","functional-tests.tests.callbacks","2026-07-31","passed","2026-07-31","","test_RTP_callback_DS_12P","",""
"
Payer activated under SP A.
Token with read_rtp_all can read across all Service Providers:
the admin client sub does not match SP A, yet isActive must be true.
","2095","read_rtp_all role returns isActive true for a payer on any Service Provider","functional-tests.tests.activation","2026-07-31","passed","2026-07-31","","test_debtor_activation_payer_status","",""
"Each entry in ``INVALID_PAYER_IDS`` must be rejected with 400.

The ``description`` parameter appears in pytest output to identify which
case failed without having to inspect the raw value.
","604","Querying activation status with an invalid payerId format returns 400","functional-tests.tests.activation","2026-07-31","passed","2026-07-31","","test_debtor_activation_payer_status","",""
"","2669","An RTP is sent to ICCREA service with activated fiscal code - through Web API","functional-tests.tests.send_rtp","2026-07-31","failed","2026-07-31","","test_RTP_send_ICCREA","",""
"","621","Find by payer id request must contain lower case fiscal code","functional-tests.tests.activation","2026-07-31","passed","2026-07-31","","test_debtor_activation_create","",""
"
DS_05 ACTC callback sent with the Version header must be rejected with 400.
The RTP must remain in SENT (transition to ACCEPTED must not happen).

Flow:
1. Activate payer and send an RTP → resource_id
2. Build a valid DS_05 ACTC payload referencing the RTP
3. POST to callback endpoint WITH Version header
4. Verify 400 is returned with the expected error body
5. Verify RTP status is still SENT
","2648","DS_05 ACTC callback with Version header returns 400","functional-tests.tests.callbacks","2026-07-31","passed","2026-07-31","","test_RTP_callback_with_version_header","",""
"The PSP synchronously rejects the cancellation request with 422 (per standard behaviour for the EPC 401 Unauthorized scenario). The RTP then transitions to ERROR_CANCEL via ERROR_CANCEL_RTP.","4167","Cancelling an RTP - EPC v4 mock unhappy path scenario: epc_401","functional-tests.tests.cancel_rtp","2026-07-31","failed","2026-07-31","","test_RTP_cancel_MOCK_V2","",""
"Test sending a CREATE operation message with different statuses via GPD message API","1261","A CREATE message with status EXPIRED","functional-tests.tests.process_messages_sender","2026-07-31","passed","2026-07-31","","test_RTP_process_sender_CREATE","",""
"","2021","An RTP is sent through ICCREA API","functional-tests.tests.availability","2026-07-31","passed","2026-07-31","","test_availability_ICCREA","",""
"
Test RFC callback DS12N with RJCR status.

Flow:
1. Activate payer
2. Send an RTP via GPD message (CREATE VALID)
3. Cancel the RTP via GPD message (DELETE) → RTP to RFC_SENT
4. Send DS12N callback with CxlStsId RJCR (Rejected Cancellation Request)
5. Verify callback is accepted (200)
6. Verify RTP status is ERROR_CANCEL
","4267","An RFC callback DS12N RJCR is successfully received and RTP status is ERROR_CANCEL","functional-tests.tests.callbacks","2026-07-31","passed","2026-07-31","","test_RTP_callback_DS_12N","",""
"","4033","Attempt to cancel an already cancelled RTP","bdd-tests","2026-07-31","passed","2026-07-31","RTP_Cancellation","RTP","",""
"Test sending a CREATE operation message with different statuses via GPD message API","1262","A CREATE message with status DRAFT","functional-tests.tests.process_messages_sender","2026-07-31","passed","2026-07-31","","test_RTP_process_sender_CREATE","",""
"Test sending a DELETE operation message via GPD message API after a standalone UPDATE (no prior CREATE)","2305","A DELETE message after standalone UPDATE PARTIALLY_PAID","functional-tests.tests.process_messages_sender","2026-07-31","passed","2026-07-31","","test_RTP_process_sender_DELETE","",""
"Missing or invalid Bearer token → the endpoint must return 401.","619","Querying activation status without a valid token returns 401","functional-tests.tests.activation","2026-07-31","passed","2026-07-31","","test_debtor_activation_payer_status","",""
"","3414","An RTP callback with status ACWC is successfully received","functional-tests.tests.callbacks","2026-07-31","passed","2026-07-31","","test_RTP_callback_DS_08","",""
"Test sending an UPDATE operation message with different statuses via GPD message API before a CREATE","1439","An UPDATE message with status INVALID before CREATE","functional-tests.tests.process_messages_sender","2026-07-31","passed","2026-07-31","","test_RTP_process_sender_UPDATE_before_CREATE","",""
"
Given an RTP is sent successfully (status SENT) for a given noticeNumber + payeeId,
when the payee queries the delivery-status endpoint with the correct noticeNumber
but a different payeeId,
then the response must be HTTP 200 with status=PD_RTP_NOT_DELIVERED, verifying
that the endpoint filters on both fields.
","7436","Existing noticeNumber with wrong payeeId → PD_RTP_NOT_DELIVERED","functional-tests.tests.get_rtp","2026-07-31","passed","2026-07-31","","test_RTP_get_delivery_status","",""
"","2777","An authenticated creditor Service Provider can send an RTP to an activated debtor","bdd-tests","2026-07-31","passed","2026-07-31","RTP_Sending","RTP","",""
"","4639","An RTP callback is successfully received with status RJCT","functional-tests.tests.callbacks","2026-07-31","passed","2026-07-31","","test_RTP_callback_DS_08","",""
"","2394","Takeover fails with invalid OTP","bdd-tests","2026-07-31","passed","2026-07-31","Debtor_Activation_Takeover","RTP","",""
"
DS_12P CNCL RFC callback sent with the Version header must be rejected with 400.
The RTP must remain in RFC_SENT (transition to CANCELLED must not happen).

Flow:
1. Activate payer, send RTP, trigger cancel via GPD DELETE → RFC_SENT
2. Build a valid DS_12P CNCL payload
3. POST to RFC callback endpoint WITH Version header
4. Verify 400 is returned with the expected error body
5. Verify RTP status is still RFC_SENT
","3295","DS_12P CNCL RFC callback with Version header returns 400","functional-tests.tests.callbacks","2026-07-31","passed","2026-07-31","","test_RTP_callback_with_version_header","",""
"","618","Invalid NextActivationId format returns 400","functional-tests.tests.activation","2026-07-31","passed","2026-07-31","","test_debtor_activation_list","",""
"","1278","Sending a GPD message with null id returns 400","functional-tests.tests.send_rtp","2026-07-31","passed","2026-07-31","","test_RTP_send_MOCK","",""
"","1309","A debtor with omocodia fiscal code is activated and retrieved by activation id","functional-tests.tests.activation","2026-07-31","passed","2026-07-31","","test_debtor_activation_get","",""
"","2531","An RTP sent with synchronous rejection containing extra fields results in status REJECTED - through Web API","functional-tests.tests.send_rtp","2026-07-31","passed","2026-07-31","","test_RTP_send_MOCK","",""
"DS_08N RJCT callback sent directly on a SENT RTP (no prior DS_05 ACTC callback).

The RTP is expected to transition from SENT to REJECTED.
","4713","A v2 RTP callback with status RJCT is successfully received","functional-tests.tests.callbacks_v2","2026-07-31","passed","2026-07-31","","test_RTP_callback_DS_08N_negative","",""
"","590","Unauthorized request returns 401","functional-tests.tests.activation","2026-07-31","passed","2026-07-31","","test_debtor_activation_list","",""
"","3221","An RTP callback with status ACTC is successfully received","functional-tests.tests.callbacks","2026-07-31","passed","2026-07-31","","test_RTP_callback_DS_05","",""
"
Test RFC callback DS12P with wrong certificate identity, cancel via REST Web API.

Flow:
1. Activate payer
2. Send an RTP via GPD message (CREATE VALID)
3. Cancel the RTP via REST cancel endpoint with cancel_reason → RTP to RFC_SENT
4. Send DS12P callback with assignee_bic='FAKESP01' (doesn't match certificate identity MOCKSP04)
5. Verify callback is rejected with 403 (certificate mismatch)
","2672","Unauthorized RFC callback due to wrong certificate serial - through Web API cancel","functional-tests.tests.callbacks","2026-07-31","passed","2026-07-31","","test_RTP_callback_DS_12P","",""
"","0","Successful login","bdd-tests","2026-07-31","passed","2026-07-31","RTP_Web_Sending","RTP","",""
"Parametrized contract test generated from the Activation API OpenAPI spec.

Schemathesis derives one test case per endpoint defined in the spec, generating
request data (path params, query params, body) that is valid according to the schema.
Each case is executed against the live API and the response is validated with
CONTRACT_CHECKS.
","90325","test_activation_contract[GET /activations/payer]","contract-tests.tests","2026-07-31","passed","2026-07-31","","test_activation","",""
"
Test v2 RFC callback DS12N with INVALID status.

Flow:
1. Activate payer
2. Send an RTP via GPD message v2 (CREATE VALID)
3. Cancel the RTP via GPD message v2 (DELETE) -> RTP to RFC_SENT
4. Send DS12N callback with CxlStsId INVALID
5. Verify callback is rejected with 400
6. Verify RTP status is still RFC_SENT
","3454","A v2 RFC callback DS12N INVALID is rejected with 400","functional-tests.tests.callbacks_v2","2026-07-31","passed","2026-07-31","","test_RTP_callback_DS_12N_negative","",""
"","4328","Failed callback for invalid RTP transition - DS-05 ACTC compliant","functional-tests.tests.callbacks","2026-07-31","passed","2026-07-31","","test_RTP_callback_DS_05","",""
"Each entry in ``INVALID_PAYER_IDS`` (see dataset docstring) must be rejected with 400.","640","The activation request must contain a validly formatted fiscal code","functional-tests.tests.activation","2026-07-31","passed","2026-07-31","","test_debtor_activation_create","",""
"","603","Invalid pagination parameters returns 400","functional-tests.tests.activation","2026-07-31","passed","2026-07-31","","test_debtor_activation_list","",""
"Test sending a DELETE operation message via GPD message API after a CREATE VALID + UPDATE","2651","A DELETE message after CREATE VALID + UPDATE INVALID","functional-tests.tests.process_messages_sender","2026-07-31","passed","2026-07-31","","test_RTP_process_sender_DELETE","",""
"","2017","RTP is successfully retrieved","functional-tests.tests.get_rtp","2026-07-31","passed","2026-07-31","","test_RTP_get","",""
"","4531","Failed callback for non existing Service Provider - DS-document RJCT compliant","functional-tests.tests.callbacks_v2","2026-07-31","passed","2026-07-31","","test_RTP_callback_DS_document_rjct","",""
"","710","Sending to non-activated debtor returns 422 - through Web API","functional-tests.tests.send_rtp","2026-07-31","passed","2026-07-31","","test_RTP_send_MOCK","",""
"
Test RFC callback DS12N with RJCR status, cancel triggered via REST Web API with explicit reason.

Flow:
1. Activate payer
2. Send an RTP via GPD message (CREATE VALID)
3. Cancel the RTP via REST cancel endpoint with cancel_reason → RTP to RFC_SENT
4. Send DS12N callback with CxlStsId RJCR (Rejected Cancellation Request)
5. Verify callback is accepted (200)
6. Verify RTP status is ERROR_CANCEL
","3907","An RFC callback DS12N RJCR is successfully received and RTP status is ERROR_CANCEL - through Web API cancel","functional-tests.tests.callbacks","2026-07-31","passed","2026-07-31","","test_RTP_callback_DS_12N","",""
"","4297","An RTP callback is successfully received with status ACCP","functional-tests.tests.callbacks","2026-07-31","passed","2026-07-31","","test_RTP_callback_DS_08","",""
"
Test v2 RFC callback DS12N with non-existing service provider.

Flow:
1. Activate payer
2. Send an RTP via GPD message v2 (CREATE VALID)
3. Cancel the RTP via GPD message v2 (DELETE) -> RTP to RFC_SENT
4. Send DS12N callback with non-existing BIC (MOCKSP99)
5. Verify callback is rejected with 400 (service provider not found)
6. Verify RTP status is still RFC_SENT
","3365","Failed v2 RFC callback for non existing Service Provider - DS-12N negative compliant","functional-tests.tests.callbacks_v2","2026-07-31","passed","2026-07-31","","test_RTP_callback_DS_12N_negative","",""
"Each entry in ``INVALID_PAYER_IDS`` (see dataset docstring) must be rejected with 400.","626","The activation request must contain a validly formatted fiscal code","functional-tests.tests.activation","2026-07-31","passed","2026-07-31","","test_debtor_activation_create","",""
"","3156","An RTP callback is received with invalid status","functional-tests.tests.callbacks","2026-07-31","passed","2026-07-31","","test_RTP_callback_DS_08","",""
"","1144","An RTP is sent to ICCREA service with activated fiscal code - through Web API V2","functional-tests.tests.send_rtp","2026-07-31","failed","2026-07-31","","test_RTP_send_ICCREA","",""
"UPDATE VALID before any CREATE creates a new RTP; the RTP must be retrievable from the database","2424","An UPDATE VALID before CREATE creates the RTP in the database","functional-tests.tests.process_messages_sender","2026-07-31","passed","2026-07-31","","test_RTP_process_sender_UPDATE_before_CREATE","",""
"Each entry in ``INVALID_PAYER_IDS`` (see dataset docstring) must be rejected with 400.","626","The activation request must contain a validly formatted fiscal code","functional-tests.tests.activation","2026-07-31","failed","2026-07-31","","test_debtor_activation_create","",""
"
Test v2 RFC callback DS12N with wrong certificate identity.

Flow:
1. Activate payer
2. Send an RTP via GPD message v2 (CREATE VALID)
3. Cancel the RTP via GPD message v2 (DELETE) -> RTP to RFC_SENT
4. Send DS12N callback with assignee_bic='FAKESP01' (doesn't match certificate identity)
5. Verify callback is rejected with 403 (certificate mismatch)
6. Verify RTP status is still RFC_SENT
","3859","Unauthorized v2 RFC callback due to wrong certificate serial","functional-tests.tests.callbacks_v2","2026-07-31","passed","2026-07-31","","test_RTP_callback_DS_12N_negative","",""
"","1059","RTP cancellation fails if resource ID does not exist - V2","functional-tests.tests.cancel_rtp","2026-07-31","passed","2026-07-31","","test_RTP_cancel","",""
"","2280","RTP form is filled and submitted","ux-tests.tests","2026-07-31","passed","2026-07-31","","test_RTP_cancel_v4","",""
"","3042","An RTP sent with synchronous rejection and missing _links results in status REJECTED - through Web API","functional-tests.tests.send_rtp","2026-07-31","passed","2026-07-31","","test_RTP_send_MOCK","",""
"A valid token that carries neither read_rtp_activations nor read_rtp_all must be rejected with 403.","623","Token without read_rtp_activations or read_rtp_all role returns 403 Forbidden","functional-tests.tests.activation","2026-07-31","passed","2026-07-31","","test_debtor_activation_payer_status","",""
"
Test RFC callback DS12N with INVALID status.

Flow:
1. Activate payer
2. Send an RTP via GPD message (CREATE VALID)
3. Cancel the RTP via GPD message (DELETE) → RTP to RFC_SENT
4. Send DS12N callback with CxlStsId INVALID
5. Verify callback is rejected with 400
6. Verify RTP status is still RFC_SENT
","3268","An RFC callback DS12N INVALID is rejected with 400","functional-tests.tests.callbacks","2026-07-31","passed","2026-07-31","","test_RTP_callback_DS_12N","",""
"The mock policy falls back to its default `{}` response when no notice number matches, so the RTP stays in RFC_SENT.","2935","Cancelling an RTP - EPC v4 mock happy path scenario: no_match_fallback","functional-tests.tests.cancel_rtp","2026-07-31","passed","2026-07-31","","test_RTP_cancel_MOCK_V2","",""
"Test sending a DELETE operation message via GPD message API after a standalone UPDATE (no prior CREATE)","2033","A DELETE message after standalone UPDATE EXPIRED","functional-tests.tests.process_messages_sender","2026-07-31","passed","2026-07-31","","test_RTP_process_sender_DELETE","",""
"Each entry in ``INVALID_PAYER_IDS`` (see dataset docstring) must be rejected with 400.","632","The activation request must contain a validly formatted fiscal code","functional-tests.tests.activation","2026-07-31","passed","2026-07-31","","test_debtor_activation_create","",""
"","2714","Failed callback for non existing Service Provider - DS-05 redirect compliant","functional-tests.tests.callbacks_v2","2026-07-31","passed","2026-07-31","","test_RTP_callback_DS_05_redirect","",""
"Active payer with omocodia fiscal code (digit substitution) → isActive must be true.","1260","An active payer with omocodia fiscal code returns isActive true","functional-tests.tests.activation","2026-07-31","passed","2026-07-31","","test_debtor_activation_payer_status","",""
"Each entry in ``INVALID_PAYER_IDS`` (see dataset docstring) must be rejected with 400.","620","The activation request must contain a validly formatted fiscal code","functional-tests.tests.activation","2026-07-31","passed","2026-07-31","","test_debtor_activation_create","",""
"An EPC response containing fields not declared in the OpenAPI spec is treated as an invalid message and is NOT tolerated for accept/reject purposes (confirmed with rtp-sender-v2 maintainers, PR #26). The extra `invalid-field` property invalidates the whole response, so the CNCL confirmation is not processed and the RTP stays in RFC_SENT.","3676","Cancelling an RTP - EPC v4 mock unhappy path scenario: cncl_extra_field","functional-tests.tests.cancel_rtp","2026-07-31","passed","2026-07-31","","test_RTP_cancel_MOCK_V2","",""
"","607","The activation request must contain a Service Provider ID of valid length","functional-tests.tests.activation","2026-07-31","passed","2026-07-31","","test_debtor_activation_create","",""
"Test sending an UPDATE operation message with different statuses via GPD message API before a CREATE","1256","An UPDATE message with status PAID before CREATE","functional-tests.tests.process_messages_sender","2026-07-31","passed","2026-07-31","","test_RTP_process_sender_UPDATE_before_CREATE","",""
"Test sending an UPDATE operation message with different statuses via GPD message API before a CREATE","1347","An UPDATE message with status VALID before CREATE","functional-tests.tests.process_messages_sender","2026-07-31","passed","2026-07-31","","test_RTP_process_sender_UPDATE_before_CREATE","",""
"","784","Get payees consents with invalid authorization returns 401","functional-tests.tests.service_registry","2026-07-31","passed","2026-07-31","","test_get_payees_consents","",""
"Test sending a DELETE operation message via GPD message API after a standalone UPDATE (no prior CREATE)","2231","A DELETE message after standalone UPDATE INVALID","functional-tests.tests.process_messages_sender","2026-07-31","passed","2026-07-31","","test_RTP_process_sender_DELETE","",""
"Test sending an UPDATE after CREATE VALID + DELETE with different statuses","2651","An UPDATE message with status DRAFT after CREATE VALID and DELETE","functional-tests.tests.process_messages_sender","2026-07-31","passed","2026-07-31","","test_RTP_process_sender_UPDATE","",""
"Reusing the same OTP after a successful takeover should fail","2595","Test Takeover Fails with Reused OTP","functional-tests.tests.takeover","2026-07-31","passed","2026-07-31","","test_debtor_takeover","",""
"Test sending a CREATE operation message with different statuses via GPD message API","1305","A CREATE message with status INVALID","functional-tests.tests.process_messages_sender","2026-07-31","passed","2026-07-31","","test_RTP_process_sender_CREATE","",""
"Each entry in ``INVALID_PAYER_IDS`` must be rejected with 400.

The ``description`` parameter appears in pytest output to identify which
case failed without having to inspect the raw value.
","619","Querying activation status with an invalid payerId format returns 400","functional-tests.tests.activation","2026-07-31","passed","2026-07-31","","test_debtor_activation_payer_status","",""
"","3452","Successfully cancel a Request to Pay","bdd-tests","2026-07-31","passed","2026-07-31","RTP_Cancellation","RTP","",""
"
Test RFC callback DS12P with INVALID status, cancel via REST Web API.

Flow:
1. Activate payer
2. Send an RTP via GPD message (CREATE VALID)
3. Cancel the RTP via REST cancel endpoint with cancel_reason → RTP to RFC_SENT
4. Send DS12P callback with CxlStsId INVALID
5. Verify callback is rejected with 400
6. Verify RTP status is still RFC_SENT
","5005","An RFC callback DS12P INVALID is rejected with 400 - through Web API cancel","functional-tests.tests.callbacks","2026-07-31","passed","2026-07-31","","test_RTP_callback_DS_12P","",""
"Parametrized contract test generated from the Send API OpenAPI spec.

Schemathesis derives one test case per endpoint defined in the spec, generating
request data (path params, query params, body) that is valid according to the schema.
Each case is executed against the live API and the response is validated with
CONTRACT_CHECKS.

An additional assertion verifies that the Location header is present on 201 responses
from POST /rtps, as required by the spec.
","194370","test_send_api_contract[POST /gpd/message]","contract-tests.tests","2026-07-31","passed","2026-07-31","","test_api_send_rtp","",""
"","1254","A debtor with foreign fiscal code is activated and retrieved by activation id","functional-tests.tests.activation","2026-07-31","passed","2026-07-31","","test_debtor_activation_get","",""
"","3228","RTP is successfully cancelled with reason PAID - V2","functional-tests.tests.cancel_rtp","2026-07-31","passed","2026-07-31","","test_RTP_cancel","",""
"","1274","Auth endpoint returns valid token","functional-tests.tests.availability","2026-07-31","passed","2026-07-31","","test_availability_CBI","",""
"Each entry in ``INVALID_PAYER_IDS`` (see dataset docstring) must be rejected with 400.","640","The activation request must contain a validly formatted fiscal code","functional-tests.tests.activation","2026-07-31","passed","2026-07-31","","test_debtor_activation_create","",""
"Each entry in ``INVALID_PAYER_IDS`` (see dataset docstring) must be rejected with 400.","617","The activation request must contain a validly formatted fiscal code","functional-tests.tests.activation","2026-07-31","passed","2026-07-31","","test_debtor_activation_create","",""
"Each entry in ``INVALID_PAYER_IDS`` must be rejected with 400.

The ``description`` parameter appears in pytest output to identify which
case failed without having to inspect the raw value.
","1388","Querying activation status with an invalid payerId format returns 400","functional-tests.tests.activation","2026-07-31","passed","2026-07-31","","test_debtor_activation_payer_status","",""
"
Test v2 RFC callback DS12P with non-existing service provider.

Flow:
1. Activate payer
2. Send an RTP via GPD message v2 (CREATE VALID)
3. Cancel the RTP via GPD message v2 (DELETE) -> RTP to RFC_SENT
4. Send DS12P callback with non-existing BIC (MOCKSP99)
5. Verify callback is rejected with 400 (service provider not found)
6. Verify RTP status is still RFC_SENT
","3409","Failed v2 RFC callback for non existing Service Provider - DS-12P positive compliant","functional-tests.tests.callbacks_v2","2026-07-31","passed","2026-07-31","","test_RTP_callback_DS_12P_positive","",""
"","1313","Deactivation fails for activation by another service provider","functional-tests.tests.activation","2026-07-31","passed","2026-07-31","","test_debtor_deactivation","",""
"Test sending an UPDATE operation message with different statuses via GPD message API after a CREATE","1962","An UPDATE message with status PUBLISHED after CREATE","functional-tests.tests.process_messages_sender","2026-07-31","passed","2026-07-31","","test_RTP_process_sender_UPDATE","",""
"Each entry in ``INVALID_PAYER_IDS`` (see dataset docstring) must be rejected with 400.","649","The activation request must contain a validly formatted fiscal code","functional-tests.tests.activation","2026-07-31","passed","2026-07-31","","test_debtor_activation_create","",""
"","1947","Cannot send RTP with expired date","functional-tests.tests.availability","2026-07-31","passed","2026-07-31","","test_availability_CBI","",""
"","1351","An RTP is sent through API - through Web API","functional-tests.tests.send_rtp","2026-07-31","passed","2026-07-31","","test_RTP_send_MOCK","",""
"Test sending a DELETE operation message via GPD message API after a CREATE","2023","A DELETE message after CREATE EXPIRED","functional-tests.tests.process_messages_sender","2026-07-31","passed","2026-07-31","","test_RTP_process_sender_DELETE","",""
"","2931","RTP cancellation fails with an invalid reason - V2","functional-tests.tests.cancel_rtp","2026-07-31","passed","2026-07-31","","test_RTP_cancel","",""
"Each entry in ``INVALID_PAYER_IDS`` must be rejected with 400.

The ``description`` parameter appears in pytest output to identify which
case failed without having to inspect the raw value.
","624","Querying activation status with an invalid payerId format returns 400","functional-tests.tests.activation","2026-07-31","passed","2026-07-31","","test_debtor_activation_payer_status","",""
"Test sending an UPDATE operation message with different statuses via GPD message API after a CREATE","3220","An UPDATE message with status PAID after CREATE","functional-tests.tests.process_messages_sender","2026-07-31","passed","2026-07-31","","test_RTP_process_sender_UPDATE","",""
"
Payer activated under SP A.
- SP B (read_rtp_activations): isActive must be false - privacy rule hides cross-SP activation.
- Admin (read_rtp_all): isActive must be true - role grants visibility across all SPs.
Same payer, same endpoint, different roles → different results.
","1930","read_rtp_all role returns isActive true while read_rtp_activations returns false for the same cross-SP payer","functional-tests.tests.activation","2026-07-31","passed","2026-07-31","","test_debtor_activation_payer_status","",""
"","603","All auth fixtures expose a valid Bearer token format","functional-tests.tests.auth","2026-07-31","passed","2026-07-31","","test_auth","",""
"","1840","A debtor is activated and retrieved by activation id","functional-tests.tests.activation","2026-07-31","passed","2026-07-31","","test_debtor_activation_get","",""
"Each entry in ``INVALID_PAYER_IDS`` (see dataset docstring) must be rejected with 400.","619","The activation request must contain a validly formatted fiscal code","functional-tests.tests.activation","2026-07-31","passed","2026-07-31","","test_debtor_activation_create","",""
"Test sending an UPDATE operation message with different statuses via GPD message API after a CREATE","2166","An UPDATE message with status PARTIALLY_PAID after CREATE","functional-tests.tests.process_messages_sender","2026-07-31","passed","2026-07-31","","test_RTP_process_sender_UPDATE","",""
"
Test RFC callback DS12N with non-existing service provider, cancel via REST Web API.

Flow:
1. Activate payer
2. Send an RTP via GPD message (CREATE VALID)
3. Cancel the RTP via REST cancel endpoint with cancel_reason → RTP to RFC_SENT
4. Send DS12N callback with non-existing BIC (MOCKSP99)
5. Verify callback is rejected with 400 (service provider not found)
","2691","Failed RFC callback for non existing Service Provider - DS-12N RJCR compliant - through Web API cancel","functional-tests.tests.callbacks","2026-07-31","passed","2026-07-31","","test_RTP_callback_DS_12N","",""
"","1624","An RTP is sent through GPD message API","functional-tests.tests.send_rtp","2026-07-31","passed","2026-07-31","","test_RTP_send_MOCK","",""
"","621","All auth fixtures expose a valid Bearer token format","functional-tests.tests.auth","2026-07-31","passed","2026-07-31","","test_auth","",""
"
Test RFC callback DS12P with INVALID status, cancel via REST Web API.

Flow:
1. Activate payer
2. Send an RTP via GPD message (CREATE VALID)
3. Cancel the RTP via REST cancel endpoint with cancel_reason → RTP to RFC_SENT
4. Send DS12P callback with CxlStsId INVALID
5. Verify callback is rejected with 400
6. Verify RTP status is still RFC_SENT
","3304","An RFC callback DS12P INVALID is rejected with 400 - through Web API cancel","functional-tests.tests.callbacks","2026-07-31","passed","2026-07-31","","test_RTP_callback_DS_12P","",""
"Test that takeover fails when an invalid OTP is provided","1910","Test Takeover Fails with Invalid OTP","functional-tests.tests.takeover","2026-07-31","passed","2026-07-31","","test_debtor_takeover","",""
"
Tests that sending an RTP payload with an amount over the POSTE limit results in a 400 Bad Request response.

:param debtor_sp_mock_cert_key: Certificate and key tuple for mutual TLS authentication.
:type debtor_sp_mock_cert_key: Tuple[str, str]
","1025","Cannot send RTP with an amount over the POSTE limit","functional-tests.tests.availability","2026-07-31","failed","2026-07-31","","test_availability_POSTE","",""
"","2112","An RTP sent when EPC response contains an unknown field is ignored and remains in status SENT - through Web API V2","functional-tests.tests.send_rtp","2026-07-31","passed","2026-07-31","","test_RTP_send_MOCK","",""
"Test sending a DELETE operation message via GPD message API after a CREATE VALID + UPDATE","3328","A DELETE message after CREATE VALID + UPDATE PAID","functional-tests.tests.process_messages_sender","2026-07-31","passed","2026-07-31","","test_RTP_process_sender_DELETE","",""
"","618","Unauthorized callback due to wrong certificate serial","functional-tests.tests.callbacks","2026-07-31","passed","2026-07-31","","test_RTP_callback_DS_08","",""
"","3524","A v2 redirect RTP callback with invalid status is rejected without affecting the RTP status","functional-tests.tests.callbacks_v2","2026-07-31","passed","2026-07-31","","test_RTP_callback_DS_05_redirect","",""
"","2563","An RTP sent with synchronous rejection and missing _links results in status REJECTED","functional-tests.tests.send_rtp","2026-07-31","passed","2026-07-31","","test_RTP_send_MOCK","",""
"","3208","An RTP callback with status REJECTED is successfully received","functional-tests.tests.callbacks","2026-07-31","passed","2026-07-31","","test_RTP_callback_DS_08","",""
"","8207","RTP form cancellation with reason PAID","ux-tests.tests","2026-07-31","failed","2026-07-31","","test_RTP_cancel_v3","",""
"","3613","RTP form is filled and submitted","ux-tests.tests","2026-07-31","passed","2026-07-31","","test_RTP_submission_v3","",""
"Test sending a CREATE operation message with an Italian VAT number via GPD message API","1356","A CREATE message with VAT number (Partita IVA) is successfully sent through GPD message API","functional-tests.tests.process_messages_sender","2026-07-31","passed","2026-07-31","","test_RTP_process_sender","",""
"","619","Failed callback for non existing Service Provider - DS-08P compliant","functional-tests.tests.callbacks","2026-07-31","passed","2026-07-31","","test_RTP_callback_DS_08","",""
"`Sts.Conf = ""CNCL""` triggers CANCEL_RTP -> CONFIRM_RFC -> CANCEL_RTP_ACCR, ending in CANCELLED_ACCR.","3940","Cancelling an RTP - EPC v4 mock happy path scenario: cncl_confirmed","functional-tests.tests.cancel_rtp","2026-07-31","passed","2026-07-31","","test_RTP_cancel_MOCK_V2","",""
"DS_08N RJCT callback sent after a prior DS_05 ACTC callback.

The RTP is expected to transition from SENT to ACCEPTED, then to USER_REJECTED.
","5744","A v2 RTP callback with status RJCT after DS_05 transitions the RTP to USER_REJECTED","functional-tests.tests.callbacks_v2","2026-07-31","passed","2026-07-31","","test_RTP_callback_DS_08N_negative","",""
"Each entry in ``INVALID_PAYER_IDS`` must be rejected with 400.

The ``description`` parameter appears in pytest output to identify which
case failed without having to inspect the raw value.
","622","Querying activation status with an invalid payerId format returns 400","functional-tests.tests.activation","2026-07-31","passed","2026-07-31","","test_debtor_activation_payer_status","",""
"
Tests that sending an RTP payload with an expired date to the POSTE endpoint results in a 400 Bad Request response.

:param debtor_sp_mock_cert_key: Certificate and key tuple for mutual TLS authentication.
:type debtor_sp_mock_cert_key: Tuple[str, str]
","1925","Cannot send RTP with expired date","functional-tests.tests.availability","2026-07-31","failed","2026-07-31","","test_availability_POSTE","",""
"The response cannot be parsed as a cancellation confirmation (malformed, unquoted string), so the RTP stays in RFC_SENT rather than erroring out.","3364","Cancelling an RTP - EPC v4 mock unhappy path scenario: malformed_string","functional-tests.tests.cancel_rtp","2026-07-31","passed","2026-07-31","","test_RTP_cancel_MOCK_V2","",""
"
Test RFC callback DS12P with CNCL status, cancel triggered via REST Web API with explicit reason.

Flow:
1. Activate payer
2. Send an RTP via GPD message (CREATE VALID)
3. Cancel the RTP via REST cancel endpoint with cancel_reason → RTP to RFC_SENT
4. Send DS12P callback with CxlStsId CNCL (Cancelled As Per Request)
5. Verify callback is accepted (200)
6. Verify RTP status is CANCELLED
","3439","An RFC callback DS12P CNCL is successfully received and RTP status is CANCEL - through Web API cancel","functional-tests.tests.callbacks","2026-07-31","passed","2026-07-31","","test_RTP_callback_DS_12P","",""
"","2739","Unauthorized callback due to wrong certificate serial","functional-tests.tests.callbacks_v2","2026-07-31","passed","2026-07-31","","test_RTP_callback_DS_05_redirect","",""
"","1369","An RTP is sent to ICCREA service with activated fiscal code","functional-tests.tests.send_rtp","2026-07-31","passed","2026-07-31","","test_RTP_send_ICCREA","",""
"The PSP synchronously rejects the cancellation request with 422 (per standard behaviour for the EPC 406 Not Acceptable scenario). The RTP then transitions to ERROR_CANCEL via ERROR_CANCEL_RTP.","4869","Cancelling an RTP - EPC v4 mock unhappy path scenario: epc_406","functional-tests.tests.cancel_rtp","2026-07-31","failed","2026-07-31","","test_RTP_cancel_MOCK_V2","",""
"Each entry in ``INVALID_PAYER_IDS`` (see dataset docstring) must be rejected with 400.","640","The activation request must contain a validly formatted fiscal code","functional-tests.tests.activation","2026-07-31","passed","2026-07-31","","test_debtor_activation_create","",""
"","2647","An RTP is sent to Poste service with activated fiscal code","functional-tests.tests.send_rtp","2026-07-31","passed","2026-07-31","","test_RTP_send_POSTE","",""
"Test sending a DELETE operation message via GPD message API after a CREATE","1899","A DELETE message after CREATE PUBLISHED","functional-tests.tests.process_messages_sender","2026-07-31","passed","2026-07-31","","test_RTP_process_sender_DELETE","",""
"","3272","A v2 document RTP callback with status RJCT is successfully received","functional-tests.tests.callbacks_v2","2026-07-31","passed","2026-07-31","","test_RTP_callback_DS_document_rjct","",""
"Each entry in ``INVALID_PAYER_IDS`` (see dataset docstring) must be rejected with 400.","602","The activation request must contain a validly formatted fiscal code","functional-tests.tests.activation","2026-07-31","passed","2026-07-31","","test_debtor_activation_create","",""
"","1266","A debtor with foreign fiscal code is activated successfully","functional-tests.tests.activation","2026-07-31","passed","2026-07-31","","test_debtor_activation_create","",""
"
Test v2 RFC callback DS12P with INVALID status.

Flow:
1. Activate payer
2. Send an RTP via GPD message v2 (CREATE VALID)
3. Cancel the RTP via GPD message v2 (DELETE) -> RTP to RFC_SENT
4. Send DS12P callback with CxlStsId INVALID
5. Verify callback is rejected with 400
6. Verify RTP status is still RFC_SENT
","3441","A v2 RFC callback DS12P INVALID is rejected with 400","functional-tests.tests.callbacks_v2","2026-07-31","passed","2026-07-31","","test_RTP_callback_DS_12P_positive","",""
"
Test RFC callback DS12P with non-existing service provider, cancel via REST Web API.

Flow:
1. Activate payer
2. Send an RTP via GPD message (CREATE VALID)
3. Cancel the RTP via REST cancel endpoint with cancel_reason → RTP to RFC_SENT
4. Send DS12P callback with non-existing BIC (MOCKSP99)
5. Verify callback is rejected with 400 (service provider not found)
","2732","Failed RFC callback for non existing Service Provider - DS-12P CNCL compliant - through Web API cancel","functional-tests.tests.callbacks","2026-07-31","passed","2026-07-31","","test_RTP_callback_DS_12P","",""
"","2996","Attempt to cancel a non-existing RTP","bdd-tests","2026-07-31","passed","2026-07-31","RTP_Cancellation","RTP","",""
"","1467","An RTP sent with synchronous rejection containing extra fields results in status REJECTED - through Web API V2","functional-tests.tests.send_rtp","2026-07-31","failed","2026-07-31","","test_RTP_send_MOCK","",""
"","781","Get payees consents with negative page size returns 400","functional-tests.tests.service_registry","2026-07-31","passed","2026-07-31","","test_get_payees_consents","",""
"
Test RFC callback DS12N with wrong certificate identity, cancel via REST Web API.

Flow:
1. Activate payer
2. Send an RTP via GPD message (CREATE VALID)
3. Cancel the RTP via REST cancel endpoint with cancel_reason → RTP to RFC_SENT
4. Send DS12N callback with assignee_bic='FAKESP01' (doesn't match certificate identity MOCKSP04)
5. Verify callback is rejected with 403 (certificate mismatch)
","2647","Unauthorized RFC callback due to wrong certificate serial - through Web API cancel","functional-tests.tests.callbacks","2026-07-31","passed","2026-07-31","","test_RTP_callback_DS_12N","",""
"Each entry in ``INVALID_PAYER_IDS`` (see dataset docstring) must be rejected with 400.","653","The activation request must contain a validly formatted fiscal code","functional-tests.tests.activation","2026-07-31","passed","2026-07-31","","test_debtor_activation_create","",""
"
DS_08N callback sent with the Version header must be rejected with 400.
The RTP must remain in SENT (transition to REJECTED must not happen).

Flow:
1. Activate payer and send an RTP → resource_id
2. Build a valid DS_08N payload referencing the RTP
3. POST to callback endpoint WITH Version header
4. Verify 400 is returned with the expected error body
5. Verify RTP status is still SENT
","2627","DS_08N callback with Version header returns 400","functional-tests.tests.callbacks","2026-07-31","passed","2026-07-31","","test_RTP_callback_with_version_header","",""
"","2299","An RTP sent with synchronous acceptance is in status ACCEPTED - DS-05 ACTC - through Web API V2","functional-tests.tests.send_rtp","2026-07-31","passed","2026-07-31","","test_RTP_send_MOCK","",""
"","612","All auth fixtures expose a valid Bearer token format","functional-tests.tests.auth","2026-07-31","passed","2026-07-31","","test_auth","",""
"","2020","An RTP sent when EPC response omits _links is in status ACCEPTED - through Web API V2","functional-tests.tests.send_rtp","2026-07-31","passed","2026-07-31","","test_RTP_send_MOCK","",""
"Each entry in ``INVALID_PAYER_IDS`` (see dataset docstring) must be rejected with 400.","614","The activation request must contain a validly formatted fiscal code","functional-tests.tests.activation","2026-07-31","passed","2026-07-31","","test_debtor_activation_create","",""
"","4712","DS_12P positive RFC v2 callback with Version header returns 400","functional-tests.tests.callbacks_v2","2026-07-31","passed","2026-07-31","","test_RTP_callback_with_version_header","",""
"Payer that has never been activated → isActive must be false.","615","test_get_activation_status_not_active_payer","functional-tests.tests.activation","2026-07-31","passed","2026-07-31","","test_debtor_activation_payer_status","",""
"","636","RTP cancellation fails if resource ID does not exist","functional-tests.tests.cancel_rtp","2026-07-31","passed","2026-07-31","","test_RTP_cancel","",""
"Test sending an UPDATE after CREATE VALID + DELETE with different statuses","2646","An UPDATE message with status PARTIALLY_PAID after CREATE VALID and DELETE","functional-tests.tests.process_messages_sender","2026-07-31","passed","2026-07-31","","test_RTP_process_sender_UPDATE","",""
"Each entry in ``INVALID_PAYER_IDS`` must be rejected with 400.

The ``description`` parameter appears in pytest output to identify which
case failed without having to inspect the raw value.
","604","Querying activation status with an invalid payerId format returns 400","functional-tests.tests.activation","2026-07-31","passed","2026-07-31","","test_debtor_activation_payer_status","",""
"","1487","SP_ACTIVATIONS_READ_ALL can retrieve activation by Fiscal Code created by SP_A","functional-tests.tests.activation","2026-07-31","passed","2026-07-31","","test_RTP_activation_security","",""
"","643","A Service Provider with invalid client secret is not authenticated on Keycloak","functional-tests.tests.auth","2026-07-31","passed","2026-07-31","","test_auth","",""
"Active payer identified by an 11-digit Partita IVA → isActive must be true.","1250","An active payer with VAT number (Partita IVA) returns isActive true","functional-tests.tests.activation","2026-07-31","passed","2026-07-31","","test_debtor_activation_payer_status","",""
"
Verify that a debt position can be deleted successfully.
","2923","Happy path: a debt position is deleted in DEV environment","functional-tests.tests.gpd_availability","2026-07-31","passed","2026-07-31","","test_availability_GPD","",""
"","1140","Whitespaces is allowed in description and company name field","ux-tests.tests","2026-07-31","passed","2026-07-31","","test_RTP_submission_v4","",""
"Test sending a CREATE operation message via GPD message API","2203","A CREATE message is successfully sent through GPD message API","functional-tests.tests.process_messages_sender","2026-07-31","passed","2026-07-31","","test_RTP_process_sender","",""
"","3941","RTP form is filled and submitted","ux-tests.tests","2026-07-31","passed","2026-07-31","","test_RTP_cancel_v3","",""
"","3935","A v2 RTP callback with status ACCP is successfully received","functional-tests.tests.callbacks_v2","2026-07-31","passed","2026-07-31","","test_RTP_callback_DS_08P_positive","",""
"","6835","DS_08P positive v2 callback with Version header returns 400","functional-tests.tests.callbacks_v2","2026-07-31","passed","2026-07-31","","test_RTP_callback_with_version_header","",""
"Each entry in ``INVALID_PAYER_IDS`` must be rejected with 400.

The ``description`` parameter appears in pytest output to identify which
case failed without having to inspect the raw value.
","619","Querying activation status with an invalid payerId format returns 400","functional-tests.tests.activation","2026-07-31","passed","2026-07-31","","test_debtor_activation_payer_status","",""
"Payer activated under SP A queried by SP A → isActive must be true.","1261","An active payer returns isActive true for the same Service Provider","functional-tests.tests.activation","2026-07-31","passed","2026-07-31","","test_debtor_activation_payer_status","",""
"","3898","DS_05 redirect v2 callback with Version header returns 400","functional-tests.tests.callbacks_v2","2026-07-31","passed","2026-07-31","","test_RTP_callback_with_version_header","",""
"Test sending an UPDATE operation message with different statuses via GPD message API before a CREATE","1262","An UPDATE message with status PUBLISHED before CREATE","functional-tests.tests.process_messages_sender","2026-07-31","passed","2026-07-31","","test_RTP_process_sender_UPDATE_before_CREATE","",""
"
Tests the retrieval of an access token from the POSTE authentication endpoint using client credentials and mutual TLS.

:param debtor_sp_mock_cert_key: Certificate and key tuple for mutual TLS authentication.
:type debtor_sp_mock_cert_key: Tuple[str, str]
","283","Auth endpoint returns valid token","functional-tests.tests.availability","2026-07-31","passed","2026-07-31","","test_availability_POSTE","",""
"","632","Retrieving activation with malformed payer id returns 400","functional-tests.tests.activation","2026-07-31","passed","2026-07-31","","test_debtor_activation_get","",""
"UPDATE PAID with psp_tax_code=None (invalid PSP) results in RTP state RFC_SENT","2904","An UPDATE PAID message with an invalid PSP results in RFC_SENT state","functional-tests.tests.process_messages_sender","2026-07-31","passed","2026-07-31","","test_RTP_process_sender_UPDATE","",""
"
Verify that a debt position can be created and published successfully.
","854","Happy path: a debt position is created and published in DEV environment","functional-tests.tests.gpd_availability","2026-07-31","passed","2026-07-31","","test_availability_GPD","",""
"
Test RFC callback DS12P with non-existing service provider, cancel via REST Web API.

Flow:
1. Activate payer
2. Send an RTP via GPD message (CREATE VALID)
3. Cancel the RTP via REST cancel endpoint with cancel_reason → RTP to RFC_SENT
4. Send DS12P callback with non-existing BIC (MOCKSP99)
5. Verify callback is rejected with 400 (service provider not found)
","2631","Failed RFC callback for non existing Service Provider - DS-12P CNCL compliant - through Web API cancel","functional-tests.tests.callbacks","2026-07-31","passed","2026-07-31","","test_RTP_callback_DS_12P","",""
"","1367","Cannot send RTP with invalid amount","functional-tests.tests.availability","2026-07-31","passed","2026-07-31","","test_availability_CBI","",""
"Test sending a CREATE operation message with different statuses via GPD message API","1264","A CREATE message with status PUBLISHED","functional-tests.tests.process_messages_sender","2026-07-31","passed","2026-07-31","","test_RTP_process_sender_CREATE","",""
"Test sending an UPDATE after CREATE VALID + DELETE with different statuses","2637","An UPDATE message with status EXPIRED after CREATE VALID and DELETE","functional-tests.tests.process_messages_sender","2026-07-31","passed","2026-07-31","","test_RTP_process_sender_UPDATE","",""
"","3705","A v2 document RTP callback with invalid status is rejected without affecting the RTP status","functional-tests.tests.callbacks_v2","2026-07-31","passed","2026-07-31","","test_RTP_callback_DS_document_rjct","",""
"
Test RFC callback DS12N with wrong certificate identity, cancel via REST Web API.

Flow:
1. Activate payer
2. Send an RTP via GPD message (CREATE VALID)
3. Cancel the RTP via REST cancel endpoint with cancel_reason → RTP to RFC_SENT
4. Send DS12N callback with assignee_bic='FAKESP01' (doesn't match certificate identity MOCKSP04)
5. Verify callback is rejected with 403 (certificate mismatch)
","2661","Unauthorized RFC callback due to wrong certificate serial - through Web API cancel","functional-tests.tests.callbacks","2026-07-31","passed","2026-07-31","","test_RTP_callback_DS_12N","",""
"UPDATE VALID with an ec_tax_code that does not exist in GPD returns 422 Payee not found","1256","An UPDATE VALID message with a non-existent ec_tax_code is rejected","functional-tests.tests.process_messages_sender","2026-07-31","passed","2026-07-31","","test_RTP_process_sender_UPDATE","",""
"The PSP synchronously rejects the cancellation request with 422 (per standard behaviour for the EPC 422 Unprocessable Entity scenario). The RTP then transitions to ERROR_CANCEL via ERROR_CANCEL_RTP.","3471","Cancelling an RTP - EPC v4 mock unhappy path scenario: epc_422","functional-tests.tests.cancel_rtp","2026-07-31","failed","2026-07-31","","test_RTP_cancel_MOCK_V2","",""
"Test sending an UPDATE after CREATE VALID + DELETE with different statuses","3223","An UPDATE message with status VALID after CREATE VALID and DELETE","functional-tests.tests.process_messages_sender","2026-07-31","passed","2026-07-31","","test_RTP_process_sender_UPDATE","",""
"","1367","A Service Provider tries to activates a debtor without having the correct credentials","bdd-tests","2026-07-31","passed","2026-07-31","Debtor_Activation","RTP","",""
"","1997","Get a page of activations","functional-tests.tests.activation","2026-07-31","passed","2026-07-31","","test_debtor_activation_list","",""
"Each entry in ``INVALID_PAYER_IDS`` must be rejected with 400.

The ``description`` parameter appears in pytest output to identify which
case failed without having to inspect the raw value.
","622","Querying activation status with an invalid payerId format returns 400","functional-tests.tests.activation","2026-07-31","passed","2026-07-31","","test_debtor_activation_payer_status","",""
"","6926","RTP form cancellation with reason PAID","ux-tests.tests","2026-07-31","failed","2026-07-31","","test_RTP_cancel_v4","",""
"
Test RFC callback DS12P with non-existing service provider.

Flow:
1. Activate payer
2. Send an RTP via GPD message (CREATE VALID)
3. Cancel the RTP via GPD message (DELETE) → RTP to RFC_SENT
4. Send DS12P callback with non-existing BIC (MOCKSP99)
5. Verify callback is rejected with 400 (service provider not found)
","3136","Failed RFC callback for non existing Service Provider - DS-12P CNCL compliant","functional-tests.tests.callbacks","2026-07-31","passed","2026-07-31","","test_RTP_callback_DS_12P","",""
"","632","Invalid pagination parameters returns 400","functional-tests.tests.activation","2026-07-31","passed","2026-07-31","","test_debtor_activation_list","",""
"","4968","Unauthorized callback due to wrong certificate serial","functional-tests.tests.callbacks_v2","2026-07-31","passed","2026-07-31","","test_RTP_callback_DS_document_rjct","",""
"The PSP synchronously rejects the cancellation request with 422 (per standard behaviour for the EPC 415 Unsupported Media Type scenario). The RTP then transitions to ERROR_CANCEL via ERROR_CANCEL_RTP.","3374","Cancelling an RTP - EPC v4 mock unhappy path scenario: epc_415","functional-tests.tests.cancel_rtp","2026-07-31","failed","2026-07-31","","test_RTP_cancel_MOCK_V2","",""
"Each entry in ``INVALID_PAYER_IDS`` (see dataset docstring) must be rejected with 400.","628","The activation request must contain a validly formatted fiscal code","functional-tests.tests.activation","2026-07-31","passed","2026-07-31","","test_debtor_activation_create","",""
"","2706","Unauthorized callback due to wrong certificate serial","functional-tests.tests.callbacks_v2","2026-07-31","passed","2026-07-31","","test_RTP_callback_DS_08P_positive","",""
"","3370","A v2 RTP callback with invalid status is rejected without affecting the RTP status","functional-tests.tests.callbacks_v2","2026-07-31","passed","2026-07-31","","test_RTP_callback_DS_08N_negative","",""
"Each entry in ``INVALID_PAYER_IDS`` (see dataset docstring) must be rejected with 400.","630","The activation request must contain a validly formatted fiscal code","functional-tests.tests.activation","2026-07-31","passed","2026-07-31","","test_debtor_activation_create","",""
"Test sending an UPDATE operation message with different statuses via GPD message API after a CREATE","2207","An UPDATE message with status INVALID after CREATE","functional-tests.tests.process_messages_sender","2026-07-31","passed","2026-07-31","","test_RTP_process_sender_UPDATE","",""
"","654","Retrieving non-existent activation returns 404","functional-tests.tests.activation","2026-07-31","passed","2026-07-31","","test_debtor_activation_get","",""
"","2834","Failed callback for non existing Service Provider - DS-08N negative compliant","functional-tests.tests.callbacks_v2","2026-07-31","passed","2026-07-31","","test_RTP_callback_DS_08N_negative","",""
"Each entry in ``INVALID_PAYER_IDS`` (see dataset docstring) must be rejected with 400.","623","The activation request must contain a validly formatted fiscal code","functional-tests.tests.activation","2026-07-31","passed","2026-07-31","","test_debtor_activation_create","",""
"","2383","Retrieving non-existent activation by payer id returns 404","functional-tests.tests.activation","2026-07-31","passed","2026-07-31","","test_debtor_activation_get","",""
"","3483","An RTP callback with invalid status is received and processed with success without affecting the RTP status","functional-tests.tests.callbacks","2026-07-31","passed","2026-07-31","","test_RTP_callback_DS_05","",""
"No `Sts.Conf` confirmation is present (minimal JSON without Sts), so only CANCEL_RTP is triggered and the RTP stays in RFC_SENT.","2924","Cancelling an RTP - EPC v4 mock happy path scenario: minimal_json","functional-tests.tests.cancel_rtp","2026-07-31","passed","2026-07-31","","test_RTP_cancel_MOCK_V2","",""
"","1368","Sending to non-activated debtor returns 422 - through Web API V2","functional-tests.tests.send_rtp","2026-07-31","passed","2026-07-31","","test_RTP_send_MOCK","",""
"Test that takeover fails when the service provider is unauthenticated","1853","Test Takeover Fails with Unauthenticated SP","functional-tests.tests.takeover","2026-07-31","passed","2026-07-31","","test_debtor_takeover","",""
"
Send the same CREATE VALID message twice.

Because send_gpd_message derives the Idempotency-Key deterministically from
the message id (msg_id), reusing the same payload reuses the same key.

Expectations:
- Both calls return HTTP 200 (idempotent, not an error).
- The resourceId in both responses is identical, proving the API returned
  the cached response and did not process the message twice.
- Querying by notice number returns exactly one RTP, confirming that only
  one record was written to the database.
","2675","Two CREATE VALID messages with the same Idempotency-Key both succeed but only one RTP is stored","functional-tests.tests.process_messages_sender","2026-07-31","passed","2026-07-31","","test_RTP_process_sender_IDEMPOTENCY","",""
"","1516","SP_ACTIVATIONS_READ_ALL can retrieve activation by Activation ID created by SP_A","functional-tests.tests.activation","2026-07-31","passed","2026-07-31","","test_RTP_activation_security","",""
"Test sending a CREATE operation message with a foreign fiscal code via GPD message API","1333","A CREATE message with foreign fiscal code is successfully sent through GPD message API","functional-tests.tests.process_messages_sender","2026-07-31","passed","2026-07-31","","test_RTP_process_sender","",""
