"DESCRIPTION","DURATION IN MS","NAME","PARENT SUITE","START TIME","STATUS","STOP TIME","SUB SUITE","SUITE","TEST CLASS","TEST METHOD"
"","2995","An RTP sent with synchronous rejection is in status REJECTED - DS-08P N - through Web API","functional-tests.tests.send_rtp","2026-10-05","passed","2026-10-05","","test_RTP_send_MOCK","",""
"","1255","Failed callback for non existing Service Provider - DS-08N negative compliant","functional-tests.tests.callbacks_v2","2026-10-05","failed","2026-10-05","","test_RTP_callback_DS_08N_negative","",""
"","1197","Get paginated list of payees successfully","functional-tests.tests.service_registry","2026-10-05","passed","2026-10-05","","test_service_registry_payees_registry","",""
"","18949","RTP form is filled and submitted","ux-tests.tests","2026-10-05","passed","2026-10-05","","test_RTP_submission_v4","",""
"","1488","A second service provider triggers takeover when debtor is already active on another service provider","functional-tests.tests.activation","2026-10-05","passed","2026-10-05","","test_debtor_activation_create","",""
"Reject target values that are not valid HTTP URIs.","0","test_canonical_representation_requires_a_complete_target_uri[https://example.com/resource#fragment]","functional-tests.tests.qsealc","2026-10-05","passed","2026-10-05","","test_srtp_message_signing","",""
"","5000","Failed callback for invalid RTP transition - DS-08N compliant","functional-tests.tests.callbacks","2026-10-05","passed","2026-10-05","","test_RTP_callback_DS_08","",""
"
Test v2 RFC callback DS12P with INVALID status.

Flow:
1. Activate payer
2. Send an RTP via GPD message v2 (CREATE VALID)
3. Cancel the RTP via GPD message v2 (DELETE) -> RTP to RFC_SENT
4. Send DS12P callback with CxlStsId INVALID
5. Verify callback is rejected with 400
6. Verify RTP status is still RFC_SENT
","19204","A v2 RFC callback DS12P INVALID is rejected with 400","functional-tests.tests.callbacks_v2","2026-10-05","failed","2026-10-05","","test_RTP_callback_DS_12P_positive","",""
"Authenticated but not authorized: token of SP A tries to use OTP issued for SP B","2011","Test Takeover Fails with Wrong SP Token","functional-tests.tests.takeover","2026-10-05","passed","2026-10-05","","test_debtor_takeover","",""
"The response body is not a recognizable cancellation confirmation (quoted plain string), so the RTP stays in RFC_SENT.","19244","Cancelling an RTP - EPC v4 mock happy path scenario: plain_string","functional-tests.tests.cancel_rtp","2026-10-05","failed","2026-10-05","","test_RTP_cancel_MOCK_V2","",""
"","633","Get payees consents with invalid date format returns 400","functional-tests.tests.service_registry","2026-10-05","passed","2026-10-05","","test_get_payees_consents","",""
"","3709","A debtor Service Provider activates a debtor","bdd-tests","2026-10-05","passed","2026-10-05","Debtor_Activation","RTP","",""
"
Test RFC callback DS12P with CNCL status, cancel triggered via REST Web API with explicit reason.

Flow:
1. Activate payer
2. Send an RTP via GPD message (CREATE VALID)
3. Cancel the RTP via REST cancel endpoint with cancel_reason → RTP to RFC_SENT
4. Send DS12P callback with CxlStsId CNCL (Cancelled As Per Request)
5. Verify callback is accepted (200)
6. Verify RTP status is CANCELLED
","3329","An RFC callback DS12P CNCL is successfully received and RTP status is CANCEL - through Web API cancel","functional-tests.tests.callbacks","2026-10-05","passed","2026-10-05","","test_RTP_callback_DS_12P","",""
"
Test v2 RFC callback DS12N with RJCR status applied twice on the same RTP.

Flow:
1. Activate payer
2. Send an RTP via GPD message v2 (CREATE VALID)
3. Cancel the RTP via GPD message v2 (DELETE) -> RTP to RFC_SENT
4. Send DS12N callback with CxlStsId RJCR (Rejected Cancellation Request) -> RTP to CANCELLED_REJECTED
5. Send the same DS12N RJCR callback again on the already transitioned RTP
6. Verify the second callback is rejected (400) since the transition is no longer valid
7. Verify RTP status remains CANCELLED_REJECTED
","1282","Failed v2 RFC callback for invalid RTP transition - DS-12N negative compliant","functional-tests.tests.callbacks_v2","2026-10-05","failed","2026-10-05","","test_RTP_callback_DS_12N_negative","",""
"Each entry in ``INVALID_PAYER_IDS`` (see dataset docstring) must be rejected with 400.","628","The activation request must contain a validly formatted fiscal code","functional-tests.tests.activation","2026-10-05","passed","2026-10-05","","test_debtor_activation_create","",""
"Availability probe for takeover notification mock endpoint: expects 204 No Content","605","Test Takeover Notification Endpoint","functional-tests.tests.takeover","2026-10-05","passed","2026-10-05","","test_debtor_takeover","",""
"Each entry in ``INVALID_PAYER_IDS`` (see dataset docstring) must be rejected with 400.","608","The activation request must contain a validly formatted fiscal code","functional-tests.tests.activation","2026-10-05","passed","2026-10-05","","test_debtor_activation_create","",""
"
Test RFC callback DS12P with wrong certificate identity, cancel via REST Web API.

Flow:
1. Activate payer
2. Send an RTP via GPD message (CREATE VALID)
3. Cancel the RTP via REST cancel endpoint with cancel_reason → RTP to RFC_SENT
4. Send DS12P callback with assignee_bic='FAKESP01' (doesn't match certificate identity MOCKSP04)
5. Verify callback is rejected with 403 (certificate mismatch)
","2690","Unauthorized RFC callback due to wrong certificate serial - through Web API cancel","functional-tests.tests.callbacks","2026-10-05","passed","2026-10-05","","test_RTP_callback_DS_12P","",""
"","381","A Service Provider tries to activates a debtor without having the correct credentials","bdd-tests","2026-10-05","passed","2026-10-05","Debtor_Activation","RTP","",""
"","1465","An RTP is sent through API - through Web API","functional-tests.tests.send_rtp","2026-10-05","passed","2026-10-05","","test_RTP_send_MOCK","",""
"Reject target values that are not valid HTTP URIs.","0","test_canonical_representation_requires_a_complete_target_uri[https://example.com:70000/path]","functional-tests.tests.qsealc","2026-10-05","passed","2026-10-05","","test_srtp_message_signing","",""
"
Test RFC callback DS12N with wrong certificate identity.

Flow:
1. Activate payer
2. Send an RTP via GPD message (CREATE VALID)
3. Cancel the RTP via GPD message (DELETE) → RTP to RFC_SENT
4. Send DS12N callback with assignee_bic='FAKESP01' (doesn't match certificate identity MOCKSP04)
5. Verify callback is rejected with 403 (certificate mismatch)
","2623","Unauthorized RFC callback due to wrong certificate serial","functional-tests.tests.callbacks","2026-10-05","passed","2026-10-05","","test_RTP_callback_DS_12N","",""
"","19131","A v2 RTP callback with invalid status is rejected without affecting the RTP status","functional-tests.tests.callbacks_v2","2026-10-05","failed","2026-10-05","","test_RTP_callback_DS_08P_positive","",""
"Test sending a CREATE operation message with different statuses via GPD message API","1273","A CREATE message with status PARTIALLY_PAID","functional-tests.tests.process_messages_sender","2026-10-05","passed","2026-10-05","","test_RTP_process_sender_CREATE","",""
"","2105","An RTP sent with synchronous acceptance is in status ACCEPTED - DS-05 ACTC","functional-tests.tests.send_rtp","2026-10-05","passed","2026-10-05","","test_RTP_send_MOCK","",""
"The PSP synchronously rejects the cancellation request with 422 (per standard behaviour for the EPC 400 Bad Request scenario). The RTP then transitions to ERROR_CANCEL via ERROR_CANCEL_RTP.","20656","Cancelling an RTP - EPC v4 mock unhappy path scenario: epc_400","functional-tests.tests.cancel_rtp","2026-10-05","failed","2026-10-05","","test_RTP_cancel_MOCK_V2","",""
"","1275","Deactivation fails for activation by another service provider","functional-tests.tests.activation","2026-10-05","passed","2026-10-05","","test_debtor_deactivation","",""
"Each entry in ``INVALID_PAYER_IDS`` (see dataset docstring) must be rejected with 400.","634","The activation request must contain a validly formatted fiscal code","functional-tests.tests.activation","2026-10-05","passed","2026-10-05","","test_debtor_activation_create","",""
"Test sending an UPDATE operation message with different statuses via GPD message API after a CREATE","2047","An UPDATE message with status DRAFT after CREATE","functional-tests.tests.process_messages_sender","2026-10-05","passed","2026-10-05","","test_RTP_process_sender_UPDATE","",""
"","1965","An RTP sent when EPC response contains an unknown field is ignored and remains in status SENT - through Web API","functional-tests.tests.send_rtp","2026-10-05","passed","2026-10-05","","test_RTP_send_MOCK","",""
"","3798","An RTP is sent through CBI API","functional-tests.tests.availability","2026-10-05","passed","2026-10-05","","test_availability_CBI","",""
"","622","All auth fixtures expose a valid Bearer token format","functional-tests.tests.auth","2026-10-05","passed","2026-10-05","","test_auth","",""
"","2749","An RTP callback is received with invalid status","functional-tests.tests.callbacks","2026-10-05","passed","2026-10-05","","test_RTP_callback_DS_08","",""
"
Given an RTP is sent successfully (status SENT) for a given noticeNumber + payeeId,
when the payee queries the delivery-status endpoint with the correct noticeNumber
but a different payeeId,
then the response must be HTTP 200 with status=PD_RTP_NOT_DELIVERED, verifying
that the endpoint filters on both fields.
","7454","Existing noticeNumber with wrong payeeId → PD_RTP_NOT_DELIVERED","functional-tests.tests.get_rtp","2026-10-05","passed","2026-10-05","","test_RTP_get_delivery_status","",""
"","1235","Sending an RTP when EPC returns an unexpected status code error (RTP_05.CHK.A0007) returns 500 - through Web API V2","functional-tests.tests.send_rtp","2026-10-05","failed","2026-10-05","","test_RTP_send_MOCK","",""
"","5050","Failed callback for non compliant DS-04b payload","functional-tests.tests.callbacks","2026-10-05","passed","2026-10-05","","test_RTP_callback_DS_04","",""
"","1466","SP_ACTIVATIONS_READ_ALL can retrieve activation by Activation ID created by SP_A","functional-tests.tests.activation","2026-10-05","passed","2026-10-05","","test_RTP_activation_security","",""
"","5042","An RTP callback is successfully received","functional-tests.tests.callbacks","2026-10-05","passed","2026-10-05","","test_RTP_callback_DS_04","",""
"Test sending a DELETE operation message via GPD message API after a CREATE VALID + UPDATE","2724","A DELETE message after CREATE VALID + UPDATE INVALID","functional-tests.tests.process_messages_sender","2026-10-05","passed","2026-10-05","","test_RTP_process_sender_DELETE","",""
"
Send the same CREATE VALID message twice.

Because send_gpd_message derives the Idempotency-Key deterministically from
the message id (msg_id), reusing the same payload reuses the same key.

Expectations:
- Both calls return HTTP 200 (idempotent, not an error).
- The resourceId in both responses is identical, proving the API returned
  the cached response and did not process the message twice.
- Querying by notice number returns exactly one RTP, confirming that only
  one record was written to the database.
","2746","Two CREATE VALID messages with the same Idempotency-Key both succeed but only one RTP is stored","functional-tests.tests.process_messages_sender","2026-10-05","passed","2026-10-05","","test_RTP_process_sender_IDEMPOTENCY","",""
"The ownership check fails the same way whether the target spId belongs to someone else
or doesn't exist in the registry at all - NOEXIT00 is not a real Service Provider ID.","631","Activation is forbidden with the same error code for a Service Provider ID absent from the registry","functional-tests.tests.activation","2026-10-05","passed","2026-10-05","","test_debtor_activation_create","",""
"","20264","A v2 redirect RTP callback with status ACTC is successfully received","functional-tests.tests.callbacks_v2","2026-10-05","failed","2026-10-05","","test_RTP_callback_DS_05_redirect","",""
"","2059","RTP cancellation fails with an invalid reason - V2","functional-tests.tests.cancel_rtp","2026-10-05","passed","2026-10-05","","test_RTP_cancel","",""
"Test sending an UPDATE operation message with different statuses via GPD message API after a CREATE","1966","An UPDATE message with status PARTIALLY_PAID after CREATE","functional-tests.tests.process_messages_sender","2026-10-05","passed","2026-10-05","","test_RTP_process_sender_UPDATE","",""
"","578","The service returns the mocked server error","functional-tests.tests.availability","2026-10-05","passed","2026-10-05","","test_availability_MOCK","",""
"","2231","An authenticated Service Provider cannot send an RTP to an activated debtor","bdd-tests","2026-10-05","passed","2026-10-05","RTP_Sending","RTP","",""
"","16533","Sending an RTP when EPC returns a malformed/invalid response body returns 500 - through Web API V2","functional-tests.tests.send_rtp","2026-10-05","broken","2026-10-05","","test_RTP_send_MOCK","",""
"
DS_08N callback sent with the Version header must be rejected with 400.
The RTP must remain in SENT (transition to REJECTED must not happen).

Flow:
1. Activate payer and send an RTP → resource_id
2. Build a valid DS_08N payload referencing the RTP
3. POST to callback endpoint WITH Version header
4. Verify 400 is returned with the expected error body
5. Verify RTP status is still SENT
","2582","DS_08N callback with Version header returns 400","functional-tests.tests.callbacks","2026-10-05","passed","2026-10-05","","test_RTP_callback_with_version_header","",""
"
Test RFC callback DS12N with INVALID status.

Flow:
1. Activate payer
2. Send an RTP via GPD message (CREATE VALID)
3. Cancel the RTP via GPD message (DELETE) → RTP to RFC_SENT
4. Send DS12N callback with CxlStsId INVALID
5. Verify callback is rejected with 400
6. Verify RTP status is still RFC_SENT
","3271","An RFC callback DS12N INVALID is rejected with 400","functional-tests.tests.callbacks","2026-10-05","passed","2026-10-05","","test_RTP_callback_DS_12N","",""
"Encode the leaf certificate as DER and the chain as PEM.","1","test_sign_srtp_message_encodes_leaf_der_and_chain_pem","functional-tests.tests.qsealc","2026-10-05","passed","2026-10-05","","test_srtp_signature","",""
"Test that takeover fails when the service provider is unauthenticated","1852","Test Takeover Fails with Unauthenticated SP","functional-tests.tests.takeover","2026-10-05","passed","2026-10-05","","test_debtor_takeover","",""
"","3881","An RTP is sent to a CBI service with activated fiscal code - through Web API","functional-tests.tests.send_rtp","2026-10-05","passed","2026-10-05","","test_RTP_send_CBI","",""
"","1261","A status-update error is normalized without changing the RTP","functional-tests.tests.send_rtp","2026-10-05","failed","2026-10-05","","test_RTP_status_update_MOCK_V2","",""
"Validate the EPC header whitelist with case-insensitive names.","0","test_epc_header_filter_matches_swagger_headers_case_insensitively","functional-tests.tests.qsealc","2026-10-05","passed","2026-10-05","","test_srtp_message_signing","",""
"","2560","An RTP sent with synchronous rejection containing extra fields results in status REJECTED","functional-tests.tests.send_rtp","2026-10-05","passed","2026-10-05","","test_RTP_send_MOCK","",""
"Each entry in ``INVALID_PAYER_IDS`` must be rejected with 400.

The ``description`` parameter appears in pytest output to identify which
case failed without having to inspect the raw value.
","619","Querying activation status with an invalid payerId format returns 400","functional-tests.tests.activation","2026-10-05","passed","2026-10-05","","test_debtor_activation_payer_status","",""
"","625","Retrieving non-existent activation by payer id returns 404","functional-tests.tests.activation","2026-10-05","passed","2026-10-05","","test_debtor_activation_get","",""
"","1293","Unauthorized callback due to wrong certificate serial","functional-tests.tests.callbacks_v2","2026-10-05","failed","2026-10-05","","test_RTP_callback_DS_08N_negative","",""
"
Test RFC callback DS12N with RJCR status applied twice on the same RTP.

Flow:
1. Activate payer
2. Send an RTP via GPD message (CREATE VALID)
3. Cancel the RTP via GPD message (DELETE) -> RTP to RFC_SENT
4. Send DS12N callback with CxlStsId RJCR (Rejected Cancellation Request) -> RTP to ERROR_CANCEL
5. Send the same DS12N RJCR callback again on the already transitioned RTP
6. Verify the second callback is rejected (400) since the transition is no longer valid
7. Verify RTP status remains ERROR_CANCEL
","5275","Failed RFC callback for invalid RTP transition - DS-12N RJCR compliant","functional-tests.tests.callbacks","2026-10-05","passed","2026-10-05","","test_RTP_callback_DS_12N","",""
"","3310","An RTP callback with status ACWC is successfully received","functional-tests.tests.callbacks","2026-10-05","passed","2026-10-05","","test_RTP_callback_DS_08","",""
"","1291","Get a page of activations","functional-tests.tests.activation","2026-10-05","passed","2026-10-05","","test_debtor_activation_list","",""
"","1276","A debtor with VAT number is activated and retrieved by activation id","functional-tests.tests.activation","2026-10-05","passed","2026-10-05","","test_debtor_activation_get","",""
"
DS_08P ACCP callback sent with the Version header must be rejected with 400.
The RTP must remain in ACCEPTED (transition to USER_ACCEPTED must not happen).

Flow:
1. Activate payer, send RTP, advance to ACCEPTED via DS_05 (without header)
2. Build a valid DS_08P ACCP payload
3. POST WITH Version header
4. Verify 400 is returned with the expected error body
5. Verify RTP status is still ACCEPTED
","3422","DS_08P ACCP callback with Version header returns 400","functional-tests.tests.callbacks","2026-10-05","passed","2026-10-05","","test_RTP_callback_with_version_header","",""
"","610","Unauthorized callback due to wrong certificate serial","functional-tests.tests.callbacks","2026-10-05","passed","2026-10-05","","test_RTP_callback_DS_04","",""
"Apply a caller-provided predicate when selecting canonical headers.","0","test_canonical_representation_applies_a_caller_provided_header_filter","functional-tests.tests.qsealc","2026-10-05","passed","2026-10-05","","test_srtp_message_signing","",""
"
Test RFC callback DS12N with RJCR status, cancel triggered via REST Web API with explicit reason.

Flow:
1. Activate payer
2. Send an RTP via GPD message (CREATE VALID)
3. Cancel the RTP via REST cancel endpoint with cancel_reason → RTP to RFC_SENT
4. Send DS12N callback with CxlStsId RJCR (Rejected Cancellation Request)
5. Verify callback is accepted (200)
6. Verify RTP status is ERROR_CANCEL
","3894","An RFC callback DS12N RJCR is successfully received and RTP status is ERROR_CANCEL - through Web API cancel","functional-tests.tests.callbacks","2026-10-05","passed","2026-10-05","","test_RTP_callback_DS_12N","",""
"","2078","Takeover fails with invalid OTP","bdd-tests","2026-10-05","passed","2026-10-05","Debtor_Activation_Takeover","RTP","",""
"Each entry in ``INVALID_PAYER_IDS`` must be rejected with 400.

The ``description`` parameter appears in pytest output to identify which
case failed without having to inspect the raw value.
","620","Querying activation status with an invalid payerId format returns 400","functional-tests.tests.activation","2026-10-05","passed","2026-10-05","","test_debtor_activation_payer_status","",""
"","1253","A debtor with VAT number (Partita IVA) is activated successfully","functional-tests.tests.activation","2026-10-05","passed","2026-10-05","","test_debtor_activation_create","",""
"
Test v2 RFC callback DS12P with CNCL status.

Flow:
1. Activate payer
2. Send an RTP via GPD message v2 (CREATE VALID)
3. Cancel the RTP via GPD message v2 (DELETE) -> RTP to RFC_SENT
4. Send DS12P callback with CxlStsId CNCL (Cancelled As Per Request)
5. Verify callback is accepted (200)
6. Verify RTP status is CANCELLED
","1257","A v2 RFC callback DS12P CNCL is successfully received and RTP status is CANCELLED","functional-tests.tests.callbacks_v2","2026-10-05","failed","2026-10-05","","test_RTP_callback_DS_12P_positive","",""
"Normalize each supported HTTP method to uppercase.","0","test_canonical_representation_emits_an_uppercase_method[options]","functional-tests.tests.qsealc","2026-10-05","passed","2026-10-05","","test_srtp_message_signing","",""
"Frame an empty body so headers and payloads remain distinguishable.","0","test_canonical_representation_frames_an_empty_body","functional-tests.tests.qsealc","2026-10-05","passed","2026-10-05","","test_srtp_message_signing","",""
"Test sending a DELETE operation message via GPD message API after a CREATE VALID + UPDATE","2804","A DELETE message after CREATE VALID + UPDATE EXPIRED","functional-tests.tests.process_messages_sender","2026-10-05","passed","2026-10-05","","test_RTP_process_sender_DELETE","",""
"","18704","An RTP sent with synchronous acceptance is in status ACCEPTED - DS-05 ACTC - through Web API V2","functional-tests.tests.send_rtp","2026-10-05","passed","2026-10-05","","test_RTP_send_MOCK","",""
"Test sending an UPDATE after CREATE VALID + DELETE with different statuses","2649","An UPDATE message with status DRAFT after CREATE VALID and DELETE","functional-tests.tests.process_messages_sender","2026-10-05","passed","2026-10-05","","test_RTP_process_sender_UPDATE","",""
"","1244","DS_08N negative v2 callback with Version header returns 400","functional-tests.tests.callbacks_v2","2026-10-05","failed","2026-10-05","","test_RTP_callback_with_version_header","",""
"
Test RFC callback DS12P with non-existing service provider, cancel via REST Web API.

Flow:
1. Activate payer
2. Send an RTP via GPD message (CREATE VALID)
3. Cancel the RTP via REST cancel endpoint with cancel_reason → RTP to RFC_SENT
4. Send DS12P callback with non-existing BIC (MOCKSP99)
5. Verify callback is rejected with 400 (service provider not found)
","3174","Failed RFC callback for non existing Service Provider - DS-12P CNCL compliant - through Web API cancel","functional-tests.tests.callbacks","2026-10-05","passed","2026-10-05","","test_RTP_callback_DS_12P","",""
"","578","Unauthorized request returns 401","functional-tests.tests.activation","2026-10-05","passed","2026-10-05","","test_debtor_activation_list","",""
"","1296","An RTP is sent to Poste service with activated fiscal code","functional-tests.tests.send_rtp","2026-10-05","passed","2026-10-05","","test_RTP_send_POSTE","",""
"","18393","A v2 redirect RTP callback with invalid status is rejected without affecting the RTP status","functional-tests.tests.callbacks_v2","2026-10-05","failed","2026-10-05","","test_RTP_callback_DS_05_redirect","",""
"","19777","Failed callback for non existing Service Provider - DS-05 redirect compliant","functional-tests.tests.callbacks_v2","2026-10-05","failed","2026-10-05","","test_RTP_callback_DS_05_redirect","",""
"Test sending an UPDATE operation message with different statuses via GPD message API after a CREATE","2214","An UPDATE message with status VALID after CREATE","functional-tests.tests.process_messages_sender","2026-10-05","passed","2026-10-05","","test_RTP_process_sender_UPDATE","",""
"","618","Get payees consents with negative page size returns 400","functional-tests.tests.service_registry","2026-10-05","passed","2026-10-05","","test_get_payees_consents","",""
"
Verify that a debt position can be created and published successfully.
","689","Happy path: a debt position is created and published in UAT environment","functional-tests.tests.gpd_availability","2026-10-05","passed","2026-10-05","","test_availability_GPD","",""
"","19175","RTP form is filled and submitted","ux-tests.tests","2026-10-05","passed","2026-10-05","","test_RTP_cancel_v4","",""
"`Sts.Conf = ""RJCR""` triggers CANCEL_RTP -> CONFIRM_RFC -> CANCEL_RTP_REJECTED, ending in CANCELLED_REJECTED.","1696","Cancelling an RTP - EPC v4 mock happy path scenario: rjcr_rejected","functional-tests.tests.cancel_rtp","2026-10-05","failed","2026-10-05","","test_RTP_cancel_MOCK_V2","",""
"","1269","Unauthorized callback due to wrong certificate serial","functional-tests.tests.callbacks_v2","2026-10-05","failed","2026-10-05","","test_RTP_callback_DS_08P_positive","",""
"Normalize each supported HTTP method to uppercase.","0","test_canonical_representation_emits_an_uppercase_method[delete]","functional-tests.tests.qsealc","2026-10-05","passed","2026-10-05","","test_srtp_message_signing","",""
"","1793","An RTP is sent to Poste service with activated fiscal code - through Web API","functional-tests.tests.send_rtp","2026-10-05","failed","2026-10-05","","test_RTP_send_POSTE","",""
"","3917","An authenticated creditor Service Provider can send an RTP to an activated debtor","bdd-tests","2026-10-05","passed","2026-10-05","RTP_Sending","RTP","",""
"Test sending a CREATE operation message via GPD message API","1497","A CREATE message is successfully sent through GPD message API","functional-tests.tests.process_messages_sender","2026-10-05","passed","2026-10-05","","test_RTP_process_sender","",""
"Test sending a CREATE operation message with different statuses via GPD message API","1247","A CREATE message with status DRAFT","functional-tests.tests.process_messages_sender","2026-10-05","passed","2026-10-05","","test_RTP_process_sender_CREATE","",""
"","2126","An RTP sent with synchronous acceptance is in status ACCEPTED - DS-05 ACTC - through Web API","functional-tests.tests.send_rtp","2026-10-05","passed","2026-10-05","","test_RTP_send_MOCK","",""
"","1223","A status-update error is normalized without changing the RTP","functional-tests.tests.send_rtp","2026-10-05","failed","2026-10-05","","test_RTP_status_update_MOCK_V2","",""
"","1647","An RTP is sent through ICCREA API","functional-tests.tests.availability","2026-10-05","passed","2026-10-05","","test_availability_ICCREA","",""
"Exclude transport headers outside the EPC API whitelist.","1","test_canonical_representation_filters_headers_outside_the_epc_api_set","functional-tests.tests.qsealc","2026-10-05","passed","2026-10-05","","test_srtp_message_signing","",""
"","772","malformed rtp_id → 400 Bad Request","functional-tests.tests.get_rtp","2026-10-05","passed","2026-10-05","","test_RTP_get","",""
"Test sending a CREATE operation message with different statuses via GPD message API","1641","A CREATE message with status EXPIRED","functional-tests.tests.process_messages_sender","2026-10-05","passed","2026-10-05","","test_RTP_process_sender_CREATE","",""
"","814","inexistent RTP -> empty body","functional-tests.tests.get_rtp","2026-10-05","passed","2026-10-05","","test_RTP_get","",""
"","671","Sending to non-activated debtor returns 422 - through Web API V2","functional-tests.tests.send_rtp","2026-10-05","passed","2026-10-05","","test_RTP_send_MOCK","",""
"","630","Non-integer size returns 400","functional-tests.tests.activation","2026-10-05","passed","2026-10-05","","test_debtor_activation_list","",""
"","63446","A status-update response maps to the expected RTP result","functional-tests.tests.send_rtp","2026-10-05","failed","2026-10-05","","test_RTP_status_update_MOCK_V2","",""
"No `Sts.Conf` confirmation is present (minimal JSON without Sts), so only CANCEL_RTP is triggered and the RTP stays in RFC_SENT.","13526","Cancelling an RTP - EPC v4 mock happy path scenario: minimal_json","functional-tests.tests.cancel_rtp","2026-10-05","failed","2026-10-05","","test_RTP_cancel_MOCK_V2","",""
"","2908","An RTP sent with synchronous rejection is in status REJECTED - DS-08P N","functional-tests.tests.send_rtp","2026-10-05","passed","2026-10-05","","test_RTP_send_MOCK","",""
"","607","The activation request must contain a validly formatted Service Provider ID","functional-tests.tests.activation","2026-10-05","passed","2026-10-05","","test_debtor_activation_create","",""
"The response cannot be parsed as a cancellation confirmation (malformed, unquoted string), so the RTP stays in RFC_SENT rather than erroring out.","1260","Cancelling an RTP - EPC v4 mock unhappy path scenario: malformed_string","functional-tests.tests.cancel_rtp","2026-10-05","failed","2026-10-05","","test_RTP_cancel_MOCK_V2","",""
"","1240","An invalid status transition is rejected","functional-tests.tests.send_rtp","2026-10-05","failed","2026-10-05","","test_RTP_status_update_MOCK_V2","",""
"","591","Get payees with invalid authorization","functional-tests.tests.service_registry","2026-10-05","passed","2026-10-05","","test_service_registry_payees_registry","",""
"The PSP synchronously rejects the cancellation request with 422 (per standard behaviour for the EPC 415 Unsupported Media Type scenario). The RTP then transitions to ERROR_CANCEL via ERROR_CANCEL_RTP.","20091","Cancelling an RTP - EPC v4 mock unhappy path scenario: epc_415","functional-tests.tests.cancel_rtp","2026-10-05","failed","2026-10-05","","test_RTP_cancel_MOCK_V2","",""
"","4453","Failed callback for invalid RTP transition - DS-08P ACCP compliant","functional-tests.tests.callbacks","2026-10-05","passed","2026-10-05","","test_RTP_callback_DS_08","",""
"
Verify that a debt position can be deleted successfully.
","2884","Happy path: a debt position is deleted in UAT environment","functional-tests.tests.gpd_availability","2026-10-05","passed","2026-10-05","","test_availability_GPD","",""
"","3718","RTP is successfully cancelled with reason PAID","functional-tests.tests.cancel_rtp","2026-10-05","passed","2026-10-05","","test_RTP_cancel","",""
"","4224","A debtor Service Provider successfully takes over an activation from another provider","bdd-tests","2026-10-05","passed","2026-10-05","Debtor_Activation_Takeover","RTP","",""
"Test sending a DELETE operation message via GPD message API after a standalone UPDATE (no prior CREATE)","1884","A DELETE message after standalone UPDATE PUBLISHED","functional-tests.tests.process_messages_sender","2026-10-05","passed","2026-10-05","","test_RTP_process_sender_DELETE","",""
"Test sending an UPDATE operation message with different statuses via GPD message API before a CREATE","2023","An UPDATE message with status INVALID before CREATE","functional-tests.tests.process_messages_sender","2026-10-05","passed","2026-10-05","","test_RTP_process_sender_UPDATE_before_CREATE","",""
"","2375","Whitespaces is allowed in description and company name field","ux-tests.tests","2026-10-05","passed","2026-10-05","","test_RTP_submission_v4","",""
"Each entry in ``INVALID_PAYER_IDS`` (see dataset docstring) must be rejected with 400.","640","The activation request must contain a validly formatted fiscal code","functional-tests.tests.activation","2026-10-05","passed","2026-10-05","","test_debtor_activation_create","",""
"","1243","A status-update error is normalized without changing the RTP","functional-tests.tests.send_rtp","2026-10-05","failed","2026-10-05","","test_RTP_status_update_MOCK_V2","",""
"Each entry in ``INVALID_PAYER_IDS`` (see dataset docstring) must be rejected with 400.","606","The activation request must contain a validly formatted fiscal code","functional-tests.tests.activation","2026-10-05","passed","2026-10-05","","test_debtor_activation_create","",""
"","4990","RTP form is filled and submitted","ux-tests.tests","2026-10-05","passed","2026-10-05","","test_RTP_cancel_v3","",""
"Test sending a CREATE operation message with an omocodia fiscal code via GPD message API","1469","A CREATE message with omocodia fiscal code is successfully sent through GPD message API","functional-tests.tests.process_messages_sender","2026-10-05","passed","2026-10-05","","test_RTP_process_sender","",""
"Each entry in ``INVALID_PAYER_IDS`` (see dataset docstring) must be rejected with 400.","608","The activation request must contain a validly formatted fiscal code","functional-tests.tests.activation","2026-10-05","passed","2026-10-05","","test_debtor_activation_create","",""
"","3838","An RTP callback is successfully received with status ACCP","functional-tests.tests.callbacks","2026-10-05","passed","2026-10-05","","test_RTP_callback_DS_08","",""
"MOCKSP04 owns MOCKSP01 and triggers the OTP; FAKESP01, which owns neither, must be rejected
with an explicit ownership error, not merely a generic 403.","1968","Test Takeover Fails when Redeemer Does Not Own the OTP's Service Provider ID","functional-tests.tests.takeover","2026-10-05","passed","2026-10-05","","test_debtor_takeover","",""
"Test the takeover flow where a user changes service provider","5690","Test Takeover Flow","functional-tests.tests.takeover","2026-10-05","passed","2026-10-05","","test_debtor_takeover","",""
"Each entry in ``INVALID_PAYER_IDS`` (see dataset docstring) must be rejected with 400.","607","The activation request must contain a validly formatted fiscal code","functional-tests.tests.activation","2026-10-05","passed","2026-10-05","","test_debtor_activation_create","",""
"","1710","Cannot send RTP with expired date","functional-tests.tests.availability","2026-10-05","passed","2026-10-05","","test_availability_CBI","",""
"","622","Invalid pagination parameters returns 400","functional-tests.tests.activation","2026-10-05","passed","2026-10-05","","test_debtor_activation_list","",""
"","2525","An RTP sent with synchronous rejection and missing _links results in status REJECTED - through Web API","functional-tests.tests.send_rtp","2026-10-05","passed","2026-10-05","","test_RTP_send_MOCK","",""
"","24534","An AEXR status update conflicts with a USER_REJECTED RTP","functional-tests.tests.callbacks_v2","2026-10-05","passed","2026-10-05","","test_RTP_status_update_callback","",""
"
SP A activates the payer.
SP B queries the status → must get isActive=false to avoid disclosing
that the payer is registered under a competitor SP.
","1548","A payer active on a different Service Provider returns isActive false (privacy)","functional-tests.tests.activation","2026-10-05","passed","2026-10-05","","test_debtor_activation_payer_status","",""
"","1240","A status-update error is normalized without changing the RTP","functional-tests.tests.send_rtp","2026-10-05","failed","2026-10-05","","test_RTP_status_update_MOCK_V2","",""
"The PSP synchronously rejects the cancellation request with 422 (per standard behaviour for the EPC 422 Unprocessable Entity scenario). The RTP then transitions to ERROR_CANCEL via ERROR_CANCEL_RTP.","19460","Cancelling an RTP - EPC v4 mock unhappy path scenario: epc_422","functional-tests.tests.cancel_rtp","2026-10-05","failed","2026-10-05","","test_RTP_cancel_MOCK_V2","",""
"","1983","RTP cancellation fails with an invalid reason","functional-tests.tests.cancel_rtp","2026-10-05","passed","2026-10-05","","test_RTP_cancel","",""
"","1245","A status-update response maps to the expected RTP result","functional-tests.tests.send_rtp","2026-10-05","failed","2026-10-05","","test_RTP_status_update_MOCK_V2","",""
"","625","An RTP is sent to Poste service with activated fiscal code - through Web API V2","functional-tests.tests.send_rtp","2026-10-05","failed","2026-10-05","","test_RTP_send_POSTE","",""
"","19456","RTP is successfully cancelled with reason PAID - V2","functional-tests.tests.cancel_rtp","2026-10-05","passed","2026-10-05","","test_RTP_cancel","",""
"","23109","A REPR status update leaves SENT unchanged","functional-tests.tests.callbacks_v2","2026-10-05","passed","2026-10-05","","test_RTP_status_update_callback","",""
"","610","Retrieving activation with invalid UUID returns 400","functional-tests.tests.activation","2026-10-05","passed","2026-10-05","","test_debtor_activation_get","",""
"","31384","RTP form cancellation with reason PAID","ux-tests.tests","2026-10-05","broken","2026-10-05","","test_RTP_cancel_v4","",""
"Test sending a CREATE operation message with different statuses via GPD message API","1242","A CREATE message with status INVALID","functional-tests.tests.process_messages_sender","2026-10-05","passed","2026-10-05","","test_RTP_process_sender_CREATE","",""
"
DS_04b callback sent with the Version header must be rejected with 400.
The RTP state must be unchanged.

Flow:
1. Activate payer and send an RTP → resource_id
2. Capture current RTP status
3. Build a valid DS_04b payload referencing the RTP
4. POST to callback endpoint WITH Version header
5. Verify 400 is returned with the expected error body
6. Verify RTP status is unchanged
","3254","DS_04b callback with Version header returns 400","functional-tests.tests.callbacks","2026-10-05","passed","2026-10-05","","test_RTP_callback_with_version_header","",""
"","618","RTP cancellation fails if resource ID does not exist - V2","functional-tests.tests.cancel_rtp","2026-10-05","passed","2026-10-05","","test_RTP_cancel","",""
"","1409","DS_05 redirect v2 callback with Version header returns 400","functional-tests.tests.callbacks_v2","2026-10-05","failed","2026-10-05","","test_RTP_callback_with_version_header","",""
"Test sending an UPDATE after CREATE VALID + DELETE with different statuses","2668","An UPDATE message with status EXPIRED after CREATE VALID and DELETE","functional-tests.tests.process_messages_sender","2026-10-05","passed","2026-10-05","","test_RTP_process_sender_UPDATE","",""
"","3381","An RTP callback with invalid status is received and processed with success without affecting the RTP status","functional-tests.tests.callbacks","2026-10-05","passed","2026-10-05","","test_RTP_callback_DS_05","",""
"","611","Find by payer id request must contain lower case fiscal code","functional-tests.tests.activation","2026-10-05","passed","2026-10-05","","test_debtor_activation_create","",""
"","22963","RTP form cancellation with reason MODT","ux-tests.tests","2026-10-05","failed","2026-10-05","","test_RTP_cancel_v4","",""
"Test sending an UPDATE operation message with different statuses via GPD message API after a CREATE","1983","An UPDATE message with status PUBLISHED after CREATE","functional-tests.tests.process_messages_sender","2026-10-05","passed","2026-10-05","","test_RTP_process_sender_UPDATE","",""
"","620","Get payees consents with negative page number returns 400","functional-tests.tests.service_registry","2026-10-05","passed","2026-10-05","","test_get_payees_consents","",""
"","1","A Service Provider is authenticated","functional-tests.tests.auth","2026-10-05","passed","2026-10-05","","test_auth","",""
"The PSP synchronously rejects the cancellation request with 422 (per standard behaviour for the EPC 429 Too Many Requests scenario). The RTP then transitions to ERROR_CANCEL via ERROR_CANCEL_RTP.","36752","Cancelling an RTP - EPC v4 mock unhappy path scenario: epc_429","functional-tests.tests.cancel_rtp","2026-10-05","passed","2026-10-05","","test_RTP_cancel_MOCK_V2","",""
"","19328","RTP is successfully cancelled with reason MODT - V2","functional-tests.tests.cancel_rtp","2026-10-05","passed","2026-10-05","","test_RTP_cancel","",""
"Payer activated under SP A queried by SP A → isActive must be true.","1274","An active payer returns isActive true for the same Service Provider","functional-tests.tests.activation","2026-10-05","passed","2026-10-05","","test_debtor_activation_payer_status","",""
"
Payer activated under SP A.
Token with read_rtp_all can read across all Service Providers:
the admin client sub does not match SP A, yet isActive must be true.
","1802","read_rtp_all role returns isActive true for a payer on any Service Provider","functional-tests.tests.activation","2026-10-05","passed","2026-10-05","","test_debtor_activation_payer_status","",""
"","660","Deactivation fails for non-existing activation","functional-tests.tests.activation","2026-10-05","passed","2026-10-05","","test_debtor_deactivation","",""
"Each entry in ``INVALID_PAYER_IDS`` (see dataset docstring) must be rejected with 400.","649","The activation request must contain a validly formatted fiscal code","functional-tests.tests.activation","2026-10-05","passed","2026-10-05","","test_debtor_activation_create","",""
"","1326","A debtor activated with an owned but distinct Service Provider ID is deactivated","functional-tests.tests.activation","2026-10-05","passed","2026-10-05","","test_debtor_deactivation","",""
"CREATE VALID with an ec_tax_code that does not exist in GPD returns 422 Payee not found","1776","A CREATE VALID message with a non-existent ec_tax_code is rejected","functional-tests.tests.process_messages_sender","2026-10-05","passed","2026-10-05","","test_RTP_process_sender_CREATE","",""
"","1315","A v2 RTP callback with invalid status is rejected without affecting the RTP status","functional-tests.tests.callbacks_v2","2026-10-05","failed","2026-10-05","","test_RTP_callback_DS_08N_negative","",""
"","1316","A debtor cannot be activated more than once by the same service provider","functional-tests.tests.activation","2026-10-05","passed","2026-10-05","","test_debtor_activation_create","",""
"","1983","Sending an RTP when EPC returns an unexpected status code error (RTP_05.CHK.A0007) returns 500 - through Web API","functional-tests.tests.send_rtp","2026-10-05","passed","2026-10-05","","test_RTP_send_MOCK","",""
"","1","test_verify_srtp_message_accepts_a_signature_with_a_trusted_root","functional-tests.tests.qsealc","2026-10-05","passed","2026-10-05","","test_srtp_signature_verification","",""
"Test sending an UPDATE operation message with different statuses via GPD message API before a CREATE","1246","An UPDATE message with status PAID before CREATE","functional-tests.tests.process_messages_sender","2026-10-05","passed","2026-10-05","","test_RTP_process_sender_UPDATE_before_CREATE","",""
"Active payer with a foreign-country fiscal code (Z + 3 digits municipality) → isActive must be true.","1302","An active payer with foreign fiscal code returns isActive true","functional-tests.tests.activation","2026-10-05","passed","2026-10-05","","test_debtor_activation_payer_status","",""
"","2916","RTP form cancellation with reason MODT","ux-tests.tests","2026-10-05","passed","2026-10-05","","test_RTP_cancel_v3","",""
"
Test RFC callback DS12N with non-existing service provider, cancel via REST Web API.

Flow:
1. Activate payer
2. Send an RTP via GPD message (CREATE VALID)
3. Cancel the RTP via REST cancel endpoint with cancel_reason → RTP to RFC_SENT
4. Send DS12N callback with non-existing BIC (MOCKSP99)
5. Verify callback is rejected with 400 (service provider not found)
","4867","Failed RFC callback for non existing Service Provider - DS-12N RJCR compliant - through Web API cancel","functional-tests.tests.callbacks","2026-10-05","passed","2026-10-05","","test_RTP_callback_DS_12N","",""
"","607","Get payees consents with invalid consent value returns 400","functional-tests.tests.service_registry","2026-10-05","passed","2026-10-05","","test_get_payees_consents","",""
"Generate signatures for each supported explicit digest algorithm.","1","test_sign_srtp_message_uses_an_explicit_digest_algorithm[sha512]","functional-tests.tests.qsealc","2026-10-05","passed","2026-10-05","","test_srtp_signature","",""
"","1242","A debtor is activated and retrieved by activation id","functional-tests.tests.activation","2026-10-05","passed","2026-10-05","","test_debtor_activation_get","",""
"","1684","Cannot send RTP with invalid amount","functional-tests.tests.availability","2026-10-05","passed","2026-10-05","","test_availability_CBI","",""
"
Payer activated under SP A.
- SP B (read_rtp_activations): isActive must be false - privacy rule hides cross-SP activation.
- Admin (read_rtp_all): isActive must be true - role grants visibility across all SPs.
Same payer, same endpoint, different roles → different results.
","2048","read_rtp_all role returns isActive true while read_rtp_activations returns false for the same cross-SP payer","functional-tests.tests.activation","2026-10-05","passed","2026-10-05","","test_debtor_activation_payer_status","",""
"Each entry in ``INVALID_PAYER_IDS`` must be rejected with 400.

The ``description`` parameter appears in pytest output to identify which
case failed without having to inspect the raw value.
","623","Querying activation status with an invalid payerId format returns 400","functional-tests.tests.activation","2026-10-05","failed","2026-10-05","","test_debtor_activation_payer_status","",""
"Each entry in ``INVALID_PAYER_IDS`` must be rejected with 400.

The ``description`` parameter appears in pytest output to identify which
case failed without having to inspect the raw value.
","615","Querying activation status with an invalid payerId format returns 400","functional-tests.tests.activation","2026-10-05","passed","2026-10-05","","test_debtor_activation_payer_status","",""
"","1964","A status-update error is normalized without changing the RTP","functional-tests.tests.send_rtp","2026-10-05","failed","2026-10-05","","test_RTP_status_update_MOCK_V2","",""
"Each entry in ``INVALID_PAYER_IDS`` must be rejected with 400.

The ``description`` parameter appears in pytest output to identify which
case failed without having to inspect the raw value.
","618","Querying activation status with an invalid payerId format returns 400","functional-tests.tests.activation","2026-10-05","passed","2026-10-05","","test_debtor_activation_payer_status","",""
"","627","All auth fixtures expose a valid Bearer token format","functional-tests.tests.auth","2026-10-05","passed","2026-10-05","","test_auth","",""
"Generate a verifiable signature and all required transport headers.","1","test_sign_srtp_message_returns_a_verifiable_signature_and_headers","functional-tests.tests.qsealc","2026-10-05","passed","2026-10-05","","test_srtp_signature","",""
"Each entry in ``INVALID_PAYER_IDS`` (see dataset docstring) must be rejected with 400.","1443","The activation request must contain a validly formatted fiscal code","functional-tests.tests.activation","2026-10-05","passed","2026-10-05","","test_debtor_activation_create","",""
"","1602","DS_08P positive v2 callback with Version header returns 400","functional-tests.tests.callbacks_v2","2026-10-05","failed","2026-10-05","","test_RTP_callback_with_version_header","",""
"DS_08N RJCT callback sent after a prior DS_05 ACTC callback.

The RTP is expected to transition from SENT to ACCEPTED, then to USER_REJECTED.
","1234","A v2 RTP callback with status RJCT after DS_05 transitions the RTP to USER_REJECTED","functional-tests.tests.callbacks_v2","2026-10-05","failed","2026-10-05","","test_RTP_callback_DS_08N_negative","",""
"Querying activation status with an empty payerId must be rejected with 404.","619","Querying activation status with an empty payerId returns 404","functional-tests.tests.activation","2026-10-05","passed","2026-10-05","","test_debtor_activation_payer_status","",""
"","2809","Attempt to cancel a non-existing RTP","bdd-tests","2026-10-05","passed","2026-10-05","RTP_Cancellation","RTP","",""
"","1259","A status-update error is normalized without changing the RTP","functional-tests.tests.send_rtp","2026-10-05","failed","2026-10-05","","test_RTP_status_update_MOCK_V2","",""
"Test sending a CREATE operation message with different statuses via GPD message API","1256","A CREATE message with status PAID","functional-tests.tests.process_messages_sender","2026-10-05","passed","2026-10-05","","test_RTP_process_sender_CREATE","",""
"
DS_12P CNCL RFC callback sent with the Version header must be rejected with 400.
The RTP must remain in RFC_SENT (transition to CANCELLED must not happen).

Flow:
1. Activate payer, send RTP, trigger cancel via GPD DELETE → RFC_SENT
2. Build a valid DS_12P CNCL payload
3. POST to RFC callback endpoint WITH Version header
4. Verify 400 is returned with the expected error body
5. Verify RTP status is still RFC_SENT
","4294","DS_12P CNCL RFC callback with Version header returns 400","functional-tests.tests.callbacks","2026-10-05","passed","2026-10-05","","test_RTP_callback_with_version_header","",""
"Each entry in ``INVALID_PAYER_IDS`` (see dataset docstring) must be rejected with 400.","611","The activation request must contain a validly formatted fiscal code","functional-tests.tests.activation","2026-10-05","passed","2026-10-05","","test_debtor_activation_create","",""
"","921","Get payees consents with wrong token type returns 403","functional-tests.tests.service_registry","2026-10-05","passed","2026-10-05","","test_get_payees_consents","",""
"Test sending an UPDATE operation message with different statuses via GPD message API after a CREATE","2548","An UPDATE message with status PAID after CREATE","functional-tests.tests.process_messages_sender","2026-10-05","passed","2026-10-05","","test_RTP_process_sender_UPDATE","",""
"Each entry in ``INVALID_PAYER_IDS`` must be rejected with 400.

The ``description`` parameter appears in pytest output to identify which
case failed without having to inspect the raw value.
","617","Querying activation status with an invalid payerId format returns 400","functional-tests.tests.activation","2026-10-05","passed","2026-10-05","","test_debtor_activation_payer_status","",""
"
Test v2 RFC callback DS12N with INVALID status.

Flow:
1. Activate payer
2. Send an RTP via GPD message v2 (CREATE VALID)
3. Cancel the RTP via GPD message v2 (DELETE) -> RTP to RFC_SENT
4. Send DS12N callback with CxlStsId INVALID
5. Verify callback is rejected with 400
6. Verify RTP status is still RFC_SENT
","1275","A v2 RFC callback DS12N INVALID is rejected with 400","functional-tests.tests.callbacks_v2","2026-10-05","failed","2026-10-05","","test_RTP_callback_DS_12N_negative","",""
"","621","All auth fixtures expose a valid Bearer token format","functional-tests.tests.auth","2026-10-05","passed","2026-10-05","","test_auth","",""
"","1225","A status-update response maps to the expected RTP result","functional-tests.tests.send_rtp","2026-10-05","failed","2026-10-05","","test_RTP_status_update_MOCK_V2","",""
"No `Sts.Conf` confirmation is present (Sts block omitted entirely), so only CANCEL_RTP is triggered and the RTP stays in RFC_SENT.","1263","Cancelling an RTP - EPC v4 mock happy path scenario: no_sts_block","functional-tests.tests.cancel_rtp","2026-10-05","failed","2026-10-05","","test_RTP_cancel_MOCK_V2","",""
"Preserve binary payload bytes after canonical headers.","0","test_canonical_representation_preserves_payload_bytes_after_headers","functional-tests.tests.qsealc","2026-10-05","passed","2026-10-05","","test_srtp_message_signing","",""
"","621","All auth fixtures expose a valid Bearer token format","functional-tests.tests.auth","2026-10-05","passed","2026-10-05","","test_auth","",""
"
Test RFC callback DS12N with INVALID status, cancel via REST Web API.

Flow:
1. Activate payer
2. Send an RTP via GPD message (CREATE VALID)
3. Cancel the RTP via REST cancel endpoint with cancel_reason → RTP to RFC_SENT
4. Send DS12N callback with CxlStsId INVALID
5. Verify callback is rejected with 400
6. Verify RTP status is still RFC_SENT
","3264","An RFC callback DS12N INVALID is rejected with 400 - through Web API cancel","functional-tests.tests.callbacks","2026-10-05","passed","2026-10-05","","test_RTP_callback_DS_12N","",""
"
Verify that a debt position can be created and published successfully.
","605","Happy path: a debt position is created and published in DEV environment","functional-tests.tests.gpd_availability","2026-10-05","failed","2026-10-05","","test_availability_GPD","",""
"","663","RTP cancellation fails if resource ID does not exist","functional-tests.tests.cancel_rtp","2026-10-05","passed","2026-10-05","","test_RTP_cancel","",""
"","1293","Deactivation returns 404 when the token subject does not own the activation's Service Provider ID","functional-tests.tests.activation","2026-10-05","passed","2026-10-05","","test_debtor_deactivation","",""
"","1249","A status-update error is normalized without changing the RTP","functional-tests.tests.send_rtp","2026-10-05","failed","2026-10-05","","test_RTP_status_update_MOCK_V2","",""
"
Test RFC callback DS12N with INVALID status, cancel via REST Web API.

Flow:
1. Activate payer
2. Send an RTP via GPD message (CREATE VALID)
3. Cancel the RTP via REST cancel endpoint with cancel_reason → RTP to RFC_SENT
4. Send DS12N callback with CxlStsId INVALID
5. Verify callback is rejected with 400
6. Verify RTP status is still RFC_SENT
","3230","An RFC callback DS12N INVALID is rejected with 400 - through Web API cancel","functional-tests.tests.callbacks","2026-10-05","passed","2026-10-05","","test_RTP_callback_DS_12N","",""
"
Test v2 RFC callback DS12N with wrong certificate identity.

Flow:
1. Activate payer
2. Send an RTP via GPD message v2 (CREATE VALID)
3. Cancel the RTP via GPD message v2 (DELETE) -> RTP to RFC_SENT
4. Send DS12N callback with assignee_bic='FAKESP01' (doesn't match certificate identity)
5. Verify callback is rejected with 403 (certificate mismatch)
6. Verify RTP status is still RFC_SENT
","19026","Unauthorized v2 RFC callback due to wrong certificate serial","functional-tests.tests.callbacks_v2","2026-10-05","failed","2026-10-05","","test_RTP_callback_DS_12N_negative","",""
"","1263","A status-update error is normalized without changing the RTP","functional-tests.tests.send_rtp","2026-10-05","failed","2026-10-05","","test_RTP_status_update_MOCK_V2","",""
"Normalize each supported HTTP method to uppercase.","0","test_canonical_representation_emits_an_uppercase_method[connect]","functional-tests.tests.qsealc","2026-10-05","passed","2026-10-05","","test_srtp_message_signing","",""
"Reject digest algorithms outside the supported set.","1","test_sign_srtp_message_rejects_unsupported_digest_algorithms","functional-tests.tests.qsealc","2026-10-05","passed","2026-10-05","","test_srtp_signature","",""
"","2219","An RTP sent when EPC response omits _links is in status ACCEPTED","functional-tests.tests.send_rtp","2026-10-05","passed","2026-10-05","","test_RTP_send_MOCK","",""
"","1783","An RTP is sent through GPD message API","functional-tests.tests.send_rtp","2026-10-05","passed","2026-10-05","","test_RTP_send_MOCK","",""
"Normalize each supported HTTP method to uppercase.","0","test_canonical_representation_emits_an_uppercase_method[put]","functional-tests.tests.qsealc","2026-10-05","passed","2026-10-05","","test_srtp_message_signing","",""
"
Test RFC callback DS12N with RJCR status.

Flow:
1. Activate payer
2. Send an RTP via GPD message (CREATE VALID)
3. Cancel the RTP via GPD message (DELETE) → RTP to RFC_SENT
4. Send DS12N callback with CxlStsId RJCR (Rejected Cancellation Request)
5. Verify callback is accepted (200)
6. Verify RTP status is ERROR_CANCEL
","3909","An RFC callback DS12N RJCR is successfully received and RTP status is ERROR_CANCEL","functional-tests.tests.callbacks","2026-10-05","passed","2026-10-05","","test_RTP_callback_DS_12N","",""
"Takeover with syntactically valid but nonsensical body should fail","1882","Test Takeover Fails with Nonsensical Body","functional-tests.tests.takeover","2026-10-05","passed","2026-10-05","","test_debtor_takeover","",""
"","5189","An RTP callback with status ACTC is successfully received","functional-tests.tests.callbacks","2026-10-05","passed","2026-10-05","","test_RTP_callback_DS_05","",""
"UPDATE VALID before any CREATE creates a new RTP; the RTP must be retrievable from the database","3011","An UPDATE VALID before CREATE creates the RTP in the database","functional-tests.tests.process_messages_sender","2026-10-05","passed","2026-10-05","","test_RTP_process_sender_UPDATE_before_CREATE","",""
"","1252","A status-update error is normalized without changing the RTP","functional-tests.tests.send_rtp","2026-10-05","failed","2026-10-05","","test_RTP_status_update_MOCK_V2","",""
"","1253","A debtor with foreign fiscal code is activated successfully","functional-tests.tests.activation","2026-10-05","passed","2026-10-05","","test_debtor_activation_create","",""
"","1242","Repeating a status update is idempotent","functional-tests.tests.send_rtp","2026-10-05","failed","2026-10-05","","test_RTP_status_update_MOCK_V2","",""
"","1271","A status-update error is normalized without changing the RTP","functional-tests.tests.send_rtp","2026-10-05","failed","2026-10-05","","test_RTP_status_update_MOCK_V2","",""
"","615","Retrieving non-existent activation returns 404","functional-tests.tests.activation","2026-10-05","passed","2026-10-05","","test_debtor_activation_get","",""
"","1233","A status-update error is normalized without changing the RTP","functional-tests.tests.send_rtp","2026-10-05","failed","2026-10-05","","test_RTP_status_update_MOCK_V2","",""
"Test sending an UPDATE operation message with different statuses via GPD message API before a CREATE","1296","An UPDATE message with status EXPIRED before CREATE","functional-tests.tests.process_messages_sender","2026-10-05","passed","2026-10-05","","test_RTP_process_sender_UPDATE_before_CREATE","",""
"Normalize each supported HTTP method to uppercase.","0","test_canonical_representation_emits_an_uppercase_method[get]","functional-tests.tests.qsealc","2026-10-05","passed","2026-10-05","","test_srtp_message_signing","",""
"Each entry in ``INVALID_PAYER_IDS`` (see dataset docstring) must be rejected with 400.","633","The activation request must contain a validly formatted fiscal code","functional-tests.tests.activation","2026-10-05","passed","2026-10-05","","test_debtor_activation_create","",""
"","1249","A status-update response maps to the expected RTP result","functional-tests.tests.send_rtp","2026-10-05","failed","2026-10-05","","test_RTP_status_update_MOCK_V2","",""
"","12996","Failed v2 document callback for invalid RTP transition - DS-document RJCT compliant","functional-tests.tests.callbacks_v2","2026-10-05","failed","2026-10-05","","test_RTP_callback_DS_document_rjct","",""
"Each entry in ``INVALID_PAYER_IDS`` must be rejected with 400.

The ``description`` parameter appears in pytest output to identify which
case failed without having to inspect the raw value.
","620","Querying activation status with an invalid payerId format returns 400","functional-tests.tests.activation","2026-10-05","passed","2026-10-05","","test_debtor_activation_payer_status","",""
"","18389","DS_12N negative RFC v2 callback with Version header returns 400","functional-tests.tests.callbacks_v2","2026-10-05","failed","2026-10-05","","test_RTP_callback_with_version_header","",""
"","1252","A status-update error is normalized without changing the RTP","functional-tests.tests.send_rtp","2026-10-05","failed","2026-10-05","","test_RTP_status_update_MOCK_V2","",""
"","2475","RTP form cancellation with reason PAID","ux-tests.tests","2026-10-05","passed","2026-10-05","","test_RTP_cancel_v3","",""
"","20521","An ARJR status update transitions SENT to REJECTED","functional-tests.tests.callbacks_v2","2026-10-05","passed","2026-10-05","","test_RTP_status_update_callback","",""
"DS_08P ACCP callback sent twice on the same RTP (direct SENT -> USER_ACCEPTED).

The second callback must be rejected with 400 since the transition is no
longer valid once the RTP is already USER_ACCEPTED.
","19627","Failed v2 callback for invalid RTP transition - DS-08P positive compliant","functional-tests.tests.callbacks_v2","2026-10-05","failed","2026-10-05","","test_RTP_callback_DS_08P_positive","",""
"Test sending a DELETE operation message via GPD message API after a CREATE","1881","A DELETE message after CREATE INVALID","functional-tests.tests.process_messages_sender","2026-10-05","passed","2026-10-05","","test_RTP_process_sender_DELETE","",""
"Test sending a DELETE operation message via GPD message API after a CREATE VALID + UPDATE","2642","A DELETE message after CREATE VALID + UPDATE PUBLISHED","functional-tests.tests.process_messages_sender","2026-10-05","passed","2026-10-05","","test_RTP_process_sender_DELETE","",""
"DS_08P ACCP callback sent directly on a SENT RTP (no prior DS_05 ACTC callback).

The RTP is expected to transition straight from SENT to USER_ACCEPTED.
","1233","A v2 RTP callback with status ACCP is successfully received without a prior DS_05 callback","functional-tests.tests.callbacks_v2","2026-10-05","failed","2026-10-05","","test_RTP_callback_DS_08P_positive","",""
"Test sending a DELETE operation message via GPD message API after a standalone UPDATE (no prior CREATE)","1914","A DELETE message after standalone UPDATE INVALID","functional-tests.tests.process_messages_sender","2026-10-05","passed","2026-10-05","","test_RTP_process_sender_DELETE","",""
"","19570","Unauthorized callback due to wrong certificate serial","functional-tests.tests.callbacks_v2","2026-10-05","failed","2026-10-05","","test_RTP_callback_DS_document_rjct","",""
"
Test RFC callback DS12P with INVALID status, cancel via REST Web API.

Flow:
1. Activate payer
2. Send an RTP via GPD message (CREATE VALID)
3. Cancel the RTP via REST cancel endpoint with cancel_reason → RTP to RFC_SENT
4. Send DS12P callback with CxlStsId INVALID
5. Verify callback is rejected with 400
6. Verify RTP status is still RFC_SENT
","3323","An RFC callback DS12P INVALID is rejected with 400 - through Web API cancel","functional-tests.tests.callbacks","2026-10-05","passed","2026-10-05","","test_RTP_callback_DS_12P","",""
"Verify the public ERROR_SEND outcome represented by IRNR and read-API purge.","1238","An IRNR status update returns ERROR_SEND and purges the RTP","functional-tests.tests.send_rtp","2026-10-05","failed","2026-10-05","","test_RTP_status_update_MOCK_V2","",""
"Test sending a CREATE operation message with a foreign fiscal code via GPD message API","1353","A CREATE message with foreign fiscal code is successfully sent through GPD message API","functional-tests.tests.process_messages_sender","2026-10-05","passed","2026-10-05","","test_RTP_process_sender","",""
"","1576","An authenticated Service Provider cannot send an RTP to an unactivated debtor","bdd-tests","2026-10-05","passed","2026-10-05","RTP_Sending","RTP","",""
"Each entry in ``INVALID_PAYER_IDS`` (see dataset docstring) must be rejected with 400.","612","The activation request must contain a validly formatted fiscal code","functional-tests.tests.activation","2026-10-05","failed","2026-10-05","","test_debtor_activation_create","",""
"","37606","A status-update response maps to the expected RTP result","functional-tests.tests.send_rtp","2026-10-05","passed","2026-10-05","","test_RTP_status_update_MOCK_V2","",""
"
Verify that a debt position can be updated successfully.
","593","Happy path: a debt position is updated in DEV environment","functional-tests.tests.gpd_availability","2026-10-05","failed","2026-10-05","","test_availability_GPD","",""
"Each entry in ``INVALID_PAYER_IDS`` must be rejected with 400.

The ``description`` parameter appears in pytest output to identify which
case failed without having to inspect the raw value.
","609","Querying activation status with an invalid payerId format returns 400","functional-tests.tests.activation","2026-10-05","passed","2026-10-05","","test_debtor_activation_payer_status","",""
"
Test v2 RFC callback DS12P with wrong certificate identity.

Flow:
1. Activate payer
2. Send an RTP via GPD message v2 (CREATE VALID)
3. Cancel the RTP via GPD message v2 (DELETE) -> RTP to RFC_SENT
4. Send DS12P callback with assignee_bic='FAKESP01' (doesn't match certificate identity)
5. Verify callback is rejected with 403 (certificate mismatch)
6. Verify RTP status is still RFC_SENT
","1237","Unauthorized v2 RFC callback due to wrong certificate serial","functional-tests.tests.callbacks_v2","2026-10-05","failed","2026-10-05","","test_RTP_callback_DS_12P_positive","",""
"Test sending a DELETE operation message via GPD message API after a standalone UPDATE (no prior CREATE)","1876","A DELETE message after standalone UPDATE PAID","functional-tests.tests.process_messages_sender","2026-10-05","passed","2026-10-05","","test_RTP_process_sender_DELETE","",""
"Each entry in ``INVALID_PAYER_IDS`` (see dataset docstring) must be rejected with 400.","610","The activation request must contain a validly formatted fiscal code","functional-tests.tests.activation","2026-10-05","passed","2026-10-05","","test_debtor_activation_create","",""
"Active payer identified by an 11-digit Partita IVA → isActive must be true.","1249","An active payer with VAT number (Partita IVA) returns isActive true","functional-tests.tests.activation","2026-10-05","passed","2026-10-05","","test_debtor_activation_payer_status","",""
"","23282","An AEXR status update transitions SENT to EXPIRED","functional-tests.tests.callbacks_v2","2026-10-05","passed","2026-10-05","","test_RTP_status_update_callback","",""
"","18942","An RTP sent with synchronous rejection containing extra fields results in status SENT - through Web API V2","functional-tests.tests.send_rtp","2026-10-05","passed","2026-10-05","","test_RTP_send_MOCK","",""
"Test sending a CREATE operation message with an Italian VAT number via GPD message API","1350","A CREATE message with VAT number (Partita IVA) is successfully sent through GPD message API","functional-tests.tests.process_messages_sender","2026-10-05","passed","2026-10-05","","test_RTP_process_sender","",""
"
DS_05 ACTC callback sent with the Version header must be rejected with 400.
The RTP must remain in SENT (transition to ACCEPTED must not happen).

Flow:
1. Activate payer and send an RTP → resource_id
2. Build a valid DS_05 ACTC payload referencing the RTP
3. POST to callback endpoint WITH Version header
4. Verify 400 is returned with the expected error body
5. Verify RTP status is still SENT
","2622","DS_05 ACTC callback with Version header returns 400","functional-tests.tests.callbacks","2026-10-05","passed","2026-10-05","","test_RTP_callback_with_version_header","",""
"","619","Get list of service providers successfully","functional-tests.tests.service_registry","2026-10-05","passed","2026-10-05","","test_service_registry_service_providers","",""
"Normalize each supported HTTP method to uppercase.","0","test_canonical_representation_emits_an_uppercase_method[patch]","functional-tests.tests.qsealc","2026-10-05","passed","2026-10-05","","test_srtp_message_signing","",""
"","1257","Sending a GPD message with null operation returns 400","functional-tests.tests.send_rtp","2026-10-05","passed","2026-10-05","","test_RTP_send_MOCK","",""
"","606","A Service Provider with invalid client ID is not authenticated on Keycloak","functional-tests.tests.auth","2026-10-05","passed","2026-10-05","","test_auth","",""
"The mock policy falls back to its default `{}` response when no notice number matches, so the RTP stays in RFC_SENT.","1233","Cancelling an RTP - EPC v4 mock happy path scenario: no_match_fallback","functional-tests.tests.cancel_rtp","2026-10-05","failed","2026-10-05","","test_RTP_cancel_MOCK_V2","",""
"FAKESP01 does not own MOCKSP01, a Service Provider ID owned by another tspId.","617","Activation is forbidden for a Service Provider ID not owned by the token subject","functional-tests.tests.activation","2026-10-05","passed","2026-10-05","","test_debtor_activation_create","",""
"
Test RFC callback DS12N with non-existing service provider.

Flow:
1. Activate payer
2. Send an RTP via GPD message (CREATE VALID)
3. Cancel the RTP via GPD message (DELETE) → RTP to RFC_SENT
4. Send DS12N callback with non-existing BIC (MOCKSP99)
5. Verify callback is rejected with 400 (service provider not found)
","2796","Failed RFC callback for non existing Service Provider - DS-12N RJCR compliant","functional-tests.tests.callbacks","2026-10-05","passed","2026-10-05","","test_RTP_callback_DS_12N","",""
"","20116","An ALAC status update transitions SENT to USER_ACCEPTED","functional-tests.tests.callbacks_v2","2026-10-05","passed","2026-10-05","","test_RTP_status_update_callback","",""
"","1305","DS_document RJCT v2 callback with Version header returns 400","functional-tests.tests.callbacks_v2","2026-10-05","failed","2026-10-05","","test_RTP_callback_with_version_header","",""
"
Test RFC callback DS12P with wrong certificate identity.

Flow:
1. Activate payer
2. Send an RTP via GPD message (CREATE VALID)
3. Cancel the RTP via GPD message (DELETE) → RTP to RFC_SENT
4. Send DS12P callback with assignee_bic='FAKESP01' (doesn't match certificate identity MOCKSP04)
5. Verify callback is rejected with 403 (certificate mismatch)
","2700","Unauthorized RFC callback due to wrong certificate serial","functional-tests.tests.callbacks","2026-10-05","passed","2026-10-05","","test_RTP_callback_DS_12P","",""
"","1780","An RTP is sent to a CBI service with activated fiscal code","functional-tests.tests.send_rtp","2026-10-05","passed","2026-10-05","","test_RTP_send_CBI","",""
"","612","Unauthorized callback due to wrong certificate serial","functional-tests.tests.callbacks","2026-10-05","passed","2026-10-05","","test_RTP_callback_DS_08","",""
"Test sending a DELETE operation message via GPD message API after a CREATE","2148","A DELETE message after CREATE VALID","functional-tests.tests.process_messages_sender","2026-10-05","passed","2026-10-05","","test_RTP_process_sender_DELETE","",""
"","3926","RTP is successfully retrieved","functional-tests.tests.get_rtp","2026-10-05","passed","2026-10-05","","test_RTP_get","",""
"","1251","A debtor with omocodia fiscal code is activated and retrieved by activation id","functional-tests.tests.activation","2026-10-05","passed","2026-10-05","","test_debtor_activation_get","",""
"Each entry in ``INVALID_PAYER_IDS`` must be rejected with 400.

The ``description`` parameter appears in pytest output to identify which
case failed without having to inspect the raw value.
","620","Querying activation status with an invalid payerId format returns 400","functional-tests.tests.activation","2026-10-05","passed","2026-10-05","","test_debtor_activation_payer_status","",""
"","1199","All auth fixtures expose a valid Bearer token format","functional-tests.tests.auth","2026-10-05","passed","2026-10-05","","test_auth","",""
"","1839","SP_B cannot retrieve activation by Activation ID created by SP_A","functional-tests.tests.activation","2026-10-05","passed","2026-10-05","","test_RTP_activation_security","",""
"Keep an empty header block distinct from body bytes that look like headers.","0","test_canonical_representation_distinguishes_headers_from_body_bytes","functional-tests.tests.qsealc","2026-10-05","passed","2026-10-05","","test_srtp_message_signing","",""
"The PSP synchronously rejects the cancellation request with 422 (per standard behaviour for the EPC 404 Not Found scenario). The RTP then transitions to ERROR_CANCEL via ERROR_CANCEL_RTP.","19433","Cancelling an RTP - EPC v4 mock unhappy path scenario: epc_404","functional-tests.tests.cancel_rtp","2026-10-05","failed","2026-10-05","","test_RTP_cancel_MOCK_V2","",""
"Test sending a DELETE operation message via GPD message API after a CREATE VALID + UPDATE","3614","A DELETE message after CREATE VALID + UPDATE PAID","functional-tests.tests.process_messages_sender","2026-10-05","passed","2026-10-05","","test_RTP_process_sender_DELETE","",""
"No `Sts.Conf` confirmation is present (empty JSON object), so only CANCEL_RTP is triggered and the RTP stays in RFC_SENT.","20274","Cancelling an RTP - EPC v4 mock happy path scenario: empty_json_object","functional-tests.tests.cancel_rtp","2026-10-05","failed","2026-10-05","","test_RTP_cancel_MOCK_V2","",""
"Test sending an UPDATE after CREATE VALID + DELETE with different statuses","2678","An UPDATE message with status VALID after CREATE VALID and DELETE","functional-tests.tests.process_messages_sender","2026-10-05","passed","2026-10-05","","test_RTP_process_sender_UPDATE","",""
"Test sending an UPDATE operation message with different statuses via GPD message API after a CREATE","2049","An UPDATE message with status EXPIRED after CREATE","functional-tests.tests.process_messages_sender","2026-10-05","passed","2026-10-05","","test_RTP_process_sender_UPDATE","",""
"","670","Sending to non-activated debtor returns 422 - through Web API","functional-tests.tests.send_rtp","2026-10-05","passed","2026-10-05","","test_RTP_send_MOCK","",""
"Sort and normalize headers in the canonical representation.","1","test_canonical_representation_sorts_headers","functional-tests.tests.qsealc","2026-10-05","passed","2026-10-05","","test_srtp_message_signing","",""
"
Test v2 RFC callback DS12N with RJCR status.

Flow:
1. Activate payer
2. Send an RTP via GPD message v2 (CREATE VALID)
3. Cancel the RTP via GPD message v2 (DELETE) -> RTP to RFC_SENT
4. Send DS12N callback with CxlStsId RJCR (Rejected Cancellation Request)
5. Verify callback is accepted (200)
6. Verify RTP status is CANCELLED_REJECTED
","19436","A v2 RFC callback DS12N RJCR is successfully received and RTP status is CANCELLED_REJECTED","functional-tests.tests.callbacks_v2","2026-10-05","failed","2026-10-05","","test_RTP_callback_DS_12N_negative","",""
"","1389","Sending an RTP when EPC returns an unexpected status code error (RTP_05.CHK.A0007) returns 500","functional-tests.tests.send_rtp","2026-10-05","passed","2026-10-05","","test_RTP_send_MOCK","",""
"","20781","A v2 document RTP callback with status RJCT is successfully received","functional-tests.tests.callbacks_v2","2026-10-05","passed","2026-10-05","","test_RTP_callback_DS_document_rjct","",""
"","1317","Get by activation id returns 404 when the token subject does not own the activation's Service Provider ID","functional-tests.tests.activation","2026-10-05","passed","2026-10-05","","test_debtor_activation_get","",""
"Test sending a DELETE operation message via GPD message API after a CREATE","1889","A DELETE message after CREATE DRAFT","functional-tests.tests.process_messages_sender","2026-10-05","passed","2026-10-05","","test_RTP_process_sender_DELETE","",""
"","1959","An RTP sent when EPC response omits _links is in status ACCEPTED - through Web API","functional-tests.tests.send_rtp","2026-10-05","passed","2026-10-05","","test_RTP_send_MOCK","",""
"The PSP synchronously rejects the cancellation request with 422 (per standard behaviour for the EPC 401 Unauthorized scenario). The RTP then transitions to ERROR_CANCEL via ERROR_CANCEL_RTP.","37851","Cancelling an RTP - EPC v4 mock unhappy path scenario: epc_401","functional-tests.tests.cancel_rtp","2026-10-05","passed","2026-10-05","","test_RTP_cancel_MOCK_V2","",""
"Missing or invalid Bearer token → the endpoint must return 401.","594","Querying activation status without a valid token returns 401","functional-tests.tests.activation","2026-10-05","passed","2026-10-05","","test_debtor_activation_payer_status","",""
"
Test RFC callback DS12N with wrong certificate identity, cancel via REST Web API.

Flow:
1. Activate payer
2. Send an RTP via GPD message (CREATE VALID)
3. Cancel the RTP via REST cancel endpoint with cancel_reason → RTP to RFC_SENT
4. Send DS12N callback with assignee_bic='FAKESP01' (doesn't match certificate identity MOCKSP04)
5. Verify callback is rejected with 403 (certificate mismatch)
","2708","Unauthorized RFC callback due to wrong certificate serial - through Web API cancel","functional-tests.tests.callbacks","2026-10-05","passed","2026-10-05","","test_RTP_callback_DS_12N","",""
"","18095","An RTP is sent through API - through Web API V2","functional-tests.tests.send_rtp","2026-10-05","passed","2026-10-05","","test_RTP_send_MOCK","",""
"","1453","DS_12P positive RFC v2 callback with Version header returns 400","functional-tests.tests.callbacks_v2","2026-10-05","failed","2026-10-05","","test_RTP_callback_with_version_header","",""
"","940","The RTP web page is reachable","functional-tests.tests.availability","2026-10-05","passed","2026-10-05","","test_availability_RTP_webform","",""
"
Tests the retrieval of an access token from the POSTE authentication endpoint using client credentials and mutual TLS.

:param debtor_sp_mock_cert_key: Certificate and key tuple for mutual TLS authentication.
:type debtor_sp_mock_cert_key: Tuple[str, str]
","486","Auth endpoint returns valid token","functional-tests.tests.availability","2026-10-05","passed","2026-10-05","","test_availability_POSTE","",""
"Preserve binary payload bytes when no headers are present.","0","test_canonical_representation_preserves_body_bytes_without_headers","functional-tests.tests.qsealc","2026-10-05","passed","2026-10-05","","test_srtp_message_signing","",""
"","1321","A debtor is activated by an authenticated service provider","functional-tests.tests.activation","2026-10-05","passed","2026-10-05","","test_debtor_activation_create","",""
"","872","Get payees with invalid authorization","functional-tests.tests.service_registry","2026-10-05","passed","2026-10-05","","test_service_registry_service_providers","",""
"","2445","Sending an RTP when EPC returns a malformed/invalid response body returns 500 - through Web API","functional-tests.tests.send_rtp","2026-10-05","passed","2026-10-05","","test_RTP_send_MOCK","",""
"Each entry in ``INVALID_PAYER_IDS`` (see dataset docstring) must be rejected with 400.","619","The activation request must contain a validly formatted fiscal code","functional-tests.tests.activation","2026-10-05","passed","2026-10-05","","test_debtor_activation_create","",""
"
Test RFC callback DS12P with CNCL status applied twice on the same RTP.

Flow:
1. Activate payer
2. Send an RTP via GPD message (CREATE VALID)
3. Cancel the RTP via GPD message (DELETE) -> RTP to RFC_SENT
4. Send DS12P callback with CxlStsId CNCL (Cancelled As Per Request) -> RTP to CANCELLED
5. Send the same DS12P CNCL callback again on the already cancelled RTP
6. Verify the second callback is rejected (400) since the transition is no longer valid
7. Verify RTP status remains CANCELLED
","5128","Failed RFC callback for invalid RTP transition - DS-12P CNCL compliant","functional-tests.tests.callbacks","2026-10-05","passed","2026-10-05","","test_RTP_callback_DS_12P","",""
"UPDATE PAID with psp_tax_code=None (invalid PSP) results in RTP state RFC_SENT","2149","An UPDATE PAID message with an invalid PSP results in RFC_SENT state","functional-tests.tests.process_messages_sender","2026-10-05","passed","2026-10-05","","test_RTP_process_sender_UPDATE","",""
"Each entry in ``INVALID_PAYER_IDS`` must be rejected with 400.

The ``description`` parameter appears in pytest output to identify which
case failed without having to inspect the raw value.
","640","Querying activation status with an invalid payerId format returns 400","functional-tests.tests.activation","2026-10-05","passed","2026-10-05","","test_debtor_activation_payer_status","",""
"","620","Get payees consents with extreme page size returns 400","functional-tests.tests.service_registry","2026-10-05","passed","2026-10-05","","test_get_payees_consents","",""
"Each entry in ``INVALID_PAYER_IDS`` must be rejected with 400.

The ``description`` parameter appears in pytest output to identify which
case failed without having to inspect the raw value.
","634","Querying activation status with an invalid payerId format returns 400","functional-tests.tests.activation","2026-10-05","passed","2026-10-05","","test_debtor_activation_payer_status","",""
"
Test RFC callback DS12N with wrong certificate identity, cancel via REST Web API.

Flow:
1. Activate payer
2. Send an RTP via GPD message (CREATE VALID)
3. Cancel the RTP via REST cancel endpoint with cancel_reason → RTP to RFC_SENT
4. Send DS12N callback with assignee_bic='FAKESP01' (doesn't match certificate identity MOCKSP04)
5. Verify callback is rejected with 403 (certificate mismatch)
","2786","Unauthorized RFC callback due to wrong certificate serial - through Web API cancel","functional-tests.tests.callbacks","2026-10-05","passed","2026-10-05","","test_RTP_callback_DS_12N","",""
"The PSP synchronously rejects the cancellation request with 422 (per standard behaviour for the EPC 410 Gone scenario). The RTP then transitions to ERROR_CANCEL via ERROR_CANCEL_RTP.","20388","Cancelling an RTP - EPC v4 mock unhappy path scenario: epc_410","functional-tests.tests.cancel_rtp","2026-10-05","failed","2026-10-05","","test_RTP_cancel_MOCK_V2","",""
"","1225","A status-update error is normalized without changing the RTP","functional-tests.tests.send_rtp","2026-10-05","failed","2026-10-05","","test_RTP_status_update_MOCK_V2","",""
"","617","All auth fixtures expose a valid Bearer token format","functional-tests.tests.auth","2026-10-05","passed","2026-10-05","","test_auth","",""
"Payer that has never been activated → isActive must be false.","772","test_get_activation_status_not_active_payer","functional-tests.tests.activation","2026-10-05","passed","2026-10-05","","test_debtor_activation_payer_status","",""
"","710","Sending to non-activated debtor returns 422","functional-tests.tests.send_rtp","2026-10-05","passed","2026-10-05","","test_RTP_send_MOCK","",""
"Test sending a DELETE operation message via GPD message API after a standalone UPDATE (no prior CREATE)","1998","A DELETE message after standalone UPDATE VALID","functional-tests.tests.process_messages_sender","2026-10-05","passed","2026-10-05","","test_RTP_process_sender_DELETE","",""
"","2494","An RTP sent with synchronous rejection and missing _links results in status REJECTED","functional-tests.tests.send_rtp","2026-10-05","passed","2026-10-05","","test_RTP_send_MOCK","",""
"","1230","Auth endpoint returns valid token","functional-tests.tests.availability","2026-10-05","passed","2026-10-05","","test_availability_CBI","",""
"
Tests that sending an RTP payload with an invalid amount to the POSTE endpoint results in a 400 Bad Request response.

:param debtor_sp_mock_cert_key: Certificate and key tuple for mutual TLS authentication.
:type debtor_sp_mock_cert_key: Tuple[str, str]
","135029","Cannot send RTP with invalid amount","functional-tests.tests.availability","2026-10-05","broken","2026-10-05","","test_availability_POSTE","",""
"
Test RFC callback DS12N with non-existing service provider, cancel via REST Web API.

Flow:
1. Activate payer
2. Send an RTP via GPD message (CREATE VALID)
3. Cancel the RTP via REST cancel endpoint with cancel_reason → RTP to RFC_SENT
4. Send DS12N callback with non-existing BIC (MOCKSP99)
5. Verify callback is rejected with 400 (service provider not found)
","2621","Failed RFC callback for non existing Service Provider - DS-12N RJCR compliant - through Web API cancel","functional-tests.tests.callbacks","2026-10-05","passed","2026-10-05","","test_RTP_callback_DS_12N","",""
"","2694","An RTP callback is received with invalid status","functional-tests.tests.callbacks","2026-10-05","passed","2026-10-05","","test_RTP_callback_DS_08","",""
"","2182","RTP is successfully cancelled with reason MODT","functional-tests.tests.cancel_rtp","2026-10-05","passed","2026-10-05","","test_RTP_cancel","",""
"","19355","An RTP sent with synchronous rejection and missing _links results in status REJECTED - through Web API V2","functional-tests.tests.send_rtp","2026-10-05","passed","2026-10-05","","test_RTP_send_MOCK","",""
"
Given a debtor is activated with the mock fiscal code that makes the debtor
service provider mock reply with a server error, when a GPD message (CREATE)
is sent via POST /gpd/message, then the rtp-sender fails to deliver the RTP
and records an ERROR_SEND_RTP event (RTP status becomes ERROR_SEND). RTPs in
ERROR_SEND status are purged from both Cosmos and ADX, so querying by
noticeNumber returns an empty list. When the payee then queries the
delivery-status endpoint with the matching noticeNumber and payeeId, the
response must still be HTTP 200 with status=PD_RTP_NOT_DELIVERED and
processingDate absent or null.
","8744","RTP with ERROR_SEND_RTP event → PD_RTP_NOT_DELIVERED","functional-tests.tests.get_rtp","2026-10-05","passed","2026-10-05","","test_RTP_get_delivery_status","",""
"","2664","SP_B cannot retrieve activation by Fiscal Code created by SP_A","functional-tests.tests.activation","2026-10-05","passed","2026-10-05","","test_RTP_activation_security","",""
"Each entry in ``INVALID_PAYER_IDS`` (see dataset docstring) must be rejected with 400.","608","The activation request must contain a validly formatted fiscal code","functional-tests.tests.activation","2026-10-05","passed","2026-10-05","","test_debtor_activation_create","",""
"Each entry in ``INVALID_PAYER_IDS`` must be rejected with 400.

The ``description`` parameter appears in pytest output to identify which
case failed without having to inspect the raw value.
","632","Querying activation status with an invalid payerId format returns 400","functional-tests.tests.activation","2026-10-05","passed","2026-10-05","","test_debtor_activation_payer_status","",""
"","4578","An RTP callback is successfully received with status RJCT","functional-tests.tests.callbacks","2026-10-05","passed","2026-10-05","","test_RTP_callback_DS_08","",""
"","3232","An RTP callback with status REJECTED is successfully received","functional-tests.tests.callbacks","2026-10-05","passed","2026-10-05","","test_RTP_callback_DS_08","",""
"Test sending a CREATE operation message with different statuses via GPD message API","1456","A CREATE message with status VALID","functional-tests.tests.process_messages_sender","2026-10-05","passed","2026-10-05","","test_RTP_process_sender_CREATE","",""
"","817","missing token → 401 Unauthorized","functional-tests.tests.get_rtp","2026-10-05","passed","2026-10-05","","test_RTP_get","",""
"Parametrized contract test generated from the Activation API OpenAPI spec.

Schemathesis derives one test case per endpoint defined in the spec, generating
request data (path params, query params, body) that is valid according to the schema.
Each case is executed against the live API and the response is validated with
CONTRACT_CHECKS.
","64212","test_activation_contract[GET /activations/payer]","contract-tests.tests","2026-10-05","passed","2026-10-05","","test_activation","",""
"Test sending a DELETE operation message via GPD message API after a CREATE","1887","A DELETE message after CREATE PARTIALLY_PAID","functional-tests.tests.process_messages_sender","2026-10-05","passed","2026-10-05","","test_RTP_process_sender_DELETE","",""
"Normalize each supported HTTP method to uppercase.","0","test_canonical_representation_emits_an_uppercase_method[head]","functional-tests.tests.qsealc","2026-10-05","passed","2026-10-05","","test_srtp_message_signing","",""
"","23591","A repeated ALAC status update is an idempotent no-op","functional-tests.tests.callbacks_v2","2026-10-05","passed","2026-10-05","","test_RTP_status_update_callback","",""
"Test that takeover fails when an invalid OTP is provided","2402","Test Takeover Fails with Invalid OTP","functional-tests.tests.takeover","2026-10-05","passed","2026-10-05","","test_debtor_takeover","",""
"Each entry in ``INVALID_PAYER_IDS`` (see dataset docstring) must be rejected with 400.","608","The activation request must contain a validly formatted fiscal code","functional-tests.tests.activation","2026-10-05","passed","2026-10-05","","test_debtor_activation_create","",""
"
Test RFC callback DS12P with CNCL status, cancel triggered via REST Web API with explicit reason.

Flow:
1. Activate payer
2. Send an RTP via GPD message (CREATE VALID)
3. Cancel the RTP via REST cancel endpoint with cancel_reason → RTP to RFC_SENT
4. Send DS12P callback with CxlStsId CNCL (Cancelled As Per Request)
5. Verify callback is accepted (200)
6. Verify RTP status is CANCELLED
","3967","An RFC callback DS12P CNCL is successfully received and RTP status is CANCEL - through Web API cancel","functional-tests.tests.callbacks","2026-10-05","passed","2026-10-05","","test_RTP_callback_DS_12P","",""
"","1680","A status-update error is normalized without changing the RTP","functional-tests.tests.send_rtp","2026-10-05","failed","2026-10-05","","test_RTP_status_update_MOCK_V2","",""
"DS_08N RJCT callback sent directly on a SENT RTP (no prior DS_05 ACTC callback).

The RTP is expected to transition from SENT to REJECTED.
","12080","A v2 RTP callback with status RJCT is successfully received","functional-tests.tests.callbacks_v2","2026-10-05","failed","2026-10-05","","test_RTP_callback_DS_08N_negative","",""
"Each entry in ``INVALID_PAYER_IDS`` must be rejected with 400.

The ``description`` parameter appears in pytest output to identify which
case failed without having to inspect the raw value.
","647","Querying activation status with an invalid payerId format returns 400","functional-tests.tests.activation","2026-10-05","passed","2026-10-05","","test_debtor_activation_payer_status","",""
"Test sending a CREATE operation message with different statuses via GPD message API","1247","A CREATE message with status PUBLISHED","functional-tests.tests.process_messages_sender","2026-10-05","passed","2026-10-05","","test_RTP_process_sender_CREATE","",""
"","581","Missing Version header returns 200","functional-tests.tests.activation","2026-10-05","passed","2026-10-05","","test_debtor_activation_list","",""
"Test sending a DELETE operation message via GPD message API after a standalone UPDATE (no prior CREATE)","1910","A DELETE message after standalone UPDATE DRAFT","functional-tests.tests.process_messages_sender","2026-10-05","passed","2026-10-05","","test_RTP_process_sender_DELETE","",""
"","1568","A debtor activated with an owned but distinct Service Provider ID is retrieved by payer id","functional-tests.tests.activation","2026-10-05","passed","2026-10-05","","test_debtor_activation_get","",""
"Each entry in ``INVALID_PAYER_IDS`` must be rejected with 400.

The ``description`` parameter appears in pytest output to identify which
case failed without having to inspect the raw value.
","646","Querying activation status with an invalid payerId format returns 400","functional-tests.tests.activation","2026-10-05","passed","2026-10-05","","test_debtor_activation_payer_status","",""
"Test sending a DELETE operation message via GPD message API after a CREATE VALID + UPDATE","2636","A DELETE message after CREATE VALID + UPDATE PARTIALLY_PAID","functional-tests.tests.process_messages_sender","2026-10-05","passed","2026-10-05","","test_RTP_process_sender_DELETE","",""
"Normalize each supported HTTP method to uppercase.","0","test_canonical_representation_emits_an_uppercase_method[trace]","functional-tests.tests.qsealc","2026-10-05","passed","2026-10-05","","test_srtp_message_signing","",""
"Each entry in ``INVALID_PAYER_IDS`` must be rejected with 400.

The ``description`` parameter appears in pytest output to identify which
case failed without having to inspect the raw value.
","631","Querying activation status with an invalid payerId format returns 400","functional-tests.tests.activation","2026-10-05","passed","2026-10-05","","test_debtor_activation_payer_status","",""
"","633","Invalid NextActivationId format returns 400","functional-tests.tests.activation","2026-10-05","passed","2026-10-05","","test_debtor_activation_list","",""
"Each entry in ``INVALID_PAYER_IDS`` must be rejected with 400.

The ``description`` parameter appears in pytest output to identify which
case failed without having to inspect the raw value.
","617","Querying activation status with an invalid payerId format returns 400","functional-tests.tests.activation","2026-10-05","passed","2026-10-05","","test_debtor_activation_payer_status","",""
"","609","A Service Provider with invalid client secret is not authenticated on Keycloak","functional-tests.tests.auth","2026-10-05","passed","2026-10-05","","test_auth","",""
"Reject target values that are not valid HTTP URIs.","0","test_canonical_representation_requires_a_complete_target_uri[mailto:api@example.com]","functional-tests.tests.qsealc","2026-10-05","passed","2026-10-05","","test_srtp_message_signing","",""
"Test sending an UPDATE operation message with different statuses via GPD message API before a CREATE","1456","An UPDATE message with status PUBLISHED before CREATE","functional-tests.tests.process_messages_sender","2026-10-05","passed","2026-10-05","","test_RTP_process_sender_UPDATE_before_CREATE","",""
"","23042","An ARFR status update transitions SENT to USER_REJECTED","functional-tests.tests.callbacks_v2","2026-10-05","passed","2026-10-05","","test_RTP_status_update_callback","",""
"","1257","A status-update error is normalized without changing the RTP","functional-tests.tests.send_rtp","2026-10-05","failed","2026-10-05","","test_RTP_status_update_MOCK_V2","",""
"The PSP synchronously rejects the cancellation request with 422 (per standard behaviour for the EPC 406 Not Acceptable scenario). The RTP then transitions to ERROR_CANCEL via ERROR_CANCEL_RTP.","37797","Cancelling an RTP - EPC v4 mock unhappy path scenario: epc_406","functional-tests.tests.cancel_rtp","2026-10-05","passed","2026-10-05","","test_RTP_cancel_MOCK_V2","",""
"","2728","RTP form is filled and submitted","ux-tests.tests","2026-10-05","passed","2026-10-05","","test_RTP_submission_v3","",""
"UPDATE VALID with an ec_tax_code that does not exist in GPD returns 422 Payee not found","1265","An UPDATE VALID message with a non-existent ec_tax_code is rejected","functional-tests.tests.process_messages_sender","2026-10-05","passed","2026-10-05","","test_RTP_process_sender_UPDATE","",""
"
Test RFC callback DS12P with non-existing service provider, cancel via REST Web API.

Flow:
1. Activate payer
2. Send an RTP via GPD message (CREATE VALID)
3. Cancel the RTP via REST cancel endpoint with cancel_reason → RTP to RFC_SENT
4. Send DS12P callback with non-existing BIC (MOCKSP99)
5. Verify callback is rejected with 400 (service provider not found)
","2662","Failed RFC callback for non existing Service Provider - DS-12P CNCL compliant - through Web API cancel","functional-tests.tests.callbacks","2026-10-05","passed","2026-10-05","","test_RTP_callback_DS_12P","",""
"","770","Failed callback for non existing Service Provider - DS-04b compliant","functional-tests.tests.callbacks","2026-10-05","passed","2026-10-05","","test_RTP_callback_DS_04","",""
"","23331","A status update callback with a mismatched debtor BIC is forbidden","functional-tests.tests.callbacks_v2","2026-10-05","passed","2026-10-05","","test_RTP_status_update_callback","",""
"
Test RFC callback DS12P with wrong certificate identity, cancel via REST Web API.

Flow:
1. Activate payer
2. Send an RTP via GPD message (CREATE VALID)
3. Cancel the RTP via REST cancel endpoint with cancel_reason → RTP to RFC_SENT
4. Send DS12P callback with assignee_bic='FAKESP01' (doesn't match certificate identity MOCKSP04)
5. Verify callback is rejected with 403 (certificate mismatch)
","2750","Unauthorized RFC callback due to wrong certificate serial - through Web API cancel","functional-tests.tests.callbacks","2026-10-05","passed","2026-10-05","","test_RTP_callback_DS_12P","",""
"","17564","An RTP is sent to ICCREA service with activated fiscal code - through Web API V2","functional-tests.tests.send_rtp","2026-10-05","failed","2026-10-05","","test_RTP_send_ICCREA","",""
"Parametrized contract test generated from the Send API OpenAPI spec.

Schemathesis derives one test case per endpoint defined in the spec, generating
request data (path params, query params, body) that is valid according to the schema.
Each case is executed against the live API and the response is validated with
CONTRACT_CHECKS.

An additional assertion verifies that the Location header is present on 201 responses
from POST /rtps, as required by the spec.
","152909","test_send_api_contract[POST /gpd/message]","contract-tests.tests","2026-10-05","passed","2026-10-05","","test_api_send_rtp","",""
"MOCKSP04 owns MOCKSP01 as well as its own spId; status must reflect the activation either way.","1261","An active payer returns isActive true when activated under an owned but distinct Service Provider ID","functional-tests.tests.activation","2026-10-05","passed","2026-10-05","","test_debtor_activation_payer_status","",""
"","1269","A debtor with foreign fiscal code is activated and retrieved by activation id","functional-tests.tests.activation","2026-10-05","passed","2026-10-05","","test_debtor_activation_get","",""
"","19586","An RTP sent when EPC response contains an unknown field is ignored and remains in status SENT - through Web API V2","functional-tests.tests.send_rtp","2026-10-05","passed","2026-10-05","","test_RTP_send_MOCK","",""
"","2237","An RTP is sent to ICCREA service with activated fiscal code","functional-tests.tests.send_rtp","2026-10-05","failed","2026-10-05","","test_RTP_send_ICCREA","",""
"","2","test_verify_srtp_message_rejects_a_signature_for_changed_body","functional-tests.tests.qsealc","2026-10-05","passed","2026-10-05","","test_srtp_signature_verification","",""
"
Test RFC callback DS12P with CNCL status.

Flow:
1. Activate payer
2. Send an RTP via GPD message (CREATE VALID)
3. Cancel the RTP via GPD message (DELETE) → RTP to RFC_SENT
4. Send DS12P callback with CxlStsId CNCL (Cancelled As Per Request)
5. Verify callback is accepted (200)
6. Verify RTP status is CANCELLED
","3278","An RFC callback DS12P CNCL is successfully received and RTP status is CANCEL","functional-tests.tests.callbacks","2026-10-05","passed","2026-10-05","","test_RTP_callback_DS_12P","",""
"OTP bound to payer1 should not work for payer2","1939","Test Takeover Fails with OTP Bound to Different Payer","functional-tests.tests.takeover","2026-10-05","passed","2026-10-05","","test_debtor_takeover","",""
"Same privacy rule as the cross-SP case: no explicit error, isActive is just false.","1268","Get payer status returns isActive false when the token subject does not own the activation's Service Provider ID","functional-tests.tests.activation","2026-10-05","passed","2026-10-05","","test_debtor_activation_payer_status","",""
"`Sts.Conf = ""CNCL""` triggers CANCEL_RTP -> CONFIRM_RFC -> CANCEL_RTP_ACCR, ending in CANCELLED_ACCR.","1232","Cancelling an RTP - EPC v4 mock happy path scenario: cncl_confirmed","functional-tests.tests.cancel_rtp","2026-10-05","failed","2026-10-05","","test_RTP_cancel_MOCK_V2","",""
"Test sending a DELETE operation message via GPD message API after a CREATE","1873","A DELETE message after CREATE PUBLISHED","functional-tests.tests.process_messages_sender","2026-10-05","passed","2026-10-05","","test_RTP_process_sender_DELETE","",""
"
Given a noticeNumber that does not correspond to any RTP in the database,
when the payee queries the delivery-status endpoint,
then the response must be HTTP 200 with status=PD_RTP_NOT_DELIVERED and
processingDate absent or null.
","1125","Non-existent noticeNumber → PD_RTP_NOT_DELIVERED","functional-tests.tests.get_rtp","2026-10-05","passed","2026-10-05","","test_RTP_get_delivery_status","",""
"","1251","A status-update response maps to the expected RTP result","functional-tests.tests.send_rtp","2026-10-05","failed","2026-10-05","","test_RTP_status_update_MOCK_V2","",""
"","1320","SP_ACTIVATIONS_READ_ALL can retrieve activation by Fiscal Code created by SP_A","functional-tests.tests.activation","2026-10-05","passed","2026-10-05","","test_RTP_activation_security","",""
"MOCKSP04 owns both its own spId and MOCKSP01; redeeming an OTP scoped to MOCKSP01 must
assign MOCKSP01 to the new activation, not MOCKSP04 (the redeemer's own tspId).","3691","Test Takeover Redemption Assigns the OTP's Owned Service Provider ID","functional-tests.tests.takeover","2026-10-05","passed","2026-10-05","","test_debtor_takeover","",""
"","1289","Find by payer id returns 404 when the token subject does not own the activation's Service Provider ID","functional-tests.tests.activation","2026-10-05","passed","2026-10-05","","test_debtor_activation_get","",""
"Test sending an UPDATE operation message with different statuses via GPD message API before a CREATE","1263","An UPDATE message with status PARTIALLY_PAID before CREATE","functional-tests.tests.process_messages_sender","2026-10-05","passed","2026-10-05","","test_RTP_process_sender_UPDATE_before_CREATE","",""
"A valid token that carries neither read_rtp_activations nor read_rtp_all must be rejected with 403.","617","Token without read_rtp_activations or read_rtp_all role returns 403 Forbidden","functional-tests.tests.activation","2026-10-05","passed","2026-10-05","","test_debtor_activation_payer_status","",""
"DS_08N RJCT callback sent twice on the same RTP (direct SENT -> REJECTED).

The second callback must be rejected with 400 since the transition is no
longer valid once the RTP is already REJECTED.
","1266","Failed v2 callback for invalid RTP transition - DS-08N negative compliant","functional-tests.tests.callbacks_v2","2026-10-05","failed","2026-10-05","","test_RTP_callback_DS_08N_negative","",""
"","839","Get paginated list of OPT_OUT payees consents successfully","functional-tests.tests.service_registry","2026-10-05","passed","2026-10-05","","test_get_payees_consents","",""
"","599","The service returns the mocked server error","functional-tests.tests.availability","2026-10-05","passed","2026-10-05","","test_availability_MOCK","",""
"
Verify that a debt position can be deleted successfully.
","591","Happy path: a debt position is deleted in DEV environment","functional-tests.tests.gpd_availability","2026-10-05","failed","2026-10-05","","test_availability_GPD","",""
"Reject target values that are not valid HTTP URIs.","0","test_canonical_representation_requires_a_complete_target_uri[/v1/resource]","functional-tests.tests.qsealc","2026-10-05","passed","2026-10-05","","test_srtp_message_signing","",""
"","5534","Failed callback for invalid RTP transition - DS-08P RJCT compliant","functional-tests.tests.callbacks","2026-10-05","passed","2026-10-05","","test_RTP_callback_DS_08","",""
"","613","A status update callback for an unknown RTP is rejected","functional-tests.tests.callbacks_v2","2026-10-05","passed","2026-10-05","","test_RTP_status_update_callback","",""
"Test sending an UPDATE after CREATE VALID + DELETE with different statuses","2641","An UPDATE message with status PUBLISHED after CREATE VALID and DELETE","functional-tests.tests.process_messages_sender","2026-10-05","passed","2026-10-05","","test_RTP_process_sender_UPDATE","",""
"
Test v2 RFC callback DS12P with CNCL status applied twice on the same RTP.

Flow:
1. Activate payer
2. Send an RTP via GPD message v2 (CREATE VALID)
3. Cancel the RTP via GPD message v2 (DELETE) -> RTP to RFC_SENT
4. Send DS12P callback with CxlStsId CNCL (Cancelled As Per Request) -> RTP to CANCELLED
5. Send the same DS12P CNCL callback again on the already cancelled RTP
6. Verify the second callback is rejected (400) since the transition is no longer valid
7. Verify RTP status remains CANCELLED
","36931","Failed v2 RFC callback for invalid RTP transition - DS-12P positive compliant","functional-tests.tests.callbacks_v2","2026-10-05","failed","2026-10-05","","test_RTP_callback_DS_12P_positive","",""
"
Test RFC callback DS12P with INVALID status, cancel via REST Web API.

Flow:
1. Activate payer
2. Send an RTP via GPD message (CREATE VALID)
3. Cancel the RTP via REST cancel endpoint with cancel_reason → RTP to RFC_SENT
4. Send DS12P callback with CxlStsId INVALID
5. Verify callback is rejected with 400
6. Verify RTP status is still RFC_SENT
","3283","An RFC callback DS12P INVALID is rejected with 400 - through Web API cancel","functional-tests.tests.callbacks","2026-10-05","passed","2026-10-05","","test_RTP_callback_DS_12P","",""
"
Verify that a debt position can be updated successfully.
","7750","Happy path: a debt position is updated in UAT environment","functional-tests.tests.gpd_availability","2026-10-05","passed","2026-10-05","","test_availability_GPD","",""
"Reject target values that are not valid HTTP URIs.","0","test_canonical_representation_requires_a_complete_target_uri[ftp://example.com/resource]","functional-tests.tests.qsealc","2026-10-05","passed","2026-10-05","","test_srtp_message_signing","",""
"","18008","An RTP is sent to a CBI service with activated fiscal code - through Web API V2","functional-tests.tests.send_rtp","2026-10-05","failed","2026-10-05","","test_RTP_send_CBI","",""
"
Given a debtor is activated and a GPD message (CREATE) is sent via POST /gpd/message,
when the rtp-sender processes it and the RTP reaches status SENT,
when the payee queries the delivery-status endpoint with the correct noticeNumber
(nav) and payeeId (ec_tax_code),
then the response body must contain status=PD_RTP_DELIVERED, a non-null processingDate
in ISO 8601 format, and processingDate must match the SEND_RTP event timestamp from
the GPD message response (truncated to millisecond precision).
","7469","GPD message sent → RTP SENT → PD_RTP_DELIVERED with processingDate","functional-tests.tests.get_rtp","2026-10-05","passed","2026-10-05","","test_RTP_get_delivery_status","",""
"
Test RFC callback DS12P with INVALID status.

Flow:
1. Activate payer
2. Send an RTP via GPD message (CREATE VALID)
3. Cancel the RTP via GPD message (DELETE) → RTP to RFC_SENT
4. Send DS12P callback with CxlStsId INVALID
5. Verify callback is rejected with 400
6. Verify RTP status is still RFC_SENT
","4043","An RFC callback DS12P INVALID is rejected with 400","functional-tests.tests.callbacks","2026-10-05","passed","2026-10-05","","test_RTP_callback_DS_12P","",""
"","18623","An RTP sent when EPC response omits _links is in status ACCEPTED - through Web API V2","functional-tests.tests.send_rtp","2026-10-05","passed","2026-10-05","","test_RTP_send_MOCK","",""
"","19210","Failed callback for non existing Service Provider - DS-08P positive compliant","functional-tests.tests.callbacks_v2","2026-10-05","failed","2026-10-05","","test_RTP_callback_DS_08P_positive","",""
"Each entry in ``INVALID_PAYER_IDS`` must be rejected with 400.

The ``description`` parameter appears in pytest output to identify which
case failed without having to inspect the raw value.
","626","Querying activation status with an invalid payerId format returns 400","functional-tests.tests.activation","2026-10-05","passed","2026-10-05","","test_debtor_activation_payer_status","",""
"Empty OTP should be rejected","626","Test Takeover Fails with Empty OTP","functional-tests.tests.takeover","2026-10-05","passed","2026-10-05","","test_debtor_takeover","",""
"Test sending a DELETE operation message via GPD message API after a CREATE","2655","A DELETE message after CREATE PAID","functional-tests.tests.process_messages_sender","2026-10-05","passed","2026-10-05","","test_RTP_process_sender_DELETE","",""
"
Test RFC callback DS12N with RJCR status, cancel triggered via REST Web API with explicit reason.

Flow:
1. Activate payer
2. Send an RTP via GPD message (CREATE VALID)
3. Cancel the RTP via REST cancel endpoint with cancel_reason → RTP to RFC_SENT
4. Send DS12N callback with CxlStsId RJCR (Rejected Cancellation Request)
5. Verify callback is accepted (200)
6. Verify RTP status is ERROR_CANCEL
","4208","An RFC callback DS12N RJCR is successfully received and RTP status is ERROR_CANCEL - through Web API cancel","functional-tests.tests.callbacks","2026-10-05","passed","2026-10-05","","test_RTP_callback_DS_12N","",""
"
Tests sending an RTP payload to the POSTE endpoint with valid data and authentication.

:param debtor_sp_mock_cert_key: Certificate and key tuple for mutual TLS authentication.
:type debtor_sp_mock_cert_key: Tuple[str, str]
","137606","An RTP is sent through POSTE API","functional-tests.tests.availability","2026-10-05","broken","2026-10-05","","test_availability_POSTE","",""
"Payer activated then deactivated by SP A → isActive must be false.","2131","A deactivated payer returns isActive false","functional-tests.tests.activation","2026-10-05","passed","2026-10-05","","test_debtor_activation_payer_status","",""
"","3925","Failed callback for invalid RTP transition - DS-05 ACTC compliant","functional-tests.tests.callbacks","2026-10-05","passed","2026-10-05","","test_RTP_callback_DS_05","",""
"Test sending an UPDATE after CREATE VALID + DELETE with different statuses","2688","An UPDATE message with status PARTIALLY_PAID after CREATE VALID and DELETE","functional-tests.tests.process_messages_sender","2026-10-05","passed","2026-10-05","","test_RTP_process_sender_UPDATE","",""
"
DS_12N RJCR RFC callback sent with the Version header must be rejected with 400.
The RTP must remain in RFC_SENT (transition to ERROR_CANCEL must not happen).

Flow:
1. Activate payer, send RTP, trigger cancel via GPD DELETE → RFC_SENT
2. Build a valid DS_12N RJCR payload
3. POST to RFC callback endpoint WITH Version header
4. Verify 400 is returned with the expected error body
5. Verify RTP status is still RFC_SENT
","4212","DS_12N RJCR RFC callback with Version header returns 400","functional-tests.tests.callbacks","2026-10-05","passed","2026-10-05","","test_RTP_callback_with_version_header","",""
"","2644","An RTP sent with synchronous rejection containing extra fields results in status REJECTED - through Web API","functional-tests.tests.send_rtp","2026-10-05","passed","2026-10-05","","test_RTP_send_MOCK","",""
"","20736","Failed v2 redirect callback for invalid RTP transition - DS-05 ACTC compliant","functional-tests.tests.callbacks_v2","2026-10-05","passed","2026-10-05","","test_RTP_callback_DS_05_redirect","",""
"
Tests that sending an RTP payload with an amount over the POSTE limit results in a 400 Bad Request response.

:param debtor_sp_mock_cert_key: Certificate and key tuple for mutual TLS authentication.
:type debtor_sp_mock_cert_key: Tuple[str, str]
","135035","Cannot send RTP with an amount over the POSTE limit","functional-tests.tests.availability","2026-10-05","broken","2026-10-05","","test_availability_POSTE","",""
"","1271","Sending a GPD message with null id returns 400","functional-tests.tests.send_rtp","2026-10-05","passed","2026-10-05","","test_RTP_send_MOCK","",""
"An EPC response containing fields not declared in the OpenAPI spec is treated as an invalid message and is NOT tolerated for accept/reject purposes (confirmed with rtp-sender-v2 maintainers, PR #26). The extra `invalid-field` property invalidates the whole response, so the RJCR confirmation is not processed and the RTP stays in RFC_SENT.","1268","Cancelling an RTP - EPC v4 mock unhappy path scenario: rjcr_extra_field","functional-tests.tests.cancel_rtp","2026-10-05","failed","2026-10-05","","test_RTP_cancel_MOCK_V2","",""
"Test sending a DELETE operation message via GPD message API after a CREATE VALID + UPDATE","3029","A DELETE message after CREATE VALID + UPDATE VALID","functional-tests.tests.process_messages_sender","2026-10-05","passed","2026-10-05","","test_RTP_process_sender_DELETE","",""
"Test sending an UPDATE operation message with different statuses via GPD message API before a CREATE","1955","An UPDATE message with status VALID before CREATE","functional-tests.tests.process_messages_sender","2026-10-05","passed","2026-10-05","","test_RTP_process_sender_UPDATE_before_CREATE","",""
"","1242","A status-update error is normalized without changing the RTP","functional-tests.tests.send_rtp","2026-10-05","failed","2026-10-05","","test_RTP_status_update_MOCK_V2","",""
"
Test v2 RFC callback DS12N with non-existing service provider.

Flow:
1. Activate payer
2. Send an RTP via GPD message v2 (CREATE VALID)
3. Cancel the RTP via GPD message v2 (DELETE) -> RTP to RFC_SENT
4. Send DS12N callback with non-existing BIC (MOCKSP99)
5. Verify callback is rejected with 400 (service provider not found)
6. Verify RTP status is still RFC_SENT
","15538","Failed v2 RFC callback for non existing Service Provider - DS-12N negative compliant","functional-tests.tests.callbacks_v2","2026-10-05","failed","2026-10-05","","test_RTP_callback_DS_12N_negative","",""
"","624","A debtor service provider fails activation due to wrong service provider id","functional-tests.tests.activation","2026-10-05","passed","2026-10-05","","test_debtor_activation_list","",""
"
Tests that sending an RTP payload with an expired date to the POSTE endpoint results in a 400 Bad Request response.

:param debtor_sp_mock_cert_key: Certificate and key tuple for mutual TLS authentication.
:type debtor_sp_mock_cert_key: Tuple[str, str]
","134982","Cannot send RTP with expired date","functional-tests.tests.availability","2026-10-05","broken","2026-10-05","","test_availability_POSTE","",""
"Each entry in ``INVALID_PAYER_IDS`` (see dataset docstring) must be rejected with 400.","782","The activation request must contain a validly formatted fiscal code","functional-tests.tests.activation","2026-10-05","passed","2026-10-05","","test_debtor_activation_create","",""
"","630","Invalid pagination parameters returns 400","functional-tests.tests.activation","2026-10-05","passed","2026-10-05","","test_debtor_activation_list","",""
"","620","Retrieving activation with malformed payer id returns 400","functional-tests.tests.activation","2026-10-05","passed","2026-10-05","","test_debtor_activation_get","",""
"","594","Retrieving activation without valid token returns 401","functional-tests.tests.activation","2026-10-05","passed","2026-10-05","","test_debtor_activation_get","",""
"Test sending a DELETE operation message via GPD message API after a standalone UPDATE (no prior CREATE)","1901","A DELETE message after standalone UPDATE PARTIALLY_PAID","functional-tests.tests.process_messages_sender","2026-10-05","passed","2026-10-05","","test_RTP_process_sender_DELETE","",""
"","3982","Successfully cancel a Request to Pay","bdd-tests","2026-10-05","passed","2026-10-05","RTP_Cancellation","RTP","",""
"Each entry in ``INVALID_PAYER_IDS`` (see dataset docstring) must be rejected with 400.","622","The activation request must contain a validly formatted fiscal code","functional-tests.tests.activation","2026-10-05","passed","2026-10-05","","test_debtor_activation_create","",""
"Generate signatures for each supported explicit digest algorithm.","2","test_sign_srtp_message_uses_an_explicit_digest_algorithm[sha3-256]","functional-tests.tests.qsealc","2026-10-05","passed","2026-10-05","","test_srtp_signature","",""
"","1223","A status-update response maps to the expected RTP result","functional-tests.tests.send_rtp","2026-10-05","failed","2026-10-05","","test_RTP_status_update_MOCK_V2","",""
"
Test RFC callback DS12P with non-existing service provider.

Flow:
1. Activate payer
2. Send an RTP via GPD message (CREATE VALID)
3. Cancel the RTP via GPD message (DELETE) → RTP to RFC_SENT
4. Send DS12P callback with non-existing BIC (MOCKSP99)
5. Verify callback is rejected with 400 (service provider not found)
","2685","Failed RFC callback for non existing Service Provider - DS-12P CNCL compliant","functional-tests.tests.callbacks","2026-10-05","passed","2026-10-05","","test_RTP_callback_DS_12P","",""
"","2006","An RTP sent when EPC response contains an unknown field is ignored and remains in status SENT","functional-tests.tests.send_rtp","2026-10-05","passed","2026-10-05","","test_RTP_send_MOCK","",""
"","19524","An RTP sent with synchronous rejection is in status REJECTED - DS-08P N - through Web API V2","functional-tests.tests.send_rtp","2026-10-05","passed","2026-10-05","","test_RTP_send_MOCK","",""
"MOCKSP04 owns MOCKSP01 as well as its own spId; activation must be allowed on either.","2134","A debtor is activated using a Service Provider ID the token subject owns but does not itself represent","functional-tests.tests.activation","2026-10-05","passed","2026-10-05","","test_debtor_activation_create","",""
"","1278","A debtor is deactivated by an authenticated service provider","functional-tests.tests.activation","2026-10-05","passed","2026-10-05","","test_debtor_deactivation","",""
"","1144","Whitespaces is allowed in description and company name field","ux-tests.tests","2026-10-05","passed","2026-10-05","","test_RTP_submission_v3","",""
"Takeover without a previously issued OTP should fail","1288","Test Takeover Fails without Prior OTP","functional-tests.tests.takeover","2026-10-05","passed","2026-10-05","","test_debtor_takeover","",""
"","613","Requesting a status update for an unknown RTP returns not found","functional-tests.tests.send_rtp","2026-10-05","failed","2026-10-05","","test_RTP_status_update_MOCK_V2","",""
"Test sending a DELETE operation message via GPD message API after a standalone UPDATE (no prior CREATE)","1881","A DELETE message after standalone UPDATE EXPIRED","functional-tests.tests.process_messages_sender","2026-10-05","passed","2026-10-05","","test_RTP_process_sender_DELETE","",""
"","23203","An IRNR status update transitions SENT to ERROR_SEND and marks delivery as lost","functional-tests.tests.callbacks_v2","2026-10-05","passed","2026-10-05","","test_RTP_status_update_callback","",""
"","1283","A v2 RTP callback with status ACCP is successfully received","functional-tests.tests.callbacks_v2","2026-10-05","failed","2026-10-05","","test_RTP_callback_DS_08P_positive","",""
"Each entry in ``INVALID_PAYER_IDS`` must be rejected with 400.

The ``description`` parameter appears in pytest output to identify which
case failed without having to inspect the raw value.
","1622","Querying activation status with an invalid payerId format returns 400","functional-tests.tests.activation","2026-10-05","passed","2026-10-05","","test_debtor_activation_payer_status","",""
"","1272","A debtor activated with an owned but distinct Service Provider ID is retrieved by activation id","functional-tests.tests.activation","2026-10-05","passed","2026-10-05","","test_debtor_activation_get","",""
"","616","All auth fixtures expose a valid Bearer token format","functional-tests.tests.auth","2026-10-05","passed","2026-10-05","","test_auth","",""
"","1","Successful login","bdd-tests","2026-10-05","passed","2026-10-05","RTP_Web_Sending","RTP","",""
"","606","The activation request must contain a Service Provider ID of valid length","functional-tests.tests.activation","2026-10-05","passed","2026-10-05","","test_debtor_activation_create","",""
"","20031","Unauthorized callback due to wrong certificate serial","functional-tests.tests.callbacks_v2","2026-10-05","passed","2026-10-05","","test_RTP_callback_DS_05_redirect","",""
"Each entry in ``INVALID_PAYER_IDS`` must be rejected with 400.

The ``description`` parameter appears in pytest output to identify which
case failed without having to inspect the raw value.
","629","Querying activation status with an invalid payerId format returns 400","functional-tests.tests.activation","2026-10-05","passed","2026-10-05","","test_debtor_activation_payer_status","",""
"","1484","Sending an RTP when EPC returns a malformed/invalid response body returns 500","functional-tests.tests.send_rtp","2026-10-05","passed","2026-10-05","","test_RTP_send_MOCK","",""
"","1579","Takeover fails without authentication","bdd-tests","2026-10-05","passed","2026-10-05","Debtor_Activation_Takeover","RTP","",""
"","593","Get payees consents with invalid authorization returns 401","functional-tests.tests.service_registry","2026-10-05","passed","2026-10-05","","test_get_payees_consents","",""
"","21950","A status update without StsRsnInf is rejected","functional-tests.tests.callbacks_v2","2026-10-05","passed","2026-10-05","","test_RTP_status_update_callback","",""
"","19515","Failed callback for non existing Service Provider - DS-document RJCT compliant","functional-tests.tests.callbacks_v2","2026-10-05","failed","2026-10-05","","test_RTP_callback_DS_document_rjct","",""
"","21062","A v2 document RTP callback with invalid status is rejected without affecting the RTP status","functional-tests.tests.callbacks_v2","2026-10-05","passed","2026-10-05","","test_RTP_callback_DS_document_rjct","",""
"Test sending an UPDATE operation message with different statuses via GPD message API after a CREATE","2156","An UPDATE message with status INVALID after CREATE","functional-tests.tests.process_messages_sender","2026-10-05","passed","2026-10-05","","test_RTP_process_sender_UPDATE","",""
"","639","Non-existent NextActivationId returns 200 with empty body","functional-tests.tests.activation","2026-10-05","passed","2026-10-05","","test_debtor_activation_list","",""
"Test sending a DELETE operation message via GPD message API after a CREATE","1884","A DELETE message after CREATE EXPIRED","functional-tests.tests.process_messages_sender","2026-10-05","passed","2026-10-05","","test_RTP_process_sender_DELETE","",""
"","2","test_verify_srtp_message_rejects_an_untrusted_certificate_chain","functional-tests.tests.qsealc","2026-10-05","passed","2026-10-05","","test_srtp_signature_verification","",""
"
Test v2 RFC callback DS12P with non-existing service provider.

Flow:
1. Activate payer
2. Send an RTP via GPD message v2 (CREATE VALID)
3. Cancel the RTP via GPD message v2 (DELETE) -> RTP to RFC_SENT
4. Send DS12P callback with non-existing BIC (MOCKSP99)
5. Verify callback is rejected with 400 (service provider not found)
6. Verify RTP status is still RFC_SENT
","1277","Failed v2 RFC callback for non existing Service Provider - DS-12P positive compliant","functional-tests.tests.callbacks_v2","2026-10-05","failed","2026-10-05","","test_RTP_callback_DS_12P_positive","",""
"","618","Failed callback for non existing Service Provider - DS-08P compliant","functional-tests.tests.callbacks","2026-10-05","passed","2026-10-05","","test_RTP_callback_DS_08","",""
"Each entry in ``INVALID_PAYER_IDS`` must be rejected with 400.

The ``description`` parameter appears in pytest output to identify which
case failed without having to inspect the raw value.
","646","Querying activation status with an invalid payerId format returns 400","functional-tests.tests.activation","2026-10-05","passed","2026-10-05","","test_debtor_activation_payer_status","",""
"Normalize each supported HTTP method to uppercase.","1","test_canonical_representation_emits_an_uppercase_method[post]","functional-tests.tests.qsealc","2026-10-05","passed","2026-10-05","","test_srtp_message_signing","",""
"Test sending an UPDATE after CREATE VALID + DELETE with different statuses","2634","An UPDATE message with status PAID after CREATE VALID and DELETE","functional-tests.tests.process_messages_sender","2026-10-05","passed","2026-10-05","","test_RTP_process_sender_UPDATE","",""
"","1263","A debtor with omocodia fiscal code is activated successfully","functional-tests.tests.activation","2026-10-05","passed","2026-10-05","","test_debtor_activation_create","",""
"","1906","A debtor Service Provider tries to activates a debtor 2 times, failing the second attempt","bdd-tests","2026-10-05","passed","2026-10-05","Debtor_Activation","RTP","",""
"Reusing the same OTP after a successful takeover should fail","2573","Test Takeover Fails with Reused OTP","functional-tests.tests.takeover","2026-10-05","passed","2026-10-05","","test_debtor_takeover","",""
"Active payer with omocodia fiscal code (digit substitution) → isActive must be true.","1434","An active payer with omocodia fiscal code returns isActive true","functional-tests.tests.activation","2026-10-05","passed","2026-10-05","","test_debtor_activation_payer_status","",""
"Reject target values that are not valid HTTP URIs.","0","test_canonical_representation_requires_a_complete_target_uri[https://example.com:not-a-port/path]","functional-tests.tests.qsealc","2026-10-05","passed","2026-10-05","","test_srtp_message_signing","",""
"Each entry in ``INVALID_PAYER_IDS`` (see dataset docstring) must be rejected with 400.","620","The activation request must contain a validly formatted fiscal code","functional-tests.tests.activation","2026-10-05","passed","2026-10-05","","test_debtor_activation_create","",""
"","2461","An RTP is sent to ICCREA service with activated fiscal code - through Web API","functional-tests.tests.send_rtp","2026-10-05","failed","2026-10-05","","test_RTP_send_ICCREA","",""
"Each entry in ``INVALID_PAYER_IDS`` must be rejected with 400.

The ``description`` parameter appears in pytest output to identify which
case failed without having to inspect the raw value.
","619","Querying activation status with an invalid payerId format returns 400","functional-tests.tests.activation","2026-10-05","passed","2026-10-05","","test_debtor_activation_payer_status","",""
"Each entry in ``INVALID_PAYER_IDS`` (see dataset docstring) must be rejected with 400.","620","The activation request must contain a validly formatted fiscal code","functional-tests.tests.activation","2026-10-05","passed","2026-10-05","","test_debtor_activation_create","",""
"Match EPC headers regardless of their input casing.","0","test_canonical_representation_matches_epc_headers_case_insensitively","functional-tests.tests.qsealc","2026-10-05","passed","2026-10-05","","test_srtp_message_signing","",""
"Each entry in ``INVALID_PAYER_IDS`` (see dataset docstring) must be rejected with 400.","616","The activation request must contain a validly formatted fiscal code","functional-tests.tests.activation","2026-10-05","passed","2026-10-05","","test_debtor_activation_create","",""
"","1577","A debtor Service Provider cannot send an RTP","bdd-tests","2026-10-05","passed","2026-10-05","RTP_Sending","RTP","",""
"Test sending an UPDATE after CREATE VALID + DELETE with different statuses","2654","An UPDATE message with status INVALID after CREATE VALID and DELETE","functional-tests.tests.process_messages_sender","2026-10-05","passed","2026-10-05","","test_RTP_process_sender_UPDATE","",""
"An EPC response containing fields not declared in the OpenAPI spec is treated as an invalid message and is NOT tolerated for accept/reject purposes (confirmed with rtp-sender-v2 maintainers, PR #26). The extra `invalid-field` property invalidates the whole response, so the CNCL confirmation is not processed and the RTP stays in RFC_SENT.","24380","Cancelling an RTP - EPC v4 mock unhappy path scenario: cncl_extra_field","functional-tests.tests.cancel_rtp","2026-10-05","failed","2026-10-05","","test_RTP_cancel_MOCK_V2","",""
"Test sending a DELETE operation message via GPD message API after a CREATE VALID + UPDATE","2666","A DELETE message after CREATE VALID + UPDATE DRAFT","functional-tests.tests.process_messages_sender","2026-10-05","passed","2026-10-05","","test_RTP_process_sender_DELETE","",""
"","4031","Attempt to cancel an already cancelled RTP","bdd-tests","2026-10-05","passed","2026-10-05","RTP_Cancellation","RTP","",""
"Do not append a trailing line feed to the canonical message.","1","test_canonical_representation_does_not_append_a_closing_line_feed","functional-tests.tests.qsealc","2026-10-05","passed","2026-10-05","","test_srtp_message_signing","",""
"Test sending an UPDATE operation message with different statuses via GPD message API before a CREATE","1594","An UPDATE message with status DRAFT before CREATE","functional-tests.tests.process_messages_sender","2026-10-05","passed","2026-10-05","","test_RTP_process_sender_UPDATE_before_CREATE","",""
