"DESCRIPTION","DURATION IN MS","NAME","PARENT SUITE","START TIME","STATUS","STOP TIME","SUB SUITE","SUITE","TEST CLASS","TEST METHOD"
"","638","Get paginated list of OPT_OUT payees consents successfully","functional-tests.tests.service_registry","2026-08-27","passed","2026-08-27","","test_get_payees_consents","",""
"","3091","An RTP sent with synchronous rejection is in status REJECTED - DS-08P N - through Web API V2","functional-tests.tests.send_rtp","2026-08-27","passed","2026-08-27","","test_RTP_send_MOCK","",""
"Test sending a CREATE operation message with a foreign fiscal code via GPD message API","1755","A CREATE message with foreign fiscal code is successfully sent through GPD message API","functional-tests.tests.process_messages_sender","2026-08-27","passed","2026-08-27","","test_RTP_process_sender","",""
"
Test RFC callback DS12N with wrong certificate identity, cancel via REST Web API.

Flow:
1. Activate payer
2. Send an RTP via GPD message (CREATE VALID)
3. Cancel the RTP via REST cancel endpoint with cancel_reason → RTP to RFC_SENT
4. Send DS12N callback with assignee_bic='FAKESP01' (doesn't match certificate identity MOCKSP04)
5. Verify callback is rejected with 403 (certificate mismatch)
","2612","Unauthorized RFC callback due to wrong certificate serial - through Web API cancel","functional-tests.tests.callbacks","2026-08-27","passed","2026-08-27","","test_RTP_callback_DS_12N","",""
"Test sending a DELETE operation message via GPD message API after a standalone UPDATE (no prior CREATE)","2341","A DELETE message after standalone UPDATE VALID","functional-tests.tests.process_messages_sender","2026-08-27","passed","2026-08-27","","test_RTP_process_sender_DELETE","",""
"","1265","Deactivation fails for activation by another service provider","functional-tests.tests.activation","2026-08-27","passed","2026-08-27","","test_debtor_deactivation","",""
"
Test RFC callback DS12N with wrong certificate identity.

Flow:
1. Activate payer
2. Send an RTP via GPD message (CREATE VALID)
3. Cancel the RTP via GPD message (DELETE) → RTP to RFC_SENT
4. Send DS12N callback with assignee_bic='FAKESP01' (doesn't match certificate identity MOCKSP04)
5. Verify callback is rejected with 403 (certificate mismatch)
","3031","Unauthorized RFC callback due to wrong certificate serial","functional-tests.tests.callbacks","2026-08-27","passed","2026-08-27","","test_RTP_callback_DS_12N","",""
"
Payer activated under SP A.
Token with read_rtp_all can read across all Service Providers:
the admin client sub does not match SP A, yet isActive must be true.
","3490","read_rtp_all role returns isActive true for a payer on any Service Provider","functional-tests.tests.activation","2026-08-27","passed","2026-08-27","","test_debtor_activation_payer_status","",""
"","839","Sending to non-activated debtor returns 422 - through Web API V2","functional-tests.tests.send_rtp","2026-08-27","passed","2026-08-27","","test_RTP_send_MOCK","",""
"","3900","Failed v2 redirect callback for invalid RTP transition - DS-05 ACTC compliant","functional-tests.tests.callbacks_v2","2026-08-27","passed","2026-08-27","","test_RTP_callback_DS_05_redirect","",""
"
Test RFC callback DS12N with RJCR status applied twice on the same RTP.

Flow:
1. Activate payer
2. Send an RTP via GPD message (CREATE VALID)
3. Cancel the RTP via GPD message (DELETE) -> RTP to RFC_SENT
4. Send DS12N callback with CxlStsId RJCR (Rejected Cancellation Request) -> RTP to ERROR_CANCEL
5. Send the same DS12N RJCR callback again on the already transitioned RTP
6. Verify the second callback is rejected (400) since the transition is no longer valid
7. Verify RTP status remains ERROR_CANCEL
","5546","Failed RFC callback for invalid RTP transition - DS-12N RJCR compliant","functional-tests.tests.callbacks","2026-08-27","passed","2026-08-27","","test_RTP_callback_DS_12N","",""
"Test sending a DELETE operation message via GPD message API after a standalone UPDATE (no prior CREATE)","1859","A DELETE message after standalone UPDATE INVALID","functional-tests.tests.process_messages_sender","2026-08-27","passed","2026-08-27","","test_RTP_process_sender_DELETE","",""
"","3251","A v2 RTP callback with invalid status is rejected without affecting the RTP status","functional-tests.tests.callbacks_v2","2026-08-27","passed","2026-08-27","","test_RTP_callback_DS_08N_negative","",""
"","582","Missing Version header returns 200","functional-tests.tests.activation","2026-08-27","passed","2026-08-27","","test_debtor_activation_list","",""
"
Test v2 RFC callback DS12N with non-existing service provider.

Flow:
1. Activate payer
2. Send an RTP via GPD message v2 (CREATE VALID)
3. Cancel the RTP via GPD message v2 (DELETE) -> RTP to RFC_SENT
4. Send DS12N callback with non-existing BIC (MOCKSP99)
5. Verify callback is rejected with 400 (service provider not found)
6. Verify RTP status is still RFC_SENT
","4997","Failed v2 RFC callback for non existing Service Provider - DS-12N negative compliant","functional-tests.tests.callbacks_v2","2026-08-27","passed","2026-08-27","","test_RTP_callback_DS_12N_negative","",""
"Same privacy rule as the cross-SP case: no explicit error, isActive is just false.","1579","Get payer status returns isActive false when the token subject does not own the activation's Service Provider ID","functional-tests.tests.activation","2026-08-27","passed","2026-08-27","","test_debtor_activation_payer_status","",""
"Each entry in ``INVALID_PAYER_IDS`` (see dataset docstring) must be rejected with 400.","604","The activation request must contain a validly formatted fiscal code","functional-tests.tests.activation","2026-08-27","passed","2026-08-27","","test_debtor_activation_create","",""
"Test sending an UPDATE operation message with different statuses via GPD message API before a CREATE","1238","An UPDATE message with status PARTIALLY_PAID before CREATE","functional-tests.tests.process_messages_sender","2026-08-27","passed","2026-08-27","","test_RTP_process_sender_UPDATE_before_CREATE","",""
"Active payer with omocodia fiscal code (digit substitution) → isActive must be true.","1252","An active payer with omocodia fiscal code returns isActive true","functional-tests.tests.activation","2026-08-27","passed","2026-08-27","","test_debtor_activation_payer_status","",""
"","2777","An RTP sent with synchronous rejection and missing _links results in status REJECTED","functional-tests.tests.send_rtp","2026-08-27","passed","2026-08-27","","test_RTP_send_MOCK","",""
"","1471","A debtor activated with an owned but distinct Service Provider ID is retrieved by activation id","functional-tests.tests.activation","2026-08-27","passed","2026-08-27","","test_debtor_activation_get","",""
"","1264","A debtor with foreign fiscal code is activated and retrieved by activation id","functional-tests.tests.activation","2026-08-27","passed","2026-08-27","","test_debtor_activation_get","",""
"","2635","Unauthorized callback due to wrong certificate serial","functional-tests.tests.callbacks_v2","2026-08-27","passed","2026-08-27","","test_RTP_callback_DS_08P_positive","",""
"The response cannot be parsed as a cancellation confirmation (malformed, unquoted string), so the RTP stays in RFC_SENT rather than erroring out.","2798","Cancelling an RTP - EPC v4 mock unhappy path scenario: malformed_string","functional-tests.tests.cancel_rtp","2026-08-27","passed","2026-08-27","","test_RTP_cancel_MOCK_V2","",""
"","1952","An RTP sent when EPC response omits _links is in status ACCEPTED","functional-tests.tests.send_rtp","2026-08-27","passed","2026-08-27","","test_RTP_send_MOCK","",""
"Each entry in ``INVALID_PAYER_IDS`` must be rejected with 400.

The ``description`` parameter appears in pytest output to identify which
case failed without having to inspect the raw value.
","630","Querying activation status with an invalid payerId format returns 400","functional-tests.tests.activation","2026-08-27","passed","2026-08-27","","test_debtor_activation_payer_status","",""
"Test sending an UPDATE operation message with different statuses via GPD message API after a CREATE","2008","An UPDATE message with status DRAFT after CREATE","functional-tests.tests.process_messages_sender","2026-08-27","passed","2026-08-27","","test_RTP_process_sender_UPDATE","",""
"","3239","A v2 RTP callback with invalid status is rejected without affecting the RTP status","functional-tests.tests.callbacks_v2","2026-08-27","passed","2026-08-27","","test_RTP_callback_DS_08P_positive","",""
"Test sending an UPDATE after CREATE VALID + DELETE with different statuses","3095","An UPDATE message with status DRAFT after CREATE VALID and DELETE","functional-tests.tests.process_messages_sender","2026-08-27","passed","2026-08-27","","test_RTP_process_sender_UPDATE","",""
"
Tests sending an RTP payload to the POSTE endpoint with valid data and authentication.

:param debtor_sp_mock_cert_key: Certificate and key tuple for mutual TLS authentication.
:type debtor_sp_mock_cert_key: Tuple[str, str]
","1562","An RTP is sent through POSTE API","functional-tests.tests.availability","2026-08-27","passed","2026-08-27","","test_availability_POSTE","",""
"Payer that has never been activated → isActive must be false.","617","test_get_activation_status_not_active_payer","functional-tests.tests.activation","2026-08-27","passed","2026-08-27","","test_debtor_activation_payer_status","",""
"","1449","A debtor activated with an owned but distinct Service Provider ID is deactivated","functional-tests.tests.activation","2026-08-27","passed","2026-08-27","","test_debtor_deactivation","",""
"","1256","Sending a GPD message with null operation returns 400","functional-tests.tests.send_rtp","2026-08-27","passed","2026-08-27","","test_RTP_send_MOCK","",""
"Test sending an UPDATE after CREATE VALID + DELETE with different statuses","2859","An UPDATE message with status EXPIRED after CREATE VALID and DELETE","functional-tests.tests.process_messages_sender","2026-08-27","passed","2026-08-27","","test_RTP_process_sender_UPDATE","",""
"","616","inexistent RTP -> empty body","functional-tests.tests.get_rtp","2026-08-27","passed","2026-08-27","","test_RTP_get","",""
"Each entry in ``INVALID_PAYER_IDS`` (see dataset docstring) must be rejected with 400.","648","The activation request must contain a validly formatted fiscal code","functional-tests.tests.activation","2026-08-27","passed","2026-08-27","","test_debtor_activation_create","",""
"Test sending a DELETE operation message via GPD message API after a CREATE","1878","A DELETE message after CREATE EXPIRED","functional-tests.tests.process_messages_sender","2026-08-27","passed","2026-08-27","","test_RTP_process_sender_DELETE","",""
"Test sending a DELETE operation message via GPD message API after a standalone UPDATE (no prior CREATE)","1880","A DELETE message after standalone UPDATE PAID","functional-tests.tests.process_messages_sender","2026-08-27","passed","2026-08-27","","test_RTP_process_sender_DELETE","",""
"Each entry in ``INVALID_PAYER_IDS`` must be rejected with 400.

The ``description`` parameter appears in pytest output to identify which
case failed without having to inspect the raw value.
","614","Querying activation status with an invalid payerId format returns 400","functional-tests.tests.activation","2026-08-27","passed","2026-08-27","","test_debtor_activation_payer_status","",""
"Test sending a DELETE operation message via GPD message API after a standalone UPDATE (no prior CREATE)","1903","A DELETE message after standalone UPDATE PARTIALLY_PAID","functional-tests.tests.process_messages_sender","2026-08-27","passed","2026-08-27","","test_RTP_process_sender_DELETE","",""
"The PSP synchronously rejects the cancellation request with 422 (per standard behaviour for the EPC 400 Bad Request scenario). The RTP then transitions to ERROR_CANCEL via ERROR_CANCEL_RTP.","3259","Cancelling an RTP - EPC v4 mock unhappy path scenario: epc_400","functional-tests.tests.cancel_rtp","2026-08-27","passed","2026-08-27","","test_RTP_cancel_MOCK_V2","",""
"
Test v2 RFC callback DS12P with CNCL status.

Flow:
1. Activate payer
2. Send an RTP via GPD message v2 (CREATE VALID)
3. Cancel the RTP via GPD message v2 (DELETE) -> RTP to RFC_SENT
4. Send DS12P callback with CxlStsId CNCL (Cancelled As Per Request)
5. Verify callback is accepted (200)
6. Verify RTP status is CANCELLED
","3522","A v2 RFC callback DS12P CNCL is successfully received and RTP status is CANCELLED","functional-tests.tests.callbacks_v2","2026-08-27","passed","2026-08-27","","test_RTP_callback_DS_12P_positive","",""
"","4500","Failed callback for invalid RTP transition - DS-08N compliant","functional-tests.tests.callbacks","2026-08-27","passed","2026-08-27","","test_RTP_callback_DS_08","",""
"The mock policy falls back to its default `{}` response when no notice number matches, so the RTP stays in RFC_SENT.","2720","Cancelling an RTP - EPC v4 mock happy path scenario: no_match_fallback","functional-tests.tests.cancel_rtp","2026-08-27","passed","2026-08-27","","test_RTP_cancel_MOCK_V2","",""
"MOCKSP04 owns both its own spId and MOCKSP01; redeeming an OTP scoped to MOCKSP01 must
assign MOCKSP01 to the new activation, not MOCKSP04 (the redeemer's own tspId).","3524","Test Takeover Redemption Assigns the OTP's Owned Service Provider ID","functional-tests.tests.takeover","2026-08-27","passed","2026-08-27","","test_debtor_takeover","",""
"","1326","An RTP is sent through GPD message API","functional-tests.tests.send_rtp","2026-08-27","passed","2026-08-27","","test_RTP_send_MOCK","",""
"
Test v2 RFC callback DS12N with RJCR status.

Flow:
1. Activate payer
2. Send an RTP via GPD message v2 (CREATE VALID)
3. Cancel the RTP via GPD message v2 (DELETE) -> RTP to RFC_SENT
4. Send DS12N callback with CxlStsId RJCR (Rejected Cancellation Request)
5. Verify callback is accepted (200)
6. Verify RTP status is CANCELLED_REJECTED
","4362","A v2 RFC callback DS12N RJCR is successfully received and RTP status is CANCELLED_REJECTED","functional-tests.tests.callbacks_v2","2026-08-27","passed","2026-08-27","","test_RTP_callback_DS_12N_negative","",""
"
Test RFC callback DS12N with RJCR status, cancel triggered via REST Web API with explicit reason.

Flow:
1. Activate payer
2. Send an RTP via GPD message (CREATE VALID)
3. Cancel the RTP via REST cancel endpoint with cancel_reason → RTP to RFC_SENT
4. Send DS12N callback with CxlStsId RJCR (Rejected Cancellation Request)
5. Verify callback is accepted (200)
6. Verify RTP status is ERROR_CANCEL
","4501","An RFC callback DS12N RJCR is successfully received and RTP status is ERROR_CANCEL - through Web API cancel","functional-tests.tests.callbacks","2026-08-27","passed","2026-08-27","","test_RTP_callback_DS_12N","",""
"","2910","RTP is successfully cancelled with reason MODT","functional-tests.tests.cancel_rtp","2026-08-27","passed","2026-08-27","","test_RTP_cancel","",""
"","610","Invalid NextActivationId format returns 400","functional-tests.tests.activation","2026-08-27","passed","2026-08-27","","test_debtor_activation_list","",""
"
Test RFC callback DS12P with wrong certificate identity.

Flow:
1. Activate payer
2. Send an RTP via GPD message (CREATE VALID)
3. Cancel the RTP via GPD message (DELETE) → RTP to RFC_SENT
4. Send DS12P callback with assignee_bic='FAKESP01' (doesn't match certificate identity MOCKSP04)
5. Verify callback is rejected with 403 (certificate mismatch)
","2644","Unauthorized RFC callback due to wrong certificate serial","functional-tests.tests.callbacks","2026-08-27","passed","2026-08-27","","test_RTP_callback_DS_12P","",""
"Each entry in ``INVALID_PAYER_IDS`` must be rejected with 400.

The ``description`` parameter appears in pytest output to identify which
case failed without having to inspect the raw value.
","604","Querying activation status with an invalid payerId format returns 400","functional-tests.tests.activation","2026-08-27","passed","2026-08-27","","test_debtor_activation_payer_status","",""
"","1337","An RTP is sent through API - through Web API","functional-tests.tests.send_rtp","2026-08-27","passed","2026-08-27","","test_RTP_send_MOCK","",""
"Test sending an UPDATE operation message with different statuses via GPD message API after a CREATE","2279","An UPDATE message with status EXPIRED after CREATE","functional-tests.tests.process_messages_sender","2026-08-27","passed","2026-08-27","","test_RTP_process_sender_UPDATE","",""
"Takeover with syntactically valid but nonsensical body should fail","1861","Test Takeover Fails with Nonsensical Body","functional-tests.tests.takeover","2026-08-27","passed","2026-08-27","","test_debtor_takeover","",""
"","627","RTP cancellation fails if resource ID does not exist","functional-tests.tests.cancel_rtp","2026-08-27","passed","2026-08-27","","test_RTP_cancel","",""
"","618","malformed rtp_id → 400 Bad Request","functional-tests.tests.get_rtp","2026-08-27","passed","2026-08-27","","test_RTP_get","",""
"","3295","A v2 redirect RTP callback with invalid status is rejected without affecting the RTP status","functional-tests.tests.callbacks_v2","2026-08-27","passed","2026-08-27","","test_RTP_callback_DS_05_redirect","",""
"","4979","Failed callback for invalid RTP transition - DS-08P ACCP compliant","functional-tests.tests.callbacks","2026-08-27","passed","2026-08-27","","test_RTP_callback_DS_08","",""
"The response body is not a recognizable cancellation confirmation (quoted plain string), so the RTP stays in RFC_SENT.","2710","Cancelling an RTP - EPC v4 mock happy path scenario: plain_string","functional-tests.tests.cancel_rtp","2026-08-27","passed","2026-08-27","","test_RTP_cancel_MOCK_V2","",""
"","2628","Unauthorized callback due to wrong certificate serial","functional-tests.tests.callbacks_v2","2026-08-27","passed","2026-08-27","","test_RTP_callback_DS_05_redirect","",""
"
Test v2 RFC callback DS12P with INVALID status.

Flow:
1. Activate payer
2. Send an RTP via GPD message v2 (CREATE VALID)
3. Cancel the RTP via GPD message v2 (DELETE) -> RTP to RFC_SENT
4. Send DS12P callback with CxlStsId INVALID
5. Verify callback is rejected with 400
6. Verify RTP status is still RFC_SENT
","3970","A v2 RFC callback DS12P INVALID is rejected with 400","functional-tests.tests.callbacks_v2","2026-08-27","passed","2026-08-27","","test_RTP_callback_DS_12P_positive","",""
"Empty OTP should be rejected","1037","Test Takeover Fails with Empty OTP","functional-tests.tests.takeover","2026-08-27","passed","2026-08-27","","test_debtor_takeover","",""
"","4394","An RTP callback is successfully received with status RJCT","functional-tests.tests.callbacks","2026-08-27","passed","2026-08-27","","test_RTP_callback_DS_08","",""
"Test sending a DELETE operation message via GPD message API after a CREATE VALID + UPDATE","3149","A DELETE message after CREATE VALID + UPDATE PAID","functional-tests.tests.process_messages_sender","2026-08-27","passed","2026-08-27","","test_RTP_process_sender_DELETE","",""
"The PSP synchronously rejects the cancellation request with 422 (per standard behaviour for the EPC 415 Unsupported Media Type scenario). The RTP then transitions to ERROR_CANCEL via ERROR_CANCEL_RTP.","3329","Cancelling an RTP - EPC v4 mock unhappy path scenario: epc_415","functional-tests.tests.cancel_rtp","2026-08-27","passed","2026-08-27","","test_RTP_cancel_MOCK_V2","",""
"","3014","An RTP is sent through CBI API","functional-tests.tests.availability","2026-08-27","passed","2026-08-27","","test_availability_CBI","",""
"","607","All auth fixtures expose a valid Bearer token format","functional-tests.tests.auth","2026-08-27","passed","2026-08-27","","test_auth","",""
"
Test RFC callback DS12P with CNCL status.

Flow:
1. Activate payer
2. Send an RTP via GPD message (CREATE VALID)
3. Cancel the RTP via GPD message (DELETE) → RTP to RFC_SENT
4. Send DS12P callback with CxlStsId CNCL (Cancelled As Per Request)
5. Verify callback is accepted (200)
6. Verify RTP status is CANCELLED
","3264","An RFC callback DS12P CNCL is successfully received and RTP status is CANCEL","functional-tests.tests.callbacks","2026-08-27","passed","2026-08-27","","test_RTP_callback_DS_12P","",""
"","607","All auth fixtures expose a valid Bearer token format","functional-tests.tests.auth","2026-08-27","passed","2026-08-27","","test_auth","",""
"Test the takeover flow where a user changes service provider","4448","Test Takeover Flow","functional-tests.tests.takeover","2026-08-27","passed","2026-08-27","","test_debtor_takeover","",""
"
Test RFC callback DS12P with INVALID status, cancel via REST Web API.

Flow:
1. Activate payer
2. Send an RTP via GPD message (CREATE VALID)
3. Cancel the RTP via REST cancel endpoint with cancel_reason → RTP to RFC_SENT
4. Send DS12P callback with CxlStsId INVALID
5. Verify callback is rejected with 400
6. Verify RTP status is still RFC_SENT
","3878","An RFC callback DS12P INVALID is rejected with 400 - through Web API cancel","functional-tests.tests.callbacks","2026-08-27","passed","2026-08-27","","test_RTP_callback_DS_12P","",""
"","1495","Sending an RTP when EPC returns a malformed/invalid response body returns 500 - through Web API","functional-tests.tests.send_rtp","2026-08-27","passed","2026-08-27","","test_RTP_send_MOCK","",""
"Test that takeover fails when an invalid OTP is provided","1861","Test Takeover Fails with Invalid OTP","functional-tests.tests.takeover","2026-08-27","passed","2026-08-27","","test_debtor_takeover","",""
"
Given a noticeNumber that does not correspond to any RTP in the database,
when the payee queries the delivery-status endpoint,
then the response must be HTTP 200 with status=PD_RTP_NOT_DELIVERED and
processingDate absent or null.
","625","Non-existent noticeNumber → PD_RTP_NOT_DELIVERED","functional-tests.tests.get_rtp","2026-08-27","passed","2026-08-27","","test_RTP_get_delivery_status","",""
"","614","Retrieving non-existent activation by payer id returns 404","functional-tests.tests.activation","2026-08-27","passed","2026-08-27","","test_debtor_activation_get","",""
"","606","A debtor service provider fails activation due to wrong service provider id","functional-tests.tests.activation","2026-08-27","passed","2026-08-27","","test_debtor_activation_list","",""
"
Verify that a debt position can be deleted successfully.
","2855","Happy path: a debt position is deleted in UAT environment","functional-tests.tests.gpd_availability","2026-08-27","passed","2026-08-27","","test_availability_GPD","",""
"UPDATE VALID before any CREATE creates a new RTP; the RTP must be retrievable from the database","2006","An UPDATE VALID before CREATE creates the RTP in the database","functional-tests.tests.process_messages_sender","2026-08-27","passed","2026-08-27","","test_RTP_process_sender_UPDATE_before_CREATE","",""
"Each entry in ``INVALID_PAYER_IDS`` (see dataset docstring) must be rejected with 400.","622","The activation request must contain a validly formatted fiscal code","functional-tests.tests.activation","2026-08-27","passed","2026-08-27","","test_debtor_activation_create","",""
"Each entry in ``INVALID_PAYER_IDS`` (see dataset docstring) must be rejected with 400.","603","The activation request must contain a validly formatted fiscal code","functional-tests.tests.activation","2026-08-27","passed","2026-08-27","","test_debtor_activation_create","",""
"","1418","SP_B cannot retrieve activation by Activation ID created by SP_A","functional-tests.tests.activation","2026-08-27","passed","2026-08-27","","test_RTP_activation_security","",""
"Test sending a DELETE operation message via GPD message API after a CREATE","1875","A DELETE message after CREATE PUBLISHED","functional-tests.tests.process_messages_sender","2026-08-27","passed","2026-08-27","","test_RTP_process_sender_DELETE","",""
"The PSP synchronously rejects the cancellation request with 422 (per standard behaviour for the EPC 422 Unprocessable Entity scenario). The RTP then transitions to ERROR_CANCEL via ERROR_CANCEL_RTP.","3581","Cancelling an RTP - EPC v4 mock unhappy path scenario: epc_422","functional-tests.tests.cancel_rtp","2026-08-27","passed","2026-08-27","","test_RTP_cancel_MOCK_V2","",""
"","2589","Unauthorized callback due to wrong certificate serial","functional-tests.tests.callbacks_v2","2026-08-27","passed","2026-08-27","","test_RTP_callback_DS_document_rjct","",""
"
Test RFC callback DS12N with non-existing service provider.

Flow:
1. Activate payer
2. Send an RTP via GPD message (CREATE VALID)
3. Cancel the RTP via GPD message (DELETE) → RTP to RFC_SENT
4. Send DS12N callback with non-existing BIC (MOCKSP99)
5. Verify callback is rejected with 400 (service provider not found)
","2612","Failed RFC callback for non existing Service Provider - DS-12N RJCR compliant","functional-tests.tests.callbacks","2026-08-27","passed","2026-08-27","","test_RTP_callback_DS_12N","",""
"Each entry in ``INVALID_PAYER_IDS`` must be rejected with 400.

The ``description`` parameter appears in pytest output to identify which
case failed without having to inspect the raw value.
","613","Querying activation status with an invalid payerId format returns 400","functional-tests.tests.activation","2026-08-27","passed","2026-08-27","","test_debtor_activation_payer_status","",""
"","581","The service returns the mocked server error","functional-tests.tests.availability","2026-08-27","passed","2026-08-27","","test_availability_MOCK","",""
"","2791","An RTP sent with synchronous rejection containing extra fields results in status REJECTED","functional-tests.tests.send_rtp","2026-08-27","passed","2026-08-27","","test_RTP_send_MOCK","",""
"No `Sts.Conf` confirmation is present (Sts block omitted entirely), so only CANCEL_RTP is triggered and the RTP stays in RFC_SENT.","2864","Cancelling an RTP - EPC v4 mock happy path scenario: no_sts_block","functional-tests.tests.cancel_rtp","2026-08-27","passed","2026-08-27","","test_RTP_cancel_MOCK_V2","",""
"FAKESP01 does not own MOCKSP01, a Service Provider ID owned by another tspId.","606","Activation is forbidden for a Service Provider ID not owned by the token subject","functional-tests.tests.activation","2026-08-27","passed","2026-08-27","","test_debtor_activation_create","",""
"
Test RFC callback DS12P with non-existing service provider, cancel via REST Web API.

Flow:
1. Activate payer
2. Send an RTP via GPD message (CREATE VALID)
3. Cancel the RTP via REST cancel endpoint with cancel_reason → RTP to RFC_SENT
4. Send DS12P callback with non-existing BIC (MOCKSP99)
5. Verify callback is rejected with 400 (service provider not found)
","2990","Failed RFC callback for non existing Service Provider - DS-12P CNCL compliant - through Web API cancel","functional-tests.tests.callbacks","2026-08-27","passed","2026-08-27","","test_RTP_callback_DS_12P","",""
"Each entry in ``INVALID_PAYER_IDS`` (see dataset docstring) must be rejected with 400.","606","The activation request must contain a validly formatted fiscal code","functional-tests.tests.activation","2026-08-27","passed","2026-08-27","","test_debtor_activation_create","",""
"Each entry in ``INVALID_PAYER_IDS`` (see dataset docstring) must be rejected with 400.","684","The activation request must contain a validly formatted fiscal code","functional-tests.tests.activation","2026-08-27","passed","2026-08-27","","test_debtor_activation_create","",""
"","1983","An RTP sent when EPC response omits _links is in status ACCEPTED - through Web API V2","functional-tests.tests.send_rtp","2026-08-27","passed","2026-08-27","","test_RTP_send_MOCK","",""
"","654","Invalid pagination parameters returns 400","functional-tests.tests.activation","2026-08-27","passed","2026-08-27","","test_debtor_activation_list","",""
"","5587","Failed callback for invalid RTP transition - DS-08P RJCT compliant","functional-tests.tests.callbacks","2026-08-27","passed","2026-08-27","","test_RTP_callback_DS_08","",""
"
Test RFC callback DS12P with CNCL status applied twice on the same RTP.

Flow:
1. Activate payer
2. Send an RTP via GPD message (CREATE VALID)
3. Cancel the RTP via GPD message (DELETE) -> RTP to RFC_SENT
4. Send DS12P callback with CxlStsId CNCL (Cancelled As Per Request) -> RTP to CANCELLED
5. Send the same DS12P CNCL callback again on the already cancelled RTP
6. Verify the second callback is rejected (400) since the transition is no longer valid
7. Verify RTP status remains CANCELLED
","5155","Failed RFC callback for invalid RTP transition - DS-12P CNCL compliant","functional-tests.tests.callbacks","2026-08-27","passed","2026-08-27","","test_RTP_callback_DS_12P","",""
"","1334","Sending an RTP when EPC returns an unexpected status code error (RTP_05.CHK.A0007) returns 500","functional-tests.tests.send_rtp","2026-08-27","passed","2026-08-27","","test_RTP_send_MOCK","",""
"
Test RFC callback DS12P with CNCL status, cancel triggered via REST Web API with explicit reason.

Flow:
1. Activate payer
2. Send an RTP via GPD message (CREATE VALID)
3. Cancel the RTP via REST cancel endpoint with cancel_reason → RTP to RFC_SENT
4. Send DS12P callback with CxlStsId CNCL (Cancelled As Per Request)
5. Verify callback is accepted (200)
6. Verify RTP status is CANCELLED
","3257","An RFC callback DS12P CNCL is successfully received and RTP status is CANCEL - through Web API cancel","functional-tests.tests.callbacks","2026-08-27","passed","2026-08-27","","test_RTP_callback_DS_12P","",""
"
DS_05 ACTC callback sent with the Version header must be rejected with 400.
The RTP must remain in SENT (transition to ACCEPTED must not happen).

Flow:
1. Activate payer and send an RTP → resource_id
2. Build a valid DS_05 ACTC payload referencing the RTP
3. POST to callback endpoint WITH Version header
4. Verify 400 is returned with the expected error body
5. Verify RTP status is still SENT
","2560","DS_05 ACTC callback with Version header returns 400","functional-tests.tests.callbacks","2026-08-27","passed","2026-08-27","","test_RTP_callback_with_version_header","",""
"Each entry in ``INVALID_PAYER_IDS`` must be rejected with 400.

The ``description`` parameter appears in pytest output to identify which
case failed without having to inspect the raw value.
","617","Querying activation status with an invalid payerId format returns 400","functional-tests.tests.activation","2026-08-27","passed","2026-08-27","","test_debtor_activation_payer_status","",""
"","616","Non-existent NextActivationId returns 200 with empty body","functional-tests.tests.activation","2026-08-27","passed","2026-08-27","","test_debtor_activation_list","",""
"Reusing the same OTP after a successful takeover should fail","2520","Test Takeover Fails with Reused OTP","functional-tests.tests.takeover","2026-08-27","passed","2026-08-27","","test_debtor_takeover","",""
"`Sts.Conf = ""CNCL""` triggers CANCEL_RTP -> CONFIRM_RFC -> CANCEL_RTP_ACCR, ending in CANCELLED_ACCR.","3306","Cancelling an RTP - EPC v4 mock happy path scenario: cncl_confirmed","functional-tests.tests.cancel_rtp","2026-08-27","passed","2026-08-27","","test_RTP_cancel_MOCK_V2","",""
"The PSP synchronously rejects the cancellation request with 422 (per standard behaviour for the EPC 410 Gone scenario). The RTP then transitions to ERROR_CANCEL via ERROR_CANCEL_RTP.","4043","Cancelling an RTP - EPC v4 mock unhappy path scenario: epc_410","functional-tests.tests.cancel_rtp","2026-08-27","passed","2026-08-27","","test_RTP_cancel_MOCK_V2","",""
"","1423","A debtor is deactivated by an authenticated service provider","functional-tests.tests.activation","2026-08-27","passed","2026-08-27","","test_debtor_deactivation","",""
"","3532","An RTP callback with invalid status is received and processed with success without affecting the RTP status","functional-tests.tests.callbacks","2026-08-27","passed","2026-08-27","","test_RTP_callback_DS_05","",""
"Each entry in ``INVALID_PAYER_IDS`` (see dataset docstring) must be rejected with 400.","609","The activation request must contain a validly formatted fiscal code","functional-tests.tests.activation","2026-08-27","passed","2026-08-27","","test_debtor_activation_create","",""
"","971","An RTP is sent to ICCREA service with activated fiscal code - through Web API V2","functional-tests.tests.send_rtp","2026-08-27","failed","2026-08-27","","test_RTP_send_ICCREA","",""
"Test sending an UPDATE operation message with different statuses via GPD message API before a CREATE","1235","An UPDATE message with status INVALID before CREATE","functional-tests.tests.process_messages_sender","2026-08-27","passed","2026-08-27","","test_RTP_process_sender_UPDATE_before_CREATE","",""
"Each entry in ``INVALID_PAYER_IDS`` must be rejected with 400.

The ``description`` parameter appears in pytest output to identify which
case failed without having to inspect the raw value.
","610","Querying activation status with an invalid payerId format returns 400","functional-tests.tests.activation","2026-08-27","passed","2026-08-27","","test_debtor_activation_payer_status","",""
"
Send the same CREATE VALID message twice.

Because send_gpd_message derives the Idempotency-Key deterministically from
the message id (msg_id), reusing the same payload reuses the same key.

Expectations:
- Both calls return HTTP 200 (idempotent, not an error).
- The resourceId in both responses is identical, proving the API returned
  the cached response and did not process the message twice.
- Querying by notice number returns exactly one RTP, confirming that only
  one record was written to the database.
","3470","Two CREATE VALID messages with the same Idempotency-Key both succeed but only one RTP is stored","functional-tests.tests.process_messages_sender","2026-08-27","passed","2026-08-27","","test_RTP_process_sender_IDEMPOTENCY","",""
"
Tests that sending an RTP payload with an invalid amount to the POSTE endpoint results in a 400 Bad Request response.

:param debtor_sp_mock_cert_key: Certificate and key tuple for mutual TLS authentication.
:type debtor_sp_mock_cert_key: Tuple[str, str]
","1230","Cannot send RTP with invalid amount","functional-tests.tests.availability","2026-08-27","passed","2026-08-27","","test_availability_POSTE","",""
"","1247","A debtor with foreign fiscal code is activated successfully","functional-tests.tests.activation","2026-08-27","passed","2026-08-27","","test_debtor_activation_create","",""
"","2640","A v2 redirect RTP callback with status ACTC is successfully received","functional-tests.tests.callbacks_v2","2026-08-27","passed","2026-08-27","","test_RTP_callback_DS_05_redirect","",""
"","2179","An RTP sent with synchronous acceptance is in status ACCEPTED - DS-05 ACTC - through Web API V2","functional-tests.tests.send_rtp","2026-08-27","passed","2026-08-27","","test_RTP_send_MOCK","",""
"Test sending a DELETE operation message via GPD message API after a CREATE VALID + UPDATE","2878","A DELETE message after CREATE VALID + UPDATE VALID","functional-tests.tests.process_messages_sender","2026-08-27","passed","2026-08-27","","test_RTP_process_sender_DELETE","",""
"
Given a debtor is activated with the mock fiscal code that makes the debtor
service provider mock reply with a server error, when a GPD message (CREATE)
is sent via POST /gpd/message, then the rtp-sender fails to deliver the RTP
and records an ERROR_SEND_RTP event (RTP status becomes ERROR_SEND). RTPs in
ERROR_SEND status are purged from both Cosmos and ADX, so querying by
noticeNumber returns an empty list. When the payee then queries the
delivery-status endpoint with the matching noticeNumber and payeeId, the
response must still be HTTP 200 with status=PD_RTP_NOT_DELIVERED and
processingDate absent or null.
","8780","RTP with ERROR_SEND_RTP event → PD_RTP_NOT_DELIVERED","functional-tests.tests.get_rtp","2026-08-27","passed","2026-08-27","","test_RTP_get_delivery_status","",""
"","3211","A v2 document RTP callback with status RJCT is successfully received","functional-tests.tests.callbacks_v2","2026-08-27","passed","2026-08-27","","test_RTP_callback_DS_document_rjct","",""
"","1364","An RTP is sent to a CBI service with activated fiscal code","functional-tests.tests.send_rtp","2026-08-27","passed","2026-08-27","","test_RTP_send_CBI","",""
"","615","All auth fixtures expose a valid Bearer token format","functional-tests.tests.auth","2026-08-27","passed","2026-08-27","","test_auth","",""
"","1496","Sending an RTP when EPC returns an unexpected status code error (RTP_05.CHK.A0007) returns 500 - through Web API","functional-tests.tests.send_rtp","2026-08-27","passed","2026-08-27","","test_RTP_send_MOCK","",""
"
Verify that a debt position can be deleted successfully.
","2856","Happy path: a debt position is deleted in DEV environment","functional-tests.tests.gpd_availability","2026-08-27","passed","2026-08-27","","test_availability_GPD","",""
"Test sending an UPDATE after CREATE VALID + DELETE with different statuses","2606","An UPDATE message with status PUBLISHED after CREATE VALID and DELETE","functional-tests.tests.process_messages_sender","2026-08-27","passed","2026-08-27","","test_RTP_process_sender_UPDATE","",""
"","747","Get list of service providers successfully","functional-tests.tests.service_registry","2026-08-27","passed","2026-08-27","","test_service_registry_service_providers","",""
"Test sending an UPDATE operation message with different statuses via GPD message API before a CREATE","1347","An UPDATE message with status VALID before CREATE","functional-tests.tests.process_messages_sender","2026-08-27","passed","2026-08-27","","test_RTP_process_sender_UPDATE_before_CREATE","",""
"Each entry in ``INVALID_PAYER_IDS`` must be rejected with 400.

The ``description`` parameter appears in pytest output to identify which
case failed without having to inspect the raw value.
","610","Querying activation status with an invalid payerId format returns 400","functional-tests.tests.activation","2026-08-27","passed","2026-08-27","","test_debtor_activation_payer_status","",""
"Each entry in ``INVALID_PAYER_IDS`` (see dataset docstring) must be rejected with 400.","775","The activation request must contain a validly formatted fiscal code","functional-tests.tests.activation","2026-08-27","passed","2026-08-27","","test_debtor_activation_create","",""
"","4468","Failed v2 document callback for invalid RTP transition - DS-document RJCT compliant","functional-tests.tests.callbacks_v2","2026-08-27","passed","2026-08-27","","test_RTP_callback_DS_document_rjct","",""
"DS_08N RJCT callback sent twice on the same RTP (direct SENT -> REJECTED).

The second callback must be rejected with 400 since the transition is no
longer valid once the RTP is already REJECTED.
","4748","Failed v2 callback for invalid RTP transition - DS-08N negative compliant","functional-tests.tests.callbacks_v2","2026-08-27","passed","2026-08-27","","test_RTP_callback_DS_08N_negative","",""
"Test sending a DELETE operation message via GPD message API after a CREATE VALID + UPDATE","3874","A DELETE message after CREATE VALID + UPDATE EXPIRED","functional-tests.tests.process_messages_sender","2026-08-27","passed","2026-08-27","","test_RTP_process_sender_DELETE","",""
"Test sending a DELETE operation message via GPD message API after a standalone UPDATE (no prior CREATE)","2130","A DELETE message after standalone UPDATE DRAFT","functional-tests.tests.process_messages_sender","2026-08-27","passed","2026-08-27","","test_RTP_process_sender_DELETE","",""
"
Test RFC callback DS12N with INVALID status, cancel via REST Web API.

Flow:
1. Activate payer
2. Send an RTP via GPD message (CREATE VALID)
3. Cancel the RTP via REST cancel endpoint with cancel_reason → RTP to RFC_SENT
4. Send DS12N callback with CxlStsId INVALID
5. Verify callback is rejected with 400
6. Verify RTP status is still RFC_SENT
","3205","An RFC callback DS12N INVALID is rejected with 400 - through Web API cancel","functional-tests.tests.callbacks","2026-08-27","passed","2026-08-27","","test_RTP_callback_DS_12N","",""
"Test sending a CREATE operation message with different statuses via GPD message API","1622","A CREATE message with status PUBLISHED","functional-tests.tests.process_messages_sender","2026-08-27","passed","2026-08-27","","test_RTP_process_sender_CREATE","",""
"Each entry in ``INVALID_PAYER_IDS`` (see dataset docstring) must be rejected with 400.","610","The activation request must contain a validly formatted fiscal code","functional-tests.tests.activation","2026-08-27","passed","2026-08-27","","test_debtor_activation_create","",""
"","1942","An RTP sent with synchronous acceptance is in status ACCEPTED - DS-05 ACTC","functional-tests.tests.send_rtp","2026-08-27","passed","2026-08-27","","test_RTP_send_MOCK","",""
"Each entry in ``INVALID_PAYER_IDS`` must be rejected with 400.

The ``description`` parameter appears in pytest output to identify which
case failed without having to inspect the raw value.
","614","Querying activation status with an invalid payerId format returns 400","functional-tests.tests.activation","2026-08-27","passed","2026-08-27","","test_debtor_activation_payer_status","",""
"No `Sts.Conf` confirmation is present (minimal JSON without Sts), so only CANCEL_RTP is triggered and the RTP stays in RFC_SENT.","2700","Cancelling an RTP - EPC v4 mock happy path scenario: minimal_json","functional-tests.tests.cancel_rtp","2026-08-27","passed","2026-08-27","","test_RTP_cancel_MOCK_V2","",""
"
DS_04b callback sent with the Version header must be rejected with 400.
The RTP state must be unchanged.

Flow:
1. Activate payer and send an RTP → resource_id
2. Capture current RTP status
3. Build a valid DS_04b payload referencing the RTP
4. POST to callback endpoint WITH Version header
5. Verify 400 is returned with the expected error body
6. Verify RTP status is unchanged
","3859","DS_04b callback with Version header returns 400","functional-tests.tests.callbacks","2026-08-27","passed","2026-08-27","","test_RTP_callback_with_version_header","",""
"
Tests the retrieval of an access token from the POSTE authentication endpoint using client credentials and mutual TLS.

:param debtor_sp_mock_cert_key: Certificate and key tuple for mutual TLS authentication.
:type debtor_sp_mock_cert_key: Tuple[str, str]
","349","Auth endpoint returns valid token","functional-tests.tests.availability","2026-08-27","passed","2026-08-27","","test_availability_POSTE","",""
"","2510","An RTP callback is successfully received","functional-tests.tests.callbacks","2026-08-27","passed","2026-08-27","","test_RTP_callback_DS_04","",""
"","607","Get payees consents with negative page size returns 400","functional-tests.tests.service_registry","2026-08-27","passed","2026-08-27","","test_get_payees_consents","",""
"Test sending an UPDATE operation message with different statuses via GPD message API after a CREATE","2067","An UPDATE message with status VALID after CREATE","functional-tests.tests.process_messages_sender","2026-08-27","passed","2026-08-27","","test_RTP_process_sender_UPDATE","",""
"
Tests that sending an RTP payload with an amount over the POSTE limit results in a 400 Bad Request response.

:param debtor_sp_mock_cert_key: Certificate and key tuple for mutual TLS authentication.
:type debtor_sp_mock_cert_key: Tuple[str, str]
","1444","Cannot send RTP with an amount over the POSTE limit","functional-tests.tests.availability","2026-08-27","failed","2026-08-27","","test_availability_POSTE","",""
"","604","Get payees consents with invalid authorization returns 401","functional-tests.tests.service_registry","2026-08-27","passed","2026-08-27","","test_get_payees_consents","",""
"","608","Retrieving activation with malformed payer id returns 400","functional-tests.tests.activation","2026-08-27","passed","2026-08-27","","test_debtor_activation_get","",""
"","683","Sending to non-activated debtor returns 422","functional-tests.tests.send_rtp","2026-08-27","passed","2026-08-27","","test_RTP_send_MOCK","",""
"","3753","DS_08N negative v2 callback with Version header returns 400","functional-tests.tests.callbacks_v2","2026-08-27","passed","2026-08-27","","test_RTP_callback_with_version_header","",""
"
Test RFC callback DS12P with CNCL status, cancel triggered via REST Web API with explicit reason.

Flow:
1. Activate payer
2. Send an RTP via GPD message (CREATE VALID)
3. Cancel the RTP via REST cancel endpoint with cancel_reason → RTP to RFC_SENT
4. Send DS12P callback with CxlStsId CNCL (Cancelled As Per Request)
5. Verify callback is accepted (200)
6. Verify RTP status is CANCELLED
","3990","An RFC callback DS12P CNCL is successfully received and RTP status is CANCEL - through Web API cancel","functional-tests.tests.callbacks","2026-08-27","passed","2026-08-27","","test_RTP_callback_DS_12P","",""
"Test sending a DELETE operation message via GPD message API after a CREATE","1865","A DELETE message after CREATE DRAFT","functional-tests.tests.process_messages_sender","2026-08-27","passed","2026-08-27","","test_RTP_process_sender_DELETE","",""
"","619","The activation request must contain a Service Provider ID of valid length","functional-tests.tests.activation","2026-08-27","passed","2026-08-27","","test_debtor_activation_create","",""
"Each entry in ``INVALID_PAYER_IDS`` must be rejected with 400.

The ``description`` parameter appears in pytest output to identify which
case failed without having to inspect the raw value.
","622","Querying activation status with an invalid payerId format returns 400","functional-tests.tests.activation","2026-08-27","passed","2026-08-27","","test_debtor_activation_payer_status","",""
"Test sending a DELETE operation message via GPD message API after a CREATE","2007","A DELETE message after CREATE PARTIALLY_PAID","functional-tests.tests.process_messages_sender","2026-08-27","passed","2026-08-27","","test_RTP_process_sender_DELETE","",""
"
Verify that a debt position can be created and published successfully.
","1137","Happy path: a debt position is created and published in DEV environment","functional-tests.tests.gpd_availability","2026-08-27","passed","2026-08-27","","test_availability_GPD","",""
"","1957","Sending an RTP when EPC returns a malformed/invalid response body returns 500 - through Web API V2","functional-tests.tests.send_rtp","2026-08-27","passed","2026-08-27","","test_RTP_send_MOCK","",""
"","1269","Deactivation fails for non-existing activation","functional-tests.tests.activation","2026-08-27","passed","2026-08-27","","test_debtor_deactivation","",""
"
Test v2 RFC callback DS12N with INVALID status.

Flow:
1. Activate payer
2. Send an RTP via GPD message v2 (CREATE VALID)
3. Cancel the RTP via GPD message v2 (DELETE) -> RTP to RFC_SENT
4. Send DS12N callback with CxlStsId INVALID
5. Verify callback is rejected with 400
6. Verify RTP status is still RFC_SENT
","3376","A v2 RFC callback DS12N INVALID is rejected with 400","functional-tests.tests.callbacks_v2","2026-08-27","passed","2026-08-27","","test_RTP_callback_DS_12N_negative","",""
"","59","The RTP web page is reachable","functional-tests.tests.availability","2026-08-27","passed","2026-08-27","","test_availability_RTP_webform","",""
"Each entry in ``INVALID_PAYER_IDS`` must be rejected with 400.

The ``description`` parameter appears in pytest output to identify which
case failed without having to inspect the raw value.
","606","Querying activation status with an invalid payerId format returns 400","functional-tests.tests.activation","2026-08-27","passed","2026-08-27","","test_debtor_activation_payer_status","",""
"
Test RFC callback DS12N with non-existing service provider, cancel via REST Web API.

Flow:
1. Activate payer
2. Send an RTP via GPD message (CREATE VALID)
3. Cancel the RTP via REST cancel endpoint with cancel_reason → RTP to RFC_SENT
4. Send DS12N callback with non-existing BIC (MOCKSP99)
5. Verify callback is rejected with 400 (service provider not found)
","2614","Failed RFC callback for non existing Service Provider - DS-12N RJCR compliant - through Web API cancel","functional-tests.tests.callbacks","2026-08-27","passed","2026-08-27","","test_RTP_callback_DS_12N","",""
"Each entry in ``INVALID_PAYER_IDS`` (see dataset docstring) must be rejected with 400.","618","The activation request must contain a validly formatted fiscal code","functional-tests.tests.activation","2026-08-27","failed","2026-08-27","","test_debtor_activation_create","",""
"","2074","RTP is successfully cancelled with reason PAID - V2","functional-tests.tests.cancel_rtp","2026-08-27","passed","2026-08-27","","test_RTP_cancel","",""
"","1232","A debtor with VAT number is activated and retrieved by activation id","functional-tests.tests.activation","2026-08-27","passed","2026-08-27","","test_debtor_activation_get","",""
"","1254","A debtor with omocodia fiscal code is activated and retrieved by activation id","functional-tests.tests.activation","2026-08-27","passed","2026-08-27","","test_debtor_activation_get","",""
"Test sending an UPDATE operation message with different statuses via GPD message API after a CREATE","1947","An UPDATE message with status PUBLISHED after CREATE","functional-tests.tests.process_messages_sender","2026-08-27","passed","2026-08-27","","test_RTP_process_sender_UPDATE","",""
"","627","Failed callback for non existing Service Provider - DS-04b compliant","functional-tests.tests.callbacks","2026-08-27","passed","2026-08-27","","test_RTP_callback_DS_04","",""
"
Payer activated under SP A.
- SP B (read_rtp_activations): isActive must be false - privacy rule hides cross-SP activation.
- Admin (read_rtp_all): isActive must be true - role grants visibility across all SPs.
Same payer, same endpoint, different roles → different results.
","1877","read_rtp_all role returns isActive true while read_rtp_activations returns false for the same cross-SP payer","functional-tests.tests.activation","2026-08-27","passed","2026-08-27","","test_debtor_activation_payer_status","",""
"","4940","DS_12N negative RFC v2 callback with Version header returns 400","functional-tests.tests.callbacks_v2","2026-08-27","passed","2026-08-27","","test_RTP_callback_with_version_header","",""
"Each entry in ``INVALID_PAYER_IDS`` must be rejected with 400.

The ``description`` parameter appears in pytest output to identify which
case failed without having to inspect the raw value.
","640","Querying activation status with an invalid payerId format returns 400","functional-tests.tests.activation","2026-08-27","passed","2026-08-27","","test_debtor_activation_payer_status","",""
"","3250","An RTP callback with status ACWC is successfully received","functional-tests.tests.callbacks","2026-08-27","passed","2026-08-27","","test_RTP_callback_DS_08","",""
"Test sending an UPDATE after CREATE VALID + DELETE with different statuses","3298","An UPDATE message with status PAID after CREATE VALID and DELETE","functional-tests.tests.process_messages_sender","2026-08-27","passed","2026-08-27","","test_RTP_process_sender_UPDATE","",""
"","1289","A debtor with omocodia fiscal code is activated successfully","functional-tests.tests.activation","2026-08-27","passed","2026-08-27","","test_debtor_activation_create","",""
"","2071","Cannot send RTP with expired date","functional-tests.tests.availability","2026-08-27","passed","2026-08-27","","test_availability_CBI","",""
"Test sending a CREATE operation message via GPD message API","2330","A CREATE message is successfully sent through GPD message API","functional-tests.tests.process_messages_sender","2026-08-27","passed","2026-08-27","","test_RTP_process_sender","",""
"","1942","An RTP sent when EPC response contains an unknown field is ignored and remains in status SENT","functional-tests.tests.send_rtp","2026-08-27","passed","2026-08-27","","test_RTP_send_MOCK","",""
"","1441","Deactivation returns 404 when the token subject does not own the activation's Service Provider ID","functional-tests.tests.activation","2026-08-27","passed","2026-08-27","","test_debtor_deactivation","",""
"
Test RFC callback DS12N with INVALID status, cancel via REST Web API.

Flow:
1. Activate payer
2. Send an RTP via GPD message (CREATE VALID)
3. Cancel the RTP via REST cancel endpoint with cancel_reason → RTP to RFC_SENT
4. Send DS12N callback with CxlStsId INVALID
5. Verify callback is rejected with 400
6. Verify RTP status is still RFC_SENT
","3208","An RFC callback DS12N INVALID is rejected with 400 - through Web API cancel","functional-tests.tests.callbacks","2026-08-27","passed","2026-08-27","","test_RTP_callback_DS_12N","",""
"
Test RFC callback DS12N with RJCR status.

Flow:
1. Activate payer
2. Send an RTP via GPD message (CREATE VALID)
3. Cancel the RTP via GPD message (DELETE) → RTP to RFC_SENT
4. Send DS12N callback with CxlStsId RJCR (Rejected Cancellation Request)
5. Verify callback is accepted (200)
6. Verify RTP status is ERROR_CANCEL
","3858","An RFC callback DS12N RJCR is successfully received and RTP status is ERROR_CANCEL","functional-tests.tests.callbacks","2026-08-27","passed","2026-08-27","","test_RTP_callback_DS_12N","",""
"","1235","Sending a GPD message with null id returns 400","functional-tests.tests.send_rtp","2026-08-27","passed","2026-08-27","","test_RTP_send_MOCK","",""
"No `Sts.Conf` confirmation is present (empty JSON object), so only CANCEL_RTP is triggered and the RTP stays in RFC_SENT.","2908","Cancelling an RTP - EPC v4 mock happy path scenario: empty_json_object","functional-tests.tests.cancel_rtp","2026-08-27","passed","2026-08-27","","test_RTP_cancel_MOCK_V2","",""
"
Verify that a debt position can be updated successfully.
","6864","Happy path: a debt position is updated in UAT environment","functional-tests.tests.gpd_availability","2026-08-27","passed","2026-08-27","","test_availability_GPD","",""
"","3400","Failed callback for non existing Service Provider - DS-08P positive compliant","functional-tests.tests.callbacks_v2","2026-08-27","passed","2026-08-27","","test_RTP_callback_DS_08P_positive","",""
"DS_08P ACCP callback sent directly on a SENT RTP (no prior DS_05 ACTC callback).

The RTP is expected to transition straight from SENT to USER_ACCEPTED.
","3778","A v2 RTP callback with status ACCP is successfully received without a prior DS_05 callback","functional-tests.tests.callbacks_v2","2026-08-27","passed","2026-08-27","","test_RTP_callback_DS_08P_positive","",""
"
Test v2 RFC callback DS12N with RJCR status applied twice on the same RTP.

Flow:
1. Activate payer
2. Send an RTP via GPD message v2 (CREATE VALID)
3. Cancel the RTP via GPD message v2 (DELETE) -> RTP to RFC_SENT
4. Send DS12N callback with CxlStsId RJCR (Rejected Cancellation Request) -> RTP to CANCELLED_REJECTED
5. Send the same DS12N RJCR callback again on the already transitioned RTP
6. Verify the second callback is rejected (400) since the transition is no longer valid
7. Verify RTP status remains CANCELLED_REJECTED
","5161","Failed v2 RFC callback for invalid RTP transition - DS-12N negative compliant","functional-tests.tests.callbacks_v2","2026-08-27","passed","2026-08-27","","test_RTP_callback_DS_12N_negative","",""
"","4164","Failed callback for invalid RTP transition - DS-05 ACTC compliant","functional-tests.tests.callbacks","2026-08-27","passed","2026-08-27","","test_RTP_callback_DS_05","",""
"","3201","Failed callback for non compliant DS-04b payload","functional-tests.tests.callbacks","2026-08-27","passed","2026-08-27","","test_RTP_callback_DS_04","",""
"","1675","A debtor is activated by an authenticated service provider","functional-tests.tests.activation","2026-08-27","passed","2026-08-27","","test_debtor_activation_create","",""
"","584","Get payees with invalid authorization","functional-tests.tests.service_registry","2026-08-27","passed","2026-08-27","","test_service_registry_payees_registry","",""
"","1119","An RTP is sent to ICCREA service with activated fiscal code","functional-tests.tests.send_rtp","2026-08-27","passed","2026-08-27","","test_RTP_send_ICCREA","",""
"","3335","An RTP callback is received with invalid status","functional-tests.tests.callbacks","2026-08-27","passed","2026-08-27","","test_RTP_callback_DS_08","",""
"","1271","SP_ACTIVATIONS_READ_ALL can retrieve activation by Fiscal Code created by SP_A","functional-tests.tests.activation","2026-08-27","passed","2026-08-27","","test_RTP_activation_security","",""
"The PSP synchronously rejects the cancellation request with 422 (per standard behaviour for the EPC 406 Not Acceptable scenario). The RTP then transitions to ERROR_CANCEL via ERROR_CANCEL_RTP.","3291","Cancelling an RTP - EPC v4 mock unhappy path scenario: epc_406","functional-tests.tests.cancel_rtp","2026-08-27","passed","2026-08-27","","test_RTP_cancel_MOCK_V2","",""
"DS_08N RJCT callback sent after a prior DS_05 ACTC callback.

The RTP is expected to transition from SENT to ACCEPTED, then to USER_REJECTED.
","5024","A v2 RTP callback with status RJCT after DS_05 transitions the RTP to USER_REJECTED","functional-tests.tests.callbacks_v2","2026-08-27","passed","2026-08-27","","test_RTP_callback_DS_08N_negative","",""
"Each entry in ``INVALID_PAYER_IDS`` must be rejected with 400.

The ``description`` parameter appears in pytest output to identify which
case failed without having to inspect the raw value.
","604","Querying activation status with an invalid payerId format returns 400","functional-tests.tests.activation","2026-08-27","passed","2026-08-27","","test_debtor_activation_payer_status","",""
"
Test RFC callback DS12P with INVALID status.

Flow:
1. Activate payer
2. Send an RTP via GPD message (CREATE VALID)
3. Cancel the RTP via GPD message (DELETE) → RTP to RFC_SENT
4. Send DS12P callback with CxlStsId INVALID
5. Verify callback is rejected with 400
6. Verify RTP status is still RFC_SENT
","3225","An RFC callback DS12P INVALID is rejected with 400","functional-tests.tests.callbacks","2026-08-27","passed","2026-08-27","","test_RTP_callback_DS_12P","",""
"The PSP synchronously rejects the cancellation request with 422 (per standard behaviour for the EPC 401 Unauthorized scenario). The RTP then transitions to ERROR_CANCEL via ERROR_CANCEL_RTP.","4320","Cancelling an RTP - EPC v4 mock unhappy path scenario: epc_401","functional-tests.tests.cancel_rtp","2026-08-27","passed","2026-08-27","","test_RTP_cancel_MOCK_V2","",""
"Each entry in ``INVALID_PAYER_IDS`` must be rejected with 400.

The ``description`` parameter appears in pytest output to identify which
case failed without having to inspect the raw value.
","610","Querying activation status with an invalid payerId format returns 400","functional-tests.tests.activation","2026-08-27","passed","2026-08-27","","test_debtor_activation_payer_status","",""
"","3224","DS_05 redirect v2 callback with Version header returns 400","functional-tests.tests.callbacks_v2","2026-08-27","passed","2026-08-27","","test_RTP_callback_with_version_header","",""
"UPDATE PAID with psp_tax_code=None (invalid PSP) results in RTP state RFC_SENT","1978","An UPDATE PAID message with an invalid PSP results in RFC_SENT state","functional-tests.tests.process_messages_sender","2026-08-27","passed","2026-08-27","","test_RTP_process_sender_UPDATE","",""
"Each entry in ``INVALID_PAYER_IDS`` (see dataset docstring) must be rejected with 400.","603","The activation request must contain a validly formatted fiscal code","functional-tests.tests.activation","2026-08-27","passed","2026-08-27","","test_debtor_activation_create","",""
"","1242","A debtor cannot be activated more than once by the same service provider","functional-tests.tests.activation","2026-08-27","passed","2026-08-27","","test_debtor_activation_create","",""
"","2026","An RTP sent when EPC response contains an unknown field is ignored and remains in status SENT - through Web API V2","functional-tests.tests.send_rtp","2026-08-27","passed","2026-08-27","","test_RTP_send_MOCK","",""
"","617","Get payees consents with wrong token type returns 403","functional-tests.tests.service_registry","2026-08-27","passed","2026-08-27","","test_get_payees_consents","",""
"
Verify that a debt position can be created and published successfully.
","616","Happy path: a debt position is created and published in UAT environment","functional-tests.tests.gpd_availability","2026-08-27","passed","2026-08-27","","test_availability_GPD","",""
"","1401","An RTP is sent through API - through Web API V2","functional-tests.tests.send_rtp","2026-08-27","passed","2026-08-27","","test_RTP_send_MOCK","",""
"","4810","DS_12P positive RFC v2 callback with Version header returns 400","functional-tests.tests.callbacks_v2","2026-08-27","passed","2026-08-27","","test_RTP_callback_with_version_header","",""
"
Test v2 RFC callback DS12P with non-existing service provider.

Flow:
1. Activate payer
2. Send an RTP via GPD message v2 (CREATE VALID)
3. Cancel the RTP via GPD message v2 (DELETE) -> RTP to RFC_SENT
4. Send DS12P callback with non-existing BIC (MOCKSP99)
5. Verify callback is rejected with 400 (service provider not found)
6. Verify RTP status is still RFC_SENT
","4099","Failed v2 RFC callback for non existing Service Provider - DS-12P positive compliant","functional-tests.tests.callbacks_v2","2026-08-27","passed","2026-08-27","","test_RTP_callback_DS_12P_positive","",""
"","2646","An RTP sent with synchronous rejection and missing _links results in status REJECTED - through Web API","functional-tests.tests.send_rtp","2026-08-27","passed","2026-08-27","","test_RTP_send_MOCK","",""
"Test sending a DELETE operation message via GPD message API after a CREATE","2055","A DELETE message after CREATE INVALID","functional-tests.tests.process_messages_sender","2026-08-27","passed","2026-08-27","","test_RTP_process_sender_DELETE","",""
"","2547","An RTP callback is received with invalid status","functional-tests.tests.callbacks","2026-08-27","passed","2026-08-27","","test_RTP_callback_DS_08","",""
"Each entry in ``INVALID_PAYER_IDS`` (see dataset docstring) must be rejected with 400.","608","The activation request must contain a validly formatted fiscal code","functional-tests.tests.activation","2026-08-27","passed","2026-08-27","","test_debtor_activation_create","",""
"Test sending an UPDATE operation message with different statuses via GPD message API after a CREATE","2528","An UPDATE message with status PAID after CREATE","functional-tests.tests.process_messages_sender","2026-08-27","passed","2026-08-27","","test_RTP_process_sender_UPDATE","",""
"Takeover without a previously issued OTP should fail","1256","Test Takeover Fails without Prior OTP","functional-tests.tests.takeover","2026-08-27","passed","2026-08-27","","test_debtor_takeover","",""
"
Tests that sending an RTP payload with an expired date to the POSTE endpoint results in a 400 Bad Request response.

:param debtor_sp_mock_cert_key: Certificate and key tuple for mutual TLS authentication.
:type debtor_sp_mock_cert_key: Tuple[str, str]
","1333","Cannot send RTP with expired date","functional-tests.tests.availability","2026-08-27","failed","2026-08-27","","test_availability_POSTE","",""
"An EPC response containing fields not declared in the OpenAPI spec is treated as an invalid message and is NOT tolerated for accept/reject purposes (confirmed with rtp-sender-v2 maintainers, PR #26). The extra `invalid-field` property invalidates the whole response, so the CNCL confirmation is not processed and the RTP stays in RFC_SENT.","2772","Cancelling an RTP - EPC v4 mock unhappy path scenario: cncl_extra_field","functional-tests.tests.cancel_rtp","2026-08-27","passed","2026-08-27","","test_RTP_cancel_MOCK_V2","",""
"","635","missing token → 401 Unauthorized","functional-tests.tests.get_rtp","2026-08-27","passed","2026-08-27","","test_RTP_get","",""
"Test sending a DELETE operation message via GPD message API after a standalone UPDATE (no prior CREATE)","1876","A DELETE message after standalone UPDATE EXPIRED","functional-tests.tests.process_messages_sender","2026-08-27","passed","2026-08-27","","test_RTP_process_sender_DELETE","",""
"
Test RFC callback DS12N with non-existing service provider, cancel via REST Web API.

Flow:
1. Activate payer
2. Send an RTP via GPD message (CREATE VALID)
3. Cancel the RTP via REST cancel endpoint with cancel_reason → RTP to RFC_SENT
4. Send DS12N callback with non-existing BIC (MOCKSP99)
5. Verify callback is rejected with 400 (service provider not found)
","2761","Failed RFC callback for non existing Service Provider - DS-12N RJCR compliant - through Web API cancel","functional-tests.tests.callbacks","2026-08-27","passed","2026-08-27","","test_RTP_callback_DS_12N","",""
"Test sending a CREATE operation message with an Italian VAT number via GPD message API","2264","A CREATE message with VAT number (Partita IVA) is successfully sent through GPD message API","functional-tests.tests.process_messages_sender","2026-08-27","passed","2026-08-27","","test_RTP_process_sender","",""
"","1248","A debtor is activated and retrieved by activation id","functional-tests.tests.activation","2026-08-27","passed","2026-08-27","","test_debtor_activation_get","",""
"Test sending a DELETE operation message via GPD message API after a CREATE VALID + UPDATE","2612","A DELETE message after CREATE VALID + UPDATE PUBLISHED","functional-tests.tests.process_messages_sender","2026-08-27","passed","2026-08-27","","test_RTP_process_sender_DELETE","",""
"Test sending an UPDATE operation message with different statuses via GPD message API after a CREATE","3155","An UPDATE message with status PARTIALLY_PAID after CREATE","functional-tests.tests.process_messages_sender","2026-08-27","passed","2026-08-27","","test_RTP_process_sender_UPDATE","",""
"Each entry in ``INVALID_PAYER_IDS`` (see dataset docstring) must be rejected with 400.","606","The activation request must contain a validly formatted fiscal code","functional-tests.tests.activation","2026-08-27","passed","2026-08-27","","test_debtor_activation_create","",""
"An EPC response containing fields not declared in the OpenAPI spec is treated as an invalid message and is NOT tolerated for accept/reject purposes (confirmed with rtp-sender-v2 maintainers, PR #26). The extra `invalid-field` property invalidates the whole response, so the RJCR confirmation is not processed and the RTP stays in RFC_SENT.","2870","Cancelling an RTP - EPC v4 mock unhappy path scenario: rjcr_extra_field","functional-tests.tests.cancel_rtp","2026-08-27","passed","2026-08-27","","test_RTP_cancel_MOCK_V2","",""
"
DS_08N callback sent with the Version header must be rejected with 400.
The RTP must remain in SENT (transition to REJECTED must not happen).

Flow:
1. Activate payer and send an RTP → resource_id
2. Build a valid DS_08N payload referencing the RTP
3. POST to callback endpoint WITH Version header
4. Verify 400 is returned with the expected error body
5. Verify RTP status is still SENT
","2557","DS_08N callback with Version header returns 400","functional-tests.tests.callbacks","2026-08-27","passed","2026-08-27","","test_RTP_callback_with_version_header","",""
"","1258","Find by payer id returns 404 when the token subject does not own the activation's Service Provider ID","functional-tests.tests.activation","2026-08-27","passed","2026-08-27","","test_debtor_activation_get","",""
"The PSP synchronously rejects the cancellation request with 422 (per standard behaviour for the EPC 429 Too Many Requests scenario). The RTP then transitions to ERROR_CANCEL via ERROR_CANCEL_RTP.","11182","Cancelling an RTP - EPC v4 mock unhappy path scenario: epc_429","functional-tests.tests.cancel_rtp","2026-08-27","passed","2026-08-27","","test_RTP_cancel_MOCK_V2","",""
"Test sending a CREATE operation message with an omocodia fiscal code via GPD message API","1334","A CREATE message with omocodia fiscal code is successfully sent through GPD message API","functional-tests.tests.process_messages_sender","2026-08-27","passed","2026-08-27","","test_RTP_process_sender","",""
"","2468","An RTP sent when EPC response omits _links is in status ACCEPTED - through Web API","functional-tests.tests.send_rtp","2026-08-27","passed","2026-08-27","","test_RTP_send_MOCK","",""
"Test that takeover fails when the service provider is unauthenticated","1851","Test Takeover Fails with Unauthenticated SP","functional-tests.tests.takeover","2026-08-27","passed","2026-08-27","","test_debtor_takeover","",""
"","1411","SP_ACTIVATIONS_READ_ALL can retrieve activation by Activation ID created by SP_A","functional-tests.tests.activation","2026-08-27","passed","2026-08-27","","test_RTP_activation_security","",""
"OTP bound to payer1 should not work for payer2","2372","Test Takeover Fails with OTP Bound to Different Payer","functional-tests.tests.takeover","2026-08-27","passed","2026-08-27","","test_debtor_takeover","",""
"MOCKSP04 owns MOCKSP01 as well as its own spId; activation must be allowed on either.","1240","A debtor is activated using a Service Provider ID the token subject owns but does not itself represent","functional-tests.tests.activation","2026-08-27","passed","2026-08-27","","test_debtor_activation_create","",""
"","618","Retrieving activation with invalid UUID returns 400","functional-tests.tests.activation","2026-08-27","passed","2026-08-27","","test_debtor_activation_get","",""
"","642","All auth fixtures expose a valid Bearer token format","functional-tests.tests.auth","2026-08-27","passed","2026-08-27","","test_auth","",""
"
Test RFC callback DS12P with non-existing service provider.

Flow:
1. Activate payer
2. Send an RTP via GPD message (CREATE VALID)
3. Cancel the RTP via GPD message (DELETE) → RTP to RFC_SENT
4. Send DS12P callback with non-existing BIC (MOCKSP99)
5. Verify callback is rejected with 400 (service provider not found)
","2611","Failed RFC callback for non existing Service Provider - DS-12P CNCL compliant","functional-tests.tests.callbacks","2026-08-27","passed","2026-08-27","","test_RTP_callback_DS_12P","",""
"Test sending an UPDATE operation message with different statuses via GPD message API before a CREATE","1242","An UPDATE message with status PAID before CREATE","functional-tests.tests.process_messages_sender","2026-08-27","passed","2026-08-27","","test_RTP_process_sender_UPDATE_before_CREATE","",""
"","2505","An RTP sent with synchronous rejection is in status REJECTED - DS-08P N - through Web API","functional-tests.tests.send_rtp","2026-08-27","passed","2026-08-27","","test_RTP_send_MOCK","",""
"Each entry in ``INVALID_PAYER_IDS`` must be rejected with 400.

The ``description`` parameter appears in pytest output to identify which
case failed without having to inspect the raw value.
","630","Querying activation status with an invalid payerId format returns 400","functional-tests.tests.activation","2026-08-27","failed","2026-08-27","","test_debtor_activation_payer_status","",""
"","629","Get payees consents with invalid consent value returns 400","functional-tests.tests.service_registry","2026-08-27","passed","2026-08-27","","test_get_payees_consents","",""
"Test sending a DELETE operation message via GPD message API after a CREATE","2188","A DELETE message after CREATE VALID","functional-tests.tests.process_messages_sender","2026-08-27","passed","2026-08-27","","test_RTP_process_sender_DELETE","",""
"The ownership check fails the same way whether the target spId belongs to someone else
or doesn't exist in the registry at all - NOEXIT00 is not a real Service Provider ID.","614","Activation is forbidden with the same error code for a Service Provider ID absent from the registry","functional-tests.tests.activation","2026-08-27","passed","2026-08-27","","test_debtor_activation_create","",""
"","593","Unauthorized request returns 401","functional-tests.tests.activation","2026-08-27","passed","2026-08-27","","test_debtor_activation_list","",""
"","618","RTP cancellation fails if resource ID does not exist - V2","functional-tests.tests.cancel_rtp","2026-08-27","passed","2026-08-27","","test_RTP_cancel","",""
"","2640","Unauthorized callback due to wrong certificate serial","functional-tests.tests.callbacks_v2","2026-08-27","passed","2026-08-27","","test_RTP_callback_DS_08N_negative","",""
"
Test RFC callback DS12N with wrong certificate identity, cancel via REST Web API.

Flow:
1. Activate payer
2. Send an RTP via GPD message (CREATE VALID)
3. Cancel the RTP via REST cancel endpoint with cancel_reason → RTP to RFC_SENT
4. Send DS12N callback with assignee_bic='FAKESP01' (doesn't match certificate identity MOCKSP04)
5. Verify callback is rejected with 403 (certificate mismatch)
","2582","Unauthorized RFC callback due to wrong certificate serial - through Web API cancel","functional-tests.tests.callbacks","2026-08-27","passed","2026-08-27","","test_RTP_callback_DS_12N","",""
"Each entry in ``INVALID_PAYER_IDS`` (see dataset docstring) must be rejected with 400.","603","The activation request must contain a validly formatted fiscal code","functional-tests.tests.activation","2026-08-27","passed","2026-08-27","","test_debtor_activation_create","",""
"","1174","An RTP is sent to Poste service with activated fiscal code - through Web API V2","functional-tests.tests.send_rtp","2026-08-27","failed","2026-08-27","","test_RTP_send_POSTE","",""
"
Test RFC callback DS12N with INVALID status.

Flow:
1. Activate payer
2. Send an RTP via GPD message (CREATE VALID)
3. Cancel the RTP via GPD message (DELETE) → RTP to RFC_SENT
4. Send DS12N callback with CxlStsId INVALID
5. Verify callback is rejected with 400
6. Verify RTP status is still RFC_SENT
","3222","An RFC callback DS12N INVALID is rejected with 400","functional-tests.tests.callbacks","2026-08-27","passed","2026-08-27","","test_RTP_callback_DS_12N","",""
"","783","All auth fixtures expose a valid Bearer token format","functional-tests.tests.auth","2026-08-27","passed","2026-08-27","","test_auth","",""
"UPDATE VALID with an ec_tax_code that does not exist in GPD returns 422 Payee not found","1258","An UPDATE VALID message with a non-existent ec_tax_code is rejected","functional-tests.tests.process_messages_sender","2026-08-27","passed","2026-08-27","","test_RTP_process_sender_UPDATE","",""
"Test sending an UPDATE after CREATE VALID + DELETE with different statuses","2607","An UPDATE message with status VALID after CREATE VALID and DELETE","functional-tests.tests.process_messages_sender","2026-08-27","passed","2026-08-27","","test_RTP_process_sender_UPDATE","",""
"Each entry in ``INVALID_PAYER_IDS`` must be rejected with 400.

The ``description`` parameter appears in pytest output to identify which
case failed without having to inspect the raw value.
","627","Querying activation status with an invalid payerId format returns 400","functional-tests.tests.activation","2026-08-27","passed","2026-08-27","","test_debtor_activation_payer_status","",""
"","2870","An RTP sent with synchronous rejection is in status REJECTED - DS-08P N","functional-tests.tests.send_rtp","2026-08-27","passed","2026-08-27","","test_RTP_send_MOCK","",""
"
Test v2 RFC callback DS12P with wrong certificate identity.

Flow:
1. Activate payer
2. Send an RTP via GPD message v2 (CREATE VALID)
3. Cancel the RTP via GPD message v2 (DELETE) -> RTP to RFC_SENT
4. Send DS12P callback with assignee_bic='FAKESP01' (doesn't match certificate identity)
5. Verify callback is rejected with 403 (certificate mismatch)
6. Verify RTP status is still RFC_SENT
","3374","Unauthorized v2 RFC callback due to wrong certificate serial","functional-tests.tests.callbacks_v2","2026-08-27","passed","2026-08-27","","test_RTP_callback_DS_12P_positive","",""
"","2424","An RTP is sent to a CBI service with activated fiscal code - through Web API","functional-tests.tests.send_rtp","2026-08-27","passed","2026-08-27","","test_RTP_send_CBI","",""
"
SP A activates the payer.
SP B queries the status → must get isActive=false to avoid disclosing
that the payer is registered under a competitor SP.
","1260","A payer active on a different Service Provider returns isActive false (privacy)","functional-tests.tests.activation","2026-08-27","passed","2026-08-27","","test_debtor_activation_payer_status","",""
"","3506","Failed callback for non existing Service Provider - DS-08N negative compliant","functional-tests.tests.callbacks_v2","2026-08-27","passed","2026-08-27","","test_RTP_callback_DS_08N_negative","",""
"Authenticated but not authorized: token of SP A tries to use OTP issued for SP B","2533","Test Takeover Fails with Wrong SP Token","functional-tests.tests.takeover","2026-08-27","passed","2026-08-27","","test_debtor_takeover","",""
"Each entry in ``INVALID_PAYER_IDS`` (see dataset docstring) must be rejected with 400.","623","The activation request must contain a validly formatted fiscal code","functional-tests.tests.activation","2026-08-27","passed","2026-08-27","","test_debtor_activation_create","",""
"Each entry in ``INVALID_PAYER_IDS`` (see dataset docstring) must be rejected with 400.","601","The activation request must contain a validly formatted fiscal code","functional-tests.tests.activation","2026-08-27","passed","2026-08-27","","test_debtor_activation_create","",""
"","2082","RTP is successfully cancelled with reason PAID","functional-tests.tests.cancel_rtp","2026-08-27","passed","2026-08-27","","test_RTP_cancel","",""
"Each entry in ``INVALID_PAYER_IDS`` must be rejected with 400.

The ``description`` parameter appears in pytest output to identify which
case failed without having to inspect the raw value.
","621","Querying activation status with an invalid payerId format returns 400","functional-tests.tests.activation","2026-08-27","passed","2026-08-27","","test_debtor_activation_payer_status","",""
"","3353","DS_document RJCT v2 callback with Version header returns 400","functional-tests.tests.callbacks_v2","2026-08-27","passed","2026-08-27","","test_RTP_callback_with_version_header","",""
"MOCKSP04 owns MOCKSP01 and triggers the OTP; FAKESP01, which owns neither, must be rejected
with an explicit ownership error, not merely a generic 403.","1885","Test Takeover Fails when Redeemer Does Not Own the OTP's Service Provider ID","functional-tests.tests.takeover","2026-08-27","passed","2026-08-27","","test_debtor_takeover","",""
"","611","Get payees consents with negative page number returns 400","functional-tests.tests.service_registry","2026-08-27","passed","2026-08-27","","test_get_payees_consents","",""
"Each entry in ``INVALID_PAYER_IDS`` (see dataset docstring) must be rejected with 400.","617","The activation request must contain a validly formatted fiscal code","functional-tests.tests.activation","2026-08-27","passed","2026-08-27","","test_debtor_activation_create","",""
"","3010","An RTP sent with synchronous rejection containing extra fields results in status REJECTED - through Web API","functional-tests.tests.send_rtp","2026-08-27","passed","2026-08-27","","test_RTP_send_MOCK","",""
"","2126","RTP cancellation fails with an invalid reason","functional-tests.tests.cancel_rtp","2026-08-27","passed","2026-08-27","","test_RTP_cancel","",""
"","613","Find by payer id request must contain lower case fiscal code","functional-tests.tests.activation","2026-08-27","passed","2026-08-27","","test_debtor_activation_create","",""
"Active payer with a foreign-country fiscal code (Z + 3 digits municipality) → isActive must be true.","1241","An active payer with foreign fiscal code returns isActive true","functional-tests.tests.activation","2026-08-27","passed","2026-08-27","","test_debtor_activation_payer_status","",""
"Test sending a DELETE operation message via GPD message API after a CREATE VALID + UPDATE","2646","A DELETE message after CREATE VALID + UPDATE DRAFT","functional-tests.tests.process_messages_sender","2026-08-27","passed","2026-08-27","","test_RTP_process_sender_DELETE","",""
"DS_08P ACCP callback sent twice on the same RTP (direct SENT -> USER_ACCEPTED).

The second callback must be rejected with 400 since the transition is no
longer valid once the RTP is already USER_ACCEPTED.
","3881","Failed v2 callback for invalid RTP transition - DS-08P positive compliant","functional-tests.tests.callbacks_v2","2026-08-27","passed","2026-08-27","","test_RTP_callback_DS_08P_positive","",""
"Test sending a CREATE operation message with different statuses via GPD message API","1262","A CREATE message with status PARTIALLY_PAID","functional-tests.tests.process_messages_sender","2026-08-27","passed","2026-08-27","","test_RTP_process_sender_CREATE","",""
"Availability probe for takeover notification mock endpoint: expects 204 No Content","606","Test Takeover Notification Endpoint","functional-tests.tests.takeover","2026-08-27","passed","2026-08-27","","test_debtor_takeover","",""
"","0","A Service Provider is authenticated","functional-tests.tests.auth","2026-08-27","passed","2026-08-27","","test_auth","",""
"Each entry in ``INVALID_PAYER_IDS`` (see dataset docstring) must be rejected with 400.","783","The activation request must contain a validly formatted fiscal code","functional-tests.tests.activation","2026-08-27","passed","2026-08-27","","test_debtor_activation_create","",""
"
Test RFC callback DS12P with wrong certificate identity, cancel via REST Web API.

Flow:
1. Activate payer
2. Send an RTP via GPD message (CREATE VALID)
3. Cancel the RTP via REST cancel endpoint with cancel_reason → RTP to RFC_SENT
4. Send DS12P callback with assignee_bic='FAKESP01' (doesn't match certificate identity MOCKSP04)
5. Verify callback is rejected with 403 (certificate mismatch)
","3115","Unauthorized RFC callback due to wrong certificate serial - through Web API cancel","functional-tests.tests.callbacks","2026-08-27","passed","2026-08-27","","test_RTP_callback_DS_12P","",""
"","3887","An RTP callback is successfully received with status ACCP","functional-tests.tests.callbacks","2026-08-27","passed","2026-08-27","","test_RTP_callback_DS_08","",""
"","3269","An RTP callback with status REJECTED is successfully received","functional-tests.tests.callbacks","2026-08-27","passed","2026-08-27","","test_RTP_callback_DS_08","",""
"","3863","A v2 RTP callback with status ACCP is successfully received","functional-tests.tests.callbacks_v2","2026-08-27","passed","2026-08-27","","test_RTP_callback_DS_08P_positive","",""
"
DS_08P ACCP callback sent with the Version header must be rejected with 400.
The RTP must remain in ACCEPTED (transition to USER_ACCEPTED must not happen).

Flow:
1. Activate payer, send RTP, advance to ACCEPTED via DS_05 (without header)
2. Build a valid DS_08P ACCP payload
3. POST WITH Version header
4. Verify 400 is returned with the expected error body
5. Verify RTP status is still ACCEPTED
","3353","DS_08P ACCP callback with Version header returns 400","functional-tests.tests.callbacks","2026-08-27","passed","2026-08-27","","test_RTP_callback_with_version_header","",""
"
DS_12N RJCR RFC callback sent with the Version header must be rejected with 400.
The RTP must remain in RFC_SENT (transition to ERROR_CANCEL must not happen).

Flow:
1. Activate payer, send RTP, trigger cancel via GPD DELETE → RFC_SENT
2. Build a valid DS_12N RJCR payload
3. POST to RFC callback endpoint WITH Version header
4. Verify 400 is returned with the expected error body
5. Verify RTP status is still RFC_SENT
","3543","DS_12N RJCR RFC callback with Version header returns 400","functional-tests.tests.callbacks","2026-08-27","passed","2026-08-27","","test_RTP_callback_with_version_header","",""
"","685","Sending to non-activated debtor returns 422 - through Web API","functional-tests.tests.send_rtp","2026-08-27","passed","2026-08-27","","test_RTP_send_MOCK","",""
"","770","A Service Provider with invalid client secret is not authenticated on Keycloak","functional-tests.tests.auth","2026-08-27","passed","2026-08-27","","test_auth","",""
"","2794","An RTP is sent to ICCREA service with activated fiscal code - through Web API","functional-tests.tests.send_rtp","2026-08-27","failed","2026-08-27","","test_RTP_send_ICCREA","",""
"","612","Non-integer size returns 400","functional-tests.tests.activation","2026-08-27","passed","2026-08-27","","test_debtor_activation_list","",""
"","1241","A debtor with VAT number (Partita IVA) is activated successfully","functional-tests.tests.activation","2026-08-27","passed","2026-08-27","","test_debtor_activation_create","",""
"Each entry in ``INVALID_PAYER_IDS`` must be rejected with 400.

The ``description`` parameter appears in pytest output to identify which
case failed without having to inspect the raw value.
","603","Querying activation status with an invalid payerId format returns 400","functional-tests.tests.activation","2026-08-27","passed","2026-08-27","","test_debtor_activation_payer_status","",""
"Each entry in ``INVALID_PAYER_IDS`` (see dataset docstring) must be rejected with 400.","607","The activation request must contain a validly formatted fiscal code","functional-tests.tests.activation","2026-08-27","passed","2026-08-27","","test_debtor_activation_create","",""
"Each entry in ``INVALID_PAYER_IDS`` (see dataset docstring) must be rejected with 400.","634","The activation request must contain a validly formatted fiscal code","functional-tests.tests.activation","2026-08-27","passed","2026-08-27","","test_debtor_activation_create","",""
"","1975","RTP is successfully retrieved","functional-tests.tests.get_rtp","2026-08-27","passed","2026-08-27","","test_RTP_get","",""
"","618","All auth fixtures expose a valid Bearer token format","functional-tests.tests.auth","2026-08-27","passed","2026-08-27","","test_auth","",""
"","1726","An RTP is sent through ICCREA API","functional-tests.tests.availability","2026-08-27","passed","2026-08-27","","test_availability_ICCREA","",""
"","607","All auth fixtures expose a valid Bearer token format","functional-tests.tests.auth","2026-08-27","passed","2026-08-27","","test_auth","",""
"","1507","An RTP is sent to Poste service with activated fiscal code","functional-tests.tests.send_rtp","2026-08-27","passed","2026-08-27","","test_RTP_send_POSTE","",""
"Test sending an UPDATE operation message with different statuses via GPD message API after a CREATE","2005","An UPDATE message with status INVALID after CREATE","functional-tests.tests.process_messages_sender","2026-08-27","passed","2026-08-27","","test_RTP_process_sender_UPDATE","",""
"Missing or invalid Bearer token → the endpoint must return 401.","585","Querying activation status without a valid token returns 401","functional-tests.tests.activation","2026-08-27","passed","2026-08-27","","test_debtor_activation_payer_status","",""
"","624","The activation request must contain a validly formatted Service Provider ID","functional-tests.tests.activation","2026-08-27","passed","2026-08-27","","test_debtor_activation_create","",""
"Each entry in ``INVALID_PAYER_IDS`` must be rejected with 400.

The ``description`` parameter appears in pytest output to identify which
case failed without having to inspect the raw value.
","623","Querying activation status with an invalid payerId format returns 400","functional-tests.tests.activation","2026-08-27","passed","2026-08-27","","test_debtor_activation_payer_status","",""
"","3410","DS_08P positive v2 callback with Version header returns 400","functional-tests.tests.callbacks_v2","2026-08-27","passed","2026-08-27","","test_RTP_callback_with_version_header","",""
"Test sending an UPDATE operation message with different statuses via GPD message API before a CREATE","1254","An UPDATE message with status EXPIRED before CREATE","functional-tests.tests.process_messages_sender","2026-08-27","passed","2026-08-27","","test_RTP_process_sender_UPDATE_before_CREATE","",""
"Test sending a DELETE operation message via GPD message API after a CREATE","2050","A DELETE message after CREATE PAID","functional-tests.tests.process_messages_sender","2026-08-27","passed","2026-08-27","","test_RTP_process_sender_DELETE","",""
"","2018","RTP is successfully cancelled with reason MODT - V2","functional-tests.tests.cancel_rtp","2026-08-27","passed","2026-08-27","","test_RTP_cancel","",""
"","631","Unauthorized callback due to wrong certificate serial","functional-tests.tests.callbacks","2026-08-27","passed","2026-08-27","","test_RTP_callback_DS_08","",""
"","2021","An RTP sent with synchronous rejection containing extra fields results in status SENT - through Web API V2","functional-tests.tests.send_rtp","2026-08-27","passed","2026-08-27","","test_RTP_send_MOCK","",""
"Each entry in ``INVALID_PAYER_IDS`` (see dataset docstring) must be rejected with 400.","609","The activation request must contain a validly formatted fiscal code","functional-tests.tests.activation","2026-08-27","passed","2026-08-27","","test_debtor_activation_create","",""
"","615","Retrieving activation without valid token returns 401","functional-tests.tests.activation","2026-08-27","passed","2026-08-27","","test_debtor_activation_get","",""
"Active payer identified by an 11-digit Partita IVA → isActive must be true.","1238","An active payer with VAT number (Partita IVA) returns isActive true","functional-tests.tests.activation","2026-08-27","passed","2026-08-27","","test_debtor_activation_payer_status","",""
"CREATE VALID with an ec_tax_code that does not exist in GPD returns 422 Payee not found","1563","A CREATE VALID message with a non-existent ec_tax_code is rejected","functional-tests.tests.process_messages_sender","2026-08-27","passed","2026-08-27","","test_RTP_process_sender_CREATE","",""
"
Test v2 RFC callback DS12P with CNCL status applied twice on the same RTP.

Flow:
1. Activate payer
2. Send an RTP via GPD message v2 (CREATE VALID)
3. Cancel the RTP via GPD message v2 (DELETE) -> RTP to RFC_SENT
4. Send DS12P callback with CxlStsId CNCL (Cancelled As Per Request) -> RTP to CANCELLED
5. Send the same DS12P CNCL callback again on the already cancelled RTP
6. Verify the second callback is rejected (400) since the transition is no longer valid
7. Verify RTP status remains CANCELLED
","4572","Failed v2 RFC callback for invalid RTP transition - DS-12P positive compliant","functional-tests.tests.callbacks_v2","2026-08-27","passed","2026-08-27","","test_RTP_callback_DS_12P_positive","",""
"","2589","An RTP callback with status ACTC is successfully received","functional-tests.tests.callbacks","2026-08-27","passed","2026-08-27","","test_RTP_callback_DS_05","",""
"
Test RFC callback DS12P with INVALID status, cancel via REST Web API.

Flow:
1. Activate payer
2. Send an RTP via GPD message (CREATE VALID)
3. Cancel the RTP via REST cancel endpoint with cancel_reason → RTP to RFC_SENT
4. Send DS12P callback with CxlStsId INVALID
5. Verify callback is rejected with 400
6. Verify RTP status is still RFC_SENT
","3809","An RFC callback DS12P INVALID is rejected with 400 - through Web API cancel","functional-tests.tests.callbacks","2026-08-27","passed","2026-08-27","","test_RTP_callback_DS_12P","",""
"Test sending an UPDATE operation message with different statuses via GPD message API before a CREATE","1248","An UPDATE message with status PUBLISHED before CREATE","functional-tests.tests.process_messages_sender","2026-08-27","passed","2026-08-27","","test_RTP_process_sender_UPDATE_before_CREATE","",""
"Test sending a DELETE operation message via GPD message API after a CREATE VALID + UPDATE","2655","A DELETE message after CREATE VALID + UPDATE INVALID","functional-tests.tests.process_messages_sender","2026-08-27","passed","2026-08-27","","test_RTP_process_sender_DELETE","",""
"","621","Invalid pagination parameters returns 400","functional-tests.tests.activation","2026-08-27","passed","2026-08-27","","test_debtor_activation_list","",""
"Test sending an UPDATE after CREATE VALID + DELETE with different statuses","2649","An UPDATE message with status INVALID after CREATE VALID and DELETE","functional-tests.tests.process_messages_sender","2026-08-27","passed","2026-08-27","","test_RTP_process_sender_UPDATE","",""
"Test sending an UPDATE after CREATE VALID + DELETE with different statuses","3378","An UPDATE message with status PARTIALLY_PAID after CREATE VALID and DELETE","functional-tests.tests.process_messages_sender","2026-08-27","passed","2026-08-27","","test_RTP_process_sender_UPDATE","",""
"A valid token that carries neither read_rtp_activations nor read_rtp_all must be rejected with 403.","630","Token without read_rtp_activations or read_rtp_all role returns 403 Forbidden","functional-tests.tests.activation","2026-08-27","passed","2026-08-27","","test_debtor_activation_payer_status","",""
"","2658","Failed callback for non existing Service Provider - DS-05 redirect compliant","functional-tests.tests.callbacks_v2","2026-08-27","passed","2026-08-27","","test_RTP_callback_DS_05_redirect","",""
"","614","Retrieving non-existent activation returns 404","functional-tests.tests.activation","2026-08-27","passed","2026-08-27","","test_debtor_activation_get","",""
"
Given a debtor is activated and a GPD message (CREATE) is sent via POST /gpd/message,
when the rtp-sender processes it and the RTP reaches status SENT,
when the payee queries the delivery-status endpoint with the correct noticeNumber
(nav) and payeeId (ec_tax_code),
then the response body must contain status=PD_RTP_DELIVERED, a non-null processingDate
in ISO 8601 format, and processingDate must match the SEND_RTP event timestamp from
the GPD message response (truncated to millisecond precision).
","6939","GPD message sent → RTP SENT → PD_RTP_DELIVERED with processingDate","functional-tests.tests.get_rtp","2026-08-27","passed","2026-08-27","","test_RTP_get_delivery_status","",""
"`Sts.Conf = ""RJCR""` triggers CANCEL_RTP -> CONFIRM_RFC -> CANCEL_RTP_REJECTED, ending in CANCELLED_REJECTED.","3318","Cancelling an RTP - EPC v4 mock happy path scenario: rjcr_rejected","functional-tests.tests.cancel_rtp","2026-08-27","passed","2026-08-27","","test_RTP_cancel_MOCK_V2","",""
"Test sending a CREATE operation message with different statuses via GPD message API","1280","A CREATE message with status PAID","functional-tests.tests.process_messages_sender","2026-08-27","passed","2026-08-27","","test_RTP_process_sender_CREATE","",""
"","2546","An RTP sent with synchronous rejection and missing _links results in status REJECTED - through Web API V2","functional-tests.tests.send_rtp","2026-08-27","passed","2026-08-27","","test_RTP_send_MOCK","",""
"Querying activation status with an empty payerId must be rejected with 404.","603","Querying activation status with an empty payerId returns 404","functional-tests.tests.activation","2026-08-27","passed","2026-08-27","","test_debtor_activation_payer_status","",""
"Test sending an UPDATE operation message with different statuses via GPD message API before a CREATE","1233","An UPDATE message with status DRAFT before CREATE","functional-tests.tests.process_messages_sender","2026-08-27","passed","2026-08-27","","test_RTP_process_sender_UPDATE_before_CREATE","",""
"The PSP synchronously rejects the cancellation request with 422 (per standard behaviour for the EPC 404 Not Found scenario). The RTP then transitions to ERROR_CANCEL via ERROR_CANCEL_RTP.","3264","Cancelling an RTP - EPC v4 mock unhappy path scenario: epc_404","functional-tests.tests.cancel_rtp","2026-08-27","passed","2026-08-27","","test_RTP_cancel_MOCK_V2","",""
"","2113","An RTP sent when EPC response contains an unknown field is ignored and remains in status SENT - through Web API","functional-tests.tests.send_rtp","2026-08-27","passed","2026-08-27","","test_RTP_send_MOCK","",""
"","1114","An RTP is sent to Poste service with activated fiscal code - through Web API","functional-tests.tests.send_rtp","2026-08-27","passed","2026-08-27","","test_RTP_send_POSTE","",""
"
Test RFC callback DS12P with wrong certificate identity, cancel via REST Web API.

Flow:
1. Activate payer
2. Send an RTP via GPD message (CREATE VALID)
3. Cancel the RTP via REST cancel endpoint with cancel_reason → RTP to RFC_SENT
4. Send DS12P callback with assignee_bic='FAKESP01' (doesn't match certificate identity MOCKSP04)
5. Verify callback is rejected with 403 (certificate mismatch)
","2653","Unauthorized RFC callback due to wrong certificate serial - through Web API cancel","functional-tests.tests.callbacks","2026-08-27","passed","2026-08-27","","test_RTP_callback_DS_12P","",""
"Test sending a CREATE operation message with different statuses via GPD message API","1900","A CREATE message with status INVALID","functional-tests.tests.process_messages_sender","2026-08-27","passed","2026-08-27","","test_RTP_process_sender_CREATE","",""
"
DS_12P CNCL RFC callback sent with the Version header must be rejected with 400.
The RTP must remain in RFC_SENT (transition to CANCELLED must not happen).

Flow:
1. Activate payer, send RTP, trigger cancel via GPD DELETE → RFC_SENT
2. Build a valid DS_12P CNCL payload
3. POST to RFC callback endpoint WITH Version header
4. Verify 400 is returned with the expected error body
5. Verify RTP status is still RFC_SENT
","3231","DS_12P CNCL RFC callback with Version header returns 400","functional-tests.tests.callbacks","2026-08-27","passed","2026-08-27","","test_RTP_callback_with_version_header","",""
"","619","Get payees consents with extreme page size returns 400","functional-tests.tests.service_registry","2026-08-27","passed","2026-08-27","","test_get_payees_consents","",""
"","609","Failed callback for non existing Service Provider - DS-08P compliant","functional-tests.tests.callbacks","2026-08-27","passed","2026-08-27","","test_RTP_callback_DS_08","",""
"
Given an RTP is sent successfully (status SENT) for a given noticeNumber + payeeId,
when the payee queries the delivery-status endpoint with the correct noticeNumber
but a different payeeId,
then the response must be HTTP 200 with status=PD_RTP_NOT_DELIVERED, verifying
that the endpoint filters on both fields.
","6954","Existing noticeNumber with wrong payeeId → PD_RTP_NOT_DELIVERED","functional-tests.tests.get_rtp","2026-08-27","passed","2026-08-27","","test_RTP_get_delivery_status","",""
"
Test v2 RFC callback DS12N with wrong certificate identity.

Flow:
1. Activate payer
2. Send an RTP via GPD message v2 (CREATE VALID)
3. Cancel the RTP via GPD message v2 (DELETE) -> RTP to RFC_SENT
4. Send DS12N callback with assignee_bic='FAKESP01' (doesn't match certificate identity)
5. Verify callback is rejected with 403 (certificate mismatch)
6. Verify RTP status is still RFC_SENT
","3339","Unauthorized v2 RFC callback due to wrong certificate serial","functional-tests.tests.callbacks_v2","2026-08-27","passed","2026-08-27","","test_RTP_callback_DS_12N_negative","",""
"","1968","RTP cancellation fails with an invalid reason - V2","functional-tests.tests.cancel_rtp","2026-08-27","passed","2026-08-27","","test_RTP_cancel","",""
"","1234","Get by activation id returns 404 when the token subject does not own the activation's Service Provider ID","functional-tests.tests.activation","2026-08-27","passed","2026-08-27","","test_debtor_activation_get","",""
"","619","Get payees consents with invalid date format returns 400","functional-tests.tests.service_registry","2026-08-27","passed","2026-08-27","","test_get_payees_consents","",""
"
Verify that a debt position can be updated successfully.
","6866","Happy path: a debt position is updated in DEV environment","functional-tests.tests.gpd_availability","2026-08-27","passed","2026-08-27","","test_availability_GPD","",""
"","1928","An RTP sent with synchronous acceptance is in status ACCEPTED - DS-05 ACTC - through Web API","functional-tests.tests.send_rtp","2026-08-27","passed","2026-08-27","","test_RTP_send_MOCK","",""
"","1495","Auth endpoint returns valid token","functional-tests.tests.availability","2026-08-27","passed","2026-08-27","","test_availability_CBI","",""
"","583","The service returns the mocked server error","functional-tests.tests.availability","2026-08-27","passed","2026-08-27","","test_availability_MOCK","",""
"DS_08N RJCT callback sent directly on a SENT RTP (no prior DS_05 ACTC callback).

The RTP is expected to transition from SENT to REJECTED.
","3991","A v2 RTP callback with status RJCT is successfully received","functional-tests.tests.callbacks_v2","2026-08-27","passed","2026-08-27","","test_RTP_callback_DS_08N_negative","",""
"
Test RFC callback DS12P with non-existing service provider, cancel via REST Web API.

Flow:
1. Activate payer
2. Send an RTP via GPD message (CREATE VALID)
3. Cancel the RTP via REST cancel endpoint with cancel_reason → RTP to RFC_SENT
4. Send DS12P callback with non-existing BIC (MOCKSP99)
5. Verify callback is rejected with 400 (service provider not found)
","2585","Failed RFC callback for non existing Service Provider - DS-12P CNCL compliant - through Web API cancel","functional-tests.tests.callbacks","2026-08-27","passed","2026-08-27","","test_RTP_callback_DS_12P","",""
"","1423","An RTP is sent to a CBI service with activated fiscal code - through Web API V2","functional-tests.tests.send_rtp","2026-08-27","failed","2026-08-27","","test_RTP_send_CBI","",""
"","3253","A v2 document RTP callback with invalid status is rejected without affecting the RTP status","functional-tests.tests.callbacks_v2","2026-08-27","passed","2026-08-27","","test_RTP_callback_DS_document_rjct","",""
"Test sending a CREATE operation message with different statuses via GPD message API","1339","A CREATE message with status VALID","functional-tests.tests.process_messages_sender","2026-08-27","passed","2026-08-27","","test_RTP_process_sender_CREATE","",""
"","605","Unauthorized callback due to wrong certificate serial","functional-tests.tests.callbacks","2026-08-27","passed","2026-08-27","","test_RTP_callback_DS_04","",""
"","1254","A debtor activated with an owned but distinct Service Provider ID is retrieved by payer id","functional-tests.tests.activation","2026-08-27","passed","2026-08-27","","test_debtor_activation_get","",""
"Each entry in ``INVALID_PAYER_IDS`` must be rejected with 400.

The ``description`` parameter appears in pytest output to identify which
case failed without having to inspect the raw value.
","605","Querying activation status with an invalid payerId format returns 400","functional-tests.tests.activation","2026-08-27","passed","2026-08-27","","test_debtor_activation_payer_status","",""
"Test sending a DELETE operation message via GPD message API after a standalone UPDATE (no prior CREATE)","1855","A DELETE message after standalone UPDATE PUBLISHED","functional-tests.tests.process_messages_sender","2026-08-27","passed","2026-08-27","","test_RTP_process_sender_DELETE","",""
"","2151","Sending an RTP when EPC returns an unexpected status code error (RTP_05.CHK.A0007) returns 500 - through Web API V2","functional-tests.tests.send_rtp","2026-08-27","passed","2026-08-27","","test_RTP_send_MOCK","",""
"Each entry in ``INVALID_PAYER_IDS`` must be rejected with 400.

The ``description`` parameter appears in pytest output to identify which
case failed without having to inspect the raw value.
","608","Querying activation status with an invalid payerId format returns 400","functional-tests.tests.activation","2026-08-27","passed","2026-08-27","","test_debtor_activation_payer_status","",""
"","1172","Get paginated list of payees successfully","functional-tests.tests.service_registry","2026-08-27","passed","2026-08-27","","test_service_registry_payees_registry","",""
"Each entry in ``INVALID_PAYER_IDS`` must be rejected with 400.

The ``description`` parameter appears in pytest output to identify which
case failed without having to inspect the raw value.
","609","Querying activation status with an invalid payerId format returns 400","functional-tests.tests.activation","2026-08-27","passed","2026-08-27","","test_debtor_activation_payer_status","",""
"Test sending a CREATE operation message with different statuses via GPD message API","1569","A CREATE message with status DRAFT","functional-tests.tests.process_messages_sender","2026-08-27","passed","2026-08-27","","test_RTP_process_sender_CREATE","",""
"Test sending a CREATE operation message with different statuses via GPD message API","1427","A CREATE message with status EXPIRED","functional-tests.tests.process_messages_sender","2026-08-27","passed","2026-08-27","","test_RTP_process_sender_CREATE","",""
"","2258","Get a page of activations","functional-tests.tests.activation","2026-08-27","passed","2026-08-27","","test_debtor_activation_list","",""
"","2626","Failed callback for non existing Service Provider - DS-document RJCT compliant","functional-tests.tests.callbacks_v2","2026-08-27","passed","2026-08-27","","test_RTP_callback_DS_document_rjct","",""
"
Test RFC callback DS12N with RJCR status, cancel triggered via REST Web API with explicit reason.

Flow:
1. Activate payer
2. Send an RTP via GPD message (CREATE VALID)
3. Cancel the RTP via REST cancel endpoint with cancel_reason → RTP to RFC_SENT
4. Send DS12N callback with CxlStsId RJCR (Rejected Cancellation Request)
5. Verify callback is accepted (200)
6. Verify RTP status is ERROR_CANCEL
","3788","An RFC callback DS12N RJCR is successfully received and RTP status is ERROR_CANCEL - through Web API cancel","functional-tests.tests.callbacks","2026-08-27","passed","2026-08-27","","test_RTP_callback_DS_12N","",""
"","1326","Sending an RTP when EPC returns a malformed/invalid response body returns 500","functional-tests.tests.send_rtp","2026-08-27","passed","2026-08-27","","test_RTP_send_MOCK","",""
"Test sending a DELETE operation message via GPD message API after a CREATE VALID + UPDATE","2627","A DELETE message after CREATE VALID + UPDATE PARTIALLY_PAID","functional-tests.tests.process_messages_sender","2026-08-27","passed","2026-08-27","","test_RTP_process_sender_DELETE","",""
"MOCKSP04 owns MOCKSP01 as well as its own spId; status must reflect the activation either way.","2093","An active payer returns isActive true when activated under an owned but distinct Service Provider ID","functional-tests.tests.activation","2026-08-27","passed","2026-08-27","","test_debtor_activation_payer_status","",""
"Payer activated under SP A queried by SP A → isActive must be true.","1242","An active payer returns isActive true for the same Service Provider","functional-tests.tests.activation","2026-08-27","passed","2026-08-27","","test_debtor_activation_payer_status","",""
"","588","Get payees with invalid authorization","functional-tests.tests.service_registry","2026-08-27","passed","2026-08-27","","test_service_registry_service_providers","",""
"","1613","SP_B cannot retrieve activation by Fiscal Code created by SP_A","functional-tests.tests.activation","2026-08-27","passed","2026-08-27","","test_RTP_activation_security","",""
"","1267","A second service provider triggers takeover when debtor is already active on another service provider","functional-tests.tests.activation","2026-08-27","passed","2026-08-27","","test_debtor_activation_create","",""
"","2130","Cannot send RTP with invalid amount","functional-tests.tests.availability","2026-08-27","passed","2026-08-27","","test_availability_CBI","",""
"Payer activated then deactivated by SP A → isActive must be false.","1872","A deactivated payer returns isActive false","functional-tests.tests.activation","2026-08-27","passed","2026-08-27","","test_debtor_activation_payer_status","",""
"","619","A Service Provider with invalid client ID is not authenticated on Keycloak","functional-tests.tests.auth","2026-08-27","passed","2026-08-27","","test_auth","",""
