"DESCRIPTION","DURATION IN MS","NAME","PARENT SUITE","START TIME","STATUS","STOP TIME","SUB SUITE","SUITE","TEST CLASS","TEST METHOD"
"
Test RFC callback DS12P with wrong certificate identity.

Flow:
1. Activate payer
2. Send an RTP via GPD message (CREATE VALID)
3. Cancel the RTP via GPD message (DELETE) → RTP to RFC_SENT
4. Send DS12P callback with assignee_bic='FAKESP01' (doesn't match certificate identity MOCKSP04)
5. Verify callback is rejected with 403 (certificate mismatch)
","3255","Unauthorized RFC callback due to wrong certificate serial","functional-tests.tests.callbacks","2026-08-19","passed","2026-08-19","","test_RTP_callback_DS_12P","",""
"","1882","An RTP sent with synchronous rejection containing extra fields results in status SENT - through Web API V2","functional-tests.tests.send_rtp","2026-08-19","passed","2026-08-19","","test_RTP_send_MOCK","",""
"
Given a debtor is activated with the mock fiscal code that makes the debtor
service provider mock reply with a server error, when a GPD message (CREATE)
is sent via POST /gpd/message, then the rtp-sender fails to deliver the RTP
and records an ERROR_SEND_RTP event (RTP status becomes ERROR_SEND). When the
payee then queries the delivery-status endpoint with the matching noticeNumber
and payeeId, the response must be HTTP 200 with status=PD_RTP_NOT_DELIVERED
and processingDate absent or null.
","8285","RTP with ERROR_SEND_RTP event → PD_RTP_NOT_DELIVERED","functional-tests.tests.get_rtp","2026-08-19","failed","2026-08-19","","test_RTP_get_delivery_status","",""
"","568","malformed rtp_id → 400 Bad Request","functional-tests.tests.get_rtp","2026-08-19","passed","2026-08-19","","test_RTP_get","",""
"Each entry in ``INVALID_PAYER_IDS`` (see dataset docstring) must be rejected with 400.","583","The activation request must contain a validly formatted fiscal code","functional-tests.tests.activation","2026-08-19","passed","2026-08-19","","test_debtor_activation_create","",""
"","2511","Unauthorized callback due to wrong certificate serial","functional-tests.tests.callbacks_v2","2026-08-19","passed","2026-08-19","","test_RTP_callback_DS_document_rjct","",""
"OTP bound to payer1 should not work for payer2","2688","Test Takeover Fails with OTP Bound to Different Payer","functional-tests.tests.takeover","2026-08-19","passed","2026-08-19","","test_debtor_takeover","",""
"Each entry in ``INVALID_PAYER_IDS`` (see dataset docstring) must be rejected with 400.","568","The activation request must contain a validly formatted fiscal code","functional-tests.tests.activation","2026-08-19","passed","2026-08-19","","test_debtor_activation_create","",""
"
Test RFC callback DS12P with non-existing service provider, cancel via REST Web API.

Flow:
1. Activate payer
2. Send an RTP via GPD message (CREATE VALID)
3. Cancel the RTP via REST cancel endpoint with cancel_reason → RTP to RFC_SENT
4. Send DS12P callback with non-existing BIC (MOCKSP99)
5. Verify callback is rejected with 400 (service provider not found)
","2427","Failed RFC callback for non existing Service Provider - DS-12P CNCL compliant - through Web API cancel","functional-tests.tests.callbacks","2026-08-19","passed","2026-08-19","","test_RTP_callback_DS_12P","",""
"Test the takeover flow where a user changes service provider","4270","Test Takeover Flow","functional-tests.tests.takeover","2026-08-19","passed","2026-08-19","","test_debtor_takeover","",""
"","558","The activation request must contain a validly formatted Service Provider ID","functional-tests.tests.activation","2026-08-19","passed","2026-08-19","","test_debtor_activation_create","",""
"","3153","DS_08N negative v2 callback with Version header returns 400","functional-tests.tests.callbacks_v2","2026-08-19","passed","2026-08-19","","test_RTP_callback_with_version_header","",""
"Each entry in ``INVALID_PAYER_IDS`` must be rejected with 400.

The ``description`` parameter appears in pytest output to identify which
case failed without having to inspect the raw value.
","568","Querying activation status with an invalid payerId format returns 400","functional-tests.tests.activation","2026-08-19","passed","2026-08-19","","test_debtor_activation_payer_status","",""
"","1165","A debtor with foreign fiscal code is activated successfully","functional-tests.tests.activation","2026-08-19","passed","2026-08-19","","test_debtor_activation_create","",""
"","1152","An RTP is sent to ICCREA service with activated fiscal code","functional-tests.tests.send_rtp","2026-08-19","passed","2026-08-19","","test_RTP_send_ICCREA","",""
"
Test RFC callback DS12N with RJCR status, cancel triggered via REST Web API with explicit reason.

Flow:
1. Activate payer
2. Send an RTP via GPD message (CREATE VALID)
3. Cancel the RTP via REST cancel endpoint with cancel_reason → RTP to RFC_SENT
4. Send DS12N callback with CxlStsId RJCR (Rejected Cancellation Request)
5. Verify callback is accepted (200)
6. Verify RTP status is ERROR_CANCEL
","3864","An RFC callback DS12N RJCR is successfully received and RTP status is ERROR_CANCEL - through Web API cancel","functional-tests.tests.callbacks","2026-08-19","passed","2026-08-19","","test_RTP_callback_DS_12N","",""
"The PSP synchronously rejects the cancellation request with 422 (per standard behaviour for the EPC 410 Gone scenario). The RTP then transitions to ERROR_CANCEL via ERROR_CANCEL_RTP.","2543","Cancelling an RTP - EPC v4 mock unhappy path scenario: epc_410","functional-tests.tests.cancel_rtp","2026-08-19","failed","2026-08-19","","test_RTP_cancel_MOCK_V2","",""
"","2806","An RTP sent with synchronous rejection is in status REJECTED - DS-08P N - through Web API","functional-tests.tests.send_rtp","2026-08-19","passed","2026-08-19","","test_RTP_send_MOCK","",""
"","3083","DS_08P positive v2 callback with Version header returns 400","functional-tests.tests.callbacks_v2","2026-08-19","passed","2026-08-19","","test_RTP_callback_with_version_header","",""
"","3032","A v2 redirect RTP callback with invalid status is rejected without affecting the RTP status","functional-tests.tests.callbacks_v2","2026-08-19","passed","2026-08-19","","test_RTP_callback_DS_05_redirect","",""
"","582","Non-integer size returns 400","functional-tests.tests.activation","2026-08-19","passed","2026-08-19","","test_debtor_activation_list","",""
"","2455","Failed callback for non existing Service Provider - DS-05 redirect compliant","functional-tests.tests.callbacks_v2","2026-08-19","passed","2026-08-19","","test_RTP_callback_DS_05_redirect","",""
"The mock policy falls back to its default `{}` response when no notice number matches, so the RTP stays in RFC_SENT.","3039","Cancelling an RTP - EPC v4 mock happy path scenario: no_match_fallback","functional-tests.tests.cancel_rtp","2026-08-19","passed","2026-08-19","","test_RTP_cancel_MOCK_V2","",""
"UPDATE VALID before any CREATE creates a new RTP; the RTP must be retrievable from the database","1884","An UPDATE VALID before CREATE creates the RTP in the database","functional-tests.tests.process_messages_sender","2026-08-19","passed","2026-08-19","","test_RTP_process_sender_UPDATE_before_CREATE","",""
"
Test RFC callback DS12P with CNCL status.

Flow:
1. Activate payer
2. Send an RTP via GPD message (CREATE VALID)
3. Cancel the RTP via GPD message (DELETE) → RTP to RFC_SENT
4. Send DS12P callback with CxlStsId CNCL (Cancelled As Per Request)
5. Verify callback is accepted (200)
6. Verify RTP status is CANCELLED
","3801","An RFC callback DS12P CNCL is successfully received and RTP status is CANCEL","functional-tests.tests.callbacks","2026-08-19","passed","2026-08-19","","test_RTP_callback_DS_12P","",""
"Availability probe for takeover notification mock endpoint: expects 204 No Content","553","Test Takeover Notification Endpoint","functional-tests.tests.takeover","2026-08-19","passed","2026-08-19","","test_debtor_takeover","",""
"","654","Get list of service providers successfully","functional-tests.tests.service_registry","2026-08-19","passed","2026-08-19","","test_service_registry_service_providers","",""
"
Test RFC callback DS12P with wrong certificate identity, cancel via REST Web API.

Flow:
1. Activate payer
2. Send an RTP via GPD message (CREATE VALID)
3. Cancel the RTP via REST cancel endpoint with cancel_reason → RTP to RFC_SENT
4. Send DS12P callback with assignee_bic='FAKESP01' (doesn't match certificate identity MOCKSP04)
5. Verify callback is rejected with 403 (certificate mismatch)
","2449","Unauthorized RFC callback due to wrong certificate serial - through Web API cancel","functional-tests.tests.callbacks","2026-08-19","passed","2026-08-19","","test_RTP_callback_DS_12P","",""
"Active payer identified by an 11-digit Partita IVA → isActive must be true.","2702","An active payer with VAT number (Partita IVA) returns isActive true","functional-tests.tests.activation","2026-08-19","passed","2026-08-19","","test_debtor_activation_payer_status","",""
"
Verify that a debt position can be updated successfully.
","6751","Happy path: a debt position is updated in DEV environment","functional-tests.tests.gpd_availability","2026-08-19","passed","2026-08-19","","test_availability_GPD","",""
"","1151","A debtor with VAT number is activated and retrieved by activation id","functional-tests.tests.activation","2026-08-19","passed","2026-08-19","","test_debtor_activation_get","",""
"Each entry in ``INVALID_PAYER_IDS`` must be rejected with 400.

The ``description`` parameter appears in pytest output to identify which
case failed without having to inspect the raw value.
","574","Querying activation status with an invalid payerId format returns 400","functional-tests.tests.activation","2026-08-19","passed","2026-08-19","","test_debtor_activation_payer_status","",""
"
Given an RTP is sent successfully (status SENT) for a given noticeNumber + payeeId,
when the payee queries the delivery-status endpoint with the correct noticeNumber
but a different payeeId,
then the response must be HTTP 200 with status=PD_RTP_NOT_DELIVERED, verifying
that the endpoint filters on both fields.
","6808","Existing noticeNumber with wrong payeeId → PD_RTP_NOT_DELIVERED","functional-tests.tests.get_rtp","2026-08-19","passed","2026-08-19","","test_RTP_get_delivery_status","",""
"","1911","RTP is successfully retrieved","functional-tests.tests.get_rtp","2026-08-19","passed","2026-08-19","","test_RTP_get","",""
"Each entry in ``INVALID_PAYER_IDS`` (see dataset docstring) must be rejected with 400.","978","The activation request must contain a validly formatted fiscal code","functional-tests.tests.activation","2026-08-19","passed","2026-08-19","","test_debtor_activation_create","",""
"Test sending an UPDATE operation message with different statuses via GPD message API after a CREATE","3492","An UPDATE message with status DRAFT after CREATE","functional-tests.tests.process_messages_sender","2026-08-19","passed","2026-08-19","","test_RTP_process_sender_UPDATE","",""
"Each entry in ``INVALID_PAYER_IDS`` (see dataset docstring) must be rejected with 400.","575","The activation request must contain a validly formatted fiscal code","functional-tests.tests.activation","2026-08-19","passed","2026-08-19","","test_debtor_activation_create","",""
"UPDATE PAID with psp_tax_code=None (invalid PSP) results in RTP state RFC_SENT","1896","An UPDATE PAID message with an invalid PSP results in RFC_SENT state","functional-tests.tests.process_messages_sender","2026-08-19","passed","2026-08-19","","test_RTP_process_sender_UPDATE","",""
"
Test v2 RFC callback DS12N with non-existing service provider.

Flow:
1. Activate payer
2. Send an RTP via GPD message v2 (CREATE VALID)
3. Cancel the RTP via GPD message v2 (DELETE) -> RTP to RFC_SENT
4. Send DS12N callback with non-existing BIC (MOCKSP99)
5. Verify callback is rejected with 400 (service provider not found)
6. Verify RTP status is still RFC_SENT
","4270","Failed v2 RFC callback for non existing Service Provider - DS-12N negative compliant","functional-tests.tests.callbacks_v2","2026-08-19","passed","2026-08-19","","test_RTP_callback_DS_12N_negative","",""
"Each entry in ``INVALID_PAYER_IDS`` must be rejected with 400.

The ``description`` parameter appears in pytest output to identify which
case failed without having to inspect the raw value.
","593","Querying activation status with an invalid payerId format returns 400","functional-tests.tests.activation","2026-08-19","failed","2026-08-19","","test_debtor_activation_payer_status","",""
"","1216","A debtor activated with an owned but distinct Service Provider ID is deactivated","functional-tests.tests.activation","2026-08-19","passed","2026-08-19","","test_debtor_deactivation","",""
"No `Sts.Conf` confirmation is present (empty JSON object), so only CANCEL_RTP is triggered and the RTP stays in RFC_SENT.","2757","Cancelling an RTP - EPC v4 mock happy path scenario: empty_json_object","functional-tests.tests.cancel_rtp","2026-08-19","passed","2026-08-19","","test_RTP_cancel_MOCK_V2","",""
"","569","Sending an RTP when EPC returns a malformed/invalid response body returns 500 - through Web API","functional-tests.tests.send_rtp","2026-08-19","failed","2026-08-19","","test_RTP_send_MOCK","",""
"","3155","An RTP sent with synchronous rejection and missing _links results in status REJECTED - through Web API V2","functional-tests.tests.send_rtp","2026-08-19","passed","2026-08-19","","test_RTP_send_MOCK","",""
"Test sending a DELETE operation message via GPD message API after a standalone UPDATE (no prior CREATE)","1783","A DELETE message after standalone UPDATE PARTIALLY_PAID","functional-tests.tests.process_messages_sender","2026-08-19","passed","2026-08-19","","test_RTP_process_sender_DELETE","",""
"","3319","RTP is successfully cancelled with reason PAID","functional-tests.tests.cancel_rtp","2026-08-19","passed","2026-08-19","","test_RTP_cancel","",""
"CREATE VALID with an ec_tax_code that does not exist in GPD returns 422 Payee not found","1179","A CREATE VALID message with a non-existent ec_tax_code is rejected","functional-tests.tests.process_messages_sender","2026-08-19","passed","2026-08-19","","test_RTP_process_sender_CREATE","",""
"
Test v2 RFC callback DS12P with INVALID status.

Flow:
1. Activate payer
2. Send an RTP via GPD message v2 (CREATE VALID)
3. Cancel the RTP via GPD message v2 (DELETE) -> RTP to RFC_SENT
4. Send DS12P callback with CxlStsId INVALID
5. Verify callback is rejected with 400
6. Verify RTP status is still RFC_SENT
","3262","A v2 RFC callback DS12P INVALID is rejected with 400","functional-tests.tests.callbacks_v2","2026-08-19","passed","2026-08-19","","test_RTP_callback_DS_12P_positive","",""
"Test sending an UPDATE operation message with different statuses via GPD message API before a CREATE","1176","An UPDATE message with status PARTIALLY_PAID before CREATE","functional-tests.tests.process_messages_sender","2026-08-19","passed","2026-08-19","","test_RTP_process_sender_UPDATE_before_CREATE","",""
"","3013","A v2 RTP callback with invalid status is rejected without affecting the RTP status","functional-tests.tests.callbacks_v2","2026-08-19","passed","2026-08-19","","test_RTP_callback_DS_08N_negative","",""
"Each entry in ``INVALID_PAYER_IDS`` must be rejected with 400.

The ``description`` parameter appears in pytest output to identify which
case failed without having to inspect the raw value.
","566","Querying activation status with an invalid payerId format returns 400","functional-tests.tests.activation","2026-08-19","passed","2026-08-19","","test_debtor_activation_payer_status","",""
"An EPC response containing fields not declared in the OpenAPI spec is treated as an invalid message and is NOT tolerated for accept/reject purposes (confirmed with rtp-sender-v2 maintainers, PR #26). The extra `invalid-field` property invalidates the whole response, so the CNCL confirmation is not processed and the RTP stays in RFC_SENT.","2565","Cancelling an RTP - EPC v4 mock unhappy path scenario: cncl_extra_field","functional-tests.tests.cancel_rtp","2026-08-19","passed","2026-08-19","","test_RTP_cancel_MOCK_V2","",""
"
Test RFC callback DS12N with non-existing service provider, cancel via REST Web API.

Flow:
1. Activate payer
2. Send an RTP via GPD message (CREATE VALID)
3. Cancel the RTP via REST cancel endpoint with cancel_reason → RTP to RFC_SENT
4. Send DS12N callback with non-existing BIC (MOCKSP99)
5. Verify callback is rejected with 400 (service provider not found)
","2510","Failed RFC callback for non existing Service Provider - DS-12N RJCR compliant - through Web API cancel","functional-tests.tests.callbacks","2026-08-19","passed","2026-08-19","","test_RTP_callback_DS_12N","",""
"","3765","Attempt to cancel an already cancelled RTP","bdd-tests","2026-08-19","passed","2026-08-19","RTP_Cancellation","RTP","",""
"Test sending a DELETE operation message via GPD message API after a CREATE","1885","A DELETE message after CREATE VALID","functional-tests.tests.process_messages_sender","2026-08-19","passed","2026-08-19","","test_RTP_process_sender_DELETE","",""
"DS_08P ACCP callback sent directly on a SENT RTP (no prior DS_05 ACTC callback).

The RTP is expected to transition straight from SENT to USER_ACCEPTED.
","3103","A v2 RTP callback with status ACCP is successfully received without a prior DS_05 callback","functional-tests.tests.callbacks_v2","2026-08-19","passed","2026-08-19","","test_RTP_callback_DS_08P_positive","",""
"","1763","Cannot send RTP with expired date","functional-tests.tests.availability","2026-08-19","passed","2026-08-19","","test_availability_CBI","",""
"FAKESP01 does not own MOCKSP01, a Service Provider ID owned by another tspId.","572","Activation is forbidden for a Service Provider ID not owned by the token subject","functional-tests.tests.activation","2026-08-19","passed","2026-08-19","","test_debtor_activation_create","",""
"","2586","Failed callback for non existing Service Provider - DS-document RJCT compliant","functional-tests.tests.callbacks_v2","2026-08-19","passed","2026-08-19","","test_RTP_callback_DS_document_rjct","",""
"","31786","RTP form cancellation with reason MODT","ux-tests.tests","2026-08-19","broken","2026-08-19","","test_RTP_cancel_v4","",""
"","25659","An RTP is sent through CBI API","functional-tests.tests.availability","2026-08-19","passed","2026-08-19","","test_availability_CBI","",""
"","4939","Failed callback for invalid RTP transition - DS-08P ACCP compliant","functional-tests.tests.callbacks","2026-08-19","passed","2026-08-19","","test_RTP_callback_DS_08","",""
"","570","Sending an RTP when EPC returns an unexpected status code error (RTP_05.CHK.A0007) returns 500 - through Web API V2","functional-tests.tests.send_rtp","2026-08-19","failed","2026-08-19","","test_RTP_send_MOCK","",""
"Test sending a DELETE operation message via GPD message API after a CREATE VALID + UPDATE","2474","A DELETE message after CREATE VALID + UPDATE EXPIRED","functional-tests.tests.process_messages_sender","2026-08-19","passed","2026-08-19","","test_RTP_process_sender_DELETE","",""
"","570","Unauthorized request returns 401","functional-tests.tests.activation","2026-08-19","passed","2026-08-19","","test_debtor_activation_list","",""
"
Tests sending an RTP payload to the POSTE endpoint with valid data and authentication.

:param debtor_sp_mock_cert_key: Certificate and key tuple for mutual TLS authentication.
:type debtor_sp_mock_cert_key: Tuple[str, str]
","1970","An RTP is sent through POSTE API","functional-tests.tests.availability","2026-08-19","failed","2026-08-19","","test_availability_POSTE","",""
"Test sending a DELETE operation message via GPD message API after a CREATE VALID + UPDATE","3335","A DELETE message after CREATE VALID + UPDATE PUBLISHED","functional-tests.tests.process_messages_sender","2026-08-19","passed","2026-08-19","","test_RTP_process_sender_DELETE","",""
"","547","Get payees with invalid authorization","functional-tests.tests.service_registry","2026-08-19","passed","2026-08-19","","test_service_registry_service_providers","",""
"","2323","RTP form is filled and submitted","ux-tests.tests","2026-08-19","passed","2026-08-19","","test_RTP_cancel_v4","",""
"Each entry in ``INVALID_PAYER_IDS`` (see dataset docstring) must be rejected with 400.","564","The activation request must contain a validly formatted fiscal code","functional-tests.tests.activation","2026-08-19","passed","2026-08-19","","test_debtor_activation_create","",""
"
Test RFC callback DS12N with wrong certificate identity, cancel via REST Web API.

Flow:
1. Activate payer
2. Send an RTP via GPD message (CREATE VALID)
3. Cancel the RTP via REST cancel endpoint with cancel_reason → RTP to RFC_SENT
4. Send DS12N callback with assignee_bic='FAKESP01' (doesn't match certificate identity MOCKSP04)
5. Verify callback is rejected with 403 (certificate mismatch)
","2455","Unauthorized RFC callback due to wrong certificate serial - through Web API cancel","functional-tests.tests.callbacks","2026-08-19","passed","2026-08-19","","test_RTP_callback_DS_12N","",""
"Test sending a DELETE operation message via GPD message API after a CREATE","1761","A DELETE message after CREATE EXPIRED","functional-tests.tests.process_messages_sender","2026-08-19","passed","2026-08-19","","test_RTP_process_sender_DELETE","",""
"Test sending an UPDATE operation message with different statuses via GPD message API after a CREATE","3443","An UPDATE message with status VALID after CREATE","functional-tests.tests.process_messages_sender","2026-08-19","passed","2026-08-19","","test_RTP_process_sender_UPDATE","",""
"
Verify that a debt position can be created and published successfully.
","590","Happy path: a debt position is created and published in UAT environment","functional-tests.tests.gpd_availability","2026-08-19","passed","2026-08-19","","test_availability_GPD","",""
"
Tests that sending an RTP payload with an invalid amount to the POSTE endpoint results in a 400 Bad Request response.

:param debtor_sp_mock_cert_key: Certificate and key tuple for mutual TLS authentication.
:type debtor_sp_mock_cert_key: Tuple[str, str]
","1142","Cannot send RTP with invalid amount","functional-tests.tests.availability","2026-08-19","passed","2026-08-19","","test_availability_POSTE","",""
"Each entry in ``INVALID_PAYER_IDS`` must be rejected with 400.

The ``description`` parameter appears in pytest output to identify which
case failed without having to inspect the raw value.
","597","Querying activation status with an invalid payerId format returns 400","functional-tests.tests.activation","2026-08-19","passed","2026-08-19","","test_debtor_activation_payer_status","",""
"","0","A Service Provider is authenticated","functional-tests.tests.auth","2026-08-19","passed","2026-08-19","","test_auth","",""
"Test sending an UPDATE operation message with different statuses via GPD message API before a CREATE","1164","An UPDATE message with status PAID before CREATE","functional-tests.tests.process_messages_sender","2026-08-19","passed","2026-08-19","","test_RTP_process_sender_UPDATE_before_CREATE","",""
"
Test RFC callback DS12N with INVALID status, cancel via REST Web API.

Flow:
1. Activate payer
2. Send an RTP via GPD message (CREATE VALID)
3. Cancel the RTP via REST cancel endpoint with cancel_reason → RTP to RFC_SENT
4. Send DS12N callback with CxlStsId INVALID
5. Verify callback is rejected with 400
6. Verify RTP status is still RFC_SENT
","3033","An RFC callback DS12N INVALID is rejected with 400 - through Web API cancel","functional-tests.tests.callbacks","2026-08-19","passed","2026-08-19","","test_RTP_callback_DS_12N","",""
"MOCKSP04 owns MOCKSP01 as well as its own spId; status must reflect the activation either way.","1175","An active payer returns isActive true when activated under an owned but distinct Service Provider ID","functional-tests.tests.activation","2026-08-19","passed","2026-08-19","","test_debtor_activation_payer_status","",""
"","574","All auth fixtures expose a valid Bearer token format","functional-tests.tests.auth","2026-08-19","passed","2026-08-19","","test_auth","",""
"","1974","Cannot send RTP with invalid amount","functional-tests.tests.availability","2026-08-19","passed","2026-08-19","","test_availability_CBI","",""
"","1147","Deactivation fails for activation by another service provider","functional-tests.tests.activation","2026-08-19","passed","2026-08-19","","test_debtor_deactivation","",""
"
Test v2 RFC callback DS12N with RJCR status applied twice on the same RTP.

Flow:
1. Activate payer
2. Send an RTP via GPD message v2 (CREATE VALID)
3. Cancel the RTP via GPD message v2 (DELETE) -> RTP to RFC_SENT
4. Send DS12N callback with CxlStsId RJCR (Rejected Cancellation Request) -> RTP to CANCELLED_REJECTED
5. Send the same DS12N RJCR callback again on the already transitioned RTP
6. Verify the second callback is rejected (400) since the transition is no longer valid
7. Verify RTP status remains CANCELLED_REJECTED
","4925","Failed v2 RFC callback for invalid RTP transition - DS-12N negative compliant","functional-tests.tests.callbacks_v2","2026-08-19","passed","2026-08-19","","test_RTP_callback_DS_12N_negative","",""
"Test that takeover fails when an invalid OTP is provided","1859","Test Takeover Fails with Invalid OTP","functional-tests.tests.takeover","2026-08-19","passed","2026-08-19","","test_debtor_takeover","",""
"
Test RFC callback DS12N with RJCR status, cancel triggered via REST Web API with explicit reason.

Flow:
1. Activate payer
2. Send an RTP via GPD message (CREATE VALID)
3. Cancel the RTP via REST cancel endpoint with cancel_reason → RTP to RFC_SENT
4. Send DS12N callback with CxlStsId RJCR (Rejected Cancellation Request)
5. Verify callback is accepted (200)
6. Verify RTP status is ERROR_CANCEL
","3555","An RFC callback DS12N RJCR is successfully received and RTP status is ERROR_CANCEL - through Web API cancel","functional-tests.tests.callbacks","2026-08-19","passed","2026-08-19","","test_RTP_callback_DS_12N","",""
"","3116","A v2 RTP callback with invalid status is rejected without affecting the RTP status","functional-tests.tests.callbacks_v2","2026-08-19","passed","2026-08-19","","test_RTP_callback_DS_08P_positive","",""
"","1247","An RTP is sent through GPD message API","functional-tests.tests.send_rtp","2026-08-19","passed","2026-08-19","","test_RTP_send_MOCK","",""
"","2744","An RTP sent with synchronous acceptance is in status ACCEPTED - DS-05 ACTC - through Web API V2","functional-tests.tests.send_rtp","2026-08-19","passed","2026-08-19","","test_RTP_send_MOCK","",""
"","3059","SP_B cannot retrieve activation by Fiscal Code created by SP_A","functional-tests.tests.activation","2026-08-19","passed","2026-08-19","","test_RTP_activation_security","",""
"
Payer activated under SP A.
Token with read_rtp_all can read across all Service Providers:
the admin client sub does not match SP A, yet isActive must be true.
","1156","read_rtp_all role returns isActive true for a payer on any Service Provider","functional-tests.tests.activation","2026-08-19","passed","2026-08-19","","test_debtor_activation_payer_status","",""
"UPDATE VALID with an ec_tax_code that does not exist in GPD returns 422 Payee not found","1189","An UPDATE VALID message with a non-existent ec_tax_code is rejected","functional-tests.tests.process_messages_sender","2026-08-19","passed","2026-08-19","","test_RTP_process_sender_UPDATE","",""
"","587","Get payees consents with extreme page size returns 400","functional-tests.tests.service_registry","2026-08-19","passed","2026-08-19","","test_get_payees_consents","",""
"","2691","An authenticated creditor Service Provider can send an RTP to an activated debtor","bdd-tests","2026-08-19","passed","2026-08-19","RTP_Sending","RTP","",""
"
Test RFC callback DS12N with RJCR status.

Flow:
1. Activate payer
2. Send an RTP via GPD message (CREATE VALID)
3. Cancel the RTP via GPD message (DELETE) → RTP to RFC_SENT
4. Send DS12N callback with CxlStsId RJCR (Rejected Cancellation Request)
5. Verify callback is accepted (200)
6. Verify RTP status is ERROR_CANCEL
","3654","An RFC callback DS12N RJCR is successfully received and RTP status is ERROR_CANCEL","functional-tests.tests.callbacks","2026-08-19","passed","2026-08-19","","test_RTP_callback_DS_12N","",""
"
Verify that a debt position can be updated successfully.
","6832","Happy path: a debt position is updated in UAT environment","functional-tests.tests.gpd_availability","2026-08-19","passed","2026-08-19","","test_availability_GPD","",""
"
Test RFC callback DS12N with INVALID status, cancel via REST Web API.

Flow:
1. Activate payer
2. Send an RTP via GPD message (CREATE VALID)
3. Cancel the RTP via REST cancel endpoint with cancel_reason → RTP to RFC_SENT
4. Send DS12N callback with CxlStsId INVALID
5. Verify callback is rejected with 400
6. Verify RTP status is still RFC_SENT
","3086","An RFC callback DS12N INVALID is rejected with 400 - through Web API cancel","functional-tests.tests.callbacks","2026-08-19","passed","2026-08-19","","test_RTP_callback_DS_12N","",""
"Test sending a DELETE operation message via GPD message API after a CREATE VALID + UPDATE","3418","A DELETE message after CREATE VALID + UPDATE INVALID","functional-tests.tests.process_messages_sender","2026-08-19","passed","2026-08-19","","test_RTP_process_sender_DELETE","",""
"DS_08N RJCT callback sent after a prior DS_05 ACTC callback.

The RTP is expected to transition from SENT to ACCEPTED, then to USER_REJECTED.
","4547","A v2 RTP callback with status RJCT after DS_05 transitions the RTP to USER_REJECTED","functional-tests.tests.callbacks_v2","2026-08-19","passed","2026-08-19","","test_RTP_callback_DS_08N_negative","",""
"Each entry in ``INVALID_PAYER_IDS`` (see dataset docstring) must be rejected with 400.","560","The activation request must contain a validly formatted fiscal code","functional-tests.tests.activation","2026-08-19","passed","2026-08-19","","test_debtor_activation_create","",""
"","562","All auth fixtures expose a valid Bearer token format","functional-tests.tests.auth","2026-08-19","passed","2026-08-19","","test_auth","",""
"","582","Invalid pagination parameters returns 400","functional-tests.tests.activation","2026-08-19","passed","2026-08-19","","test_debtor_activation_list","",""
"","566","Deactivation fails for non-existing activation","functional-tests.tests.activation","2026-08-19","passed","2026-08-19","","test_debtor_deactivation","",""
"","2165","An RTP sent when EPC response contains an unknown field is ignored and remains in status SENT - through Web API","functional-tests.tests.send_rtp","2026-08-19","passed","2026-08-19","","test_RTP_send_MOCK","",""
"","3547","A v2 document RTP callback with status RJCT is successfully received","functional-tests.tests.callbacks_v2","2026-08-19","passed","2026-08-19","","test_RTP_callback_DS_document_rjct","",""
"
Given a noticeNumber that does not correspond to any RTP in the database,
when the payee queries the delivery-status endpoint,
then the response must be HTTP 200 with status=PD_RTP_NOT_DELIVERED and
processingDate absent or null.
","635","Non-existent noticeNumber → PD_RTP_NOT_DELIVERED","functional-tests.tests.get_rtp","2026-08-19","passed","2026-08-19","","test_RTP_get_delivery_status","",""
"Test sending a CREATE operation message with different statuses via GPD message API","1162","A CREATE message with status PARTIALLY_PAID","functional-tests.tests.process_messages_sender","2026-08-19","passed","2026-08-19","","test_RTP_process_sender_CREATE","",""
"","4539","Failed v2 document callback for invalid RTP transition - DS-document RJCT compliant","functional-tests.tests.callbacks_v2","2026-08-19","passed","2026-08-19","","test_RTP_callback_DS_document_rjct","",""
"Parametrized contract test generated from the Send API OpenAPI spec.

Schemathesis derives one test case per endpoint defined in the spec, generating
request data (path params, query params, body) that is valid according to the schema.
Each case is executed against the live API and the response is validated with
CONTRACT_CHECKS.

An additional assertion verifies that the Location header is present on 201 responses
from POST /rtps, as required by the spec.
","190661","test_send_api_contract[POST /gpd/message]","contract-tests.tests","2026-08-19","passed","2026-08-19","","test_api_send_rtp","",""
"","1839","An RTP sent when EPC response omits _links is in status ACCEPTED - through Web API","functional-tests.tests.send_rtp","2026-08-19","passed","2026-08-19","","test_RTP_send_MOCK","",""
"Test sending a DELETE operation message via GPD message API after a standalone UPDATE (no prior CREATE)","1748","A DELETE message after standalone UPDATE EXPIRED","functional-tests.tests.process_messages_sender","2026-08-19","passed","2026-08-19","","test_RTP_process_sender_DELETE","",""
"","4903","RTP form is filled and submitted","ux-tests.tests","2026-08-19","passed","2026-08-19","","test_RTP_cancel_v3","",""
"","2264","An RTP is sent through ICCREA API","functional-tests.tests.availability","2026-08-19","passed","2026-08-19","","test_availability_ICCREA","",""
"","2486","Failed callback for non existing Service Provider - DS-08N negative compliant","functional-tests.tests.callbacks_v2","2026-08-19","passed","2026-08-19","","test_RTP_callback_DS_08N_negative","",""
"Each entry in ``INVALID_PAYER_IDS`` must be rejected with 400.

The ``description`` parameter appears in pytest output to identify which
case failed without having to inspect the raw value.
","565","Querying activation status with an invalid payerId format returns 400","functional-tests.tests.activation","2026-08-19","passed","2026-08-19","","test_debtor_activation_payer_status","",""
"","569","Non-existent NextActivationId returns 200 with empty body","functional-tests.tests.activation","2026-08-19","passed","2026-08-19","","test_debtor_activation_list","",""
"","569","Sending an RTP when EPC returns an unexpected status code error (RTP_05.CHK.A0007) returns 500","functional-tests.tests.send_rtp","2026-08-19","failed","2026-08-19","","test_RTP_send_MOCK","",""
"
Test v2 RFC callback DS12P with CNCL status.

Flow:
1. Activate payer
2. Send an RTP via GPD message v2 (CREATE VALID)
3. Cancel the RTP via GPD message v2 (DELETE) -> RTP to RFC_SENT
4. Send DS12P callback with CxlStsId CNCL (Cancelled As Per Request)
5. Verify callback is accepted (200)
6. Verify RTP status is CANCELLED
","3228","A v2 RFC callback DS12P CNCL is successfully received and RTP status is CANCELLED","functional-tests.tests.callbacks_v2","2026-08-19","passed","2026-08-19","","test_RTP_callback_DS_12P_positive","",""
"","1150","A debtor with omocodia fiscal code is activated successfully","functional-tests.tests.activation","2026-08-19","passed","2026-08-19","","test_debtor_activation_create","",""
"","1230","A second service provider triggers takeover when debtor is already active on another service provider","functional-tests.tests.activation","2026-08-19","passed","2026-08-19","","test_debtor_activation_create","",""
"","3152","Failed callback for non existing Service Provider - DS-08P positive compliant","functional-tests.tests.callbacks_v2","2026-08-19","passed","2026-08-19","","test_RTP_callback_DS_08P_positive","",""
"The PSP synchronously rejects the cancellation request with 422 (per standard behaviour for the EPC 406 Not Acceptable scenario). The RTP then transitions to ERROR_CANCEL via ERROR_CANCEL_RTP.","2550","Cancelling an RTP - EPC v4 mock unhappy path scenario: epc_406","functional-tests.tests.cancel_rtp","2026-08-19","failed","2026-08-19","","test_RTP_cancel_MOCK_V2","",""
"","1868","Sending a GPD message with null operation returns 400","functional-tests.tests.send_rtp","2026-08-19","passed","2026-08-19","","test_RTP_send_MOCK","",""
"","3437","A v2 redirect RTP callback with status ACTC is successfully received","functional-tests.tests.callbacks_v2","2026-08-19","passed","2026-08-19","","test_RTP_callback_DS_05_redirect","",""
"","563","Invalid NextActivationId format returns 400","functional-tests.tests.activation","2026-08-19","passed","2026-08-19","","test_debtor_activation_list","",""
"Same privacy rule as the cross-SP case: no explicit error, isActive is just false.","1158","Get payer status returns isActive false when the token subject does not own the activation's Service Provider ID","functional-tests.tests.activation","2026-08-19","passed","2026-08-19","","test_debtor_activation_payer_status","",""
"","1833","An RTP sent with synchronous acceptance is in status ACCEPTED - DS-05 ACTC - through Web API","functional-tests.tests.send_rtp","2026-08-19","passed","2026-08-19","","test_RTP_send_MOCK","",""
"","1219","Get by activation id returns 404 when the token subject does not own the activation's Service Provider ID","functional-tests.tests.activation","2026-08-19","passed","2026-08-19","","test_debtor_activation_get","",""
"","2215","A debtor Service Provider tries to activates a debtor 2 times, failing the second attempt","bdd-tests","2026-08-19","passed","2026-08-19","Debtor_Activation","RTP","",""
"Each entry in ``INVALID_PAYER_IDS`` must be rejected with 400.

The ``description`` parameter appears in pytest output to identify which
case failed without having to inspect the raw value.
","564","Querying activation status with an invalid payerId format returns 400","functional-tests.tests.activation","2026-08-19","passed","2026-08-19","","test_debtor_activation_payer_status","",""
"Test sending an UPDATE after CREATE VALID + DELETE with different statuses","2619","An UPDATE message with status VALID after CREATE VALID and DELETE","functional-tests.tests.process_messages_sender","2026-08-19","passed","2026-08-19","","test_RTP_process_sender_UPDATE","",""
"","1866","An RTP sent when EPC response omits _links is in status ACCEPTED","functional-tests.tests.send_rtp","2026-08-19","passed","2026-08-19","","test_RTP_send_MOCK","",""
"","1154","A debtor activated with an owned but distinct Service Provider ID is retrieved by activation id","functional-tests.tests.activation","2026-08-19","passed","2026-08-19","","test_debtor_activation_get","",""
"Each entry in ``INVALID_PAYER_IDS`` must be rejected with 400.

The ``description`` parameter appears in pytest output to identify which
case failed without having to inspect the raw value.
","572","Querying activation status with an invalid payerId format returns 400","functional-tests.tests.activation","2026-08-19","passed","2026-08-19","","test_debtor_activation_payer_status","",""
"","571","RTP cancellation fails if resource ID does not exist - V2","functional-tests.tests.cancel_rtp","2026-08-19","passed","2026-08-19","","test_RTP_cancel","",""
"","651","The RTP web page is reachable","functional-tests.tests.availability","2026-08-19","passed","2026-08-19","","test_availability_RTP_webform","",""
"","5178","Failed callback for invalid RTP transition - DS-05 ACTC compliant","functional-tests.tests.callbacks","2026-08-19","passed","2026-08-19","","test_RTP_callback_DS_05","",""
"","1200","A debtor with omocodia fiscal code is activated and retrieved by activation id","functional-tests.tests.activation","2026-08-19","passed","2026-08-19","","test_debtor_activation_get","",""
"","2388","An RTP sent with synchronous rejection containing extra fields results in status REJECTED - through Web API","functional-tests.tests.send_rtp","2026-08-19","passed","2026-08-19","","test_RTP_send_MOCK","",""
"","651","Sending to non-activated debtor returns 422 - through Web API V2","functional-tests.tests.send_rtp","2026-08-19","passed","2026-08-19","","test_RTP_send_MOCK","",""
"","3917","An RTP callback with invalid status is received and processed with success without affecting the RTP status","functional-tests.tests.callbacks","2026-08-19","passed","2026-08-19","","test_RTP_callback_DS_05","",""
"Test sending an UPDATE operation message with different statuses via GPD message API after a CREATE","4294","An UPDATE message with status PAID after CREATE","functional-tests.tests.process_messages_sender","2026-08-19","passed","2026-08-19","","test_RTP_process_sender_UPDATE","",""
"The response body is not a recognizable cancellation confirmation (quoted plain string), so the RTP stays in RFC_SENT.","2582","Cancelling an RTP - EPC v4 mock happy path scenario: plain_string","functional-tests.tests.cancel_rtp","2026-08-19","passed","2026-08-19","","test_RTP_cancel_MOCK_V2","",""
"Test sending an UPDATE operation message with different statuses via GPD message API before a CREATE","1197","An UPDATE message with status DRAFT before CREATE","functional-tests.tests.process_messages_sender","2026-08-19","passed","2026-08-19","","test_RTP_process_sender_UPDATE_before_CREATE","",""
"","3108","DS_05 redirect v2 callback with Version header returns 400","functional-tests.tests.callbacks_v2","2026-08-19","passed","2026-08-19","","test_RTP_callback_with_version_header","",""
"Authenticated but not authorized: token of SP A tries to use OTP issued for SP B","1734","Test Takeover Fails with Wrong SP Token","functional-tests.tests.takeover","2026-08-19","passed","2026-08-19","","test_debtor_takeover","",""
"","566","Retrieving activation with invalid UUID returns 400","functional-tests.tests.activation","2026-08-19","passed","2026-08-19","","test_debtor_activation_get","",""
"Test sending an UPDATE after CREATE VALID + DELETE with different statuses","2472","An UPDATE message with status PUBLISHED after CREATE VALID and DELETE","functional-tests.tests.process_messages_sender","2026-08-19","passed","2026-08-19","","test_RTP_process_sender_UPDATE","",""
"","1158","A debtor is activated and retrieved by activation id","functional-tests.tests.activation","2026-08-19","passed","2026-08-19","","test_debtor_activation_get","",""
"","1937","Sending an RTP when EPC returns an unexpected status code error (RTP_05.CHK.A0007) returns 500 - through Web API","functional-tests.tests.send_rtp","2026-08-19","failed","2026-08-19","","test_RTP_send_MOCK","",""
"","6312","Failed callback for invalid RTP transition - DS-08P RJCT compliant","functional-tests.tests.callbacks","2026-08-19","passed","2026-08-19","","test_RTP_callback_DS_08","",""
"`Sts.Conf = ""CNCL""` triggers CANCEL_RTP -> CONFIRM_RFC -> CANCEL_RTP_ACCR, ending in CANCELLED_ACCR.","3911","Cancelling an RTP - EPC v4 mock happy path scenario: cncl_confirmed","functional-tests.tests.cancel_rtp","2026-08-19","passed","2026-08-19","","test_RTP_cancel_MOCK_V2","",""
"Test sending an UPDATE operation message with different statuses via GPD message API after a CREATE","2422","An UPDATE message with status EXPIRED after CREATE","functional-tests.tests.process_messages_sender","2026-08-19","passed","2026-08-19","","test_RTP_process_sender_UPDATE","",""
"","540","Retrieving activation without valid token returns 401","functional-tests.tests.activation","2026-08-19","passed","2026-08-19","","test_debtor_activation_get","",""
"Test sending a DELETE operation message via GPD message API after a CREATE VALID + UPDATE","2473","A DELETE message after CREATE VALID + UPDATE DRAFT","functional-tests.tests.process_messages_sender","2026-08-19","passed","2026-08-19","","test_RTP_process_sender_DELETE","",""
"Payer activated under SP A queried by SP A → isActive must be true.","1173","An active payer returns isActive true for the same Service Provider","functional-tests.tests.activation","2026-08-19","passed","2026-08-19","","test_debtor_activation_payer_status","",""
"Test sending an UPDATE operation message with different statuses via GPD message API after a CREATE","1867","An UPDATE message with status INVALID after CREATE","functional-tests.tests.process_messages_sender","2026-08-19","passed","2026-08-19","","test_RTP_process_sender_UPDATE","",""
"
Test RFC callback DS12P with CNCL status applied twice on the same RTP.

Flow:
1. Activate payer
2. Send an RTP via GPD message (CREATE VALID)
3. Cancel the RTP via GPD message (DELETE) -> RTP to RFC_SENT
4. Send DS12P callback with CxlStsId CNCL (Cancelled As Per Request) -> RTP to CANCELLED
5. Send the same DS12P CNCL callback again on the already cancelled RTP
6. Verify the second callback is rejected (400) since the transition is no longer valid
7. Verify RTP status remains CANCELLED
","4266","Failed RFC callback for invalid RTP transition - DS-12P CNCL compliant","functional-tests.tests.callbacks","2026-08-19","passed","2026-08-19","","test_RTP_callback_DS_12P","",""
"Each entry in ``INVALID_PAYER_IDS`` must be rejected with 400.

The ``description`` parameter appears in pytest output to identify which
case failed without having to inspect the raw value.
","567","Querying activation status with an invalid payerId format returns 400","functional-tests.tests.activation","2026-08-19","passed","2026-08-19","","test_debtor_activation_payer_status","",""
"Test sending an UPDATE operation message with different statuses via GPD message API before a CREATE","1266","An UPDATE message with status VALID before CREATE","functional-tests.tests.process_messages_sender","2026-08-19","passed","2026-08-19","","test_RTP_process_sender_UPDATE_before_CREATE","",""
"
Test RFC callback DS12N with wrong certificate identity, cancel via REST Web API.

Flow:
1. Activate payer
2. Send an RTP via GPD message (CREATE VALID)
3. Cancel the RTP via REST cancel endpoint with cancel_reason → RTP to RFC_SENT
4. Send DS12N callback with assignee_bic='FAKESP01' (doesn't match certificate identity MOCKSP04)
5. Verify callback is rejected with 403 (certificate mismatch)
","2435","Unauthorized RFC callback due to wrong certificate serial - through Web API cancel","functional-tests.tests.callbacks","2026-08-19","passed","2026-08-19","","test_RTP_callback_DS_12N","",""
"","1161","A debtor activated with an owned but distinct Service Provider ID is retrieved by payer id","functional-tests.tests.activation","2026-08-19","passed","2026-08-19","","test_debtor_activation_get","",""
"","1107","Whitespaces is allowed in description and company name field","ux-tests.tests","2026-08-19","passed","2026-08-19","","test_RTP_submission_v4","",""
"Each entry in ``INVALID_PAYER_IDS`` must be rejected with 400.

The ``description`` parameter appears in pytest output to identify which
case failed without having to inspect the raw value.
","577","Querying activation status with an invalid payerId format returns 400","functional-tests.tests.activation","2026-08-19","passed","2026-08-19","","test_debtor_activation_payer_status","",""
"","1168","Sending a GPD message with null id returns 400","functional-tests.tests.send_rtp","2026-08-19","passed","2026-08-19","","test_RTP_send_MOCK","",""
"MOCKSP04 owns both its own spId and MOCKSP01; redeeming an OTP scoped to MOCKSP01 must
assign MOCKSP01 to the new activation, not MOCKSP04 (the redeemer's own tspId).","3499","Test Takeover Redemption Assigns the OTP's Owned Service Provider ID","functional-tests.tests.takeover","2026-08-19","passed","2026-08-19","","test_debtor_takeover","",""
"No `Sts.Conf` confirmation is present (Sts block omitted entirely), so only CANCEL_RTP is triggered and the RTP stays in RFC_SENT.","2725","Cancelling an RTP - EPC v4 mock happy path scenario: no_sts_block","functional-tests.tests.cancel_rtp","2026-08-19","passed","2026-08-19","","test_RTP_cancel_MOCK_V2","",""
"
DS_08N callback sent with the Version header must be rejected with 400.
The RTP must remain in SENT (transition to REJECTED must not happen).

Flow:
1. Activate payer and send an RTP → resource_id
2. Build a valid DS_08N payload referencing the RTP
3. POST to callback endpoint WITH Version header
4. Verify 400 is returned with the expected error body
5. Verify RTP status is still SENT
","2912","DS_08N callback with Version header returns 400","functional-tests.tests.callbacks","2026-08-19","passed","2026-08-19","","test_RTP_callback_with_version_header","",""
"","2919","A debtor Service Provider activates a debtor","bdd-tests","2026-08-19","passed","2026-08-19","Debtor_Activation","RTP","",""
"Takeover without a previously issued OTP should fail","1187","Test Takeover Fails without Prior OTP","functional-tests.tests.takeover","2026-08-19","passed","2026-08-19","","test_debtor_takeover","",""
"","568","All auth fixtures expose a valid Bearer token format","functional-tests.tests.auth","2026-08-19","passed","2026-08-19","","test_auth","",""
"Each entry in ``INVALID_PAYER_IDS`` must be rejected with 400.

The ``description`` parameter appears in pytest output to identify which
case failed without having to inspect the raw value.
","569","Querying activation status with an invalid payerId format returns 400","functional-tests.tests.activation","2026-08-19","passed","2026-08-19","","test_debtor_activation_payer_status","",""
"","10026","RTP form cancellation with reason PAID","ux-tests.tests","2026-08-19","failed","2026-08-19","","test_RTP_cancel_v3","",""
"Test sending a DELETE operation message via GPD message API after a standalone UPDATE (no prior CREATE)","1873","A DELETE message after standalone UPDATE VALID","functional-tests.tests.process_messages_sender","2026-08-19","passed","2026-08-19","","test_RTP_process_sender_DELETE","",""
"","1672","Get payees consents with wrong token type returns 403","functional-tests.tests.service_registry","2026-08-19","passed","2026-08-19","","test_get_payees_consents","",""
"Each entry in ``INVALID_PAYER_IDS`` (see dataset docstring) must be rejected with 400.","560","The activation request must contain a validly formatted fiscal code","functional-tests.tests.activation","2026-08-19","passed","2026-08-19","","test_debtor_activation_create","",""
"
Test RFC callback DS12P with INVALID status, cancel via REST Web API.

Flow:
1. Activate payer
2. Send an RTP via GPD message (CREATE VALID)
3. Cancel the RTP via REST cancel endpoint with cancel_reason → RTP to RFC_SENT
4. Send DS12P callback with CxlStsId INVALID
5. Verify callback is rejected with 400
6. Verify RTP status is still RFC_SENT
","3012","An RFC callback DS12P INVALID is rejected with 400 - through Web API cancel","functional-tests.tests.callbacks","2026-08-19","passed","2026-08-19","","test_RTP_callback_DS_12P","",""
"","571","Get payees consents with negative page size returns 400","functional-tests.tests.service_registry","2026-08-19","passed","2026-08-19","","test_get_payees_consents","",""
"","3523","Successfully cancel a Request to Pay","bdd-tests","2026-08-19","passed","2026-08-19","RTP_Cancellation","RTP","",""
"","1143","An RTP is sent to Poste service with activated fiscal code - through Web API","functional-tests.tests.send_rtp","2026-08-19","passed","2026-08-19","","test_RTP_send_POSTE","",""
"
Test RFC callback DS12N with INVALID status.

Flow:
1. Activate payer
2. Send an RTP via GPD message (CREATE VALID)
3. Cancel the RTP via GPD message (DELETE) → RTP to RFC_SENT
4. Send DS12N callback with CxlStsId INVALID
5. Verify callback is rejected with 400
6. Verify RTP status is still RFC_SENT
","3857","An RFC callback DS12N INVALID is rejected with 400","functional-tests.tests.callbacks","2026-08-19","passed","2026-08-19","","test_RTP_callback_DS_12N","",""
"","582","Get payees consents with invalid authorization returns 401","functional-tests.tests.service_registry","2026-08-19","passed","2026-08-19","","test_get_payees_consents","",""
"Test sending an UPDATE after CREATE VALID + DELETE with different statuses","2883","An UPDATE message with status INVALID after CREATE VALID and DELETE","functional-tests.tests.process_messages_sender","2026-08-19","passed","2026-08-19","","test_RTP_process_sender_UPDATE","",""
"MOCKSP04 owns MOCKSP01 as well as its own spId; activation must be allowed on either.","1374","A debtor is activated using a Service Provider ID the token subject owns but does not itself represent","functional-tests.tests.activation","2026-08-19","passed","2026-08-19","","test_debtor_activation_create","",""
"
Test RFC callback DS12P with INVALID status.

Flow:
1. Activate payer
2. Send an RTP via GPD message (CREATE VALID)
3. Cancel the RTP via GPD message (DELETE) → RTP to RFC_SENT
4. Send DS12P callback with CxlStsId INVALID
5. Verify callback is rejected with 400
6. Verify RTP status is still RFC_SENT
","3504","An RFC callback DS12P INVALID is rejected with 400","functional-tests.tests.callbacks","2026-08-19","passed","2026-08-19","","test_RTP_callback_DS_12P","",""
"","1882","An RTP sent when EPC response contains an unknown field is ignored and remains in status SENT","functional-tests.tests.send_rtp","2026-08-19","passed","2026-08-19","","test_RTP_send_MOCK","",""
"","1145","Deactivation returns 404 when the token subject does not own the activation's Service Provider ID","functional-tests.tests.activation","2026-08-19","passed","2026-08-19","","test_debtor_deactivation","",""
"","1692","A debtor Service Provider cannot send an RTP","bdd-tests","2026-08-19","passed","2026-08-19","RTP_Sending","RTP","",""
"","562","All auth fixtures expose a valid Bearer token format","functional-tests.tests.auth","2026-08-19","passed","2026-08-19","","test_auth","",""
"Each entry in ``INVALID_PAYER_IDS`` (see dataset docstring) must be rejected with 400.","575","The activation request must contain a validly formatted fiscal code","functional-tests.tests.activation","2026-08-19","passed","2026-08-19","","test_debtor_activation_create","",""
"","606","inexistent RTP -> empty body","functional-tests.tests.get_rtp","2026-08-19","passed","2026-08-19","","test_RTP_get","",""
"","559","Missing Version header returns 200","functional-tests.tests.activation","2026-08-19","passed","2026-08-19","","test_debtor_activation_list","",""
"","3209","Attempt to cancel a non-existing RTP","bdd-tests","2026-08-19","passed","2026-08-19","RTP_Cancellation","RTP","",""
"","4243","An RTP callback is successfully received with status ACCP","functional-tests.tests.callbacks","2026-08-19","passed","2026-08-19","","test_RTP_callback_DS_08","",""
"Takeover with syntactically valid but nonsensical body should fail","1923","Test Takeover Fails with Nonsensical Body","functional-tests.tests.takeover","2026-08-19","passed","2026-08-19","","test_debtor_takeover","",""
"","573","Get payees consents with invalid date format returns 400","functional-tests.tests.service_registry","2026-08-19","passed","2026-08-19","","test_get_payees_consents","",""
"","1866","An RTP sent with synchronous acceptance is in status ACCEPTED - DS-05 ACTC","functional-tests.tests.send_rtp","2026-08-19","passed","2026-08-19","","test_RTP_send_MOCK","",""
"","1921","An RTP sent when EPC response contains an unknown field is ignored and remains in status SENT - through Web API V2","functional-tests.tests.send_rtp","2026-08-19","passed","2026-08-19","","test_RTP_send_MOCK","",""
"Each entry in ``INVALID_PAYER_IDS`` must be rejected with 400.

The ``description`` parameter appears in pytest output to identify which
case failed without having to inspect the raw value.
","1402","Querying activation status with an invalid payerId format returns 400","functional-tests.tests.activation","2026-08-19","passed","2026-08-19","","test_debtor_activation_payer_status","",""
"","1156","Find by payer id returns 404 when the token subject does not own the activation's Service Provider ID","functional-tests.tests.activation","2026-08-19","passed","2026-08-19","","test_debtor_activation_get","",""
"","568","Failed callback for non existing Service Provider - DS-08P compliant","functional-tests.tests.callbacks","2026-08-19","passed","2026-08-19","","test_RTP_callback_DS_08","",""
"Active payer with a foreign-country fiscal code (Z + 3 digits municipality) → isActive must be true.","1167","An active payer with foreign fiscal code returns isActive true","functional-tests.tests.activation","2026-08-19","passed","2026-08-19","","test_debtor_activation_payer_status","",""
"","1333","An authenticated Service Provider cannot send an RTP to an unactivated debtor","bdd-tests","2026-08-19","passed","2026-08-19","RTP_Sending","RTP","",""
"
SP A activates the payer.
SP B queries the status → must get isActive=false to avoid disclosing
that the payer is registered under a competitor SP.
","1159","A payer active on a different Service Provider returns isActive false (privacy)","functional-tests.tests.activation","2026-08-19","passed","2026-08-19","","test_debtor_activation_payer_status","",""
"","1403","An RTP is sent through API - through Web API V2","functional-tests.tests.send_rtp","2026-08-19","passed","2026-08-19","","test_RTP_send_MOCK","",""
"Test sending a DELETE operation message via GPD message API after a standalone UPDATE (no prior CREATE)","1742","A DELETE message after standalone UPDATE DRAFT","functional-tests.tests.process_messages_sender","2026-08-19","passed","2026-08-19","","test_RTP_process_sender_DELETE","",""
"Each entry in ``INVALID_PAYER_IDS`` must be rejected with 400.

The ``description`` parameter appears in pytest output to identify which
case failed without having to inspect the raw value.
","572","Querying activation status with an invalid payerId format returns 400","functional-tests.tests.activation","2026-08-19","passed","2026-08-19","","test_debtor_activation_payer_status","",""
"","3104","An RTP callback with status ACTC is successfully received","functional-tests.tests.callbacks","2026-08-19","passed","2026-08-19","","test_RTP_callback_DS_05","",""
"Test sending a CREATE operation message via GPD message API","1818","A CREATE message is successfully sent through GPD message API","functional-tests.tests.process_messages_sender","2026-08-19","passed","2026-08-19","","test_RTP_process_sender","",""
"
Tests that sending an RTP payload with an amount over the POSTE limit results in a 400 Bad Request response.

:param debtor_sp_mock_cert_key: Certificate and key tuple for mutual TLS authentication.
:type debtor_sp_mock_cert_key: Tuple[str, str]
","1092","Cannot send RTP with an amount over the POSTE limit","functional-tests.tests.availability","2026-08-19","failed","2026-08-19","","test_availability_POSTE","",""
"
Verify that a debt position can be deleted successfully.
","2695","Happy path: a debt position is deleted in DEV environment","functional-tests.tests.gpd_availability","2026-08-19","passed","2026-08-19","","test_availability_GPD","",""
"Each entry in ``INVALID_PAYER_IDS`` (see dataset docstring) must be rejected with 400.","1021","The activation request must contain a validly formatted fiscal code","functional-tests.tests.activation","2026-08-19","passed","2026-08-19","","test_debtor_activation_create","",""
"Test sending a DELETE operation message via GPD message API after a CREATE","1773","A DELETE message after CREATE DRAFT","functional-tests.tests.process_messages_sender","2026-08-19","passed","2026-08-19","","test_RTP_process_sender_DELETE","",""
"","588","Unauthorized callback due to wrong certificate serial","functional-tests.tests.callbacks","2026-08-19","passed","2026-08-19","","test_RTP_callback_DS_04","",""
"","1161","A debtor with foreign fiscal code is activated and retrieved by activation id","functional-tests.tests.activation","2026-08-19","passed","2026-08-19","","test_debtor_activation_get","",""
"Test sending a CREATE operation message with different statuses via GPD message API","1397","A CREATE message with status DRAFT","functional-tests.tests.process_messages_sender","2026-08-19","passed","2026-08-19","","test_RTP_process_sender_CREATE","",""
"Parametrized contract test generated from the Activation API OpenAPI spec.

Schemathesis derives one test case per endpoint defined in the spec, generating
request data (path params, query params, body) that is valid according to the schema.
Each case is executed against the live API and the response is validated with
CONTRACT_CHECKS.
","83968","test_activation_contract[GET /activations/payer]","contract-tests.tests","2026-08-19","passed","2026-08-19","","test_activation","",""
"Test sending a DELETE operation message via GPD message API after a CREATE VALID + UPDATE","3088","A DELETE message after CREATE VALID + UPDATE PAID","functional-tests.tests.process_messages_sender","2026-08-19","passed","2026-08-19","","test_RTP_process_sender_DELETE","",""
"","2468","Unauthorized callback due to wrong certificate serial","functional-tests.tests.callbacks_v2","2026-08-19","passed","2026-08-19","","test_RTP_callback_DS_08P_positive","",""
"The response cannot be parsed as a cancellation confirmation (malformed, unquoted string), so the RTP stays in RFC_SENT rather than erroring out.","2550","Cancelling an RTP - EPC v4 mock unhappy path scenario: malformed_string","functional-tests.tests.cancel_rtp","2026-08-19","passed","2026-08-19","","test_RTP_cancel_MOCK_V2","",""
"","2403","An RTP callback is received with invalid status","functional-tests.tests.callbacks","2026-08-19","passed","2026-08-19","","test_RTP_callback_DS_08","",""
"","534","The service returns the mocked server error","functional-tests.tests.availability","2026-08-19","passed","2026-08-19","","test_availability_MOCK","",""
"
Test v2 RFC callback DS12P with CNCL status applied twice on the same RTP.

Flow:
1. Activate payer
2. Send an RTP via GPD message v2 (CREATE VALID)
3. Cancel the RTP via GPD message v2 (DELETE) -> RTP to RFC_SENT
4. Send DS12P callback with CxlStsId CNCL (Cancelled As Per Request) -> RTP to CANCELLED
5. Send the same DS12P CNCL callback again on the already cancelled RTP
6. Verify the second callback is rejected (400) since the transition is no longer valid
7. Verify RTP status remains CANCELLED
","4731","Failed v2 RFC callback for invalid RTP transition - DS-12P positive compliant","functional-tests.tests.callbacks_v2","2026-08-19","passed","2026-08-19","","test_RTP_callback_DS_12P_positive","",""
"
Test RFC callback DS12P with non-existing service provider.

Flow:
1. Activate payer
2. Send an RTP via GPD message (CREATE VALID)
3. Cancel the RTP via GPD message (DELETE) → RTP to RFC_SENT
4. Send DS12P callback with non-existing BIC (MOCKSP99)
5. Verify callback is rejected with 400 (service provider not found)
","2471","Failed RFC callback for non existing Service Provider - DS-12P CNCL compliant","functional-tests.tests.callbacks","2026-08-19","passed","2026-08-19","","test_RTP_callback_DS_12P","",""
"","584","Sending an RTP when EPC returns a malformed/invalid response body returns 500 - through Web API V2","functional-tests.tests.send_rtp","2026-08-19","failed","2026-08-19","","test_RTP_send_MOCK","",""
"Test sending a DELETE operation message via GPD message API after a standalone UPDATE (no prior CREATE)","1752","A DELETE message after standalone UPDATE PAID","functional-tests.tests.process_messages_sender","2026-08-19","passed","2026-08-19","","test_RTP_process_sender_DELETE","",""
"Test sending a CREATE operation message with an omocodia fiscal code via GPD message API","1256","A CREATE message with omocodia fiscal code is successfully sent through GPD message API","functional-tests.tests.process_messages_sender","2026-08-19","passed","2026-08-19","","test_RTP_process_sender","",""
"Test sending a CREATE operation message with an Italian VAT number via GPD message API","1277","A CREATE message with VAT number (Partita IVA) is successfully sent through GPD message API","functional-tests.tests.process_messages_sender","2026-08-19","passed","2026-08-19","","test_RTP_process_sender","",""
"","1389","An RTP is sent through API - through Web API","functional-tests.tests.send_rtp","2026-08-19","passed","2026-08-19","","test_RTP_send_MOCK","",""
"","1238","Get a page of activations","functional-tests.tests.activation","2026-08-19","passed","2026-08-19","","test_debtor_activation_list","",""
"
Test v2 RFC callback DS12N with wrong certificate identity.

Flow:
1. Activate payer
2. Send an RTP via GPD message v2 (CREATE VALID)
3. Cancel the RTP via GPD message v2 (DELETE) -> RTP to RFC_SENT
4. Send DS12N callback with assignee_bic='FAKESP01' (doesn't match certificate identity)
5. Verify callback is rejected with 403 (certificate mismatch)
6. Verify RTP status is still RFC_SENT
","3302","Unauthorized v2 RFC callback due to wrong certificate serial","functional-tests.tests.callbacks_v2","2026-08-19","passed","2026-08-19","","test_RTP_callback_DS_12N_negative","",""
"
Test v2 RFC callback DS12P with non-existing service provider.

Flow:
1. Activate payer
2. Send an RTP via GPD message v2 (CREATE VALID)
3. Cancel the RTP via GPD message v2 (DELETE) -> RTP to RFC_SENT
4. Send DS12P callback with non-existing BIC (MOCKSP99)
5. Verify callback is rejected with 400 (service provider not found)
6. Verify RTP status is still RFC_SENT
","3163","Failed v2 RFC callback for non existing Service Provider - DS-12P positive compliant","functional-tests.tests.callbacks_v2","2026-08-19","passed","2026-08-19","","test_RTP_callback_DS_12P_positive","",""
"","2177","RTP is successfully cancelled with reason MODT","functional-tests.tests.cancel_rtp","2026-08-19","passed","2026-08-19","","test_RTP_cancel","",""
"","2432","An RTP callback is received with invalid status","functional-tests.tests.callbacks","2026-08-19","passed","2026-08-19","","test_RTP_callback_DS_08","",""
"","583","All auth fixtures expose a valid Bearer token format","functional-tests.tests.auth","2026-08-19","passed","2026-08-19","","test_auth","",""
"Active payer with omocodia fiscal code (digit substitution) → isActive must be true.","2105","An active payer with omocodia fiscal code returns isActive true","functional-tests.tests.activation","2026-08-19","passed","2026-08-19","","test_debtor_activation_payer_status","",""
"","1185","A debtor with VAT number (Partita IVA) is activated successfully","functional-tests.tests.activation","2026-08-19","passed","2026-08-19","","test_debtor_activation_create","",""
"Payer that has never been activated → isActive must be false.","568","test_get_activation_status_not_active_payer","functional-tests.tests.activation","2026-08-19","passed","2026-08-19","","test_debtor_activation_payer_status","",""
"","1211","A debtor cannot be activated more than once by the same service provider","functional-tests.tests.activation","2026-08-19","passed","2026-08-19","","test_debtor_activation_create","",""
"
Tests that sending an RTP payload with an expired date to the POSTE endpoint results in a 400 Bad Request response.

:param debtor_sp_mock_cert_key: Certificate and key tuple for mutual TLS authentication.
:type debtor_sp_mock_cert_key: Tuple[str, str]
","979","Cannot send RTP with expired date","functional-tests.tests.availability","2026-08-19","failed","2026-08-19","","test_availability_POSTE","",""
"Test sending a DELETE operation message via GPD message API after a standalone UPDATE (no prior CREATE)","1745","A DELETE message after standalone UPDATE INVALID","functional-tests.tests.process_messages_sender","2026-08-19","passed","2026-08-19","","test_RTP_process_sender_DELETE","",""
"Each entry in ``INVALID_PAYER_IDS`` (see dataset docstring) must be rejected with 400.","574","The activation request must contain a validly formatted fiscal code","functional-tests.tests.activation","2026-08-19","failed","2026-08-19","","test_debtor_activation_create","",""
"
Test RFC callback DS12N with non-existing service provider, cancel via REST Web API.

Flow:
1. Activate payer
2. Send an RTP via GPD message (CREATE VALID)
3. Cancel the RTP via REST cancel endpoint with cancel_reason → RTP to RFC_SENT
4. Send DS12N callback with non-existing BIC (MOCKSP99)
5. Verify callback is rejected with 400 (service provider not found)
","2441","Failed RFC callback for non existing Service Provider - DS-12N RJCR compliant - through Web API cancel","functional-tests.tests.callbacks","2026-08-19","passed","2026-08-19","","test_RTP_callback_DS_12N","",""
"Reusing the same OTP after a successful takeover should fail","5072","Test Takeover Fails with Reused OTP","functional-tests.tests.takeover","2026-08-19","passed","2026-08-19","","test_debtor_takeover","",""
"Each entry in ``INVALID_PAYER_IDS`` (see dataset docstring) must be rejected with 400.","575","The activation request must contain a validly formatted fiscal code","functional-tests.tests.activation","2026-08-19","passed","2026-08-19","","test_debtor_activation_create","",""
"MOCKSP04 owns MOCKSP01 and triggers the OTP; FAKESP01, which owns neither, must be rejected
with an explicit ownership error, not merely a generic 403.","2094","Test Takeover Fails when Redeemer Does Not Own the OTP's Service Provider ID","functional-tests.tests.takeover","2026-08-19","passed","2026-08-19","","test_debtor_takeover","",""
"","3512","A debtor Service Provider successfully takes over an activation from another provider","bdd-tests","2026-08-19","passed","2026-08-19","Debtor_Activation_Takeover","RTP","",""
"","3637","An RTP callback is successfully received","functional-tests.tests.callbacks","2026-08-19","passed","2026-08-19","","test_RTP_callback_DS_04","",""
"","7204","RTP form cancellation with reason MODT","ux-tests.tests","2026-08-19","failed","2026-08-19","","test_RTP_cancel_v3","",""
"","2625","An RTP is sent to ICCREA service with activated fiscal code - through Web API","functional-tests.tests.send_rtp","2026-08-19","failed","2026-08-19","","test_RTP_send_ICCREA","",""
"Each entry in ``INVALID_PAYER_IDS`` (see dataset docstring) must be rejected with 400.","572","The activation request must contain a validly formatted fiscal code","functional-tests.tests.activation","2026-08-19","passed","2026-08-19","","test_debtor_activation_create","",""
"","567","Find by payer id request must contain lower case fiscal code","functional-tests.tests.activation","2026-08-19","passed","2026-08-19","","test_debtor_activation_create","",""
"A valid token that carries neither read_rtp_activations nor read_rtp_all must be rejected with 403.","583","Token without read_rtp_activations or read_rtp_all role returns 403 Forbidden","functional-tests.tests.activation","2026-08-19","passed","2026-08-19","","test_debtor_activation_payer_status","",""
"","567","All auth fixtures expose a valid Bearer token format","functional-tests.tests.auth","2026-08-19","passed","2026-08-19","","test_auth","",""
"","1021","An RTP is sent to ICCREA service with activated fiscal code - through Web API V2","functional-tests.tests.send_rtp","2026-08-19","failed","2026-08-19","","test_RTP_send_ICCREA","",""
"Test that takeover fails when the service provider is unauthenticated","1778","Test Takeover Fails with Unauthenticated SP","functional-tests.tests.takeover","2026-08-19","passed","2026-08-19","","test_debtor_takeover","",""
"Test sending a DELETE operation message via GPD message API after a standalone UPDATE (no prior CREATE)","1797","A DELETE message after standalone UPDATE PUBLISHED","functional-tests.tests.process_messages_sender","2026-08-19","passed","2026-08-19","","test_RTP_process_sender_DELETE","",""
"Payer activated then deactivated by SP A → isActive must be false.","1828","A deactivated payer returns isActive false","functional-tests.tests.activation","2026-08-19","passed","2026-08-19","","test_debtor_activation_payer_status","",""
"","570","Retrieving non-existent activation by payer id returns 404","functional-tests.tests.activation","2026-08-19","passed","2026-08-19","","test_debtor_activation_get","",""
"","1883","An RTP sent when EPC response omits _links is in status ACCEPTED - through Web API V2","functional-tests.tests.send_rtp","2026-08-19","passed","2026-08-19","","test_RTP_send_MOCK","",""
"
Test v2 RFC callback DS12N with RJCR status.

Flow:
1. Activate payer
2. Send an RTP via GPD message v2 (CREATE VALID)
3. Cancel the RTP via GPD message v2 (DELETE) -> RTP to RFC_SENT
4. Send DS12N callback with CxlStsId RJCR (Rejected Cancellation Request)
5. Verify callback is accepted (200)
6. Verify RTP status is CANCELLED_REJECTED
","3741","A v2 RFC callback DS12N RJCR is successfully received and RTP status is CANCELLED_REJECTED","functional-tests.tests.callbacks_v2","2026-08-19","passed","2026-08-19","","test_RTP_callback_DS_12N_negative","",""
"The PSP synchronously rejects the cancellation request with 422 (per standard behaviour for the EPC 415 Unsupported Media Type scenario). The RTP then transitions to ERROR_CANCEL via ERROR_CANCEL_RTP.","2992","Cancelling an RTP - EPC v4 mock unhappy path scenario: epc_415","functional-tests.tests.cancel_rtp","2026-08-19","failed","2026-08-19","","test_RTP_cancel_MOCK_V2","",""
"","564","All auth fixtures expose a valid Bearer token format","functional-tests.tests.auth","2026-08-19","passed","2026-08-19","","test_auth","",""
"Each entry in ``INVALID_PAYER_IDS`` must be rejected with 400.

The ``description`` parameter appears in pytest output to identify which
case failed without having to inspect the raw value.
","570","Querying activation status with an invalid payerId format returns 400","functional-tests.tests.activation","2026-08-19","passed","2026-08-19","","test_debtor_activation_payer_status","",""
"An EPC response containing fields not declared in the OpenAPI spec is treated as an invalid message and is NOT tolerated for accept/reject purposes (confirmed with rtp-sender-v2 maintainers, PR #26). The extra `invalid-field` property invalidates the whole response, so the RJCR confirmation is not processed and the RTP stays in RFC_SENT.","2995","Cancelling an RTP - EPC v4 mock unhappy path scenario: rjcr_extra_field","functional-tests.tests.cancel_rtp","2026-08-19","passed","2026-08-19","","test_RTP_cancel_MOCK_V2","",""
"","619","Get payees consents with negative page number returns 400","functional-tests.tests.service_registry","2026-08-19","passed","2026-08-19","","test_get_payees_consents","",""
"","3662","A v2 RTP callback with status ACCP is successfully received","functional-tests.tests.callbacks_v2","2026-08-19","passed","2026-08-19","","test_RTP_callback_DS_08P_positive","",""
"","654","Sending to non-activated debtor returns 422","functional-tests.tests.send_rtp","2026-08-19","passed","2026-08-19","","test_RTP_send_MOCK","",""
"
Test RFC callback DS12P with CNCL status, cancel triggered via REST Web API with explicit reason.

Flow:
1. Activate payer
2. Send an RTP via GPD message (CREATE VALID)
3. Cancel the RTP via REST cancel endpoint with cancel_reason → RTP to RFC_SENT
4. Send DS12P callback with CxlStsId CNCL (Cancelled As Per Request)
5. Verify callback is accepted (200)
6. Verify RTP status is CANCELLED
","3041","An RFC callback DS12P CNCL is successfully received and RTP status is CANCEL - through Web API cancel","functional-tests.tests.callbacks","2026-08-19","passed","2026-08-19","","test_RTP_callback_DS_12P","",""
"","1385","A debtor is activated by an authenticated service provider","functional-tests.tests.activation","2026-08-19","passed","2026-08-19","","test_debtor_activation_create","",""
"The PSP synchronously rejects the cancellation request with 422 (per standard behaviour for the EPC 401 Unauthorized scenario). The RTP then transitions to ERROR_CANCEL via ERROR_CANCEL_RTP.","2752","Cancelling an RTP - EPC v4 mock unhappy path scenario: epc_401","functional-tests.tests.cancel_rtp","2026-08-19","failed","2026-08-19","","test_RTP_cancel_MOCK_V2","",""
"","1520","An RTP is sent to a CBI service with activated fiscal code - through Web API V2","functional-tests.tests.send_rtp","2026-08-19","failed","2026-08-19","","test_RTP_send_CBI","",""
"
Given a debtor is activated and a GPD message (CREATE) is sent via POST /gpd/message,
when the rtp-sender processes it and the RTP reaches status SENT,
when the payee queries the delivery-status endpoint with the correct noticeNumber
(nav) and payeeId (ec_tax_code),
then the response body must contain status=PD_RTP_DELIVERED, a non-null processingDate
in ISO 8601 format, and processingDate must match the SEND_RTP event timestamp from
the GPD message response (truncated to millisecond precision).
","6852","GPD message sent → RTP SENT → PD_RTP_DELIVERED with processingDate","functional-tests.tests.get_rtp","2026-08-19","passed","2026-08-19","","test_RTP_get_delivery_status","",""
"Test sending an UPDATE operation message with different statuses via GPD message API after a CREATE","1841","An UPDATE message with status PARTIALLY_PAID after CREATE","functional-tests.tests.process_messages_sender","2026-08-19","passed","2026-08-19","","test_RTP_process_sender_UPDATE","",""
"","2614","Unauthorized callback due to wrong certificate serial","functional-tests.tests.callbacks_v2","2026-08-19","passed","2026-08-19","","test_RTP_callback_DS_08N_negative","",""
"","4200","Failed v2 redirect callback for invalid RTP transition - DS-05 ACTC compliant","functional-tests.tests.callbacks_v2","2026-08-19","passed","2026-08-19","","test_RTP_callback_DS_05_redirect","",""
"Each entry in ``INVALID_PAYER_IDS`` (see dataset docstring) must be rejected with 400.","585","The activation request must contain a validly formatted fiscal code","functional-tests.tests.activation","2026-08-19","passed","2026-08-19","","test_debtor_activation_create","",""
"
Verify that a debt position can be created and published successfully.
","1082","Happy path: a debt position is created and published in DEV environment","functional-tests.tests.gpd_availability","2026-08-19","passed","2026-08-19","","test_availability_GPD","",""
"Test sending a CREATE operation message with a foreign fiscal code via GPD message API","1873","A CREATE message with foreign fiscal code is successfully sent through GPD message API","functional-tests.tests.process_messages_sender","2026-08-19","passed","2026-08-19","","test_RTP_process_sender","",""
"","1809","RTP cancellation fails with an invalid reason - V2","functional-tests.tests.cancel_rtp","2026-08-19","passed","2026-08-19","","test_RTP_cancel","",""
"The PSP synchronously rejects the cancellation request with 422 (per standard behaviour for the EPC 400 Bad Request scenario). The RTP then transitions to ERROR_CANCEL via ERROR_CANCEL_RTP.","3518","Cancelling an RTP - EPC v4 mock unhappy path scenario: epc_400","functional-tests.tests.cancel_rtp","2026-08-19","failed","2026-08-19","","test_RTP_cancel_MOCK_V2","",""
"
Test RFC callback DS12P with non-existing service provider, cancel via REST Web API.

Flow:
1. Activate payer
2. Send an RTP via GPD message (CREATE VALID)
3. Cancel the RTP via REST cancel endpoint with cancel_reason → RTP to RFC_SENT
4. Send DS12P callback with non-existing BIC (MOCKSP99)
5. Verify callback is rejected with 400 (service provider not found)
","2901","Failed RFC callback for non existing Service Provider - DS-12P CNCL compliant - through Web API cancel","functional-tests.tests.callbacks","2026-08-19","passed","2026-08-19","","test_RTP_callback_DS_12P","",""
"
Send the same CREATE VALID message twice.

Because send_gpd_message derives the Idempotency-Key deterministically from
the message id (msg_id), reusing the same payload reuses the same key.

Expectations:
- Both calls return HTTP 200 (idempotent, not an error).
- The resourceId in both responses is identical, proving the API returned
  the cached response and did not process the message twice.
- Querying by notice number returns exactly one RTP, confirming that only
  one record was written to the database.
","2417","Two CREATE VALID messages with the same Idempotency-Key both succeed but only one RTP is stored","functional-tests.tests.process_messages_sender","2026-08-19","passed","2026-08-19","","test_RTP_process_sender_IDEMPOTENCY","",""
"
DS_05 ACTC callback sent with the Version header must be rejected with 400.
The RTP must remain in SENT (transition to ACCEPTED must not happen).

Flow:
1. Activate payer and send an RTP → resource_id
2. Build a valid DS_05 ACTC payload referencing the RTP
3. POST to callback endpoint WITH Version header
4. Verify 400 is returned with the expected error body
5. Verify RTP status is still SENT
","4271","DS_05 ACTC callback with Version header returns 400","functional-tests.tests.callbacks","2026-08-19","passed","2026-08-19","","test_RTP_callback_with_version_header","",""
"","552","Get payees with invalid authorization","functional-tests.tests.service_registry","2026-08-19","passed","2026-08-19","","test_service_registry_payees_registry","",""
"","1114","Whitespaces is allowed in description and company name field","ux-tests.tests","2026-08-19","passed","2026-08-19","","test_RTP_submission_v3","",""
"`Sts.Conf = ""RJCR""` triggers CANCEL_RTP -> CONFIRM_RFC -> CANCEL_RTP_REJECTED, ending in CANCELLED_REJECTED.","3503","Cancelling an RTP - EPC v4 mock happy path scenario: rjcr_rejected","functional-tests.tests.cancel_rtp","2026-08-19","passed","2026-08-19","","test_RTP_cancel_MOCK_V2","",""
"The PSP synchronously rejects the cancellation request with 422 (per standard behaviour for the EPC 422 Unprocessable Entity scenario). The RTP then transitions to ERROR_CANCEL via ERROR_CANCEL_RTP.","2627","Cancelling an RTP - EPC v4 mock unhappy path scenario: epc_422","functional-tests.tests.cancel_rtp","2026-08-19","failed","2026-08-19","","test_RTP_cancel_MOCK_V2","",""
"
Test v2 RFC callback DS12P with wrong certificate identity.

Flow:
1. Activate payer
2. Send an RTP via GPD message v2 (CREATE VALID)
3. Cancel the RTP via GPD message v2 (DELETE) -> RTP to RFC_SENT
4. Send DS12P callback with assignee_bic='FAKESP01' (doesn't match certificate identity)
5. Verify callback is rejected with 403 (certificate mismatch)
6. Verify RTP status is still RFC_SENT
","3285","Unauthorized v2 RFC callback due to wrong certificate serial","functional-tests.tests.callbacks_v2","2026-08-19","passed","2026-08-19","","test_RTP_callback_DS_12P_positive","",""
"Each entry in ``INVALID_PAYER_IDS`` must be rejected with 400.

The ``description`` parameter appears in pytest output to identify which
case failed without having to inspect the raw value.
","567","Querying activation status with an invalid payerId format returns 400","functional-tests.tests.activation","2026-08-19","passed","2026-08-19","","test_debtor_activation_payer_status","",""
"Test sending an UPDATE after CREATE VALID + DELETE with different statuses","2932","An UPDATE message with status DRAFT after CREATE VALID and DELETE","functional-tests.tests.process_messages_sender","2026-08-19","passed","2026-08-19","","test_RTP_process_sender_UPDATE","",""
"","564","Retrieving activation with malformed payer id returns 400","functional-tests.tests.activation","2026-08-19","passed","2026-08-19","","test_debtor_activation_get","",""
"Each entry in ``INVALID_PAYER_IDS`` must be rejected with 400.

The ``description`` parameter appears in pytest output to identify which
case failed without having to inspect the raw value.
","571","Querying activation status with an invalid payerId format returns 400","functional-tests.tests.activation","2026-08-19","passed","2026-08-19","","test_debtor_activation_payer_status","",""
"","1772","RTP form is filled and submitted","ux-tests.tests","2026-08-19","passed","2026-08-19","","test_RTP_submission_v3","",""
"Each entry in ``INVALID_PAYER_IDS`` (see dataset docstring) must be rejected with 400.","568","The activation request must contain a validly formatted fiscal code","functional-tests.tests.activation","2026-08-19","passed","2026-08-19","","test_debtor_activation_create","",""
"","3155","An RTP is sent to a CBI service with activated fiscal code - through Web API","functional-tests.tests.send_rtp","2026-08-19","passed","2026-08-19","","test_RTP_send_CBI","",""
"
Payer activated under SP A.
- SP B (read_rtp_activations): isActive must be false - privacy rule hides cross-SP activation.
- Admin (read_rtp_all): isActive must be true - role grants visibility across all SPs.
Same payer, same endpoint, different roles → different results.
","1724","read_rtp_all role returns isActive true while read_rtp_activations returns false for the same cross-SP payer","functional-tests.tests.activation","2026-08-19","passed","2026-08-19","","test_debtor_activation_payer_status","",""
"","2343","Takeover fails with invalid OTP","bdd-tests","2026-08-19","passed","2026-08-19","Debtor_Activation_Takeover","RTP","",""
"","1195","SP_ACTIVATIONS_READ_ALL can retrieve activation by Fiscal Code created by SP_A","functional-tests.tests.activation","2026-08-19","passed","2026-08-19","","test_RTP_activation_security","",""
"Each entry in ``INVALID_PAYER_IDS`` must be rejected with 400.

The ``description`` parameter appears in pytest output to identify which
case failed without having to inspect the raw value.
","565","Querying activation status with an invalid payerId format returns 400","functional-tests.tests.activation","2026-08-19","passed","2026-08-19","","test_debtor_activation_payer_status","",""
"","1300","Auth endpoint returns valid token","functional-tests.tests.availability","2026-08-19","passed","2026-08-19","","test_availability_CBI","",""
"","2517","An RTP sent with synchronous rejection is in status REJECTED - DS-08P N - through Web API V2","functional-tests.tests.send_rtp","2026-08-19","passed","2026-08-19","","test_RTP_send_MOCK","",""
"Querying activation status with an empty payerId must be rejected with 404.","543","Querying activation status with an empty payerId returns 404","functional-tests.tests.activation","2026-08-19","passed","2026-08-19","","test_debtor_activation_payer_status","",""
"DS_08N RJCT callback sent directly on a SENT RTP (no prior DS_05 ACTC callback).

The RTP is expected to transition from SENT to REJECTED.
","3990","A v2 RTP callback with status RJCT is successfully received","functional-tests.tests.callbacks_v2","2026-08-19","passed","2026-08-19","","test_RTP_callback_DS_08N_negative","",""
"","3048","A v2 document RTP callback with invalid status is rejected without affecting the RTP status","functional-tests.tests.callbacks_v2","2026-08-19","passed","2026-08-19","","test_RTP_callback_DS_document_rjct","",""
"","2988","An RTP sent with synchronous rejection is in status REJECTED - DS-08P N","functional-tests.tests.send_rtp","2026-08-19","passed","2026-08-19","","test_RTP_send_MOCK","",""
"
DS_12N RJCR RFC callback sent with the Version header must be rejected with 400.
The RTP must remain in RFC_SENT (transition to ERROR_CANCEL must not happen).

Flow:
1. Activate payer, send RTP, trigger cancel via GPD DELETE → RFC_SENT
2. Build a valid DS_12N RJCR payload
3. POST to RFC callback endpoint WITH Version header
4. Verify 400 is returned with the expected error body
5. Verify RTP status is still RFC_SENT
","3240","DS_12N RJCR RFC callback with Version header returns 400","functional-tests.tests.callbacks","2026-08-19","passed","2026-08-19","","test_RTP_callback_with_version_header","",""
"Test sending a CREATE operation message with different statuses via GPD message API","1188","A CREATE message with status EXPIRED","functional-tests.tests.process_messages_sender","2026-08-19","passed","2026-08-19","","test_RTP_process_sender_CREATE","",""
"","555","missing token → 401 Unauthorized","functional-tests.tests.get_rtp","2026-08-19","passed","2026-08-19","","test_RTP_get","",""
"","539","The service returns the mocked server error","functional-tests.tests.availability","2026-08-19","passed","2026-08-19","","test_availability_MOCK","",""
"","1237","SP_ACTIVATIONS_READ_ALL can retrieve activation by Activation ID created by SP_A","functional-tests.tests.activation","2026-08-19","passed","2026-08-19","","test_RTP_activation_security","",""
"Test sending an UPDATE operation message with different statuses via GPD message API after a CREATE","2071","An UPDATE message with status PUBLISHED after CREATE","functional-tests.tests.process_messages_sender","2026-08-19","passed","2026-08-19","","test_RTP_process_sender_UPDATE","",""
"Test sending an UPDATE operation message with different statuses via GPD message API before a CREATE","1164","An UPDATE message with status EXPIRED before CREATE","functional-tests.tests.process_messages_sender","2026-08-19","passed","2026-08-19","","test_RTP_process_sender_UPDATE_before_CREATE","",""
"
Test RFC callback DS12N with RJCR status applied twice on the same RTP.

Flow:
1. Activate payer
2. Send an RTP via GPD message (CREATE VALID)
3. Cancel the RTP via GPD message (DELETE) -> RTP to RFC_SENT
4. Send DS12N callback with CxlStsId RJCR (Rejected Cancellation Request) -> RTP to ERROR_CANCEL
5. Send the same DS12N RJCR callback again on the already transitioned RTP
6. Verify the second callback is rejected (400) since the transition is no longer valid
7. Verify RTP status remains ERROR_CANCEL
","4794","Failed RFC callback for invalid RTP transition - DS-12N RJCR compliant","functional-tests.tests.callbacks","2026-08-19","passed","2026-08-19","","test_RTP_callback_DS_12N","",""
"Test sending a DELETE operation message via GPD message API after a CREATE","1736","A DELETE message after CREATE INVALID","functional-tests.tests.process_messages_sender","2026-08-19","passed","2026-08-19","","test_RTP_process_sender_DELETE","",""
"","584","RTP cancellation fails if resource ID does not exist","functional-tests.tests.cancel_rtp","2026-08-19","passed","2026-08-19","","test_RTP_cancel","",""
"Each entry in ``INVALID_PAYER_IDS`` (see dataset docstring) must be rejected with 400.","1550","The activation request must contain a validly formatted fiscal code","functional-tests.tests.activation","2026-08-19","passed","2026-08-19","","test_debtor_activation_create","",""
"Each entry in ``INVALID_PAYER_IDS`` must be rejected with 400.

The ``description`` parameter appears in pytest output to identify which
case failed without having to inspect the raw value.
","568","Querying activation status with an invalid payerId format returns 400","functional-tests.tests.activation","2026-08-19","passed","2026-08-19","","test_debtor_activation_payer_status","",""
"","581","A Service Provider with invalid client secret is not authenticated on Keycloak","functional-tests.tests.auth","2026-08-19","passed","2026-08-19","","test_auth","",""
"
Test v2 RFC callback DS12N with INVALID status.

Flow:
1. Activate payer
2. Send an RTP via GPD message v2 (CREATE VALID)
3. Cancel the RTP via GPD message v2 (DELETE) -> RTP to RFC_SENT
4. Send DS12N callback with CxlStsId INVALID
5. Verify callback is rejected with 400
6. Verify RTP status is still RFC_SENT
","3351","A v2 RFC callback DS12N INVALID is rejected with 400","functional-tests.tests.callbacks_v2","2026-08-19","passed","2026-08-19","","test_RTP_callback_DS_12N_negative","",""
"","3045","Failed callback for non compliant DS-04b payload","functional-tests.tests.callbacks","2026-08-19","passed","2026-08-19","","test_RTP_callback_DS_04","",""
"
DS_04b callback sent with the Version header must be rejected with 400.
The RTP state must be unchanged.

Flow:
1. Activate payer and send an RTP → resource_id
2. Capture current RTP status
3. Build a valid DS_04b payload referencing the RTP
4. POST to callback endpoint WITH Version header
5. Verify 400 is returned with the expected error body
6. Verify RTP status is unchanged
","2955","DS_04b callback with Version header returns 400","functional-tests.tests.callbacks","2026-08-19","passed","2026-08-19","","test_RTP_callback_with_version_header","",""
"The PSP synchronously rejects the cancellation request with 422 (per standard behaviour for the EPC 429 Too Many Requests scenario). The RTP then transitions to ERROR_CANCEL via ERROR_CANCEL_RTP.","12517","Cancelling an RTP - EPC v4 mock unhappy path scenario: epc_429","functional-tests.tests.cancel_rtp","2026-08-19","failed","2026-08-19","","test_RTP_cancel_MOCK_V2","",""
"
Test RFC callback DS12P with wrong certificate identity, cancel via REST Web API.

Flow:
1. Activate payer
2. Send an RTP via GPD message (CREATE VALID)
3. Cancel the RTP via REST cancel endpoint with cancel_reason → RTP to RFC_SENT
4. Send DS12P callback with assignee_bic='FAKESP01' (doesn't match certificate identity MOCKSP04)
5. Verify callback is rejected with 403 (certificate mismatch)
","2431","Unauthorized RFC callback due to wrong certificate serial - through Web API cancel","functional-tests.tests.callbacks","2026-08-19","passed","2026-08-19","","test_RTP_callback_DS_12P","",""
"","1094","An RTP is sent to Poste service with activated fiscal code - through Web API V2","functional-tests.tests.send_rtp","2026-08-19","failed","2026-08-19","","test_RTP_send_POSTE","",""
"Test sending a DELETE operation message via GPD message API after a CREATE","2007","A DELETE message after CREATE PUBLISHED","functional-tests.tests.process_messages_sender","2026-08-19","passed","2026-08-19","","test_RTP_process_sender_DELETE","",""
"Test sending a DELETE operation message via GPD message API after a CREATE","2898","A DELETE message after CREATE PARTIALLY_PAID","functional-tests.tests.process_messages_sender","2026-08-19","passed","2026-08-19","","test_RTP_process_sender_DELETE","",""
"","1660","Takeover fails without authentication","bdd-tests","2026-08-19","passed","2026-08-19","Debtor_Activation_Takeover","RTP","",""
"Test sending a CREATE operation message with different statuses via GPD message API","1196","A CREATE message with status PAID","functional-tests.tests.process_messages_sender","2026-08-19","passed","2026-08-19","","test_RTP_process_sender_CREATE","",""
"","7323","RTP form cancellation with reason PAID","ux-tests.tests","2026-08-19","failed","2026-08-19","","test_RTP_cancel_v4","",""
"","1623","An RTP is sent to Poste service with activated fiscal code","functional-tests.tests.send_rtp","2026-08-19","passed","2026-08-19","","test_RTP_send_POSTE","",""
"Each entry in ``INVALID_PAYER_IDS`` (see dataset docstring) must be rejected with 400.","561","The activation request must contain a validly formatted fiscal code","functional-tests.tests.activation","2026-08-19","passed","2026-08-19","","test_debtor_activation_create","",""
"
Verify that a debt position can be deleted successfully.
","2713","Happy path: a debt position is deleted in UAT environment","functional-tests.tests.gpd_availability","2026-08-19","passed","2026-08-19","","test_availability_GPD","",""
"","2381","An RTP sent with synchronous rejection and missing _links results in status REJECTED - through Web API","functional-tests.tests.send_rtp","2026-08-19","passed","2026-08-19","","test_RTP_send_MOCK","",""
"Test sending an UPDATE after CREATE VALID + DELETE with different statuses","2856","An UPDATE message with status PAID after CREATE VALID and DELETE","functional-tests.tests.process_messages_sender","2026-08-19","passed","2026-08-19","","test_RTP_process_sender_UPDATE","",""
"Empty OTP should be rejected","603","Test Takeover Fails with Empty OTP","functional-tests.tests.takeover","2026-08-19","passed","2026-08-19","","test_debtor_takeover","",""
"","583","The activation request must contain a Service Provider ID of valid length","functional-tests.tests.activation","2026-08-19","passed","2026-08-19","","test_debtor_activation_create","",""
"
DS_08P ACCP callback sent with the Version header must be rejected with 400.
The RTP must remain in ACCEPTED (transition to USER_ACCEPTED must not happen).

Flow:
1. Activate payer, send RTP, advance to ACCEPTED via DS_05 (without header)
2. Build a valid DS_08P ACCP payload
3. POST WITH Version header
4. Verify 400 is returned with the expected error body
5. Verify RTP status is still ACCEPTED
","3836","DS_08P ACCP callback with Version header returns 400","functional-tests.tests.callbacks","2026-08-19","passed","2026-08-19","","test_RTP_callback_with_version_header","",""
"Test sending an UPDATE after CREATE VALID + DELETE with different statuses","2486","An UPDATE message with status PARTIALLY_PAID after CREATE VALID and DELETE","functional-tests.tests.process_messages_sender","2026-08-19","passed","2026-08-19","","test_RTP_process_sender_UPDATE","",""
"
Test RFC callback DS12P with CNCL status, cancel triggered via REST Web API with explicit reason.

Flow:
1. Activate payer
2. Send an RTP via GPD message (CREATE VALID)
3. Cancel the RTP via REST cancel endpoint with cancel_reason → RTP to RFC_SENT
4. Send DS12P callback with CxlStsId CNCL (Cancelled As Per Request)
5. Verify callback is accepted (200)
6. Verify RTP status is CANCELLED
","3159","An RFC callback DS12P CNCL is successfully received and RTP status is CANCEL - through Web API cancel","functional-tests.tests.callbacks","2026-08-19","passed","2026-08-19","","test_RTP_callback_DS_12P","",""
"Each entry in ``INVALID_PAYER_IDS`` must be rejected with 400.

The ``description`` parameter appears in pytest output to identify which
case failed without having to inspect the raw value.
","568","Querying activation status with an invalid payerId format returns 400","functional-tests.tests.activation","2026-08-19","passed","2026-08-19","","test_debtor_activation_payer_status","",""
"","2235","An authenticated Service Provider cannot send an RTP to an activated debtor","bdd-tests","2026-08-19","passed","2026-08-19","RTP_Sending","RTP","",""
"Each entry in ``INVALID_PAYER_IDS`` (see dataset docstring) must be rejected with 400.","1517","The activation request must contain a validly formatted fiscal code","functional-tests.tests.activation","2026-08-19","passed","2026-08-19","","test_debtor_activation_create","",""
"Each entry in ``INVALID_PAYER_IDS`` must be rejected with 400.

The ``description`` parameter appears in pytest output to identify which
case failed without having to inspect the raw value.
","566","Querying activation status with an invalid payerId format returns 400","functional-tests.tests.activation","2026-08-19","passed","2026-08-19","","test_debtor_activation_payer_status","",""
"Test sending a CREATE operation message with different statuses via GPD message API","1189","A CREATE message with status INVALID","functional-tests.tests.process_messages_sender","2026-08-19","passed","2026-08-19","","test_RTP_process_sender_CREATE","",""
"Test sending an UPDATE operation message with different statuses via GPD message API before a CREATE","1180","An UPDATE message with status PUBLISHED before CREATE","functional-tests.tests.process_messages_sender","2026-08-19","passed","2026-08-19","","test_RTP_process_sender_UPDATE_before_CREATE","",""
"","571","A Service Provider with invalid client ID is not authenticated on Keycloak","functional-tests.tests.auth","2026-08-19","passed","2026-08-19","","test_auth","",""
"","3147","An RTP callback with status ACWC is successfully received","functional-tests.tests.callbacks","2026-08-19","passed","2026-08-19","","test_RTP_callback_DS_08","",""
"","1208","SP_B cannot retrieve activation by Activation ID created by SP_A","functional-tests.tests.activation","2026-08-19","passed","2026-08-19","","test_RTP_activation_security","",""
"Test sending a DELETE operation message via GPD message API after a CREATE","2390","A DELETE message after CREATE PAID","functional-tests.tests.process_messages_sender","2026-08-19","passed","2026-08-19","","test_RTP_process_sender_DELETE","",""
"","1891","RTP form is filled and submitted","ux-tests.tests","2026-08-19","passed","2026-08-19","","test_RTP_submission_v4","",""
"No `Sts.Conf` confirmation is present (minimal JSON without Sts), so only CANCEL_RTP is triggered and the RTP stays in RFC_SENT.","3493","Cancelling an RTP - EPC v4 mock happy path scenario: minimal_json","functional-tests.tests.cancel_rtp","2026-08-19","passed","2026-08-19","","test_RTP_cancel_MOCK_V2","",""
"","3877","DS_document RJCT v2 callback with Version header returns 400","functional-tests.tests.callbacks_v2","2026-08-19","passed","2026-08-19","","test_RTP_callback_with_version_header","",""
"
Tests the retrieval of an access token from the POSTE authentication endpoint using client credentials and mutual TLS.

:param debtor_sp_mock_cert_key: Certificate and key tuple for mutual TLS authentication.
:type debtor_sp_mock_cert_key: Tuple[str, str]
","217","Auth endpoint returns valid token","functional-tests.tests.availability","2026-08-19","passed","2026-08-19","","test_availability_POSTE","",""
"","1","Successful login","bdd-tests","2026-08-19","passed","2026-08-19","RTP_Web_Sending","RTP","",""
"","1134","Get paginated list of payees successfully","functional-tests.tests.service_registry","2026-08-19","passed","2026-08-19","","test_service_registry_payees_registry","",""
"Test sending an UPDATE operation message with different statuses via GPD message API before a CREATE","1200","An UPDATE message with status INVALID before CREATE","functional-tests.tests.process_messages_sender","2026-08-19","passed","2026-08-19","","test_RTP_process_sender_UPDATE_before_CREATE","",""
"Missing or invalid Bearer token → the endpoint must return 401.","540","Querying activation status without a valid token returns 401","functional-tests.tests.activation","2026-08-19","passed","2026-08-19","","test_debtor_activation_payer_status","",""
"Each entry in ``INVALID_PAYER_IDS`` (see dataset docstring) must be rejected with 400.","573","The activation request must contain a validly formatted fiscal code","functional-tests.tests.activation","2026-08-19","passed","2026-08-19","","test_debtor_activation_create","",""
"","1247","An RTP is sent to a CBI service with activated fiscal code","functional-tests.tests.send_rtp","2026-08-19","passed","2026-08-19","","test_RTP_send_CBI","",""
"
Test RFC callback DS12N with wrong certificate identity.

Flow:
1. Activate payer
2. Send an RTP via GPD message (CREATE VALID)
3. Cancel the RTP via GPD message (DELETE) → RTP to RFC_SENT
4. Send DS12N callback with assignee_bic='FAKESP01' (doesn't match certificate identity MOCKSP04)
5. Verify callback is rejected with 403 (certificate mismatch)
","2462","Unauthorized RFC callback due to wrong certificate serial","functional-tests.tests.callbacks","2026-08-19","passed","2026-08-19","","test_RTP_callback_DS_12N","",""
"
DS_12P CNCL RFC callback sent with the Version header must be rejected with 400.
The RTP must remain in RFC_SENT (transition to CANCELLED must not happen).

Flow:
1. Activate payer, send RTP, trigger cancel via GPD DELETE → RFC_SENT
2. Build a valid DS_12P CNCL payload
3. POST to RFC callback endpoint WITH Version header
4. Verify 400 is returned with the expected error body
5. Verify RTP status is still RFC_SENT
","3816","DS_12P CNCL RFC callback with Version header returns 400","functional-tests.tests.callbacks","2026-08-19","passed","2026-08-19","","test_RTP_callback_with_version_header","",""
"","2383","An RTP sent with synchronous rejection and missing _links results in status REJECTED","functional-tests.tests.send_rtp","2026-08-19","passed","2026-08-19","","test_RTP_send_MOCK","",""
"","405","A Service Provider tries to activates a debtor without having the correct credentials","bdd-tests","2026-08-19","passed","2026-08-19","Debtor_Activation","RTP","",""
"Each entry in ``INVALID_PAYER_IDS`` must be rejected with 400.

The ``description`` parameter appears in pytest output to identify which
case failed without having to inspect the raw value.
","594","Querying activation status with an invalid payerId format returns 400","functional-tests.tests.activation","2026-08-19","passed","2026-08-19","","test_debtor_activation_payer_status","",""
"Each entry in ``INVALID_PAYER_IDS`` (see dataset docstring) must be rejected with 400.","566","The activation request must contain a validly formatted fiscal code","functional-tests.tests.activation","2026-08-19","passed","2026-08-19","","test_debtor_activation_create","",""
"","1851","RTP cancellation fails with an invalid reason","functional-tests.tests.cancel_rtp","2026-08-19","passed","2026-08-19","","test_RTP_cancel","",""
"","4559","Failed callback for invalid RTP transition - DS-08N compliant","functional-tests.tests.callbacks","2026-08-19","passed","2026-08-19","","test_RTP_callback_DS_08","",""
"","586","Get payees consents with invalid consent value returns 400","functional-tests.tests.service_registry","2026-08-19","passed","2026-08-19","","test_get_payees_consents","",""
"Each entry in ``INVALID_PAYER_IDS`` (see dataset docstring) must be rejected with 400.","836","The activation request must contain a validly formatted fiscal code","functional-tests.tests.activation","2026-08-19","passed","2026-08-19","","test_debtor_activation_create","",""
"","4045","DS_12P positive RFC v2 callback with Version header returns 400","functional-tests.tests.callbacks_v2","2026-08-19","passed","2026-08-19","","test_RTP_callback_with_version_header","",""
"","576","Invalid pagination parameters returns 400","functional-tests.tests.activation","2026-08-19","passed","2026-08-19","","test_debtor_activation_list","",""
"","2454","An RTP sent with synchronous rejection containing extra fields results in status REJECTED","functional-tests.tests.send_rtp","2026-08-19","passed","2026-08-19","","test_RTP_send_MOCK","",""
"
Test RFC callback DS12N with non-existing service provider.

Flow:
1. Activate payer
2. Send an RTP via GPD message (CREATE VALID)
3. Cancel the RTP via GPD message (DELETE) → RTP to RFC_SENT
4. Send DS12N callback with non-existing BIC (MOCKSP99)
5. Verify callback is rejected with 400 (service provider not found)
","2458","Failed RFC callback for non existing Service Provider - DS-12N RJCR compliant","functional-tests.tests.callbacks","2026-08-19","passed","2026-08-19","","test_RTP_callback_DS_12N","",""
"","621","Sending to non-activated debtor returns 422 - through Web API","functional-tests.tests.send_rtp","2026-08-19","passed","2026-08-19","","test_RTP_send_MOCK","",""
"","2983","An RTP callback with status REJECTED is successfully received","functional-tests.tests.callbacks","2026-08-19","passed","2026-08-19","","test_RTP_callback_DS_08","",""
"Test sending an UPDATE after CREATE VALID + DELETE with different statuses","3102","An UPDATE message with status EXPIRED after CREATE VALID and DELETE","functional-tests.tests.process_messages_sender","2026-08-19","passed","2026-08-19","","test_RTP_process_sender_UPDATE","",""
"DS_08P ACCP callback sent twice on the same RTP (direct SENT -> USER_ACCEPTED).

The second callback must be rejected with 400 since the transition is no
longer valid once the RTP is already USER_ACCEPTED.
","3643","Failed v2 callback for invalid RTP transition - DS-08P positive compliant","functional-tests.tests.callbacks_v2","2026-08-19","passed","2026-08-19","","test_RTP_callback_DS_08P_positive","",""
"","1121","Failed callback for non existing Service Provider - DS-04b compliant","functional-tests.tests.callbacks","2026-08-19","passed","2026-08-19","","test_RTP_callback_DS_04","",""
"","574","Retrieving non-existent activation returns 404","functional-tests.tests.activation","2026-08-19","passed","2026-08-19","","test_debtor_activation_get","",""
"","3795","DS_12N negative RFC v2 callback with Version header returns 400","functional-tests.tests.callbacks_v2","2026-08-19","passed","2026-08-19","","test_RTP_callback_with_version_header","",""
"The ownership check fails the same way whether the target spId belongs to someone else
or doesn't exist in the registry at all - NOEXIT00 is not a real Service Provider ID.","583","Activation is forbidden with the same error code for a Service Provider ID absent from the registry","functional-tests.tests.activation","2026-08-19","passed","2026-08-19","","test_debtor_activation_create","",""
"Test sending a CREATE operation message with different statuses via GPD message API","1147","A CREATE message with status PUBLISHED","functional-tests.tests.process_messages_sender","2026-08-19","passed","2026-08-19","","test_RTP_process_sender_CREATE","",""
"","569","Sending an RTP when EPC returns a malformed/invalid response body returns 500","functional-tests.tests.send_rtp","2026-08-19","failed","2026-08-19","","test_RTP_send_MOCK","",""
"The PSP synchronously rejects the cancellation request with 422 (per standard behaviour for the EPC 404 Not Found scenario). The RTP then transitions to ERROR_CANCEL via ERROR_CANCEL_RTP.","2902","Cancelling an RTP - EPC v4 mock unhappy path scenario: epc_404","functional-tests.tests.cancel_rtp","2026-08-19","failed","2026-08-19","","test_RTP_cancel_MOCK_V2","",""
"","1974","RTP is successfully cancelled with reason MODT - V2","functional-tests.tests.cancel_rtp","2026-08-19","passed","2026-08-19","","test_RTP_cancel","",""
"","581","A debtor service provider fails activation due to wrong service provider id","functional-tests.tests.activation","2026-08-19","passed","2026-08-19","","test_debtor_activation_list","",""
"Test sending a DELETE operation message via GPD message API after a CREATE VALID + UPDATE","2596","A DELETE message after CREATE VALID + UPDATE VALID","functional-tests.tests.process_messages_sender","2026-08-19","passed","2026-08-19","","test_RTP_process_sender_DELETE","",""
"","1233","A debtor is deactivated by an authenticated service provider","functional-tests.tests.activation","2026-08-19","passed","2026-08-19","","test_debtor_deactivation","",""
"","864","Get paginated list of OPT_OUT payees consents successfully","functional-tests.tests.service_registry","2026-08-19","passed","2026-08-19","","test_get_payees_consents","",""
"Test sending a CREATE operation message with different statuses via GPD message API","1274","A CREATE message with status VALID","functional-tests.tests.process_messages_sender","2026-08-19","passed","2026-08-19","","test_RTP_process_sender_CREATE","",""
"Test sending a DELETE operation message via GPD message API after a CREATE VALID + UPDATE","3437","A DELETE message after CREATE VALID + UPDATE PARTIALLY_PAID","functional-tests.tests.process_messages_sender","2026-08-19","passed","2026-08-19","","test_RTP_process_sender_DELETE","",""
"Each entry in ``INVALID_PAYER_IDS`` (see dataset docstring) must be rejected with 400.","574","The activation request must contain a validly formatted fiscal code","functional-tests.tests.activation","2026-08-19","passed","2026-08-19","","test_debtor_activation_create","",""
"
Test RFC callback DS12P with INVALID status, cancel via REST Web API.

Flow:
1. Activate payer
2. Send an RTP via GPD message (CREATE VALID)
3. Cancel the RTP via REST cancel endpoint with cancel_reason → RTP to RFC_SENT
4. Send DS12P callback with CxlStsId INVALID
5. Verify callback is rejected with 400
6. Verify RTP status is still RFC_SENT
","3095","An RFC callback DS12P INVALID is rejected with 400 - through Web API cancel","functional-tests.tests.callbacks","2026-08-19","passed","2026-08-19","","test_RTP_callback_DS_12P","",""
"","582","Unauthorized callback due to wrong certificate serial","functional-tests.tests.callbacks","2026-08-19","passed","2026-08-19","","test_RTP_callback_DS_08","",""
"","2019","RTP is successfully cancelled with reason PAID - V2","functional-tests.tests.cancel_rtp","2026-08-19","passed","2026-08-19","","test_RTP_cancel","",""
"","4564","An RTP callback is successfully received with status RJCT","functional-tests.tests.callbacks","2026-08-19","passed","2026-08-19","","test_RTP_callback_DS_08","",""
"DS_08N RJCT callback sent twice on the same RTP (direct SENT -> REJECTED).

The second callback must be rejected with 400 since the transition is no
longer valid once the RTP is already REJECTED.
","4864","Failed v2 callback for invalid RTP transition - DS-08N negative compliant","functional-tests.tests.callbacks_v2","2026-08-19","passed","2026-08-19","","test_RTP_callback_DS_08N_negative","",""
"","2444","Unauthorized callback due to wrong certificate serial","functional-tests.tests.callbacks_v2","2026-08-19","passed","2026-08-19","","test_RTP_callback_DS_05_redirect","",""
