"DESCRIPTION","DURATION IN MS","NAME","PARENT SUITE","START TIME","STATUS","STOP TIME","SUB SUITE","SUITE","TEST CLASS","TEST METHOD"
"Same privacy rule as the cross-SP case: no explicit error, isActive is just false.","795","Get payer status returns isActive false when the token subject does not own the activation's Service Provider ID","functional-tests.tests.activation","2026-08-07","passed","2026-08-07","","test_debtor_activation_payer_status","",""
"Test sending an UPDATE operation message with different statuses via GPD message API after a CREATE","1430","An UPDATE message with status VALID after CREATE","functional-tests.tests.process_messages_sender","2026-08-07","passed","2026-08-07","","test_RTP_process_sender_UPDATE","",""
"Each entry in ``INVALID_PAYER_IDS`` must be rejected with 400.

The ``description`` parameter appears in pytest output to identify which
case failed without having to inspect the raw value.
","379","Querying activation status with an invalid payerId format returns 400","functional-tests.tests.activation","2026-08-07","passed","2026-08-07","","test_debtor_activation_payer_status","",""
"","2175","An authenticated Service Provider cannot send an RTP to an activated debtor","bdd-tests","2026-08-07","passed","2026-08-07","RTP_Sending","RTP","",""
"","773","A debtor with omocodia fiscal code is activated and retrieved by activation id","functional-tests.tests.activation","2026-08-07","passed","2026-08-07","","test_debtor_activation_get","",""
"
Test RFC callback DS12N with INVALID status.

Flow:
1. Activate payer
2. Send an RTP via GPD message (CREATE VALID)
3. Cancel the RTP via GPD message (DELETE) → RTP to RFC_SENT
4. Send DS12N callback with CxlStsId INVALID
5. Verify callback is rejected with 400
6. Verify RTP status is still RFC_SENT
","2434","An RFC callback DS12N INVALID is rejected with 400","functional-tests.tests.callbacks","2026-08-07","passed","2026-08-07","","test_RTP_callback_DS_12N","",""
"Test sending a DELETE operation message via GPD message API after a standalone UPDATE (no prior CREATE)","1225","A DELETE message after standalone UPDATE PARTIALLY_PAID","functional-tests.tests.process_messages_sender","2026-08-07","passed","2026-08-07","","test_RTP_process_sender_DELETE","",""
"","359","Unauthorized request returns 401","functional-tests.tests.activation","2026-08-07","passed","2026-08-07","","test_debtor_activation_list","",""
"","3634","An RTP is sent through CBI API","functional-tests.tests.availability","2026-08-07","passed","2026-08-07","","test_availability_CBI","",""
"Active payer with omocodia fiscal code (digit substitution) → isActive must be true.","777","An active payer with omocodia fiscal code returns isActive true","functional-tests.tests.activation","2026-08-07","passed","2026-08-07","","test_debtor_activation_payer_status","",""
"The ownership check fails the same way whether the target spId belongs to someone else
or doesn't exist in the registry at all - NOEXIT00 is not a real Service Provider ID.","386","Activation is forbidden with the same error code for a Service Provider ID absent from the registry","functional-tests.tests.activation","2026-08-07","passed","2026-08-07","","test_debtor_activation_create","",""
"Each entry in ``INVALID_PAYER_IDS`` must be rejected with 400.

The ``description`` parameter appears in pytest output to identify which
case failed without having to inspect the raw value.
","382","Querying activation status with an invalid payerId format returns 400","functional-tests.tests.activation","2026-08-07","passed","2026-08-07","","test_debtor_activation_payer_status","",""
"
Test RFC callback DS12P with non-existing service provider, cancel via REST Web API.

Flow:
1. Activate payer
2. Send an RTP via GPD message (CREATE VALID)
3. Cancel the RTP via REST cancel endpoint with cancel_reason → RTP to RFC_SENT
4. Send DS12P callback with non-existing BIC (MOCKSP99)
5. Verify callback is rejected with 400 (service provider not found)
","1671","Failed RFC callback for non existing Service Provider - DS-12P CNCL compliant - through Web API cancel","functional-tests.tests.callbacks","2026-08-07","passed","2026-08-07","","test_RTP_callback_DS_12P","",""
"","890","An RTP is sent through API - through Web API","functional-tests.tests.send_rtp","2026-08-07","passed","2026-08-07","","test_RTP_send_MOCK","",""
"","1870","An RTP sent with synchronous rejection and missing _links results in status REJECTED - through Web API V2","functional-tests.tests.send_rtp","2026-08-07","passed","2026-08-07","","test_RTP_send_MOCK","",""
"","810","A debtor with foreign fiscal code is activated and retrieved by activation id","functional-tests.tests.activation","2026-08-07","passed","2026-08-07","","test_debtor_activation_get","",""
"","2590","DS_12P positive RFC v2 callback with Version header returns 400","functional-tests.tests.callbacks_v2","2026-08-07","passed","2026-08-07","","test_RTP_callback_with_version_header","",""
"","763","Get paginated list of OPT_OUT payees consents successfully","functional-tests.tests.service_registry","2026-08-07","passed","2026-08-07","","test_get_payees_consents","",""
"Test sending a DELETE operation message via GPD message API after a standalone UPDATE (no prior CREATE)","1174","A DELETE message after standalone UPDATE PUBLISHED","functional-tests.tests.process_messages_sender","2026-08-07","passed","2026-08-07","","test_RTP_process_sender_DELETE","",""
"","782","A debtor activated with an owned but distinct Service Provider ID is retrieved by payer id","functional-tests.tests.activation","2026-08-07","passed","2026-08-07","","test_debtor_activation_get","",""
"An EPC response containing fields not declared in the OpenAPI spec is treated as an invalid message and is NOT tolerated for accept/reject purposes (confirmed with rtp-sender-v2 maintainers, PR #26). The extra `invalid-field` property invalidates the whole response, so the CNCL confirmation is not processed and the RTP stays in RFC_SENT.","1813","Cancelling an RTP - EPC v4 mock unhappy path scenario: cncl_extra_field","functional-tests.tests.cancel_rtp","2026-08-07","passed","2026-08-07","","test_RTP_cancel_MOCK_V2","",""
"","1275","An RTP sent with synchronous acceptance is in status ACCEPTED - DS-05 ACTC","functional-tests.tests.send_rtp","2026-08-07","passed","2026-08-07","","test_RTP_send_MOCK","",""
"
Test RFC callback DS12P with CNCL status applied twice on the same RTP.

Flow:
1. Activate payer
2. Send an RTP via GPD message (CREATE VALID)
3. Cancel the RTP via GPD message (DELETE) -> RTP to RFC_SENT
4. Send DS12P callback with CxlStsId CNCL (Cancelled As Per Request) -> RTP to CANCELLED
5. Send the same DS12P CNCL callback again on the already cancelled RTP
6. Verify the second callback is rejected (400) since the transition is no longer valid
7. Verify RTP status remains CANCELLED
","2830","Failed RFC callback for invalid RTP transition - DS-12P CNCL compliant","functional-tests.tests.callbacks","2026-08-07","passed","2026-08-07","","test_RTP_callback_DS_12P","",""
"","1242","An RTP sent when EPC response contains an unknown field is ignored and remains in status SENT","functional-tests.tests.send_rtp","2026-08-07","passed","2026-08-07","","test_RTP_send_MOCK","",""
"","389","Sending an RTP when EPC returns an unexpected status code error (RTP_05.CHK.A0007) returns 500 - through Web API","functional-tests.tests.send_rtp","2026-08-07","failed","2026-08-07","","test_RTP_send_MOCK","",""
"Test sending a CREATE operation message with different statuses via GPD message API","796","A CREATE message with status PUBLISHED","functional-tests.tests.process_messages_sender","2026-08-07","passed","2026-08-07","","test_RTP_process_sender_CREATE","",""
"Test sending a CREATE operation message with different statuses via GPD message API","782","A CREATE message with status INVALID","functional-tests.tests.process_messages_sender","2026-08-07","passed","2026-08-07","","test_RTP_process_sender_CREATE","",""
"
Test RFC callback DS12N with non-existing service provider.

Flow:
1. Activate payer
2. Send an RTP via GPD message (CREATE VALID)
3. Cancel the RTP via GPD message (DELETE) → RTP to RFC_SENT
4. Send DS12N callback with non-existing BIC (MOCKSP99)
5. Verify callback is rejected with 400 (service provider not found)
","1693","Failed RFC callback for non existing Service Provider - DS-12N RJCR compliant","functional-tests.tests.callbacks","2026-08-07","passed","2026-08-07","","test_RTP_callback_DS_12N","",""
"","1892","An RTP sent with synchronous acceptance is in status ACCEPTED - DS-05 ACTC - through Web API V2","functional-tests.tests.send_rtp","2026-08-07","passed","2026-08-07","","test_RTP_send_MOCK","",""
"","1651","An RTP callback is received with invalid status","functional-tests.tests.callbacks","2026-08-07","passed","2026-08-07","","test_RTP_callback_DS_08","",""
"","994","Get paginated list of payees successfully","functional-tests.tests.service_registry","2026-08-07","passed","2026-08-07","","test_service_registry_payees_registry","",""
"","2060","An RTP callback with invalid status is received and processed with success without affecting the RTP status","functional-tests.tests.callbacks","2026-08-07","passed","2026-08-07","","test_RTP_callback_DS_05","",""
"","384","Sending an RTP when EPC returns a malformed/invalid response body returns 500","functional-tests.tests.send_rtp","2026-08-07","failed","2026-08-07","","test_RTP_send_MOCK","",""
"Payer that has never been activated → isActive must be false.","388","test_get_activation_status_not_active_payer","functional-tests.tests.activation","2026-08-07","passed","2026-08-07","","test_debtor_activation_payer_status","",""
"","1501","An RTP is sent to a CBI service with activated fiscal code - through Web API V2","functional-tests.tests.send_rtp","2026-08-07","failed","2026-08-07","","test_RTP_send_CBI","",""
"
Test v2 RFC callback DS12P with CNCL status.

Flow:
1. Activate payer
2. Send an RTP via GPD message v2 (CREATE VALID)
3. Cancel the RTP via GPD message v2 (DELETE) -> RTP to RFC_SENT
4. Send DS12P callback with CxlStsId CNCL (Cancelled As Per Request)
5. Verify callback is accepted (200)
6. Verify RTP status is CANCELLED
","2839","A v2 RFC callback DS12P CNCL is successfully received and RTP status is CANCELLED","functional-tests.tests.callbacks_v2","2026-08-07","passed","2026-08-07","","test_RTP_callback_DS_12P_positive","",""
"","2309","RTP form is filled and submitted","ux-tests.tests","2026-08-07","passed","2026-08-07","","test_RTP_cancel_v4","",""
"Each entry in ``INVALID_PAYER_IDS`` must be rejected with 400.

The ``description`` parameter appears in pytest output to identify which
case failed without having to inspect the raw value.
","372","Querying activation status with an invalid payerId format returns 400","functional-tests.tests.activation","2026-08-07","passed","2026-08-07","","test_debtor_activation_payer_status","",""
"Parametrized contract test generated from the Send API OpenAPI spec.

Schemathesis derives one test case per endpoint defined in the spec, generating
request data (path params, query params, body) that is valid according to the schema.
Each case is executed against the live API and the response is validated with
CONTRACT_CHECKS.

An additional assertion verifies that the Location header is present on 201 responses
from POST /rtps, as required by the spec.
","158754","test_send_api_contract[POST /gpd/message]","contract-tests.tests","2026-08-07","passed","2026-08-07","","test_api_send_rtp","",""
"
Test RFC callback DS12N with wrong certificate identity, cancel via REST Web API.

Flow:
1. Activate payer
2. Send an RTP via GPD message (CREATE VALID)
3. Cancel the RTP via REST cancel endpoint with cancel_reason → RTP to RFC_SENT
4. Send DS12N callback with assignee_bic='FAKESP01' (doesn't match certificate identity MOCKSP04)
5. Verify callback is rejected with 403 (certificate mismatch)
","2680","Unauthorized RFC callback due to wrong certificate serial - through Web API cancel","functional-tests.tests.callbacks","2026-08-07","passed","2026-08-07","","test_RTP_callback_DS_12N","",""
"DS_08P ACCP callback sent directly on a SENT RTP (no prior DS_05 ACTC callback).

The RTP is expected to transition straight from SENT to USER_ACCEPTED.
","2864","A v2 RTP callback with status ACCP is successfully received without a prior DS_05 callback","functional-tests.tests.callbacks_v2","2026-08-07","passed","2026-08-07","","test_RTP_callback_DS_08P_positive","",""
"
Payer activated under SP A.
Token with read_rtp_all can read across all Service Providers:
the admin client sub does not match SP A, yet isActive must be true.
","1243","read_rtp_all role returns isActive true for a payer on any Service Provider","functional-tests.tests.activation","2026-08-07","passed","2026-08-07","","test_debtor_activation_payer_status","",""
"","387","Get payees consents with negative page number returns 400","functional-tests.tests.service_registry","2026-08-07","passed","2026-08-07","","test_get_payees_consents","",""
"Each entry in ``INVALID_PAYER_IDS`` (see dataset docstring) must be rejected with 400.","373","The activation request must contain a validly formatted fiscal code","functional-tests.tests.activation","2026-08-07","passed","2026-08-07","","test_debtor_activation_create","",""
"Test sending a DELETE operation message via GPD message API after a standalone UPDATE (no prior CREATE)","1198","A DELETE message after standalone UPDATE DRAFT","functional-tests.tests.process_messages_sender","2026-08-07","passed","2026-08-07","","test_RTP_process_sender_DELETE","",""
"Test sending a DELETE operation message via GPD message API after a CREATE","1157","A DELETE message after CREATE DRAFT","functional-tests.tests.process_messages_sender","2026-08-07","passed","2026-08-07","","test_RTP_process_sender_DELETE","",""
"Payer activated under SP A queried by SP A → isActive must be true.","771","An active payer returns isActive true for the same Service Provider","functional-tests.tests.activation","2026-08-07","passed","2026-08-07","","test_debtor_activation_payer_status","",""
"MOCKSP04 owns MOCKSP01 and triggers the OTP; FAKESP01, which owns neither, must be rejected
with an explicit ownership error, not merely a generic 403.","1180","Test Takeover Fails when Redeemer Does Not Own the OTP's Service Provider ID","functional-tests.tests.takeover","2026-08-07","passed","2026-08-07","","test_debtor_takeover","",""
"","373","Sending an RTP when EPC returns an unexpected status code error (RTP_05.CHK.A0007) returns 500 - through Web API V2","functional-tests.tests.send_rtp","2026-08-07","failed","2026-08-07","","test_RTP_send_MOCK","",""
"
Send the same CREATE VALID message twice.

Because send_gpd_message derives the Idempotency-Key deterministically from
the message id (msg_id), reusing the same payload reuses the same key.

Expectations:
- Both calls return HTTP 200 (idempotent, not an error).
- The resourceId in both responses is identical, proving the API returned
  the cached response and did not process the message twice.
- Querying by notice number returns exactly one RTP, confirming that only
  one record was written to the database.
","1663","Two CREATE VALID messages with the same Idempotency-Key both succeed but only one RTP is stored","functional-tests.tests.process_messages_sender","2026-08-07","passed","2026-08-07","","test_RTP_process_sender_IDEMPOTENCY","",""
"","364","The service returns the mocked server error","functional-tests.tests.availability","2026-08-07","passed","2026-08-07","","test_availability_MOCK","",""
"Reusing the same OTP after a successful takeover should fail","1613","Test Takeover Fails with Reused OTP","functional-tests.tests.takeover","2026-08-07","passed","2026-08-07","","test_debtor_takeover","",""
"Test sending an UPDATE after CREATE VALID + DELETE with different statuses","2642","An UPDATE message with status DRAFT after CREATE VALID and DELETE","functional-tests.tests.process_messages_sender","2026-08-07","passed","2026-08-07","","test_RTP_process_sender_UPDATE","",""
"No `Sts.Conf` confirmation is present (Sts block omitted entirely), so only CANCEL_RTP is triggered and the RTP stays in RFC_SENT.","1825","Cancelling an RTP - EPC v4 mock happy path scenario: no_sts_block","functional-tests.tests.cancel_rtp","2026-08-07","passed","2026-08-07","","test_RTP_cancel_MOCK_V2","",""
"","7333","RTP form cancellation with reason PAID","ux-tests.tests","2026-08-07","failed","2026-08-07","","test_RTP_cancel_v4","",""
"","2569","A v2 RTP callback with status ACCP is successfully received","functional-tests.tests.callbacks_v2","2026-08-07","passed","2026-08-07","","test_RTP_callback_DS_08P_positive","",""
"DS_08N RJCT callback sent after a prior DS_05 ACTC callback.

The RTP is expected to transition from SENT to ACCEPTED, then to USER_REJECTED.
","3127","A v2 RTP callback with status RJCT after DS_05 transitions the RTP to USER_REJECTED","functional-tests.tests.callbacks_v2","2026-08-07","passed","2026-08-07","","test_RTP_callback_DS_08N_negative","",""
"Each entry in ``INVALID_PAYER_IDS`` must be rejected with 400.

The ``description`` parameter appears in pytest output to identify which
case failed without having to inspect the raw value.
","381","Querying activation status with an invalid payerId format returns 400","functional-tests.tests.activation","2026-08-07","passed","2026-08-07","","test_debtor_activation_payer_status","",""
"Test sending an UPDATE operation message with different statuses via GPD message API after a CREATE","1282","An UPDATE message with status EXPIRED after CREATE","functional-tests.tests.process_messages_sender","2026-08-07","passed","2026-08-07","","test_RTP_process_sender_UPDATE","",""
"Each entry in ``INVALID_PAYER_IDS`` must be rejected with 400.

The ``description`` parameter appears in pytest output to identify which
case failed without having to inspect the raw value.
","373","Querying activation status with an invalid payerId format returns 400","functional-tests.tests.activation","2026-08-07","passed","2026-08-07","","test_debtor_activation_payer_status","",""
"","434","Sending to non-activated debtor returns 422","functional-tests.tests.send_rtp","2026-08-07","passed","2026-08-07","","test_RTP_send_MOCK","",""
"Test that takeover fails when the service provider is unauthenticated","1146","Test Takeover Fails with Unauthenticated SP","functional-tests.tests.takeover","2026-08-07","passed","2026-08-07","","test_debtor_takeover","",""
"","1599","RTP is successfully cancelled with reason PAID","functional-tests.tests.cancel_rtp","2026-08-07","passed","2026-08-07","","test_RTP_cancel","",""
"Each entry in ``INVALID_PAYER_IDS`` must be rejected with 400.

The ``description`` parameter appears in pytest output to identify which
case failed without having to inspect the raw value.
","382","Querying activation status with an invalid payerId format returns 400","functional-tests.tests.activation","2026-08-07","passed","2026-08-07","","test_debtor_activation_payer_status","",""
"","408","Retrieving non-existent activation by payer id returns 404","functional-tests.tests.activation","2026-08-07","passed","2026-08-07","","test_debtor_activation_get","",""
"","376","Retrieving activation with invalid UUID returns 400","functional-tests.tests.activation","2026-08-07","passed","2026-08-07","","test_debtor_activation_get","",""
"","375","A Service Provider with invalid client ID is not authenticated on Keycloak","functional-tests.tests.auth","2026-08-07","passed","2026-08-07","","test_auth","",""
"Each entry in ``INVALID_PAYER_IDS`` must be rejected with 400.

The ``description`` parameter appears in pytest output to identify which
case failed without having to inspect the raw value.
","370","Querying activation status with an invalid payerId format returns 400","functional-tests.tests.activation","2026-08-07","passed","2026-08-07","","test_debtor_activation_payer_status","",""
"","381","Non-existent NextActivationId returns 200 with empty body","functional-tests.tests.activation","2026-08-07","passed","2026-08-07","","test_debtor_activation_list","",""
"","1231","Sending an RTP when EPC returns a malformed/invalid response body returns 500 - through Web API","functional-tests.tests.send_rtp","2026-08-07","failed","2026-08-07","","test_RTP_send_MOCK","",""
"","968","An RTP is sent to Poste service with activated fiscal code - through Web API","functional-tests.tests.send_rtp","2026-08-07","passed","2026-08-07","","test_RTP_send_POSTE","",""
"Each entry in ``INVALID_PAYER_IDS`` must be rejected with 400.

The ``description`` parameter appears in pytest output to identify which
case failed without having to inspect the raw value.
","381","Querying activation status with an invalid payerId format returns 400","functional-tests.tests.activation","2026-08-07","passed","2026-08-07","","test_debtor_activation_payer_status","",""
"DS_08P ACCP callback sent twice on the same RTP (direct SENT -> USER_ACCEPTED).

The second callback must be rejected with 400 since the transition is no
longer valid once the RTP is already USER_ACCEPTED.
","3191","Failed v2 callback for invalid RTP transition - DS-08P positive compliant","functional-tests.tests.callbacks_v2","2026-08-07","passed","2026-08-07","","test_RTP_callback_DS_08P_positive","",""
"
Tests that sending an RTP payload with an expired date to the POSTE endpoint results in a 400 Bad Request response.

:param debtor_sp_mock_cert_key: Certificate and key tuple for mutual TLS authentication.
:type debtor_sp_mock_cert_key: Tuple[str, str]
","986","Cannot send RTP with expired date","functional-tests.tests.availability","2026-08-07","failed","2026-08-07","","test_availability_POSTE","",""
"Each entry in ``INVALID_PAYER_IDS`` (see dataset docstring) must be rejected with 400.","380","The activation request must contain a validly formatted fiscal code","functional-tests.tests.activation","2026-08-07","passed","2026-08-07","","test_debtor_activation_create","",""
"","1141","SP_ACTIVATIONS_READ_ALL can retrieve activation by Fiscal Code created by SP_A","functional-tests.tests.activation","2026-08-07","passed","2026-08-07","","test_RTP_activation_security","",""
"","1235","An RTP sent with synchronous acceptance is in status ACCEPTED - DS-05 ACTC - through Web API","functional-tests.tests.send_rtp","2026-08-07","passed","2026-08-07","","test_RTP_send_MOCK","",""
"
Tests that sending an RTP payload with an invalid amount to the POSTE endpoint results in a 400 Bad Request response.

:param debtor_sp_mock_cert_key: Certificate and key tuple for mutual TLS authentication.
:type debtor_sp_mock_cert_key: Tuple[str, str]
","837","Cannot send RTP with invalid amount","functional-tests.tests.availability","2026-08-07","passed","2026-08-07","","test_availability_POSTE","",""
"The PSP synchronously rejects the cancellation request with 422 (per standard behaviour for the EPC 400 Bad Request scenario). The RTP then transitions to ERROR_CANCEL via ERROR_CANCEL_RTP.","1963","Cancelling an RTP - EPC v4 mock unhappy path scenario: epc_400","functional-tests.tests.cancel_rtp","2026-08-07","failed","2026-08-07","","test_RTP_cancel_MOCK_V2","",""
"Takeover without a previously issued OTP should fail","807","Test Takeover Fails without Prior OTP","functional-tests.tests.takeover","2026-08-07","passed","2026-08-07","","test_debtor_takeover","",""
"","3026","An RTP callback is successfully received","functional-tests.tests.callbacks","2026-08-07","passed","2026-08-07","","test_RTP_callback_DS_04","",""
"Each entry in ``INVALID_PAYER_IDS`` (see dataset docstring) must be rejected with 400.","386","The activation request must contain a validly formatted fiscal code","functional-tests.tests.activation","2026-08-07","passed","2026-08-07","","test_debtor_activation_create","",""
"","1360","Deactivation fails for activation by another service provider","functional-tests.tests.activation","2026-08-07","passed","2026-08-07","","test_debtor_deactivation","",""
"","349","Get payees with invalid authorization","functional-tests.tests.service_registry","2026-08-07","passed","2026-08-07","","test_service_registry_payees_registry","",""
"Test sending a DELETE operation message via GPD message API after a CREATE VALID + UPDATE","1720","A DELETE message after CREATE VALID + UPDATE EXPIRED","functional-tests.tests.process_messages_sender","2026-08-07","passed","2026-08-07","","test_RTP_process_sender_DELETE","",""
"","391","All auth fixtures expose a valid Bearer token format","functional-tests.tests.auth","2026-08-07","passed","2026-08-07","","test_auth","",""
"","2599","A debtor Service Provider cannot send an RTP","bdd-tests","2026-08-07","passed","2026-08-07","RTP_Sending","RTP","",""
"","373","missing token → 401 Unauthorized","functional-tests.tests.get_rtp","2026-08-07","passed","2026-08-07","","test_RTP_get","",""
"","2576","Attempt to cancel a non-existing RTP","bdd-tests","2026-08-07","passed","2026-08-07","RTP_Cancellation","RTP","",""
"","363","The service returns the mocked server error","functional-tests.tests.availability","2026-08-07","passed","2026-08-07","","test_availability_MOCK","",""
"Each entry in ``INVALID_PAYER_IDS`` (see dataset docstring) must be rejected with 400.","374","The activation request must contain a validly formatted fiscal code","functional-tests.tests.activation","2026-08-07","passed","2026-08-07","","test_debtor_activation_create","",""
"","835","A debtor cannot be activated more than once by the same service provider","functional-tests.tests.activation","2026-08-07","passed","2026-08-07","","test_debtor_activation_create","",""
"Test sending a CREATE operation message with a foreign fiscal code via GPD message API","859","A CREATE message with foreign fiscal code is successfully sent through GPD message API","functional-tests.tests.process_messages_sender","2026-08-07","passed","2026-08-07","","test_RTP_process_sender","",""
"","373","A debtor service provider fails activation due to wrong service provider id","functional-tests.tests.activation","2026-08-07","passed","2026-08-07","","test_debtor_activation_list","",""
"Each entry in ``INVALID_PAYER_IDS`` must be rejected with 400.

The ``description`` parameter appears in pytest output to identify which
case failed without having to inspect the raw value.
","379","Querying activation status with an invalid payerId format returns 400","functional-tests.tests.activation","2026-08-07","passed","2026-08-07","","test_debtor_activation_payer_status","",""
"","386","All auth fixtures expose a valid Bearer token format","functional-tests.tests.auth","2026-08-07","passed","2026-08-07","","test_auth","",""
"","1085","An RTP is sent to Poste service with activated fiscal code","functional-tests.tests.send_rtp","2026-08-07","passed","2026-08-07","","test_RTP_send_POSTE","",""
"","376","Non-integer size returns 400","functional-tests.tests.activation","2026-08-07","passed","2026-08-07","","test_debtor_activation_list","",""
"","1850","All auth fixtures expose a valid Bearer token format","functional-tests.tests.auth","2026-08-07","passed","2026-08-07","","test_auth","",""
"Each entry in ``INVALID_PAYER_IDS`` must be rejected with 400.

The ``description`` parameter appears in pytest output to identify which
case failed without having to inspect the raw value.
","383","Querying activation status with an invalid payerId format returns 400","functional-tests.tests.activation","2026-08-07","passed","2026-08-07","","test_debtor_activation_payer_status","",""
"Each entry in ``INVALID_PAYER_IDS`` must be rejected with 400.

The ``description`` parameter appears in pytest output to identify which
case failed without having to inspect the raw value.
","373","Querying activation status with an invalid payerId format returns 400","functional-tests.tests.activation","2026-08-07","passed","2026-08-07","","test_debtor_activation_payer_status","",""
"","806","A debtor with VAT number (Partita IVA) is activated successfully","functional-tests.tests.activation","2026-08-07","passed","2026-08-07","","test_debtor_activation_create","",""
"","2114","Failed callback for non compliant DS-04b payload","functional-tests.tests.callbacks","2026-08-07","passed","2026-08-07","","test_RTP_callback_DS_04","",""
"
Test RFC callback DS12P with wrong certificate identity.

Flow:
1. Activate payer
2. Send an RTP via GPD message (CREATE VALID)
3. Cancel the RTP via GPD message (DELETE) → RTP to RFC_SENT
4. Send DS12P callback with assignee_bic='FAKESP01' (doesn't match certificate identity MOCKSP04)
5. Verify callback is rejected with 403 (certificate mismatch)
","1693","Unauthorized RFC callback due to wrong certificate serial","functional-tests.tests.callbacks","2026-08-07","passed","2026-08-07","","test_RTP_callback_DS_12P","",""
"","868","A second service provider triggers takeover when debtor is already active on another service provider","functional-tests.tests.activation","2026-08-07","passed","2026-08-07","","test_debtor_activation_create","",""
"Test sending a CREATE operation message with different statuses via GPD message API","785","A CREATE message with status EXPIRED","functional-tests.tests.process_messages_sender","2026-08-07","passed","2026-08-07","","test_RTP_process_sender_CREATE","",""
"","793","Sending a GPD message with null operation returns 400","functional-tests.tests.send_rtp","2026-08-07","passed","2026-08-07","","test_RTP_send_MOCK","",""
"Test sending a DELETE operation message via GPD message API after a CREATE VALID + UPDATE","1685","A DELETE message after CREATE VALID + UPDATE DRAFT","functional-tests.tests.process_messages_sender","2026-08-07","passed","2026-08-07","","test_RTP_process_sender_DELETE","",""
"","786","A debtor with VAT number is activated and retrieved by activation id","functional-tests.tests.activation","2026-08-07","passed","2026-08-07","","test_debtor_activation_get","",""
"
Test RFC callback DS12N with non-existing service provider, cancel via REST Web API.

Flow:
1. Activate payer
2. Send an RTP via GPD message (CREATE VALID)
3. Cancel the RTP via REST cancel endpoint with cancel_reason → RTP to RFC_SENT
4. Send DS12N callback with non-existing BIC (MOCKSP99)
5. Verify callback is rejected with 400 (service provider not found)
","1776","Failed RFC callback for non existing Service Provider - DS-12N RJCR compliant - through Web API cancel","functional-tests.tests.callbacks","2026-08-07","passed","2026-08-07","","test_RTP_callback_DS_12N","",""
"","385","All auth fixtures expose a valid Bearer token format","functional-tests.tests.auth","2026-08-07","passed","2026-08-07","","test_auth","",""
"Test sending a CREATE operation message with different statuses via GPD message API","782","A CREATE message with status PAID","functional-tests.tests.process_messages_sender","2026-08-07","passed","2026-08-07","","test_RTP_process_sender_CREATE","",""
"Test sending an UPDATE after CREATE VALID + DELETE with different statuses","2245","An UPDATE message with status PUBLISHED after CREATE VALID and DELETE","functional-tests.tests.process_messages_sender","2026-08-07","passed","2026-08-07","","test_RTP_process_sender_UPDATE","",""
"","0","A Service Provider is authenticated","functional-tests.tests.auth","2026-08-07","passed","2026-08-07","","test_auth","",""
"
Test RFC callback DS12N with wrong certificate identity, cancel via REST Web API.

Flow:
1. Activate payer
2. Send an RTP via GPD message (CREATE VALID)
3. Cancel the RTP via REST cancel endpoint with cancel_reason → RTP to RFC_SENT
4. Send DS12N callback with assignee_bic='FAKESP01' (doesn't match certificate identity MOCKSP04)
5. Verify callback is rejected with 403 (certificate mismatch)
","1678","Unauthorized RFC callback due to wrong certificate serial - through Web API cancel","functional-tests.tests.callbacks","2026-08-07","passed","2026-08-07","","test_RTP_callback_DS_12N","",""
"","1","Successful login","bdd-tests","2026-08-07","passed","2026-08-07","RTP_Web_Sending","RTP","",""
"","1257","An RTP sent when EPC response omits _links is in status ACCEPTED - through Web API","functional-tests.tests.send_rtp","2026-08-07","passed","2026-08-07","","test_RTP_send_MOCK","",""
"
DS_08P ACCP callback sent with the Version header must be rejected with 400.
The RTP must remain in ACCEPTED (transition to USER_ACCEPTED must not happen).

Flow:
1. Activate payer, send RTP, advance to ACCEPTED via DS_05 (without header)
2. Build a valid DS_08P ACCP payload
3. POST WITH Version header
4. Verify 400 is returned with the expected error body
5. Verify RTP status is still ACCEPTED
","2998","DS_08P ACCP callback with Version header returns 400","functional-tests.tests.callbacks","2026-08-07","passed","2026-08-07","","test_RTP_callback_with_version_header","",""
"
Test RFC callback DS12P with INVALID status, cancel via REST Web API.

Flow:
1. Activate payer
2. Send an RTP via GPD message (CREATE VALID)
3. Cancel the RTP via REST cancel endpoint with cancel_reason → RTP to RFC_SENT
4. Send DS12P callback with CxlStsId INVALID
5. Verify callback is rejected with 400
6. Verify RTP status is still RFC_SENT
","2183","An RFC callback DS12P INVALID is rejected with 400 - through Web API cancel","functional-tests.tests.callbacks","2026-08-07","passed","2026-08-07","","test_RTP_callback_DS_12P","",""
"","1730","RTP cancellation fails with an invalid reason","functional-tests.tests.cancel_rtp","2026-08-07","passed","2026-08-07","","test_RTP_cancel","",""
"","1704","Unauthorized callback due to wrong certificate serial","functional-tests.tests.callbacks_v2","2026-08-07","passed","2026-08-07","","test_RTP_callback_DS_document_rjct","",""
"FAKESP01 does not own MOCKSP01, a Service Provider ID owned by another tspId.","380","Activation is forbidden for a Service Provider ID not owned by the token subject","functional-tests.tests.activation","2026-08-07","passed","2026-08-07","","test_debtor_activation_create","",""
"","68","The RTP web page is reachable","functional-tests.tests.availability","2026-08-07","passed","2026-08-07","","test_availability_RTP_webform","",""
"","6283","RTP form is filled and submitted","ux-tests.tests","2026-08-07","passed","2026-08-07","","test_RTP_cancel_v3","",""
"","375","Failed callback for non existing Service Provider - DS-08P compliant","functional-tests.tests.callbacks","2026-08-07","passed","2026-08-07","","test_RTP_callback_DS_08","",""
"","2312","A v2 document RTP callback with status RJCT is successfully received","functional-tests.tests.callbacks_v2","2026-08-07","passed","2026-08-07","","test_RTP_callback_DS_document_rjct","",""
"","2068","A debtor Service Provider tries to activates a debtor 2 times, failing the second attempt","bdd-tests","2026-08-07","passed","2026-08-07","Debtor_Activation","RTP","",""
"Test sending an UPDATE after CREATE VALID + DELETE with different statuses","1871","An UPDATE message with status VALID after CREATE VALID and DELETE","functional-tests.tests.process_messages_sender","2026-08-07","passed","2026-08-07","","test_RTP_process_sender_UPDATE","",""
"","1688","RTP is successfully cancelled with reason PAID - V2","functional-tests.tests.cancel_rtp","2026-08-07","passed","2026-08-07","","test_RTP_cancel","",""
"Each entry in ``INVALID_PAYER_IDS`` (see dataset docstring) must be rejected with 400.","382","The activation request must contain a validly formatted fiscal code","functional-tests.tests.activation","2026-08-07","passed","2026-08-07","","test_debtor_activation_create","",""
"","1274","RTP cancellation fails with an invalid reason - V2","functional-tests.tests.cancel_rtp","2026-08-07","passed","2026-08-07","","test_RTP_cancel","",""
"","1908","An RTP sent with synchronous rejection is in status REJECTED - DS-08P N - through Web API V2","functional-tests.tests.send_rtp","2026-08-07","passed","2026-08-07","","test_RTP_send_MOCK","",""
"UPDATE VALID before any CREATE creates a new RTP; the RTP must be retrievable from the database","1276","An UPDATE VALID before CREATE creates the RTP in the database","functional-tests.tests.process_messages_sender","2026-08-07","passed","2026-08-07","","test_RTP_process_sender_UPDATE_before_CREATE","",""
"
Test RFC callback DS12P with wrong certificate identity, cancel via REST Web API.

Flow:
1. Activate payer
2. Send an RTP via GPD message (CREATE VALID)
3. Cancel the RTP via REST cancel endpoint with cancel_reason → RTP to RFC_SENT
4. Send DS12P callback with assignee_bic='FAKESP01' (doesn't match certificate identity MOCKSP04)
5. Verify callback is rejected with 403 (certificate mismatch)
","2248","Unauthorized RFC callback due to wrong certificate serial - through Web API cancel","functional-tests.tests.callbacks","2026-08-07","passed","2026-08-07","","test_RTP_callback_DS_12P","",""
"
Test RFC callback DS12N with RJCR status, cancel triggered via REST Web API with explicit reason.

Flow:
1. Activate payer
2. Send an RTP via GPD message (CREATE VALID)
3. Cancel the RTP via REST cancel endpoint with cancel_reason → RTP to RFC_SENT
4. Send DS12N callback with CxlStsId RJCR (Rejected Cancellation Request)
5. Verify callback is accepted (200)
6. Verify RTP status is ERROR_CANCEL
","2633","An RFC callback DS12N RJCR is successfully received and RTP status is ERROR_CANCEL - through Web API cancel","functional-tests.tests.callbacks","2026-08-07","passed","2026-08-07","","test_RTP_callback_DS_12N","",""
"","377","Get payees consents with invalid date format returns 400","functional-tests.tests.service_registry","2026-08-07","passed","2026-08-07","","test_get_payees_consents","",""
"Each entry in ``INVALID_PAYER_IDS`` must be rejected with 400.

The ``description`` parameter appears in pytest output to identify which
case failed without having to inspect the raw value.
","389","Querying activation status with an invalid payerId format returns 400","functional-tests.tests.activation","2026-08-07","passed","2026-08-07","","test_debtor_activation_payer_status","",""
"Each entry in ``INVALID_PAYER_IDS`` must be rejected with 400.

The ``description`` parameter appears in pytest output to identify which
case failed without having to inspect the raw value.
","380","Querying activation status with an invalid payerId format returns 400","functional-tests.tests.activation","2026-08-07","passed","2026-08-07","","test_debtor_activation_payer_status","",""
"
Tests that sending an RTP payload with an amount over the POSTE limit results in a 400 Bad Request response.

:param debtor_sp_mock_cert_key: Certificate and key tuple for mutual TLS authentication.
:type debtor_sp_mock_cert_key: Tuple[str, str]
","1338","Cannot send RTP with an amount over the POSTE limit","functional-tests.tests.availability","2026-08-07","failed","2026-08-07","","test_availability_POSTE","",""
"An EPC response containing fields not declared in the OpenAPI spec is treated as an invalid message and is NOT tolerated for accept/reject purposes (confirmed with rtp-sender-v2 maintainers, PR #26). The extra `invalid-field` property invalidates the whole response, so the RJCR confirmation is not processed and the RTP stays in RFC_SENT.","1770","Cancelling an RTP - EPC v4 mock unhappy path scenario: rjcr_extra_field","functional-tests.tests.cancel_rtp","2026-08-07","passed","2026-08-07","","test_RTP_cancel_MOCK_V2","",""
"
Test RFC callback DS12N with RJCR status.

Flow:
1. Activate payer
2. Send an RTP via GPD message (CREATE VALID)
3. Cancel the RTP via GPD message (DELETE) → RTP to RFC_SENT
4. Send DS12N callback with CxlStsId RJCR (Rejected Cancellation Request)
5. Verify callback is accepted (200)
6. Verify RTP status is ERROR_CANCEL
","2600","An RFC callback DS12N RJCR is successfully received and RTP status is ERROR_CANCEL","functional-tests.tests.callbacks","2026-08-07","passed","2026-08-07","","test_RTP_callback_DS_12N","",""
"Test sending a CREATE operation message with an Italian VAT number via GPD message API","900","A CREATE message with VAT number (Partita IVA) is successfully sent through GPD message API","functional-tests.tests.process_messages_sender","2026-08-07","passed","2026-08-07","","test_RTP_process_sender","",""
"UPDATE VALID with an ec_tax_code that does not exist in GPD returns 422 Payee not found","992","An UPDATE VALID message with a non-existent ec_tax_code is rejected","functional-tests.tests.process_messages_sender","2026-08-07","passed","2026-08-07","","test_RTP_process_sender_UPDATE","",""
"","854","Find by payer id returns 404 when the token subject does not own the activation's Service Provider ID","functional-tests.tests.activation","2026-08-07","passed","2026-08-07","","test_debtor_activation_get","",""
"","6978","RTP form cancellation with reason MODT","ux-tests.tests","2026-08-07","failed","2026-08-07","","test_RTP_cancel_v3","",""
"Each entry in ``INVALID_PAYER_IDS`` must be rejected with 400.

The ``description`` parameter appears in pytest output to identify which
case failed without having to inspect the raw value.
","381","Querying activation status with an invalid payerId format returns 400","functional-tests.tests.activation","2026-08-07","passed","2026-08-07","","test_debtor_activation_payer_status","",""
"Each entry in ``INVALID_PAYER_IDS`` (see dataset docstring) must be rejected with 400.","2247","The activation request must contain a validly formatted fiscal code","functional-tests.tests.activation","2026-08-07","passed","2026-08-07","","test_debtor_activation_create","",""
"The PSP synchronously rejects the cancellation request with 422 (per standard behaviour for the EPC 404 Not Found scenario). The RTP then transitions to ERROR_CANCEL via ERROR_CANCEL_RTP.","2032","Cancelling an RTP - EPC v4 mock unhappy path scenario: epc_404","functional-tests.tests.cancel_rtp","2026-08-07","failed","2026-08-07","","test_RTP_cancel_MOCK_V2","",""
"
Test v2 RFC callback DS12P with CNCL status applied twice on the same RTP.

Flow:
1. Activate payer
2. Send an RTP via GPD message v2 (CREATE VALID)
3. Cancel the RTP via GPD message v2 (DELETE) -> RTP to RFC_SENT
4. Send DS12P callback with CxlStsId CNCL (Cancelled As Per Request) -> RTP to CANCELLED
5. Send the same DS12P CNCL callback again on the already cancelled RTP
6. Verify the second callback is rejected (400) since the transition is no longer valid
7. Verify RTP status remains CANCELLED
","3497","Failed v2 RFC callback for invalid RTP transition - DS-12P positive compliant","functional-tests.tests.callbacks_v2","2026-08-07","passed","2026-08-07","","test_RTP_callback_DS_12P_positive","",""
"
Test RFC callback DS12N with wrong certificate identity.

Flow:
1. Activate payer
2. Send an RTP via GPD message (CREATE VALID)
3. Cancel the RTP via GPD message (DELETE) → RTP to RFC_SENT
4. Send DS12N callback with assignee_bic='FAKESP01' (doesn't match certificate identity MOCKSP04)
5. Verify callback is rejected with 403 (certificate mismatch)
","1682","Unauthorized RFC callback due to wrong certificate serial","functional-tests.tests.callbacks","2026-08-07","passed","2026-08-07","","test_RTP_callback_DS_12N","",""
"Test sending a CREATE operation message with an omocodia fiscal code via GPD message API","884","A CREATE message with omocodia fiscal code is successfully sent through GPD message API","functional-tests.tests.process_messages_sender","2026-08-07","passed","2026-08-07","","test_RTP_process_sender","",""
"Test sending a DELETE operation message via GPD message API after a CREATE","1192","A DELETE message after CREATE EXPIRED","functional-tests.tests.process_messages_sender","2026-08-07","passed","2026-08-07","","test_RTP_process_sender_DELETE","",""
"The mock policy falls back to its default `{}` response when no notice number matches, so the RTP stays in RFC_SENT.","1824","Cancelling an RTP - EPC v4 mock happy path scenario: no_match_fallback","functional-tests.tests.cancel_rtp","2026-08-07","passed","2026-08-07","","test_RTP_cancel_MOCK_V2","",""
"","5431","Attempt to cancel an already cancelled RTP","bdd-tests","2026-08-07","passed","2026-08-07","RTP_Cancellation","RTP","",""
"","1736","Takeover fails without authentication","bdd-tests","2026-08-07","passed","2026-08-07","Debtor_Activation_Takeover","RTP","",""
"","1713","Unauthorized callback due to wrong certificate serial","functional-tests.tests.callbacks_v2","2026-08-07","passed","2026-08-07","","test_RTP_callback_DS_08P_positive","",""
"","381","A Service Provider with invalid client secret is not authenticated on Keycloak","functional-tests.tests.auth","2026-08-07","passed","2026-08-07","","test_auth","",""
"","891","A debtor activated with an owned but distinct Service Provider ID is deactivated","functional-tests.tests.activation","2026-08-07","passed","2026-08-07","","test_debtor_deactivation","",""
"","2058","Takeover fails with invalid OTP","bdd-tests","2026-08-07","passed","2026-08-07","Debtor_Activation_Takeover","RTP","",""
"
Test RFC callback DS12N with INVALID status, cancel via REST Web API.

Flow:
1. Activate payer
2. Send an RTP via GPD message (CREATE VALID)
3. Cancel the RTP via REST cancel endpoint with cancel_reason → RTP to RFC_SENT
4. Send DS12N callback with CxlStsId INVALID
5. Verify callback is rejected with 400
6. Verify RTP status is still RFC_SENT
","2542","An RFC callback DS12N INVALID is rejected with 400 - through Web API cancel","functional-tests.tests.callbacks","2026-08-07","passed","2026-08-07","","test_RTP_callback_DS_12N","",""
"Test sending a DELETE operation message via GPD message API after a CREATE","1151","A DELETE message after CREATE INVALID","functional-tests.tests.process_messages_sender","2026-08-07","passed","2026-08-07","","test_RTP_process_sender_DELETE","",""
"","1863","RTP form is filled and submitted","ux-tests.tests","2026-08-07","passed","2026-08-07","","test_RTP_submission_v3","",""
"Each entry in ``INVALID_PAYER_IDS`` (see dataset docstring) must be rejected with 400.","381","The activation request must contain a validly formatted fiscal code","functional-tests.tests.activation","2026-08-07","passed","2026-08-07","","test_debtor_activation_create","",""
"","1693","Unauthorized callback due to wrong certificate serial","functional-tests.tests.callbacks_v2","2026-08-07","passed","2026-08-07","","test_RTP_callback_DS_05_redirect","",""
"","385","Get payees consents with invalid consent value returns 400","functional-tests.tests.service_registry","2026-08-07","passed","2026-08-07","","test_get_payees_consents","",""
"Each entry in ``INVALID_PAYER_IDS`` (see dataset docstring) must be rejected with 400.","374","The activation request must contain a validly formatted fiscal code","functional-tests.tests.activation","2026-08-07","passed","2026-08-07","","test_debtor_activation_create","",""
"
Test v2 RFC callback DS12N with RJCR status.

Flow:
1. Activate payer
2. Send an RTP via GPD message v2 (CREATE VALID)
3. Cancel the RTP via GPD message v2 (DELETE) -> RTP to RFC_SENT
4. Send DS12N callback with CxlStsId RJCR (Rejected Cancellation Request)
5. Verify callback is accepted (200)
6. Verify RTP status is CANCELLED_REJECTED
","2849","A v2 RFC callback DS12N RJCR is successfully received and RTP status is CANCELLED_REJECTED","functional-tests.tests.callbacks_v2","2026-08-07","passed","2026-08-07","","test_RTP_callback_DS_12N_negative","",""
"","3582","Failed callback for invalid RTP transition - DS-08N compliant","functional-tests.tests.callbacks","2026-08-07","passed","2026-08-07","","test_RTP_callback_DS_08","",""
"Each entry in ``INVALID_PAYER_IDS`` must be rejected with 400.

The ``description`` parameter appears in pytest output to identify which
case failed without having to inspect the raw value.
","370","Querying activation status with an invalid payerId format returns 400","functional-tests.tests.activation","2026-08-07","passed","2026-08-07","","test_debtor_activation_payer_status","",""
"
DS_12N RJCR RFC callback sent with the Version header must be rejected with 400.
The RTP must remain in RFC_SENT (transition to ERROR_CANCEL must not happen).

Flow:
1. Activate payer, send RTP, trigger cancel via GPD DELETE → RFC_SENT
2. Build a valid DS_12N RJCR payload
3. POST to RFC callback endpoint WITH Version header
4. Verify 400 is returned with the expected error body
5. Verify RTP status is still RFC_SENT
","2741","DS_12N RJCR RFC callback with Version header returns 400","functional-tests.tests.callbacks","2026-08-07","passed","2026-08-07","","test_RTP_callback_with_version_header","",""
"Payer activated then deactivated by SP A → isActive must be false.","1251","A deactivated payer returns isActive false","functional-tests.tests.activation","2026-08-07","passed","2026-08-07","","test_debtor_activation_payer_status","",""
"","2114","A v2 RTP callback with invalid status is rejected without affecting the RTP status","functional-tests.tests.callbacks_v2","2026-08-07","passed","2026-08-07","","test_RTP_callback_DS_08N_negative","",""
"The PSP synchronously rejects the cancellation request with 422 (per standard behaviour for the EPC 410 Gone scenario). The RTP then transitions to ERROR_CANCEL via ERROR_CANCEL_RTP.","1922","Cancelling an RTP - EPC v4 mock unhappy path scenario: epc_410","functional-tests.tests.cancel_rtp","2026-08-07","failed","2026-08-07","","test_RTP_cancel_MOCK_V2","",""
"
DS_08N callback sent with the Version header must be rejected with 400.
The RTP must remain in SENT (transition to REJECTED must not happen).

Flow:
1. Activate payer and send an RTP → resource_id
2. Build a valid DS_08N payload referencing the RTP
3. POST to callback endpoint WITH Version header
4. Verify 400 is returned with the expected error body
5. Verify RTP status is still SENT
","1619","DS_08N callback with Version header returns 400","functional-tests.tests.callbacks","2026-08-07","passed","2026-08-07","","test_RTP_callback_with_version_header","",""
"The PSP synchronously rejects the cancellation request with 422 (per standard behaviour for the EPC 429 Too Many Requests scenario). The RTP then transitions to ERROR_CANCEL via ERROR_CANCEL_RTP.","9491","Cancelling an RTP - EPC v4 mock unhappy path scenario: epc_429","functional-tests.tests.cancel_rtp","2026-08-07","failed","2026-08-07","","test_RTP_cancel_MOCK_V2","",""
"","1124","SP_B cannot retrieve activation by Fiscal Code created by SP_A","functional-tests.tests.activation","2026-08-07","passed","2026-08-07","","test_RTP_activation_security","",""
"
Given a debtor is activated and a GPD message (CREATE) is sent via POST /gpd/message,
when the rtp-sender processes it and the RTP reaches status SENT,
when the payee queries the delivery-status endpoint with the correct noticeNumber
(nav) and payeeId (ec_tax_code),
then the response body must contain status=PD_RTP_DELIVERED, a non-null processingDate
in ISO 8601 format, and processingDate must match the SEND_RTP event timestamp from
the GPD message response (truncated to millisecond precision).
","6270","GPD message sent → RTP SENT → PD_RTP_DELIVERED with processingDate","functional-tests.tests.get_rtp","2026-08-07","passed","2026-08-07","","test_RTP_get_delivery_status","",""
"
Test v2 RFC callback DS12N with wrong certificate identity.

Flow:
1. Activate payer
2. Send an RTP via GPD message v2 (CREATE VALID)
3. Cancel the RTP via GPD message v2 (DELETE) -> RTP to RFC_SENT
4. Send DS12N callback with assignee_bic='FAKESP01' (doesn't match certificate identity)
5. Verify callback is rejected with 403 (certificate mismatch)
6. Verify RTP status is still RFC_SENT
","2761","Unauthorized v2 RFC callback due to wrong certificate serial","functional-tests.tests.callbacks_v2","2026-08-07","passed","2026-08-07","","test_RTP_callback_DS_12N_negative","",""
"","890","An RTP is sent through GPD message API","functional-tests.tests.send_rtp","2026-08-07","passed","2026-08-07","","test_RTP_send_MOCK","",""
"","1809","An RTP sent with synchronous rejection is in status REJECTED - DS-08P N - through Web API","functional-tests.tests.send_rtp","2026-08-07","passed","2026-08-07","","test_RTP_send_MOCK","",""
"Test sending an UPDATE operation message with different statuses via GPD message API after a CREATE","1274","An UPDATE message with status PUBLISHED after CREATE","functional-tests.tests.process_messages_sender","2026-08-07","passed","2026-08-07","","test_RTP_process_sender_UPDATE","",""
"","2351","Unauthorized callback due to wrong certificate serial","functional-tests.tests.callbacks_v2","2026-08-07","passed","2026-08-07","","test_RTP_callback_DS_08N_negative","",""
"","377","malformed rtp_id → 400 Bad Request","functional-tests.tests.get_rtp","2026-08-07","passed","2026-08-07","","test_RTP_get","",""
"Test sending an UPDATE operation message with different statuses via GPD message API after a CREATE","1263","An UPDATE message with status PARTIALLY_PAID after CREATE","functional-tests.tests.process_messages_sender","2026-08-07","passed","2026-08-07","","test_RTP_process_sender_UPDATE","",""
"Each entry in ``INVALID_PAYER_IDS`` (see dataset docstring) must be rejected with 400.","477","The activation request must contain a validly formatted fiscal code","functional-tests.tests.activation","2026-08-07","passed","2026-08-07","","test_debtor_activation_create","",""
"DS_08N RJCT callback sent directly on a SENT RTP (no prior DS_05 ACTC callback).

The RTP is expected to transition from SENT to REJECTED.
","2879","A v2 RTP callback with status RJCT is successfully received","functional-tests.tests.callbacks_v2","2026-08-07","passed","2026-08-07","","test_RTP_callback_DS_08N_negative","",""
"A valid token that carries neither read_rtp_activations nor read_rtp_all must be rejected with 403.","379","Token without read_rtp_activations or read_rtp_all role returns 403 Forbidden","functional-tests.tests.activation","2026-08-07","passed","2026-08-07","","test_debtor_activation_payer_status","",""
"","2106","A v2 RTP callback with invalid status is rejected without affecting the RTP status","functional-tests.tests.callbacks_v2","2026-08-07","passed","2026-08-07","","test_RTP_callback_DS_08P_positive","",""
"CREATE VALID with an ec_tax_code that does not exist in GPD returns 422 Payee not found","776","A CREATE VALID message with a non-existent ec_tax_code is rejected","functional-tests.tests.process_messages_sender","2026-08-07","passed","2026-08-07","","test_RTP_process_sender_CREATE","",""
"The PSP synchronously rejects the cancellation request with 422 (per standard behaviour for the EPC 401 Unauthorized scenario). The RTP then transitions to ERROR_CANCEL via ERROR_CANCEL_RTP.","1986","Cancelling an RTP - EPC v4 mock unhappy path scenario: epc_401","functional-tests.tests.cancel_rtp","2026-08-07","failed","2026-08-07","","test_RTP_cancel_MOCK_V2","",""
"","404","Retrieving non-existent activation returns 404","functional-tests.tests.activation","2026-08-07","passed","2026-08-07","","test_debtor_activation_get","",""
"","511","RTP cancellation fails if resource ID does not exist - V2","functional-tests.tests.cancel_rtp","2026-08-07","passed","2026-08-07","","test_RTP_cancel","",""
"","382","Unauthorized callback due to wrong certificate serial","functional-tests.tests.callbacks","2026-08-07","passed","2026-08-07","","test_RTP_callback_DS_04","",""
"Each entry in ``INVALID_PAYER_IDS`` (see dataset docstring) must be rejected with 400.","399","The activation request must contain a validly formatted fiscal code","functional-tests.tests.activation","2026-08-07","failed","2026-08-07","","test_debtor_activation_create","",""
"
Test RFC callback DS12P with CNCL status, cancel triggered via REST Web API with explicit reason.

Flow:
1. Activate payer
2. Send an RTP via GPD message (CREATE VALID)
3. Cancel the RTP via REST cancel endpoint with cancel_reason → RTP to RFC_SENT
4. Send DS12P callback with CxlStsId CNCL (Cancelled As Per Request)
5. Verify callback is accepted (200)
6. Verify RTP status is CANCELLED
","2207","An RFC callback DS12P CNCL is successfully received and RTP status is CANCEL - through Web API cancel","functional-tests.tests.callbacks","2026-08-07","passed","2026-08-07","","test_RTP_callback_DS_12P","",""
"Test sending a DELETE operation message via GPD message API after a CREATE VALID + UPDATE","1713","A DELETE message after CREATE VALID + UPDATE PARTIALLY_PAID","functional-tests.tests.process_messages_sender","2026-08-07","passed","2026-08-07","","test_RTP_process_sender_DELETE","",""
"","5020","Failed callback for invalid RTP transition - DS-08P RJCT compliant","functional-tests.tests.callbacks","2026-08-07","passed","2026-08-07","","test_RTP_callback_DS_08","",""
"Test sending a DELETE operation message via GPD message API after a CREATE VALID + UPDATE","1697","A DELETE message after CREATE VALID + UPDATE PUBLISHED","functional-tests.tests.process_messages_sender","2026-08-07","passed","2026-08-07","","test_RTP_process_sender_DELETE","",""
"No `Sts.Conf` confirmation is present (empty JSON object), so only CANCEL_RTP is triggered and the RTP stays in RFC_SENT.","2082","Cancelling an RTP - EPC v4 mock happy path scenario: empty_json_object","functional-tests.tests.cancel_rtp","2026-08-07","passed","2026-08-07","","test_RTP_cancel_MOCK_V2","",""
"","1277","An authenticated Service Provider cannot send an RTP to an unactivated debtor","bdd-tests","2026-08-07","passed","2026-08-07","RTP_Sending","RTP","",""
"
Test RFC callback DS12N with non-existing service provider, cancel via REST Web API.

Flow:
1. Activate payer
2. Send an RTP via GPD message (CREATE VALID)
3. Cancel the RTP via REST cancel endpoint with cancel_reason → RTP to RFC_SENT
4. Send DS12N callback with non-existing BIC (MOCKSP99)
5. Verify callback is rejected with 400 (service provider not found)
","2116","Failed RFC callback for non existing Service Provider - DS-12N RJCR compliant - through Web API cancel","functional-tests.tests.callbacks","2026-08-07","passed","2026-08-07","","test_RTP_callback_DS_12N","",""
"The PSP synchronously rejects the cancellation request with 422 (per standard behaviour for the EPC 406 Not Acceptable scenario). The RTP then transitions to ERROR_CANCEL via ERROR_CANCEL_RTP.","2001","Cancelling an RTP - EPC v4 mock unhappy path scenario: epc_406","functional-tests.tests.cancel_rtp","2026-08-07","failed","2026-08-07","","test_RTP_cancel_MOCK_V2","",""
"The response body is not a recognizable cancellation confirmation (quoted plain string), so the RTP stays in RFC_SENT.","2104","Cancelling an RTP - EPC v4 mock happy path scenario: plain_string","functional-tests.tests.cancel_rtp","2026-08-07","passed","2026-08-07","","test_RTP_cancel_MOCK_V2","",""
"
Test v2 RFC callback DS12N with non-existing service provider.

Flow:
1. Activate payer
2. Send an RTP via GPD message v2 (CREATE VALID)
3. Cancel the RTP via GPD message v2 (DELETE) -> RTP to RFC_SENT
4. Send DS12N callback with non-existing BIC (MOCKSP99)
5. Verify callback is rejected with 400 (service provider not found)
6. Verify RTP status is still RFC_SENT
","2226","Failed v2 RFC callback for non existing Service Provider - DS-12N negative compliant","functional-tests.tests.callbacks_v2","2026-08-07","passed","2026-08-07","","test_RTP_callback_DS_12N_negative","",""
"Test sending an UPDATE operation message with different statuses via GPD message API after a CREATE","1310","An UPDATE message with status DRAFT after CREATE","functional-tests.tests.process_messages_sender","2026-08-07","passed","2026-08-07","","test_RTP_process_sender_UPDATE","",""
"
Test RFC callback DS12P with CNCL status, cancel triggered via REST Web API with explicit reason.

Flow:
1. Activate payer
2. Send an RTP via GPD message (CREATE VALID)
3. Cancel the RTP via REST cancel endpoint with cancel_reason → RTP to RFC_SENT
4. Send DS12P callback with CxlStsId CNCL (Cancelled As Per Request)
5. Verify callback is accepted (200)
6. Verify RTP status is CANCELLED
","2082","An RFC callback DS12P CNCL is successfully received and RTP status is CANCEL - through Web API cancel","functional-tests.tests.callbacks","2026-08-07","passed","2026-08-07","","test_RTP_callback_DS_12P","",""
"
Given a debtor is activated with the mock fiscal code that makes the debtor
service provider mock reply with a server error, when a GPD message (CREATE)
is sent via POST /gpd/message, then the rtp-sender fails to deliver the RTP
and records an ERROR_SEND_RTP event (RTP status becomes ERROR_SEND). When the
payee then queries the delivery-status endpoint with the matching noticeNumber
and payeeId, the response must be HTTP 200 with status=PD_RTP_NOT_DELIVERED
and processingDate absent or null.
","7998","RTP with ERROR_SEND_RTP event → PD_RTP_NOT_DELIVERED","functional-tests.tests.get_rtp","2026-08-07","failed","2026-08-07","","test_RTP_get_delivery_status","",""
"","2232","RTP is successfully retrieved","functional-tests.tests.get_rtp","2026-08-07","passed","2026-08-07","","test_RTP_get","",""
"Test sending a DELETE operation message via GPD message API after a CREATE","1305","A DELETE message after CREATE VALID","functional-tests.tests.process_messages_sender","2026-08-07","passed","2026-08-07","","test_RTP_process_sender_DELETE","",""
"
Test v2 RFC callback DS12N with RJCR status applied twice on the same RTP.

Flow:
1. Activate payer
2. Send an RTP via GPD message v2 (CREATE VALID)
3. Cancel the RTP via GPD message v2 (DELETE) -> RTP to RFC_SENT
4. Send DS12N callback with CxlStsId RJCR (Rejected Cancellation Request) -> RTP to CANCELLED_REJECTED
5. Send the same DS12N RJCR callback again on the already transitioned RTP
6. Verify the second callback is rejected (400) since the transition is no longer valid
7. Verify RTP status remains CANCELLED_REJECTED
","4422","Failed v2 RFC callback for invalid RTP transition - DS-12N negative compliant","functional-tests.tests.callbacks_v2","2026-08-07","passed","2026-08-07","","test_RTP_callback_DS_12N_negative","",""
"","1720","Failed callback for non existing Service Provider - DS-08N negative compliant","functional-tests.tests.callbacks_v2","2026-08-07","passed","2026-08-07","","test_RTP_callback_DS_08N_negative","",""
"Each entry in ``INVALID_PAYER_IDS`` (see dataset docstring) must be rejected with 400.","381","The activation request must contain a validly formatted fiscal code","functional-tests.tests.activation","2026-08-07","passed","2026-08-07","","test_debtor_activation_create","",""
"","812","A debtor with foreign fiscal code is activated successfully","functional-tests.tests.activation","2026-08-07","passed","2026-08-07","","test_debtor_activation_create","",""
"","777","A debtor activated with an owned but distinct Service Provider ID is retrieved by activation id","functional-tests.tests.activation","2026-08-07","passed","2026-08-07","","test_debtor_activation_get","",""
"Each entry in ``INVALID_PAYER_IDS`` must be rejected with 400.

The ``description`` parameter appears in pytest output to identify which
case failed without having to inspect the raw value.
","378","Querying activation status with an invalid payerId format returns 400","functional-tests.tests.activation","2026-08-07","failed","2026-08-07","","test_debtor_activation_payer_status","",""
"Test sending an UPDATE operation message with different statuses via GPD message API before a CREATE","917","An UPDATE message with status INVALID before CREATE","functional-tests.tests.process_messages_sender","2026-08-07","passed","2026-08-07","","test_RTP_process_sender_UPDATE_before_CREATE","",""
"`Sts.Conf = ""RJCR""` triggers CANCEL_RTP -> CONFIRM_RFC -> CANCEL_RTP_REJECTED, ending in CANCELLED_REJECTED.","2838","Cancelling an RTP - EPC v4 mock happy path scenario: rjcr_rejected","functional-tests.tests.cancel_rtp","2026-08-07","passed","2026-08-07","","test_RTP_cancel_MOCK_V2","",""
"","2275","An authenticated creditor Service Provider can send an RTP to an activated debtor","bdd-tests","2026-08-07","passed","2026-08-07","RTP_Sending","RTP","",""
"The PSP synchronously rejects the cancellation request with 422 (per standard behaviour for the EPC 415 Unsupported Media Type scenario). The RTP then transitions to ERROR_CANCEL via ERROR_CANCEL_RTP.","2648","Cancelling an RTP - EPC v4 mock unhappy path scenario: epc_415","functional-tests.tests.cancel_rtp","2026-08-07","failed","2026-08-07","","test_RTP_cancel_MOCK_V2","",""
"Each entry in ``INVALID_PAYER_IDS`` must be rejected with 400.

The ``description`` parameter appears in pytest output to identify which
case failed without having to inspect the raw value.
","384","Querying activation status with an invalid payerId format returns 400","functional-tests.tests.activation","2026-08-07","passed","2026-08-07","","test_debtor_activation_payer_status","",""
"
Test RFC callback DS12P with INVALID status, cancel via REST Web API.

Flow:
1. Activate payer
2. Send an RTP via GPD message (CREATE VALID)
3. Cancel the RTP via REST cancel endpoint with cancel_reason → RTP to RFC_SENT
4. Send DS12P callback with CxlStsId INVALID
5. Verify callback is rejected with 400
6. Verify RTP status is still RFC_SENT
","2170","An RFC callback DS12P INVALID is rejected with 400 - through Web API cancel","functional-tests.tests.callbacks","2026-08-07","passed","2026-08-07","","test_RTP_callback_DS_12P","",""
"
Test RFC callback DS12P with non-existing service provider.

Flow:
1. Activate payer
2. Send an RTP via GPD message (CREATE VALID)
3. Cancel the RTP via GPD message (DELETE) → RTP to RFC_SENT
4. Send DS12P callback with non-existing BIC (MOCKSP99)
5. Verify callback is rejected with 400 (service provider not found)
","1672","Failed RFC callback for non existing Service Provider - DS-12P CNCL compliant","functional-tests.tests.callbacks","2026-08-07","passed","2026-08-07","","test_RTP_callback_DS_12P","",""
"","387","Unauthorized callback due to wrong certificate serial","functional-tests.tests.callbacks","2026-08-07","passed","2026-08-07","","test_RTP_callback_DS_08","",""
"Test the takeover flow where a user changes service provider","3051","Test Takeover Flow","functional-tests.tests.takeover","2026-08-07","passed","2026-08-07","","test_debtor_takeover","",""
"","384","Get payees consents with wrong token type returns 403","functional-tests.tests.service_registry","2026-08-07","passed","2026-08-07","","test_get_payees_consents","",""
"
Test RFC callback DS12P with wrong certificate identity, cancel via REST Web API.

Flow:
1. Activate payer
2. Send an RTP via GPD message (CREATE VALID)
3. Cancel the RTP via REST cancel endpoint with cancel_reason → RTP to RFC_SENT
4. Send DS12P callback with assignee_bic='FAKESP01' (doesn't match certificate identity MOCKSP04)
5. Verify callback is rejected with 403 (certificate mismatch)
","1832","Unauthorized RFC callback due to wrong certificate serial - through Web API cancel","functional-tests.tests.callbacks","2026-08-07","passed","2026-08-07","","test_RTP_callback_DS_12P","",""
"DS_08N RJCT callback sent twice on the same RTP (direct SENT -> REJECTED).

The second callback must be rejected with 400 since the transition is no
longer valid once the RTP is already REJECTED.
","3856","Failed v2 callback for invalid RTP transition - DS-08N negative compliant","functional-tests.tests.callbacks_v2","2026-08-07","passed","2026-08-07","","test_RTP_callback_DS_08N_negative","",""
"","386","All auth fixtures expose a valid Bearer token format","functional-tests.tests.auth","2026-08-07","passed","2026-08-07","","test_auth","",""
"","802","A debtor is deactivated by an authenticated service provider","functional-tests.tests.activation","2026-08-07","passed","2026-08-07","","test_debtor_deactivation","",""
"Each entry in ``INVALID_PAYER_IDS`` must be rejected with 400.

The ``description`` parameter appears in pytest output to identify which
case failed without having to inspect the raw value.
","372","Querying activation status with an invalid payerId format returns 400","functional-tests.tests.activation","2026-08-07","passed","2026-08-07","","test_debtor_activation_payer_status","",""
"
Given an RTP is sent successfully (status SENT) for a given noticeNumber + payeeId,
when the payee queries the delivery-status endpoint with the correct noticeNumber
but a different payeeId,
then the response must be HTTP 200 with status=PD_RTP_NOT_DELIVERED, verifying
that the endpoint filters on both fields.
","6299","Existing noticeNumber with wrong payeeId → PD_RTP_NOT_DELIVERED","functional-tests.tests.get_rtp","2026-08-07","passed","2026-08-07","","test_RTP_get_delivery_status","",""
"","2263","An RTP callback with status REJECTED is successfully received","functional-tests.tests.callbacks","2026-08-07","passed","2026-08-07","","test_RTP_callback_DS_08","",""
"","379","Get payees consents with extreme page size returns 400","functional-tests.tests.service_registry","2026-08-07","passed","2026-08-07","","test_get_payees_consents","",""
"Test sending a DELETE operation message via GPD message API after a CREATE","1184","A DELETE message after CREATE PUBLISHED","functional-tests.tests.process_messages_sender","2026-08-07","passed","2026-08-07","","test_RTP_process_sender_DELETE","",""
"Parametrized contract test generated from the Activation API OpenAPI spec.

Schemathesis derives one test case per endpoint defined in the spec, generating
request data (path params, query params, body) that is valid according to the schema.
Each case is executed against the live API and the response is validated with
CONTRACT_CHECKS.
","73520","test_activation_contract[GET /activations/payer]","contract-tests.tests","2026-08-07","passed","2026-08-07","","test_activation","",""
"
DS_05 ACTC callback sent with the Version header must be rejected with 400.
The RTP must remain in SENT (transition to ACCEPTED must not happen).

Flow:
1. Activate payer and send an RTP → resource_id
2. Build a valid DS_05 ACTC payload referencing the RTP
3. POST to callback endpoint WITH Version header
4. Verify 400 is returned with the expected error body
5. Verify RTP status is still SENT
","1590","DS_05 ACTC callback with Version header returns 400","functional-tests.tests.callbacks","2026-08-07","passed","2026-08-07","","test_RTP_callback_with_version_header","",""
"","537","Get list of service providers successfully","functional-tests.tests.service_registry","2026-08-07","passed","2026-08-07","","test_service_registry_service_providers","",""
"","2129","A v2 document RTP callback with invalid status is rejected without affecting the RTP status","functional-tests.tests.callbacks_v2","2026-08-07","passed","2026-08-07","","test_RTP_callback_DS_document_rjct","",""
"","3225","DS_12N negative RFC v2 callback with Version header returns 400","functional-tests.tests.callbacks_v2","2026-08-07","passed","2026-08-07","","test_RTP_callback_with_version_header","",""
"Authenticated but not authorized: token of SP A tries to use OTP issued for SP B","1177","Test Takeover Fails with Wrong SP Token","functional-tests.tests.takeover","2026-08-07","passed","2026-08-07","","test_debtor_takeover","",""
"
DS_12P CNCL RFC callback sent with the Version header must be rejected with 400.
The RTP must remain in RFC_SENT (transition to CANCELLED must not happen).

Flow:
1. Activate payer, send RTP, trigger cancel via GPD DELETE → RFC_SENT
2. Build a valid DS_12P CNCL payload
3. POST to RFC callback endpoint WITH Version header
4. Verify 400 is returned with the expected error body
5. Verify RTP status is still RFC_SENT
","2337","DS_12P CNCL RFC callback with Version header returns 400","functional-tests.tests.callbacks","2026-08-07","passed","2026-08-07","","test_RTP_callback_with_version_header","",""
"","2132","RTP form is filled and submitted","ux-tests.tests","2026-08-07","passed","2026-08-07","","test_RTP_submission_v4","",""
"
Test RFC callback DS12P with CNCL status.

Flow:
1. Activate payer
2. Send an RTP via GPD message (CREATE VALID)
3. Cancel the RTP via GPD message (DELETE) → RTP to RFC_SENT
4. Send DS12P callback with CxlStsId CNCL (Cancelled As Per Request)
5. Verify callback is accepted (200)
6. Verify RTP status is CANCELLED
","2872","An RFC callback DS12P CNCL is successfully received and RTP status is CANCEL","functional-tests.tests.callbacks","2026-08-07","passed","2026-08-07","","test_RTP_callback_DS_12P","",""
"
Verify that a debt position can be deleted successfully.
","2151","Happy path: a debt position is deleted in DEV environment","functional-tests.tests.gpd_availability","2026-08-07","passed","2026-08-07","","test_availability_GPD","",""
"","2381","A debtor Service Provider activates a debtor","bdd-tests","2026-08-07","passed","2026-08-07","Debtor_Activation","RTP","",""
"","382","Invalid pagination parameters returns 400","functional-tests.tests.activation","2026-08-07","passed","2026-08-07","","test_debtor_activation_list","",""
"","985","An RTP is sent to Poste service with activated fiscal code - through Web API V2","functional-tests.tests.send_rtp","2026-08-07","failed","2026-08-07","","test_RTP_send_POSTE","",""
"","4310","Successfully cancel a Request to Pay","bdd-tests","2026-08-07","passed","2026-08-07","RTP_Cancellation","RTP","",""
"","1589","RTP is successfully cancelled with reason MODT - V2","functional-tests.tests.cancel_rtp","2026-08-07","passed","2026-08-07","","test_RTP_cancel","",""
"","2818","A v2 redirect RTP callback with status ACTC is successfully received","functional-tests.tests.callbacks_v2","2026-08-07","passed","2026-08-07","","test_RTP_callback_DS_05_redirect","",""
"
Verify that a debt position can be updated successfully.
","6156","Happy path: a debt position is updated in DEV environment","functional-tests.tests.gpd_availability","2026-08-07","passed","2026-08-07","","test_availability_GPD","",""
"","399","inexistent RTP -> empty body","functional-tests.tests.get_rtp","2026-08-07","passed","2026-08-07","","test_RTP_get","",""
"","1831","An RTP sent with synchronous rejection containing extra fields results in status REJECTED - through Web API","functional-tests.tests.send_rtp","2026-08-07","passed","2026-08-07","","test_RTP_send_MOCK","",""
"
Verify that a debt position can be created and published successfully.
","429","Happy path: a debt position is created and published in UAT environment","functional-tests.tests.gpd_availability","2026-08-07","passed","2026-08-07","","test_availability_GPD","",""
"","952","An RTP is sent through API - through Web API V2","functional-tests.tests.send_rtp","2026-08-07","passed","2026-08-07","","test_RTP_send_MOCK","",""
"
SP A activates the payer.
SP B queries the status → must get isActive=false to avoid disclosing
that the payer is registered under a competitor SP.
","1264","A payer active on a different Service Provider returns isActive false (privacy)","functional-tests.tests.activation","2026-08-07","passed","2026-08-07","","test_debtor_activation_payer_status","",""
"","1061","Whitespaces is allowed in description and company name field","ux-tests.tests","2026-08-07","passed","2026-08-07","","test_RTP_submission_v3","",""
"","1694","RTP is successfully cancelled with reason MODT","functional-tests.tests.cancel_rtp","2026-08-07","passed","2026-08-07","","test_RTP_cancel","",""
"
Tests sending an RTP payload to the POSTE endpoint with valid data and authentication.

:param debtor_sp_mock_cert_key: Certificate and key tuple for mutual TLS authentication.
:type debtor_sp_mock_cert_key: Tuple[str, str]
","937","An RTP is sent through POSTE API","functional-tests.tests.availability","2026-08-07","passed","2026-08-07","","test_availability_POSTE","",""
"Test sending a CREATE operation message via GPD message API","877","A CREATE message is successfully sent through GPD message API","functional-tests.tests.process_messages_sender","2026-08-07","passed","2026-08-07","","test_RTP_process_sender","",""
"Test sending a DELETE operation message via GPD message API after a CREATE VALID + UPDATE","2143","A DELETE message after CREATE VALID + UPDATE INVALID","functional-tests.tests.process_messages_sender","2026-08-07","passed","2026-08-07","","test_RTP_process_sender_DELETE","",""
"
Test v2 RFC callback DS12N with INVALID status.

Flow:
1. Activate payer
2. Send an RTP via GPD message v2 (CREATE VALID)
3. Cancel the RTP via GPD message v2 (DELETE) -> RTP to RFC_SENT
4. Send DS12N callback with CxlStsId INVALID
5. Verify callback is rejected with 400
6. Verify RTP status is still RFC_SENT
","2764","A v2 RFC callback DS12N INVALID is rejected with 400","functional-tests.tests.callbacks_v2","2026-08-07","passed","2026-08-07","","test_RTP_callback_DS_12N_negative","",""
"","2065","Failed callback for non existing Service Provider - DS-document RJCT compliant","functional-tests.tests.callbacks_v2","2026-08-07","passed","2026-08-07","","test_RTP_callback_DS_document_rjct","",""
"`Sts.Conf = ""CNCL""` triggers CANCEL_RTP -> CONFIRM_RFC -> CANCEL_RTP_ACCR, ending in CANCELLED_ACCR.","2395","Cancelling an RTP - EPC v4 mock happy path scenario: cncl_confirmed","functional-tests.tests.cancel_rtp","2026-08-07","passed","2026-08-07","","test_RTP_cancel_MOCK_V2","",""
"","4066","A debtor Service Provider successfully takes over an activation from another provider","bdd-tests","2026-08-07","passed","2026-08-07","Debtor_Activation_Takeover","RTP","",""
"Test sending an UPDATE operation message with different statuses via GPD message API before a CREATE","824","An UPDATE message with status DRAFT before CREATE","functional-tests.tests.process_messages_sender","2026-08-07","passed","2026-08-07","","test_RTP_process_sender_UPDATE_before_CREATE","",""
"OTP bound to payer1 should not work for payer2","1198","Test Takeover Fails with OTP Bound to Different Payer","functional-tests.tests.takeover","2026-08-07","passed","2026-08-07","","test_debtor_takeover","",""
"","370","Get payees consents with invalid authorization returns 401","functional-tests.tests.service_registry","2026-08-07","passed","2026-08-07","","test_get_payees_consents","",""
"","382","Sending an RTP when EPC returns an unexpected status code error (RTP_05.CHK.A0007) returns 500","functional-tests.tests.send_rtp","2026-08-07","failed","2026-08-07","","test_RTP_send_MOCK","",""
"","2517","Failed v2 redirect callback for invalid RTP transition - DS-05 ACTC compliant","functional-tests.tests.callbacks_v2","2026-08-07","passed","2026-08-07","","test_RTP_callback_DS_05_redirect","",""
"
DS_04b callback sent with the Version header must be rejected with 400.
The RTP state must be unchanged.

Flow:
1. Activate payer and send an RTP → resource_id
2. Capture current RTP status
3. Build a valid DS_04b payload referencing the RTP
4. POST to callback endpoint WITH Version header
5. Verify 400 is returned with the expected error body
6. Verify RTP status is unchanged
","2007","DS_04b callback with Version header returns 400","functional-tests.tests.callbacks","2026-08-07","passed","2026-08-07","","test_RTP_callback_with_version_header","",""
"","368","Get payees with invalid authorization","functional-tests.tests.service_registry","2026-08-07","passed","2026-08-07","","test_service_registry_service_providers","",""
"","2988","An RTP callback is successfully received with status RJCT","functional-tests.tests.callbacks","2026-08-07","passed","2026-08-07","","test_RTP_callback_DS_08","",""
"","393","Deactivation fails for non-existing activation","functional-tests.tests.activation","2026-08-07","passed","2026-08-07","","test_debtor_deactivation","",""
"","2269","Failed callback for non existing Service Provider - DS-08P positive compliant","functional-tests.tests.callbacks_v2","2026-08-07","passed","2026-08-07","","test_RTP_callback_DS_08P_positive","",""
"Test sending an UPDATE operation message with different statuses via GPD message API before a CREATE","1011","An UPDATE message with status PAID before CREATE","functional-tests.tests.process_messages_sender","2026-08-07","passed","2026-08-07","","test_RTP_process_sender_UPDATE_before_CREATE","",""
"","2090","DS_document RJCT v2 callback with Version header returns 400","functional-tests.tests.callbacks_v2","2026-08-07","passed","2026-08-07","","test_RTP_callback_with_version_header","",""
"","2680","Failed callback for non existing Service Provider - DS-05 redirect compliant","functional-tests.tests.callbacks_v2","2026-08-07","passed","2026-08-07","","test_RTP_callback_DS_05_redirect","",""
"Each entry in ``INVALID_PAYER_IDS`` must be rejected with 400.

The ``description`` parameter appears in pytest output to identify which
case failed without having to inspect the raw value.
","387","Querying activation status with an invalid payerId format returns 400","functional-tests.tests.activation","2026-08-07","passed","2026-08-07","","test_debtor_activation_payer_status","",""
"","3240","An RTP is sent to ICCREA service with activated fiscal code - through Web API","functional-tests.tests.send_rtp","2026-08-07","failed","2026-08-07","","test_RTP_send_ICCREA","",""
"","1132","Deactivation returns 404 when the token subject does not own the activation's Service Provider ID","functional-tests.tests.activation","2026-08-07","passed","2026-08-07","","test_debtor_deactivation","",""
"","431","Sending to non-activated debtor returns 422 - through Web API","functional-tests.tests.send_rtp","2026-08-07","passed","2026-08-07","","test_RTP_send_MOCK","",""
"
Test v2 RFC callback DS12P with non-existing service provider.

Flow:
1. Activate payer
2. Send an RTP via GPD message v2 (CREATE VALID)
3. Cancel the RTP via GPD message v2 (DELETE) -> RTP to RFC_SENT
4. Send DS12P callback with non-existing BIC (MOCKSP99)
5. Verify callback is rejected with 400 (service provider not found)
6. Verify RTP status is still RFC_SENT
","2377","Failed v2 RFC callback for non existing Service Provider - DS-12P positive compliant","functional-tests.tests.callbacks_v2","2026-08-07","passed","2026-08-07","","test_RTP_callback_DS_12P_positive","",""
"Each entry in ``INVALID_PAYER_IDS`` (see dataset docstring) must be rejected with 400.","382","The activation request must contain a validly formatted fiscal code","functional-tests.tests.activation","2026-08-07","passed","2026-08-07","","test_debtor_activation_create","",""
"Test sending an UPDATE operation message with different statuses via GPD message API after a CREATE","1527","An UPDATE message with status INVALID after CREATE","functional-tests.tests.process_messages_sender","2026-08-07","passed","2026-08-07","","test_RTP_process_sender_UPDATE","",""
"","2853","Failed callback for invalid RTP transition - DS-08P ACCP compliant","functional-tests.tests.callbacks","2026-08-07","passed","2026-08-07","","test_RTP_callback_DS_08","",""
"","931","Auth endpoint returns valid token","functional-tests.tests.availability","2026-08-07","passed","2026-08-07","","test_availability_CBI","",""
"","374","The activation request must contain a Service Provider ID of valid length","functional-tests.tests.activation","2026-08-07","passed","2026-08-07","","test_debtor_activation_create","",""
"","847","A debtor is activated by an authenticated service provider","functional-tests.tests.activation","2026-08-07","passed","2026-08-07","","test_debtor_activation_create","",""
"
Test v2 RFC callback DS12P with INVALID status.

Flow:
1. Activate payer
2. Send an RTP via GPD message v2 (CREATE VALID)
3. Cancel the RTP via GPD message v2 (DELETE) -> RTP to RFC_SENT
4. Send DS12P callback with CxlStsId INVALID
5. Verify callback is rejected with 400
6. Verify RTP status is still RFC_SENT
","3741","A v2 RFC callback DS12P INVALID is rejected with 400","functional-tests.tests.callbacks_v2","2026-08-07","passed","2026-08-07","","test_RTP_callback_DS_12P_positive","",""
"MOCKSP04 owns MOCKSP01 as well as its own spId; status must reflect the activation either way.","793","An active payer returns isActive true when activated under an owned but distinct Service Provider ID","functional-tests.tests.activation","2026-08-07","passed","2026-08-07","","test_debtor_activation_payer_status","",""
"","1860","An RTP sent with synchronous rejection is in status REJECTED - DS-08P N","functional-tests.tests.send_rtp","2026-08-07","passed","2026-08-07","","test_RTP_send_MOCK","",""
"","1353","An RTP sent with synchronous rejection containing extra fields results in status SENT - through Web API V2","functional-tests.tests.send_rtp","2026-08-07","passed","2026-08-07","","test_RTP_send_MOCK","",""
"","382","Sending an RTP when EPC returns a malformed/invalid response body returns 500 - through Web API V2","functional-tests.tests.send_rtp","2026-08-07","failed","2026-08-07","","test_RTP_send_MOCK","",""
"Test sending a DELETE operation message via GPD message API after a standalone UPDATE (no prior CREATE)","1172","A DELETE message after standalone UPDATE PAID","functional-tests.tests.process_messages_sender","2026-08-07","passed","2026-08-07","","test_RTP_process_sender_DELETE","",""
"Test sending an UPDATE operation message with different statuses via GPD message API after a CREATE","1810","An UPDATE message with status PAID after CREATE","functional-tests.tests.process_messages_sender","2026-08-07","passed","2026-08-07","","test_RTP_process_sender_UPDATE","",""
"","2062","A v2 redirect RTP callback with invalid status is rejected without affecting the RTP status","functional-tests.tests.callbacks_v2","2026-08-07","passed","2026-08-07","","test_RTP_callback_DS_05_redirect","",""
"","2177","An RTP sent with synchronous rejection and missing _links results in status REJECTED - through Web API","functional-tests.tests.send_rtp","2026-08-07","passed","2026-08-07","","test_RTP_send_MOCK","",""
"","774","A debtor with omocodia fiscal code is activated successfully","functional-tests.tests.activation","2026-08-07","passed","2026-08-07","","test_debtor_activation_create","",""
"","2796","An RTP callback with status ACWC is successfully received","functional-tests.tests.callbacks","2026-08-07","passed","2026-08-07","","test_RTP_callback_DS_08","",""
"","7065","RTP form cancellation with reason MODT","ux-tests.tests","2026-08-07","failed","2026-08-07","","test_RTP_cancel_v4","",""
"Test sending an UPDATE after CREATE VALID + DELETE with different statuses","1688","An UPDATE message with status PARTIALLY_PAID after CREATE VALID and DELETE","functional-tests.tests.process_messages_sender","2026-08-07","passed","2026-08-07","","test_RTP_process_sender_UPDATE","",""
"","3397","An RTP callback is successfully received with status ACCP","functional-tests.tests.callbacks","2026-08-07","passed","2026-08-07","","test_RTP_callback_DS_08","",""
"","1056","Whitespaces is allowed in description and company name field","ux-tests.tests","2026-08-07","passed","2026-08-07","","test_RTP_submission_v4","",""
"Test sending a CREATE operation message with different statuses via GPD message API","885","A CREATE message with status VALID","functional-tests.tests.process_messages_sender","2026-08-07","passed","2026-08-07","","test_RTP_process_sender_CREATE","",""
"","1500","An RTP is sent through ICCREA API","functional-tests.tests.availability","2026-08-07","passed","2026-08-07","","test_availability_ICCREA","",""
"","1357","An RTP sent when EPC response contains an unknown field is ignored and remains in status SENT - through Web API V2","functional-tests.tests.send_rtp","2026-08-07","passed","2026-08-07","","test_RTP_send_MOCK","",""
"","3127","An RTP is sent to a CBI service with activated fiscal code - through Web API","functional-tests.tests.send_rtp","2026-08-07","passed","2026-08-07","","test_RTP_send_CBI","",""
"UPDATE PAID with psp_tax_code=None (invalid PSP) results in RTP state RFC_SENT","2289","An UPDATE PAID message with an invalid PSP results in RFC_SENT state","functional-tests.tests.process_messages_sender","2026-08-07","passed","2026-08-07","","test_RTP_process_sender_UPDATE","",""
"Test sending a DELETE operation message via GPD message API after a standalone UPDATE (no prior CREATE)","1194","A DELETE message after standalone UPDATE EXPIRED","functional-tests.tests.process_messages_sender","2026-08-07","passed","2026-08-07","","test_RTP_process_sender_DELETE","",""
"Test sending a DELETE operation message via GPD message API after a CREATE","1183","A DELETE message after CREATE PARTIALLY_PAID","functional-tests.tests.process_messages_sender","2026-08-07","passed","2026-08-07","","test_RTP_process_sender_DELETE","",""
"Test sending a DELETE operation message via GPD message API after a CREATE VALID + UPDATE","2211","A DELETE message after CREATE VALID + UPDATE VALID","functional-tests.tests.process_messages_sender","2026-08-07","passed","2026-08-07","","test_RTP_process_sender_DELETE","",""
"Test sending an UPDATE after CREATE VALID + DELETE with different statuses","1667","An UPDATE message with status PAID after CREATE VALID and DELETE","functional-tests.tests.process_messages_sender","2026-08-07","passed","2026-08-07","","test_RTP_process_sender_UPDATE","",""
"The PSP synchronously rejects the cancellation request with 422 (per standard behaviour for the EPC 422 Unprocessable Entity scenario). The RTP then transitions to ERROR_CANCEL via ERROR_CANCEL_RTP.","2715","Cancelling an RTP - EPC v4 mock unhappy path scenario: epc_422","functional-tests.tests.cancel_rtp","2026-08-07","failed","2026-08-07","","test_RTP_cancel_MOCK_V2","",""
"Test sending an UPDATE operation message with different statuses via GPD message API before a CREATE","897","An UPDATE message with status EXPIRED before CREATE","functional-tests.tests.process_messages_sender","2026-08-07","passed","2026-08-07","","test_RTP_process_sender_UPDATE_before_CREATE","",""
"","1251","An RTP sent when EPC response contains an unknown field is ignored and remains in status SENT - through Web API","functional-tests.tests.send_rtp","2026-08-07","passed","2026-08-07","","test_RTP_send_MOCK","",""
"
Test RFC callback DS12N with RJCR status applied twice on the same RTP.

Flow:
1. Activate payer
2. Send an RTP via GPD message (CREATE VALID)
3. Cancel the RTP via GPD message (DELETE) -> RTP to RFC_SENT
4. Send DS12N callback with CxlStsId RJCR (Rejected Cancellation Request) -> RTP to ERROR_CANCEL
5. Send the same DS12N RJCR callback again on the already transitioned RTP
6. Verify the second callback is rejected (400) since the transition is no longer valid
7. Verify RTP status remains ERROR_CANCEL
","4466","Failed RFC callback for invalid RTP transition - DS-12N RJCR compliant","functional-tests.tests.callbacks","2026-08-07","passed","2026-08-07","","test_RTP_callback_DS_12N","",""
"Each entry in ``INVALID_PAYER_IDS`` must be rejected with 400.

The ``description`` parameter appears in pytest output to identify which
case failed without having to inspect the raw value.
","372","Querying activation status with an invalid payerId format returns 400","functional-tests.tests.activation","2026-08-07","passed","2026-08-07","","test_debtor_activation_payer_status","",""
"","401","All auth fixtures expose a valid Bearer token format","functional-tests.tests.auth","2026-08-07","passed","2026-08-07","","test_auth","",""
"Test sending an UPDATE operation message with different statuses via GPD message API before a CREATE","787","An UPDATE message with status PUBLISHED before CREATE","functional-tests.tests.process_messages_sender","2026-08-07","passed","2026-08-07","","test_RTP_process_sender_UPDATE_before_CREATE","",""
"","1800","Cannot send RTP with expired date","functional-tests.tests.availability","2026-08-07","passed","2026-08-07","","test_availability_CBI","",""
"Availability probe for takeover notification mock endpoint: expects 204 No Content","350","Test Takeover Notification Endpoint","functional-tests.tests.takeover","2026-08-07","passed","2026-08-07","","test_debtor_takeover","",""
"","1824","An RTP sent with synchronous rejection and missing _links results in status REJECTED","functional-tests.tests.send_rtp","2026-08-07","passed","2026-08-07","","test_RTP_send_MOCK","",""
"Test sending a DELETE operation message via GPD message API after a CREATE VALID + UPDATE","2272","A DELETE message after CREATE VALID + UPDATE PAID","functional-tests.tests.process_messages_sender","2026-08-07","passed","2026-08-07","","test_RTP_process_sender_DELETE","",""
"","380","The activation request must contain a validly formatted Service Provider ID","functional-tests.tests.activation","2026-08-07","passed","2026-08-07","","test_debtor_activation_create","",""
"","810","SP_B cannot retrieve activation by Activation ID created by SP_A","functional-tests.tests.activation","2026-08-07","passed","2026-08-07","","test_RTP_activation_security","",""
"","784","Get by activation id returns 404 when the token subject does not own the activation's Service Provider ID","functional-tests.tests.activation","2026-08-07","passed","2026-08-07","","test_debtor_activation_get","",""
"","2190","DS_08N negative v2 callback with Version header returns 400","functional-tests.tests.callbacks_v2","2026-08-07","passed","2026-08-07","","test_RTP_callback_with_version_header","",""
"","431","Sending to non-activated debtor returns 422 - through Web API V2","functional-tests.tests.send_rtp","2026-08-07","passed","2026-08-07","","test_RTP_send_MOCK","",""
"","918","Get a page of activations","functional-tests.tests.activation","2026-08-07","passed","2026-08-07","","test_debtor_activation_list","",""
"
Test RFC callback DS12N with INVALID status, cancel via REST Web API.

Flow:
1. Activate payer
2. Send an RTP via GPD message (CREATE VALID)
3. Cancel the RTP via REST cancel endpoint with cancel_reason → RTP to RFC_SENT
4. Send DS12N callback with CxlStsId INVALID
5. Verify callback is rejected with 400
6. Verify RTP status is still RFC_SENT
","3206","An RFC callback DS12N INVALID is rejected with 400 - through Web API cancel","functional-tests.tests.callbacks","2026-08-07","passed","2026-08-07","","test_RTP_callback_DS_12N","",""
"
Given a noticeNumber that does not correspond to any RTP in the database,
when the payee queries the delivery-status endpoint,
then the response must be HTTP 200 with status=PD_RTP_NOT_DELIVERED and
processingDate absent or null.
","404","Non-existent noticeNumber → PD_RTP_NOT_DELIVERED","functional-tests.tests.get_rtp","2026-08-07","passed","2026-08-07","","test_RTP_get_delivery_status","",""
"Test that takeover fails when an invalid OTP is provided","1174","Test Takeover Fails with Invalid OTP","functional-tests.tests.takeover","2026-08-07","passed","2026-08-07","","test_debtor_takeover","",""
"Test sending an UPDATE after CREATE VALID + DELETE with different statuses","1717","An UPDATE message with status INVALID after CREATE VALID and DELETE","functional-tests.tests.process_messages_sender","2026-08-07","passed","2026-08-07","","test_RTP_process_sender_UPDATE","",""
"","821","Sending a GPD message with null id returns 400","functional-tests.tests.send_rtp","2026-08-07","passed","2026-08-07","","test_RTP_send_MOCK","",""
"Active payer identified by an 11-digit Partita IVA → isActive must be true.","819","An active payer with VAT number (Partita IVA) returns isActive true","functional-tests.tests.activation","2026-08-07","passed","2026-08-07","","test_debtor_activation_payer_status","",""
"","2071","DS_08P positive v2 callback with Version header returns 400","functional-tests.tests.callbacks_v2","2026-08-07","passed","2026-08-07","","test_RTP_callback_with_version_header","",""
"","376","A Service Provider tries to activates a debtor without having the correct credentials","bdd-tests","2026-08-07","passed","2026-08-07","Debtor_Activation","RTP","",""
"Querying activation status with an empty payerId must be rejected with 404.","375","Querying activation status with an empty payerId returns 404","functional-tests.tests.activation","2026-08-07","passed","2026-08-07","","test_debtor_activation_payer_status","",""
"Each entry in ``INVALID_PAYER_IDS`` (see dataset docstring) must be rejected with 400.","399","The activation request must contain a validly formatted fiscal code","functional-tests.tests.activation","2026-08-07","passed","2026-08-07","","test_debtor_activation_create","",""
"Each entry in ``INVALID_PAYER_IDS`` (see dataset docstring) must be rejected with 400.","379","The activation request must contain a validly formatted fiscal code","functional-tests.tests.activation","2026-08-07","passed","2026-08-07","","test_debtor_activation_create","",""
"Each entry in ``INVALID_PAYER_IDS`` (see dataset docstring) must be rejected with 400.","393","The activation request must contain a validly formatted fiscal code","functional-tests.tests.activation","2026-08-07","passed","2026-08-07","","test_debtor_activation_create","",""
"","7352","RTP form cancellation with reason PAID","ux-tests.tests","2026-08-07","failed","2026-08-07","","test_RTP_cancel_v3","",""
"Each entry in ``INVALID_PAYER_IDS`` (see dataset docstring) must be rejected with 400.","387","The activation request must contain a validly formatted fiscal code","functional-tests.tests.activation","2026-08-07","passed","2026-08-07","","test_debtor_activation_create","",""
"","1344","An RTP sent when EPC response omits _links is in status ACCEPTED - through Web API V2","functional-tests.tests.send_rtp","2026-08-07","passed","2026-08-07","","test_RTP_send_MOCK","",""
"Takeover with syntactically valid but nonsensical body should fail","1170","Test Takeover Fails with Nonsensical Body","functional-tests.tests.takeover","2026-08-07","passed","2026-08-07","","test_debtor_takeover","",""
"Test sending a DELETE operation message via GPD message API after a CREATE","1177","A DELETE message after CREATE PAID","functional-tests.tests.process_messages_sender","2026-08-07","passed","2026-08-07","","test_RTP_process_sender_DELETE","",""
"Test sending a CREATE operation message with different statuses via GPD message API","777","A CREATE message with status DRAFT","functional-tests.tests.process_messages_sender","2026-08-07","passed","2026-08-07","","test_RTP_process_sender_CREATE","",""
"Empty OTP should be rejected","397","Test Takeover Fails with Empty OTP","functional-tests.tests.takeover","2026-08-07","passed","2026-08-07","","test_debtor_takeover","",""
"","885","An RTP is sent to a CBI service with activated fiscal code","functional-tests.tests.send_rtp","2026-08-07","passed","2026-08-07","","test_RTP_send_CBI","",""
"Test sending an UPDATE operation message with different statuses via GPD message API before a CREATE","915","An UPDATE message with status PARTIALLY_PAID before CREATE","functional-tests.tests.process_messages_sender","2026-08-07","passed","2026-08-07","","test_RTP_process_sender_UPDATE_before_CREATE","",""
"
Test v2 RFC callback DS12P with wrong certificate identity.

Flow:
1. Activate payer
2. Send an RTP via GPD message v2 (CREATE VALID)
3. Cancel the RTP via GPD message v2 (DELETE) -> RTP to RFC_SENT
4. Send DS12P callback with assignee_bic='FAKESP01' (doesn't match certificate identity)
5. Verify callback is rejected with 403 (certificate mismatch)
6. Verify RTP status is still RFC_SENT
","2988","Unauthorized v2 RFC callback due to wrong certificate serial","functional-tests.tests.callbacks_v2","2026-08-07","passed","2026-08-07","","test_RTP_callback_DS_12P_positive","",""
"Each entry in ``INVALID_PAYER_IDS`` (see dataset docstring) must be rejected with 400.","382","The activation request must contain a validly formatted fiscal code","functional-tests.tests.activation","2026-08-07","passed","2026-08-07","","test_debtor_activation_create","",""
"","1649","An RTP callback is received with invalid status","functional-tests.tests.callbacks","2026-08-07","passed","2026-08-07","","test_RTP_callback_DS_08","",""
"","1025","An RTP is sent to ICCREA service with activated fiscal code","functional-tests.tests.send_rtp","2026-08-07","passed","2026-08-07","","test_RTP_send_ICCREA","",""
"","837","SP_ACTIVATIONS_READ_ALL can retrieve activation by Activation ID created by SP_A","functional-tests.tests.activation","2026-08-07","passed","2026-08-07","","test_RTP_activation_security","",""
"","2799","Failed callback for invalid RTP transition - DS-05 ACTC compliant","functional-tests.tests.callbacks","2026-08-07","passed","2026-08-07","","test_RTP_callback_DS_05","",""
"Active payer with a foreign-country fiscal code (Z + 3 digits municipality) → isActive must be true.","787","An active payer with foreign fiscal code returns isActive true","functional-tests.tests.activation","2026-08-07","passed","2026-08-07","","test_debtor_activation_payer_status","",""
"","800","A debtor is activated and retrieved by activation id","functional-tests.tests.activation","2026-08-07","passed","2026-08-07","","test_debtor_activation_get","",""
"
Test RFC callback DS12P with non-existing service provider, cancel via REST Web API.

Flow:
1. Activate payer
2. Send an RTP via GPD message (CREATE VALID)
3. Cancel the RTP via REST cancel endpoint with cancel_reason → RTP to RFC_SENT
4. Send DS12P callback with non-existing BIC (MOCKSP99)
5. Verify callback is rejected with 400 (service provider not found)
","2073","Failed RFC callback for non existing Service Provider - DS-12P CNCL compliant - through Web API cancel","functional-tests.tests.callbacks","2026-08-07","passed","2026-08-07","","test_RTP_callback_DS_12P","",""
"","380","Find by payer id request must contain lower case fiscal code","functional-tests.tests.activation","2026-08-07","passed","2026-08-07","","test_debtor_activation_create","",""
"Each entry in ``INVALID_PAYER_IDS`` must be rejected with 400.

The ``description`` parameter appears in pytest output to identify which
case failed without having to inspect the raw value.
","384","Querying activation status with an invalid payerId format returns 400","functional-tests.tests.activation","2026-08-07","passed","2026-08-07","","test_debtor_activation_payer_status","",""
"","508","RTP cancellation fails if resource ID does not exist","functional-tests.tests.cancel_rtp","2026-08-07","passed","2026-08-07","","test_RTP_cancel","",""
"Missing or invalid Bearer token → the endpoint must return 401.","349","Querying activation status without a valid token returns 401","functional-tests.tests.activation","2026-08-07","passed","2026-08-07","","test_debtor_activation_payer_status","",""
"","387","Failed callback for non existing Service Provider - DS-04b compliant","functional-tests.tests.callbacks","2026-08-07","passed","2026-08-07","","test_RTP_callback_DS_04","",""
"","2203","Invalid pagination parameters returns 400","functional-tests.tests.activation","2026-08-07","passed","2026-08-07","","test_debtor_activation_list","",""
"Each entry in ``INVALID_PAYER_IDS`` (see dataset docstring) must be rejected with 400.","383","The activation request must contain a validly formatted fiscal code","functional-tests.tests.activation","2026-08-07","passed","2026-08-07","","test_debtor_activation_create","",""
"MOCKSP04 owns both its own spId and MOCKSP01; redeeming an OTP scoped to MOCKSP01 must
assign MOCKSP01 to the new activation, not MOCKSP04 (the redeemer's own tspId).","2619","Test Takeover Redemption Assigns the OTP's Owned Service Provider ID","functional-tests.tests.takeover","2026-08-07","passed","2026-08-07","","test_debtor_takeover","",""
"Each entry in ``INVALID_PAYER_IDS`` (see dataset docstring) must be rejected with 400.","380","The activation request must contain a validly formatted fiscal code","functional-tests.tests.activation","2026-08-07","passed","2026-08-07","","test_debtor_activation_create","",""
"
Verify that a debt position can be deleted successfully.
","2243","Happy path: a debt position is deleted in UAT environment","functional-tests.tests.gpd_availability","2026-08-07","passed","2026-08-07","","test_availability_GPD","",""
"
Verify that a debt position can be updated successfully.
","6331","Happy path: a debt position is updated in UAT environment","functional-tests.tests.gpd_availability","2026-08-07","passed","2026-08-07","","test_availability_GPD","",""
"","356","Missing Version header returns 200","functional-tests.tests.activation","2026-08-07","passed","2026-08-07","","test_debtor_activation_list","",""
"Each entry in ``INVALID_PAYER_IDS`` (see dataset docstring) must be rejected with 400.","372","The activation request must contain a validly formatted fiscal code","functional-tests.tests.activation","2026-08-07","passed","2026-08-07","","test_debtor_activation_create","",""
"Test sending an UPDATE operation message with different statuses via GPD message API before a CREATE","1012","An UPDATE message with status VALID before CREATE","functional-tests.tests.process_messages_sender","2026-08-07","passed","2026-08-07","","test_RTP_process_sender_UPDATE_before_CREATE","",""
"","358","Retrieving activation without valid token returns 401","functional-tests.tests.activation","2026-08-07","passed","2026-08-07","","test_debtor_activation_get","",""
"","1356","An RTP sent when EPC response omits _links is in status ACCEPTED","functional-tests.tests.send_rtp","2026-08-07","passed","2026-08-07","","test_RTP_send_MOCK","",""
"
Test RFC callback DS12P with INVALID status.

Flow:
1. Activate payer
2. Send an RTP via GPD message (CREATE VALID)
3. Cancel the RTP via GPD message (DELETE) → RTP to RFC_SENT
4. Send DS12P callback with CxlStsId INVALID
5. Verify callback is rejected with 400
6. Verify RTP status is still RFC_SENT
","2202","An RFC callback DS12P INVALID is rejected with 400","functional-tests.tests.callbacks","2026-08-07","passed","2026-08-07","","test_RTP_callback_DS_12P","",""
"","1835","An RTP sent with synchronous rejection containing extra fields results in status REJECTED","functional-tests.tests.send_rtp","2026-08-07","passed","2026-08-07","","test_RTP_send_MOCK","",""
"
Tests the retrieval of an access token from the POSTE authentication endpoint using client credentials and mutual TLS.

:param debtor_sp_mock_cert_key: Certificate and key tuple for mutual TLS authentication.
:type debtor_sp_mock_cert_key: Tuple[str, str]
","174","Auth endpoint returns valid token","functional-tests.tests.availability","2026-08-07","passed","2026-08-07","","test_availability_POSTE","",""
"
Test RFC callback DS12N with RJCR status, cancel triggered via REST Web API with explicit reason.

Flow:
1. Activate payer
2. Send an RTP via GPD message (CREATE VALID)
3. Cancel the RTP via REST cancel endpoint with cancel_reason → RTP to RFC_SENT
4. Send DS12N callback with CxlStsId RJCR (Rejected Cancellation Request)
5. Verify callback is accepted (200)
6. Verify RTP status is ERROR_CANCEL
","3023","An RFC callback DS12N RJCR is successfully received and RTP status is ERROR_CANCEL - through Web API cancel","functional-tests.tests.callbacks","2026-08-07","passed","2026-08-07","","test_RTP_callback_DS_12N","",""
"","393","All auth fixtures expose a valid Bearer token format","functional-tests.tests.auth","2026-08-07","passed","2026-08-07","","test_auth","",""
"Each entry in ``INVALID_PAYER_IDS`` (see dataset docstring) must be rejected with 400.","373","The activation request must contain a validly formatted fiscal code","functional-tests.tests.activation","2026-08-07","passed","2026-08-07","","test_debtor_activation_create","",""
"
Verify that a debt position can be created and published successfully.
","592","Happy path: a debt position is created and published in DEV environment","functional-tests.tests.gpd_availability","2026-08-07","passed","2026-08-07","","test_availability_GPD","",""
"","1646","An RTP callback with status ACTC is successfully received","functional-tests.tests.callbacks","2026-08-07","passed","2026-08-07","","test_RTP_callback_DS_05","",""
"MOCKSP04 owns MOCKSP01 as well as its own spId; activation must be allowed on either.","805","A debtor is activated using a Service Provider ID the token subject owns but does not itself represent","functional-tests.tests.activation","2026-08-07","passed","2026-08-07","","test_debtor_activation_create","",""
"Test sending an UPDATE after CREATE VALID + DELETE with different statuses","1704","An UPDATE message with status EXPIRED after CREATE VALID and DELETE","functional-tests.tests.process_messages_sender","2026-08-07","passed","2026-08-07","","test_RTP_process_sender_UPDATE","",""
"","373","Retrieving activation with malformed payer id returns 400","functional-tests.tests.activation","2026-08-07","passed","2026-08-07","","test_debtor_activation_get","",""
"Test sending a CREATE operation message with different statuses via GPD message API","798","A CREATE message with status PARTIALLY_PAID","functional-tests.tests.process_messages_sender","2026-08-07","passed","2026-08-07","","test_RTP_process_sender_CREATE","",""
"No `Sts.Conf` confirmation is present (minimal JSON without Sts), so only CANCEL_RTP is triggered and the RTP stays in RFC_SENT.","2754","Cancelling an RTP - EPC v4 mock happy path scenario: minimal_json","functional-tests.tests.cancel_rtp","2026-08-07","passed","2026-08-07","","test_RTP_cancel_MOCK_V2","",""
"","1208","Cannot send RTP with invalid amount","functional-tests.tests.availability","2026-08-07","passed","2026-08-07","","test_availability_CBI","",""
"Test sending a DELETE operation message via GPD message API after a standalone UPDATE (no prior CREATE)","1310","A DELETE message after standalone UPDATE VALID","functional-tests.tests.process_messages_sender","2026-08-07","passed","2026-08-07","","test_RTP_process_sender_DELETE","",""
"The response cannot be parsed as a cancellation confirmation (malformed, unquoted string), so the RTP stays in RFC_SENT rather than erroring out.","1813","Cancelling an RTP - EPC v4 mock unhappy path scenario: malformed_string","functional-tests.tests.cancel_rtp","2026-08-07","passed","2026-08-07","","test_RTP_cancel_MOCK_V2","",""
"","374","Invalid NextActivationId format returns 400","functional-tests.tests.activation","2026-08-07","passed","2026-08-07","","test_debtor_activation_list","",""
"","3839","Failed v2 document callback for invalid RTP transition - DS-document RJCT compliant","functional-tests.tests.callbacks_v2","2026-08-07","passed","2026-08-07","","test_RTP_callback_DS_document_rjct","",""
"Test sending a DELETE operation message via GPD message API after a standalone UPDATE (no prior CREATE)","1185","A DELETE message after standalone UPDATE INVALID","functional-tests.tests.process_messages_sender","2026-08-07","passed","2026-08-07","","test_RTP_process_sender_DELETE","",""
"
Payer activated under SP A.
- SP B (read_rtp_activations): isActive must be false - privacy rule hides cross-SP activation.
- Admin (read_rtp_all): isActive must be true - role grants visibility across all SPs.
Same payer, same endpoint, different roles → different results.
","1183","read_rtp_all role returns isActive true while read_rtp_activations returns false for the same cross-SP payer","functional-tests.tests.activation","2026-08-07","passed","2026-08-07","","test_debtor_activation_payer_status","",""
"","2983","DS_05 redirect v2 callback with Version header returns 400","functional-tests.tests.callbacks_v2","2026-08-07","passed","2026-08-07","","test_RTP_callback_with_version_header","",""
"","672","An RTP is sent to ICCREA service with activated fiscal code - through Web API V2","functional-tests.tests.send_rtp","2026-08-07","failed","2026-08-07","","test_RTP_send_ICCREA","",""
"","376","Get payees consents with negative page size returns 400","functional-tests.tests.service_registry","2026-08-07","passed","2026-08-07","","test_get_payees_consents","",""
