"DESCRIPTION","DURATION IN MS","NAME","PARENT SUITE","START TIME","STATUS","STOP TIME","SUB SUITE","SUITE","TEST CLASS","TEST METHOD"
"","626","Get payees consents with invalid consent value returns 400","functional-tests.tests.service_registry","2026-08-27","passed","2026-08-27","","test_get_payees_consents","",""
"","1293","Deactivation fails for activation by another service provider","functional-tests.tests.activation","2026-08-27","passed","2026-08-27","","test_debtor_deactivation","",""
"","1989","An RTP sent when EPC response omits _links is in status ACCEPTED - through Web API","functional-tests.tests.send_rtp","2026-08-27","passed","2026-08-27","","test_RTP_send_MOCK","",""
"
Test RFC callback DS12P with non-existing service provider, cancel via REST Web API.

Flow:
1. Activate payer
2. Send an RTP via GPD message (CREATE VALID)
3. Cancel the RTP via REST cancel endpoint with cancel_reason → RTP to RFC_SENT
4. Send DS12P callback with non-existing BIC (MOCKSP99)
5. Verify callback is rejected with 400 (service provider not found)
","2713","Failed RFC callback for non existing Service Provider - DS-12P CNCL compliant - through Web API cancel","functional-tests.tests.callbacks","2026-08-27","passed","2026-08-27","","test_RTP_callback_DS_12P","",""
"
DS_12P CNCL RFC callback sent with the Version header must be rejected with 400.
The RTP must remain in RFC_SENT (transition to CANCELLED must not happen).

Flow:
1. Activate payer, send RTP, trigger cancel via GPD DELETE → RFC_SENT
2. Build a valid DS_12P CNCL payload
3. POST to RFC callback endpoint WITH Version header
4. Verify 400 is returned with the expected error body
5. Verify RTP status is still RFC_SENT
","3304","DS_12P CNCL RFC callback with Version header returns 400","functional-tests.tests.callbacks","2026-08-27","passed","2026-08-27","","test_RTP_callback_with_version_header","",""
"Test sending a DELETE operation message via GPD message API after a CREATE","1912","A DELETE message after CREATE DRAFT","functional-tests.tests.process_messages_sender","2026-08-27","passed","2026-08-27","","test_RTP_process_sender_DELETE","",""
"","1340","SP_ACTIVATIONS_READ_ALL can retrieve activation by Activation ID created by SP_A","functional-tests.tests.activation","2026-08-27","passed","2026-08-27","","test_RTP_activation_security","",""
"","1178","An RTP is sent to Poste service with activated fiscal code - through Web API V2","functional-tests.tests.send_rtp","2026-08-27","failed","2026-08-27","","test_RTP_send_POSTE","",""
"Test that takeover fails when the service provider is unauthenticated","1867","Test Takeover Fails with Unauthenticated SP","functional-tests.tests.takeover","2026-08-27","passed","2026-08-27","","test_debtor_takeover","",""
"
Test RFC callback DS12N with wrong certificate identity.

Flow:
1. Activate payer
2. Send an RTP via GPD message (CREATE VALID)
3. Cancel the RTP via GPD message (DELETE) → RTP to RFC_SENT
4. Send DS12N callback with assignee_bic='FAKESP01' (doesn't match certificate identity MOCKSP04)
5. Verify callback is rejected with 403 (certificate mismatch)
","3076","Unauthorized RFC callback due to wrong certificate serial","functional-tests.tests.callbacks","2026-08-27","passed","2026-08-27","","test_RTP_callback_DS_12N","",""
"","673","Sending to non-activated debtor returns 422 - through Web API","functional-tests.tests.send_rtp","2026-08-27","passed","2026-08-27","","test_RTP_send_MOCK","",""
"Test sending an UPDATE operation message with different statuses via GPD message API before a CREATE","1292","An UPDATE message with status EXPIRED before CREATE","functional-tests.tests.process_messages_sender","2026-08-27","passed","2026-08-27","","test_RTP_process_sender_UPDATE_before_CREATE","",""
"
Test v2 RFC callback DS12N with RJCR status.

Flow:
1. Activate payer
2. Send an RTP via GPD message v2 (CREATE VALID)
3. Cancel the RTP via GPD message v2 (DELETE) -> RTP to RFC_SENT
4. Send DS12N callback with CxlStsId RJCR (Rejected Cancellation Request)
5. Verify callback is accepted (200)
6. Verify RTP status is CANCELLED_REJECTED
","4050","A v2 RFC callback DS12N RJCR is successfully received and RTP status is CANCELLED_REJECTED","functional-tests.tests.callbacks_v2","2026-08-27","passed","2026-08-27","","test_RTP_callback_DS_12N_negative","",""
"Authenticated but not authorized: token of SP A tries to use OTP issued for SP B","1921","Test Takeover Fails with Wrong SP Token","functional-tests.tests.takeover","2026-08-27","passed","2026-08-27","","test_debtor_takeover","",""
"","1995","Get by activation id returns 404 when the token subject does not own the activation's Service Provider ID","functional-tests.tests.activation","2026-08-27","passed","2026-08-27","","test_debtor_activation_get","",""
"","1272","Deactivation returns 404 when the token subject does not own the activation's Service Provider ID","functional-tests.tests.activation","2026-08-27","passed","2026-08-27","","test_debtor_deactivation","",""
"Test sending an UPDATE operation message with different statuses via GPD message API before a CREATE","1298","An UPDATE message with status PUBLISHED before CREATE","functional-tests.tests.process_messages_sender","2026-08-27","passed","2026-08-27","","test_RTP_process_sender_UPDATE_before_CREATE","",""
"
Test RFC callback DS12N with RJCR status.

Flow:
1. Activate payer
2. Send an RTP via GPD message (CREATE VALID)
3. Cancel the RTP via GPD message (DELETE) → RTP to RFC_SENT
4. Send DS12N callback with CxlStsId RJCR (Rejected Cancellation Request)
5. Verify callback is accepted (200)
6. Verify RTP status is ERROR_CANCEL
","3862","An RFC callback DS12N RJCR is successfully received and RTP status is ERROR_CANCEL","functional-tests.tests.callbacks","2026-08-27","passed","2026-08-27","","test_RTP_callback_DS_12N","",""
"Each entry in ``INVALID_PAYER_IDS`` (see dataset docstring) must be rejected with 400.","643","The activation request must contain a validly formatted fiscal code","functional-tests.tests.activation","2026-08-27","passed","2026-08-27","","test_debtor_activation_create","",""
"
Tests that sending an RTP payload with an invalid amount to the POSTE endpoint results in a 400 Bad Request response.

:param debtor_sp_mock_cert_key: Certificate and key tuple for mutual TLS authentication.
:type debtor_sp_mock_cert_key: Tuple[str, str]
","1328","Cannot send RTP with invalid amount","functional-tests.tests.availability","2026-08-27","passed","2026-08-27","","test_availability_POSTE","",""
"","2693","Failed callback for non existing Service Provider - DS-05 redirect compliant","functional-tests.tests.callbacks_v2","2026-08-27","passed","2026-08-27","","test_RTP_callback_DS_05_redirect","",""
"Each entry in ``INVALID_PAYER_IDS`` must be rejected with 400.

The ``description`` parameter appears in pytest output to identify which
case failed without having to inspect the raw value.
","621","Querying activation status with an invalid payerId format returns 400","functional-tests.tests.activation","2026-08-27","passed","2026-08-27","","test_debtor_activation_payer_status","",""
"","1293","A debtor with VAT number is activated and retrieved by activation id","functional-tests.tests.activation","2026-08-27","passed","2026-08-27","","test_debtor_activation_get","",""
"Each entry in ``INVALID_PAYER_IDS`` must be rejected with 400.

The ``description`` parameter appears in pytest output to identify which
case failed without having to inspect the raw value.
","641","Querying activation status with an invalid payerId format returns 400","functional-tests.tests.activation","2026-08-27","passed","2026-08-27","","test_debtor_activation_payer_status","",""
"Test the takeover flow where a user changes service provider","4503","Test Takeover Flow","functional-tests.tests.takeover","2026-08-27","passed","2026-08-27","","test_debtor_takeover","",""
"","3258","An RTP sent with synchronous rejection is in status REJECTED - DS-08P N - through Web API V2","functional-tests.tests.send_rtp","2026-08-27","passed","2026-08-27","","test_RTP_send_MOCK","",""
"
Tests sending an RTP payload to the POSTE endpoint with valid data and authentication.

:param debtor_sp_mock_cert_key: Certificate and key tuple for mutual TLS authentication.
:type debtor_sp_mock_cert_key: Tuple[str, str]
","1465","An RTP is sent through POSTE API","functional-tests.tests.availability","2026-08-27","passed","2026-08-27","","test_availability_POSTE","",""
"
Test RFC callback DS12N with non-existing service provider.

Flow:
1. Activate payer
2. Send an RTP via GPD message (CREATE VALID)
3. Cancel the RTP via GPD message (DELETE) → RTP to RFC_SENT
4. Send DS12N callback with non-existing BIC (MOCKSP99)
5. Verify callback is rejected with 400 (service provider not found)
","2875","Failed RFC callback for non existing Service Provider - DS-12N RJCR compliant","functional-tests.tests.callbacks","2026-08-27","passed","2026-08-27","","test_RTP_callback_DS_12N","",""
"","2622","An RTP sent with synchronous rejection containing extra fields results in status SENT - through Web API V2","functional-tests.tests.send_rtp","2026-08-27","passed","2026-08-27","","test_RTP_send_MOCK","",""
"
DS_04b callback sent with the Version header must be rejected with 400.
The RTP state must be unchanged.

Flow:
1. Activate payer and send an RTP → resource_id
2. Capture current RTP status
3. Build a valid DS_04b payload referencing the RTP
4. POST to callback endpoint WITH Version header
5. Verify 400 is returned with the expected error body
6. Verify RTP status is unchanged
","3234","DS_04b callback with Version header returns 400","functional-tests.tests.callbacks","2026-08-27","passed","2026-08-27","","test_RTP_callback_with_version_header","",""
"Test sending a DELETE operation message via GPD message API after a standalone UPDATE (no prior CREATE)","1904","A DELETE message after standalone UPDATE EXPIRED","functional-tests.tests.process_messages_sender","2026-08-27","passed","2026-08-27","","test_RTP_process_sender_DELETE","",""
"Test sending an UPDATE after CREATE VALID + DELETE with different statuses","2679","An UPDATE message with status INVALID after CREATE VALID and DELETE","functional-tests.tests.process_messages_sender","2026-08-27","passed","2026-08-27","","test_RTP_process_sender_UPDATE","",""
"
Verify that a debt position can be created and published successfully.
","1862","Happy path: a debt position is created and published in DEV environment","functional-tests.tests.gpd_availability","2026-08-27","passed","2026-08-27","","test_availability_GPD","",""
"","2717","Unauthorized callback due to wrong certificate serial","functional-tests.tests.callbacks_v2","2026-08-27","passed","2026-08-27","","test_RTP_callback_DS_05_redirect","",""
"Test sending an UPDATE operation message with different statuses via GPD message API before a CREATE","1296","An UPDATE message with status PAID before CREATE","functional-tests.tests.process_messages_sender","2026-08-27","passed","2026-08-27","","test_RTP_process_sender_UPDATE_before_CREATE","",""
"
Verify that a debt position can be created and published successfully.
","827","Happy path: a debt position is created and published in UAT environment","functional-tests.tests.gpd_availability","2026-08-27","passed","2026-08-27","","test_availability_GPD","",""
"
Tests the retrieval of an access token from the POSTE authentication endpoint using client credentials and mutual TLS.

:param debtor_sp_mock_cert_key: Certificate and key tuple for mutual TLS authentication.
:type debtor_sp_mock_cert_key: Tuple[str, str]
","340","Auth endpoint returns valid token","functional-tests.tests.availability","2026-08-27","passed","2026-08-27","","test_availability_POSTE","",""
"No `Sts.Conf` confirmation is present (empty JSON object), so only CANCEL_RTP is triggered and the RTP stays in RFC_SENT.","3440","Cancelling an RTP - EPC v4 mock happy path scenario: empty_json_object","functional-tests.tests.cancel_rtp","2026-08-27","passed","2026-08-27","","test_RTP_cancel_MOCK_V2","",""
"
Given an RTP is sent successfully (status SENT) for a given noticeNumber + payeeId,
when the payee queries the delivery-status endpoint with the correct noticeNumber
but a different payeeId,
then the response must be HTTP 200 with status=PD_RTP_NOT_DELIVERED, verifying
that the endpoint filters on both fields.
","7551","Existing noticeNumber with wrong payeeId → PD_RTP_NOT_DELIVERED","functional-tests.tests.get_rtp","2026-08-27","passed","2026-08-27","","test_RTP_get_delivery_status","",""
"No `Sts.Conf` confirmation is present (Sts block omitted entirely), so only CANCEL_RTP is triggered and the RTP stays in RFC_SENT.","2825","Cancelling an RTP - EPC v4 mock happy path scenario: no_sts_block","functional-tests.tests.cancel_rtp","2026-08-27","passed","2026-08-27","","test_RTP_cancel_MOCK_V2","",""
"
Test v2 RFC callback DS12P with CNCL status.

Flow:
1. Activate payer
2. Send an RTP via GPD message v2 (CREATE VALID)
3. Cancel the RTP via GPD message v2 (DELETE) -> RTP to RFC_SENT
4. Send DS12P callback with CxlStsId CNCL (Cancelled As Per Request)
5. Verify callback is accepted (200)
6. Verify RTP status is CANCELLED
","3459","A v2 RFC callback DS12P CNCL is successfully received and RTP status is CANCELLED","functional-tests.tests.callbacks_v2","2026-08-27","passed","2026-08-27","","test_RTP_callback_DS_12P_positive","",""
"Each entry in ``INVALID_PAYER_IDS`` must be rejected with 400.

The ``description`` parameter appears in pytest output to identify which
case failed without having to inspect the raw value.
","659","Querying activation status with an invalid payerId format returns 400","functional-tests.tests.activation","2026-08-27","passed","2026-08-27","","test_debtor_activation_payer_status","",""
"Test sending a DELETE operation message via GPD message API after a CREATE VALID + UPDATE","3557","A DELETE message after CREATE VALID + UPDATE PAID","functional-tests.tests.process_messages_sender","2026-08-27","passed","2026-08-27","","test_RTP_process_sender_DELETE","",""
"Test sending a DELETE operation message via GPD message API after a standalone UPDATE (no prior CREATE)","2763","A DELETE message after standalone UPDATE PARTIALLY_PAID","functional-tests.tests.process_messages_sender","2026-08-27","passed","2026-08-27","","test_RTP_process_sender_DELETE","",""
"
Test RFC callback DS12P with wrong certificate identity.

Flow:
1. Activate payer
2. Send an RTP via GPD message (CREATE VALID)
3. Cancel the RTP via GPD message (DELETE) → RTP to RFC_SENT
4. Send DS12P callback with assignee_bic='FAKESP01' (doesn't match certificate identity MOCKSP04)
5. Verify callback is rejected with 403 (certificate mismatch)
","2688","Unauthorized RFC callback due to wrong certificate serial","functional-tests.tests.callbacks","2026-08-27","passed","2026-08-27","","test_RTP_callback_DS_12P","",""
"","771","Get list of service providers successfully","functional-tests.tests.service_registry","2026-08-27","passed","2026-08-27","","test_service_registry_service_providers","",""
"","1355","Sending an RTP when EPC returns a malformed/invalid response body returns 500","functional-tests.tests.send_rtp","2026-08-27","passed","2026-08-27","","test_RTP_send_MOCK","",""
"Test sending an UPDATE operation message with different statuses via GPD message API after a CREATE","2031","An UPDATE message with status EXPIRED after CREATE","functional-tests.tests.process_messages_sender","2026-08-27","passed","2026-08-27","","test_RTP_process_sender_UPDATE","",""
"Test sending a DELETE operation message via GPD message API after a CREATE VALID + UPDATE","2664","A DELETE message after CREATE VALID + UPDATE EXPIRED","functional-tests.tests.process_messages_sender","2026-08-27","passed","2026-08-27","","test_RTP_process_sender_DELETE","",""
"
Given a debtor is activated and a GPD message (CREATE) is sent via POST /gpd/message,
when the rtp-sender processes it and the RTP reaches status SENT,
when the payee queries the delivery-status endpoint with the correct noticeNumber
(nav) and payeeId (ec_tax_code),
then the response body must contain status=PD_RTP_DELIVERED, a non-null processingDate
in ISO 8601 format, and processingDate must match the SEND_RTP event timestamp from
the GPD message response (truncated to millisecond precision).
","7003","GPD message sent → RTP SENT → PD_RTP_DELIVERED with processingDate","functional-tests.tests.get_rtp","2026-08-27","passed","2026-08-27","","test_RTP_get_delivery_status","",""
"","1517","An RTP is sent to Poste service with activated fiscal code","functional-tests.tests.send_rtp","2026-08-27","passed","2026-08-27","","test_RTP_send_POSTE","",""
"","2534","An RTP is sent to ICCREA service with activated fiscal code - through Web API","functional-tests.tests.send_rtp","2026-08-27","failed","2026-08-27","","test_RTP_send_ICCREA","",""
"No `Sts.Conf` confirmation is present (minimal JSON without Sts), so only CANCEL_RTP is triggered and the RTP stays in RFC_SENT.","2836","Cancelling an RTP - EPC v4 mock happy path scenario: minimal_json","functional-tests.tests.cancel_rtp","2026-08-27","passed","2026-08-27","","test_RTP_cancel_MOCK_V2","",""
"Payer activated under SP A queried by SP A → isActive must be true.","1269","An active payer returns isActive true for the same Service Provider","functional-tests.tests.activation","2026-08-27","passed","2026-08-27","","test_debtor_activation_payer_status","",""
"","2370","RTP is successfully retrieved","functional-tests.tests.get_rtp","2026-08-27","passed","2026-08-27","","test_RTP_get","",""
"Each entry in ``INVALID_PAYER_IDS`` must be rejected with 400.

The ``description`` parameter appears in pytest output to identify which
case failed without having to inspect the raw value.
","799","Querying activation status with an invalid payerId format returns 400","functional-tests.tests.activation","2026-08-27","passed","2026-08-27","","test_debtor_activation_payer_status","",""
"Takeover without a previously issued OTP should fail","1813","Test Takeover Fails without Prior OTP","functional-tests.tests.takeover","2026-08-27","passed","2026-08-27","","test_debtor_takeover","",""
"
SP A activates the payer.
SP B queries the status → must get isActive=false to avoid disclosing
that the payer is registered under a competitor SP.
","1292","A payer active on a different Service Provider returns isActive false (privacy)","functional-tests.tests.activation","2026-08-27","passed","2026-08-27","","test_debtor_activation_payer_status","",""
"Test sending a DELETE operation message via GPD message API after a CREATE","3294","A DELETE message after CREATE VALID","functional-tests.tests.process_messages_sender","2026-08-27","passed","2026-08-27","","test_RTP_process_sender_DELETE","",""
"","598","Unauthorized request returns 401","functional-tests.tests.activation","2026-08-27","passed","2026-08-27","","test_debtor_activation_list","",""
"","2654","An RTP callback is received with invalid status","functional-tests.tests.callbacks","2026-08-27","passed","2026-08-27","","test_RTP_callback_DS_08","",""
"Each entry in ``INVALID_PAYER_IDS`` must be rejected with 400.

The ``description`` parameter appears in pytest output to identify which
case failed without having to inspect the raw value.
","622","Querying activation status with an invalid payerId format returns 400","functional-tests.tests.activation","2026-08-27","passed","2026-08-27","","test_debtor_activation_payer_status","",""
"","642","All auth fixtures expose a valid Bearer token format","functional-tests.tests.auth","2026-08-27","passed","2026-08-27","","test_auth","",""
"
Test RFC callback DS12N with RJCR status applied twice on the same RTP.

Flow:
1. Activate payer
2. Send an RTP via GPD message (CREATE VALID)
3. Cancel the RTP via GPD message (DELETE) -> RTP to RFC_SENT
4. Send DS12N callback with CxlStsId RJCR (Rejected Cancellation Request) -> RTP to ERROR_CANCEL
5. Send the same DS12N RJCR callback again on the already transitioned RTP
6. Verify the second callback is rejected (400) since the transition is no longer valid
7. Verify RTP status remains ERROR_CANCEL
","5133","Failed RFC callback for invalid RTP transition - DS-12N RJCR compliant","functional-tests.tests.callbacks","2026-08-27","passed","2026-08-27","","test_RTP_callback_DS_12N","",""
"","622","Get payees consents with negative page number returns 400","functional-tests.tests.service_registry","2026-08-27","passed","2026-08-27","","test_get_payees_consents","",""
"Test sending a DELETE operation message via GPD message API after a standalone UPDATE (no prior CREATE)","1959","A DELETE message after standalone UPDATE INVALID","functional-tests.tests.process_messages_sender","2026-08-27","passed","2026-08-27","","test_RTP_process_sender_DELETE","",""
"","618","Get payees consents with wrong token type returns 403","functional-tests.tests.service_registry","2026-08-27","passed","2026-08-27","","test_get_payees_consents","",""
"","799","Find by payer id request must contain lower case fiscal code","functional-tests.tests.activation","2026-08-27","passed","2026-08-27","","test_debtor_activation_create","",""
"Test sending a DELETE operation message via GPD message API after a standalone UPDATE (no prior CREATE)","1909","A DELETE message after standalone UPDATE PAID","functional-tests.tests.process_messages_sender","2026-08-27","passed","2026-08-27","","test_RTP_process_sender_DELETE","",""
"Empty OTP should be rejected","646","Test Takeover Fails with Empty OTP","functional-tests.tests.takeover","2026-08-27","passed","2026-08-27","","test_debtor_takeover","",""
"","4201","Failed v2 redirect callback for invalid RTP transition - DS-05 ACTC compliant","functional-tests.tests.callbacks_v2","2026-08-27","passed","2026-08-27","","test_RTP_callback_DS_05_redirect","",""
"","634","A debtor service provider fails activation due to wrong service provider id","functional-tests.tests.activation","2026-08-27","passed","2026-08-27","","test_debtor_activation_list","",""
"
Tests that sending an RTP payload with an expired date to the POSTE endpoint results in a 400 Bad Request response.

:param debtor_sp_mock_cert_key: Certificate and key tuple for mutual TLS authentication.
:type debtor_sp_mock_cert_key: Tuple[str, str]
","1179","Cannot send RTP with expired date","functional-tests.tests.availability","2026-08-27","failed","2026-08-27","","test_availability_POSTE","",""
"","2705","Unauthorized callback due to wrong certificate serial","functional-tests.tests.callbacks_v2","2026-08-27","passed","2026-08-27","","test_RTP_callback_DS_08N_negative","",""
"Each entry in ``INVALID_PAYER_IDS`` must be rejected with 400.

The ``description`` parameter appears in pytest output to identify which
case failed without having to inspect the raw value.
","618","Querying activation status with an invalid payerId format returns 400","functional-tests.tests.activation","2026-08-27","passed","2026-08-27","","test_debtor_activation_payer_status","",""
"Each entry in ``INVALID_PAYER_IDS`` (see dataset docstring) must be rejected with 400.","629","The activation request must contain a validly formatted fiscal code","functional-tests.tests.activation","2026-08-27","passed","2026-08-27","","test_debtor_activation_create","",""
"MOCKSP04 owns both its own spId and MOCKSP01; redeeming an OTP scoped to MOCKSP01 must
assign MOCKSP01 to the new activation, not MOCKSP04 (the redeemer's own tspId).","3608","Test Takeover Redemption Assigns the OTP's Owned Service Provider ID","functional-tests.tests.takeover","2026-08-27","passed","2026-08-27","","test_debtor_takeover","",""
"DS_08N RJCT callback sent twice on the same RTP (direct SENT -> REJECTED).

The second callback must be rejected with 400 since the transition is no
longer valid once the RTP is already REJECTED.
","5339","Failed v2 callback for invalid RTP transition - DS-08N negative compliant","functional-tests.tests.callbacks_v2","2026-08-27","passed","2026-08-27","","test_RTP_callback_DS_08N_negative","",""
"
Test RFC callback DS12N with non-existing service provider, cancel via REST Web API.

Flow:
1. Activate payer
2. Send an RTP via GPD message (CREATE VALID)
3. Cancel the RTP via REST cancel endpoint with cancel_reason → RTP to RFC_SENT
4. Send DS12N callback with non-existing BIC (MOCKSP99)
5. Verify callback is rejected with 400 (service provider not found)
","2995","Failed RFC callback for non existing Service Provider - DS-12N RJCR compliant - through Web API cancel","functional-tests.tests.callbacks","2026-08-27","passed","2026-08-27","","test_RTP_callback_DS_12N","",""
"Test sending a CREATE operation message with different statuses via GPD message API","1273","A CREATE message with status DRAFT","functional-tests.tests.process_messages_sender","2026-08-27","passed","2026-08-27","","test_RTP_process_sender_CREATE","",""
"Test sending an UPDATE after CREATE VALID + DELETE with different statuses","2664","An UPDATE message with status PARTIALLY_PAID after CREATE VALID and DELETE","functional-tests.tests.process_messages_sender","2026-08-27","passed","2026-08-27","","test_RTP_process_sender_UPDATE","",""
"","1196","An RTP is sent to Poste service with activated fiscal code - through Web API","functional-tests.tests.send_rtp","2026-08-27","passed","2026-08-27","","test_RTP_send_POSTE","",""
"Active payer identified by an 11-digit Partita IVA → isActive must be true.","1466","An active payer with VAT number (Partita IVA) returns isActive true","functional-tests.tests.activation","2026-08-27","passed","2026-08-27","","test_debtor_activation_payer_status","",""
"","3389","DS_08N negative v2 callback with Version header returns 400","functional-tests.tests.callbacks_v2","2026-08-27","passed","2026-08-27","","test_RTP_callback_with_version_header","",""
"","630","The activation request must contain a Service Provider ID of valid length","functional-tests.tests.activation","2026-08-27","passed","2026-08-27","","test_debtor_activation_create","",""
"Payer that has never been activated → isActive must be false.","648","test_get_activation_status_not_active_payer","functional-tests.tests.activation","2026-08-27","passed","2026-08-27","","test_debtor_activation_payer_status","",""
"Test sending an UPDATE operation message with different statuses via GPD message API before a CREATE","1364","An UPDATE message with status VALID before CREATE","functional-tests.tests.process_messages_sender","2026-08-27","passed","2026-08-27","","test_RTP_process_sender_UPDATE_before_CREATE","",""
"
Test v2 RFC callback DS12P with wrong certificate identity.

Flow:
1. Activate payer
2. Send an RTP via GPD message v2 (CREATE VALID)
3. Cancel the RTP via GPD message v2 (DELETE) -> RTP to RFC_SENT
4. Send DS12P callback with assignee_bic='FAKESP01' (doesn't match certificate identity)
5. Verify callback is rejected with 403 (certificate mismatch)
6. Verify RTP status is still RFC_SENT
","3467","Unauthorized v2 RFC callback due to wrong certificate serial","functional-tests.tests.callbacks_v2","2026-08-27","passed","2026-08-27","","test_RTP_callback_DS_12P_positive","",""
"","622","All auth fixtures expose a valid Bearer token format","functional-tests.tests.auth","2026-08-27","passed","2026-08-27","","test_auth","",""
"Each entry in ``INVALID_PAYER_IDS`` must be rejected with 400.

The ``description`` parameter appears in pytest output to identify which
case failed without having to inspect the raw value.
","642","Querying activation status with an invalid payerId format returns 400","functional-tests.tests.activation","2026-08-27","failed","2026-08-27","","test_debtor_activation_payer_status","",""
"","1231","Get paginated list of payees successfully","functional-tests.tests.service_registry","2026-08-27","passed","2026-08-27","","test_service_registry_payees_registry","",""
"`Sts.Conf = ""RJCR""` triggers CANCEL_RTP -> CONFIRM_RFC -> CANCEL_RTP_REJECTED, ending in CANCELLED_REJECTED.","3472","Cancelling an RTP - EPC v4 mock happy path scenario: rjcr_rejected","functional-tests.tests.cancel_rtp","2026-08-27","passed","2026-08-27","","test_RTP_cancel_MOCK_V2","",""
"`Sts.Conf = ""CNCL""` triggers CANCEL_RTP -> CONFIRM_RFC -> CANCEL_RTP_ACCR, ending in CANCELLED_ACCR.","3420","Cancelling an RTP - EPC v4 mock happy path scenario: cncl_confirmed","functional-tests.tests.cancel_rtp","2026-08-27","passed","2026-08-27","","test_RTP_cancel_MOCK_V2","",""
"
Verify that a debt position can be deleted successfully.
","3304","Happy path: a debt position is deleted in UAT environment","functional-tests.tests.gpd_availability","2026-08-27","passed","2026-08-27","","test_availability_GPD","",""
"Payer activated then deactivated by SP A → isActive must be false.","1989","A deactivated payer returns isActive false","functional-tests.tests.activation","2026-08-27","passed","2026-08-27","","test_debtor_activation_payer_status","",""
"","622","Get payees consents with extreme page size returns 400","functional-tests.tests.service_registry","2026-08-27","passed","2026-08-27","","test_get_payees_consents","",""
"","1032","Get paginated list of OPT_OUT payees consents successfully","functional-tests.tests.service_registry","2026-08-27","passed","2026-08-27","","test_get_payees_consents","",""
"","2270","RTP is successfully cancelled with reason PAID","functional-tests.tests.cancel_rtp","2026-08-27","passed","2026-08-27","","test_RTP_cancel","",""
"","1426","SP_ACTIVATIONS_READ_ALL can retrieve activation by Fiscal Code created by SP_A","functional-tests.tests.activation","2026-08-27","passed","2026-08-27","","test_RTP_activation_security","",""
"Test sending a CREATE operation message via GPD message API","1514","A CREATE message is successfully sent through GPD message API","functional-tests.tests.process_messages_sender","2026-08-27","passed","2026-08-27","","test_RTP_process_sender","",""
"The PSP synchronously rejects the cancellation request with 422 (per standard behaviour for the EPC 401 Unauthorized scenario). The RTP then transitions to ERROR_CANCEL via ERROR_CANCEL_RTP.","4209","Cancelling an RTP - EPC v4 mock unhappy path scenario: epc_401","functional-tests.tests.cancel_rtp","2026-08-27","passed","2026-08-27","","test_RTP_cancel_MOCK_V2","",""
"
Payer activated under SP A.
- SP B (read_rtp_activations): isActive must be false - privacy rule hides cross-SP activation.
- Admin (read_rtp_all): isActive must be true - role grants visibility across all SPs.
Same payer, same endpoint, different roles → different results.
","1894","read_rtp_all role returns isActive true while read_rtp_activations returns false for the same cross-SP payer","functional-tests.tests.activation","2026-08-27","passed","2026-08-27","","test_debtor_activation_payer_status","",""
"","1620","Sending a GPD message with null id returns 400","functional-tests.tests.send_rtp","2026-08-27","passed","2026-08-27","","test_RTP_send_MOCK","",""
"
DS_08N callback sent with the Version header must be rejected with 400.
The RTP must remain in SENT (transition to REJECTED must not happen).

Flow:
1. Activate payer and send an RTP → resource_id
2. Build a valid DS_08N payload referencing the RTP
3. POST to callback endpoint WITH Version header
4. Verify 400 is returned with the expected error body
5. Verify RTP status is still SENT
","2617","DS_08N callback with Version header returns 400","functional-tests.tests.callbacks","2026-08-27","passed","2026-08-27","","test_RTP_callback_with_version_header","",""
"","623","Failed callback for non existing Service Provider - DS-08P compliant","functional-tests.tests.callbacks","2026-08-27","passed","2026-08-27","","test_RTP_callback_DS_08","",""
"Test sending an UPDATE after CREATE VALID + DELETE with different statuses","2698","An UPDATE message with status EXPIRED after CREATE VALID and DELETE","functional-tests.tests.process_messages_sender","2026-08-27","passed","2026-08-27","","test_RTP_process_sender_UPDATE","",""
"Test sending a CREATE operation message with different statuses via GPD message API","1267","A CREATE message with status PAID","functional-tests.tests.process_messages_sender","2026-08-27","passed","2026-08-27","","test_RTP_process_sender_CREATE","",""
"","1339","An RTP is sent to ICCREA service with activated fiscal code","functional-tests.tests.send_rtp","2026-08-27","passed","2026-08-27","","test_RTP_send_ICCREA","",""
"
Test RFC callback DS12N with RJCR status, cancel triggered via REST Web API with explicit reason.

Flow:
1. Activate payer
2. Send an RTP via GPD message (CREATE VALID)
3. Cancel the RTP via REST cancel endpoint with cancel_reason → RTP to RFC_SENT
4. Send DS12N callback with CxlStsId RJCR (Rejected Cancellation Request)
5. Verify callback is accepted (200)
6. Verify RTP status is ERROR_CANCEL
","3863","An RFC callback DS12N RJCR is successfully received and RTP status is ERROR_CANCEL - through Web API cancel","functional-tests.tests.callbacks","2026-08-27","passed","2026-08-27","","test_RTP_callback_DS_12N","",""
"","631","All auth fixtures expose a valid Bearer token format","functional-tests.tests.auth","2026-08-27","passed","2026-08-27","","test_auth","",""
"Test sending an UPDATE after CREATE VALID + DELETE with different statuses","2664","An UPDATE message with status PUBLISHED after CREATE VALID and DELETE","functional-tests.tests.process_messages_sender","2026-08-27","passed","2026-08-27","","test_RTP_process_sender_UPDATE","",""
"Test sending a DELETE operation message via GPD message API after a CREATE","1901","A DELETE message after CREATE PUBLISHED","functional-tests.tests.process_messages_sender","2026-08-27","passed","2026-08-27","","test_RTP_process_sender_DELETE","",""
"MOCKSP04 owns MOCKSP01 as well as its own spId; activation must be allowed on either.","1324","A debtor is activated using a Service Provider ID the token subject owns but does not itself represent","functional-tests.tests.activation","2026-08-27","passed","2026-08-27","","test_debtor_activation_create","",""
"","632","Invalid pagination parameters returns 400","functional-tests.tests.activation","2026-08-27","passed","2026-08-27","","test_debtor_activation_list","",""
"Takeover with syntactically valid but nonsensical body should fail","1912","Test Takeover Fails with Nonsensical Body","functional-tests.tests.takeover","2026-08-27","passed","2026-08-27","","test_debtor_takeover","",""
"Each entry in ``INVALID_PAYER_IDS`` (see dataset docstring) must be rejected with 400.","633","The activation request must contain a validly formatted fiscal code","functional-tests.tests.activation","2026-08-27","passed","2026-08-27","","test_debtor_activation_create","",""
"","2527","An RTP sent with synchronous rejection and missing _links results in status REJECTED - through Web API","functional-tests.tests.send_rtp","2026-08-27","passed","2026-08-27","","test_RTP_send_MOCK","",""
"Test sending a DELETE operation message via GPD message API after a CREATE","1899","A DELETE message after CREATE PARTIALLY_PAID","functional-tests.tests.process_messages_sender","2026-08-27","passed","2026-08-27","","test_RTP_process_sender_DELETE","",""
"Test sending an UPDATE operation message with different statuses via GPD message API after a CREATE","2040","An UPDATE message with status DRAFT after CREATE","functional-tests.tests.process_messages_sender","2026-08-27","passed","2026-08-27","","test_RTP_process_sender_UPDATE","",""
"Test sending a CREATE operation message with different statuses via GPD message API","1268","A CREATE message with status EXPIRED","functional-tests.tests.process_messages_sender","2026-08-27","passed","2026-08-27","","test_RTP_process_sender_CREATE","",""
"","1428","An RTP is sent through API - through Web API V2","functional-tests.tests.send_rtp","2026-08-27","passed","2026-08-27","","test_RTP_send_MOCK","",""
"","615","missing token → 401 Unauthorized","functional-tests.tests.get_rtp","2026-08-27","passed","2026-08-27","","test_RTP_get","",""
"
Test RFC callback DS12N with wrong certificate identity, cancel via REST Web API.

Flow:
1. Activate payer
2. Send an RTP via GPD message (CREATE VALID)
3. Cancel the RTP via REST cancel endpoint with cancel_reason → RTP to RFC_SENT
4. Send DS12N callback with assignee_bic='FAKESP01' (doesn't match certificate identity MOCKSP04)
5. Verify callback is rejected with 403 (certificate mismatch)
","2655","Unauthorized RFC callback due to wrong certificate serial - through Web API cancel","functional-tests.tests.callbacks","2026-08-27","passed","2026-08-27","","test_RTP_callback_DS_12N","",""
"","659","Retrieving non-existent activation returns 404","functional-tests.tests.activation","2026-08-27","passed","2026-08-27","","test_debtor_activation_get","",""
"
DS_12N RJCR RFC callback sent with the Version header must be rejected with 400.
The RTP must remain in RFC_SENT (transition to ERROR_CANCEL must not happen).

Flow:
1. Activate payer, send RTP, trigger cancel via GPD DELETE → RFC_SENT
2. Build a valid DS_12N RJCR payload
3. POST to RFC callback endpoint WITH Version header
4. Verify 400 is returned with the expected error body
5. Verify RTP status is still RFC_SENT
","3245","DS_12N RJCR RFC callback with Version header returns 400","functional-tests.tests.callbacks","2026-08-27","passed","2026-08-27","","test_RTP_callback_with_version_header","",""
"","607","Get payees with invalid authorization","functional-tests.tests.service_registry","2026-08-27","passed","2026-08-27","","test_service_registry_service_providers","",""
"A valid token that carries neither read_rtp_activations nor read_rtp_all must be rejected with 403.","630","Token without read_rtp_activations or read_rtp_all role returns 403 Forbidden","functional-tests.tests.activation","2026-08-27","passed","2026-08-27","","test_debtor_activation_payer_status","",""
"
Test v2 RFC callback DS12P with INVALID status.

Flow:
1. Activate payer
2. Send an RTP via GPD message v2 (CREATE VALID)
3. Cancel the RTP via GPD message v2 (DELETE) -> RTP to RFC_SENT
4. Send DS12P callback with CxlStsId INVALID
5. Verify callback is rejected with 400
6. Verify RTP status is still RFC_SENT
","3459","A v2 RFC callback DS12P INVALID is rejected with 400","functional-tests.tests.callbacks_v2","2026-08-27","passed","2026-08-27","","test_RTP_callback_DS_12P_positive","",""
"
Test v2 RFC callback DS12N with INVALID status.

Flow:
1. Activate payer
2. Send an RTP via GPD message v2 (CREATE VALID)
3. Cancel the RTP via GPD message v2 (DELETE) -> RTP to RFC_SENT
4. Send DS12N callback with CxlStsId INVALID
5. Verify callback is rejected with 400
6. Verify RTP status is still RFC_SENT
","3436","A v2 RFC callback DS12N INVALID is rejected with 400","functional-tests.tests.callbacks_v2","2026-08-27","passed","2026-08-27","","test_RTP_callback_DS_12N_negative","",""
"Test sending a DELETE operation message via GPD message API after a CREATE VALID + UPDATE","2677","A DELETE message after CREATE VALID + UPDATE PUBLISHED","functional-tests.tests.process_messages_sender","2026-08-27","passed","2026-08-27","","test_RTP_process_sender_DELETE","",""
"An EPC response containing fields not declared in the OpenAPI spec is treated as an invalid message and is NOT tolerated for accept/reject purposes (confirmed with rtp-sender-v2 maintainers, PR #26). The extra `invalid-field` property invalidates the whole response, so the CNCL confirmation is not processed and the RTP stays in RFC_SENT.","2771","Cancelling an RTP - EPC v4 mock unhappy path scenario: cncl_extra_field","functional-tests.tests.cancel_rtp","2026-08-27","passed","2026-08-27","","test_RTP_cancel_MOCK_V2","",""
"The response cannot be parsed as a cancellation confirmation (malformed, unquoted string), so the RTP stays in RFC_SENT rather than erroring out.","2731","Cancelling an RTP - EPC v4 mock unhappy path scenario: malformed_string","functional-tests.tests.cancel_rtp","2026-08-27","passed","2026-08-27","","test_RTP_cancel_MOCK_V2","",""
"","3274","An RTP callback with invalid status is received and processed with success without affecting the RTP status","functional-tests.tests.callbacks","2026-08-27","passed","2026-08-27","","test_RTP_callback_DS_05","",""
"","1900","An RTP is sent to a CBI service with activated fiscal code - through Web API V2","functional-tests.tests.send_rtp","2026-08-27","failed","2026-08-27","","test_RTP_send_CBI","",""
"Each entry in ``INVALID_PAYER_IDS`` (see dataset docstring) must be rejected with 400.","636","The activation request must contain a validly formatted fiscal code","functional-tests.tests.activation","2026-08-27","passed","2026-08-27","","test_debtor_activation_create","",""
"
Test v2 RFC callback DS12N with non-existing service provider.

Flow:
1. Activate payer
2. Send an RTP via GPD message v2 (CREATE VALID)
3. Cancel the RTP via GPD message v2 (DELETE) -> RTP to RFC_SENT
4. Send DS12N callback with non-existing BIC (MOCKSP99)
5. Verify callback is rejected with 400 (service provider not found)
6. Verify RTP status is still RFC_SENT
","4409","Failed v2 RFC callback for non existing Service Provider - DS-12N negative compliant","functional-tests.tests.callbacks_v2","2026-08-27","passed","2026-08-27","","test_RTP_callback_DS_12N_negative","",""
"","2123","RTP is successfully cancelled with reason PAID - V2","functional-tests.tests.cancel_rtp","2026-08-27","passed","2026-08-27","","test_RTP_cancel","",""
"","1446","Sending an RTP when EPC returns an unexpected status code error (RTP_05.CHK.A0007) returns 500 - through Web API V2","functional-tests.tests.send_rtp","2026-08-27","passed","2026-08-27","","test_RTP_send_MOCK","",""
"","3245","An RTP callback is successfully received","functional-tests.tests.callbacks","2026-08-27","passed","2026-08-27","","test_RTP_callback_DS_04","",""
"The PSP synchronously rejects the cancellation request with 422 (per standard behaviour for the EPC 406 Not Acceptable scenario). The RTP then transitions to ERROR_CANCEL via ERROR_CANCEL_RTP.","3906","Cancelling an RTP - EPC v4 mock unhappy path scenario: epc_406","functional-tests.tests.cancel_rtp","2026-08-27","passed","2026-08-27","","test_RTP_cancel_MOCK_V2","",""
"","5099","Failed callback for invalid RTP transition - DS-08P RJCT compliant","functional-tests.tests.callbacks","2026-08-27","passed","2026-08-27","","test_RTP_callback_DS_08","",""
"","2020","An RTP sent with synchronous acceptance is in status ACCEPTED - DS-05 ACTC - through Web API V2","functional-tests.tests.send_rtp","2026-08-27","passed","2026-08-27","","test_RTP_send_MOCK","",""
"Same privacy rule as the cross-SP case: no explicit error, isActive is just false.","1437","Get payer status returns isActive false when the token subject does not own the activation's Service Provider ID","functional-tests.tests.activation","2026-08-27","passed","2026-08-27","","test_debtor_activation_payer_status","",""
"Each entry in ``INVALID_PAYER_IDS`` (see dataset docstring) must be rejected with 400.","641","The activation request must contain a validly formatted fiscal code","functional-tests.tests.activation","2026-08-27","passed","2026-08-27","","test_debtor_activation_create","",""
"","2115","An RTP sent when EPC response omits _links is in status ACCEPTED - through Web API V2","functional-tests.tests.send_rtp","2026-08-27","passed","2026-08-27","","test_RTP_send_MOCK","",""
"","639","Retrieving non-existent activation by payer id returns 404","functional-tests.tests.activation","2026-08-27","passed","2026-08-27","","test_debtor_activation_get","",""
"","1363","Sending an RTP when EPC returns an unexpected status code error (RTP_05.CHK.A0007) returns 500 - through Web API","functional-tests.tests.send_rtp","2026-08-27","passed","2026-08-27","","test_RTP_send_MOCK","",""
"An EPC response containing fields not declared in the OpenAPI spec is treated as an invalid message and is NOT tolerated for accept/reject purposes (confirmed with rtp-sender-v2 maintainers, PR #26). The extra `invalid-field` property invalidates the whole response, so the RJCR confirmation is not processed and the RTP stays in RFC_SENT.","2806","Cancelling an RTP - EPC v4 mock unhappy path scenario: rjcr_extra_field","functional-tests.tests.cancel_rtp","2026-08-27","passed","2026-08-27","","test_RTP_cancel_MOCK_V2","",""
"
Test v2 RFC callback DS12P with non-existing service provider.

Flow:
1. Activate payer
2. Send an RTP via GPD message v2 (CREATE VALID)
3. Cancel the RTP via GPD message v2 (DELETE) -> RTP to RFC_SENT
4. Send DS12P callback with non-existing BIC (MOCKSP99)
5. Verify callback is rejected with 400 (service provider not found)
6. Verify RTP status is still RFC_SENT
","4075","Failed v2 RFC callback for non existing Service Provider - DS-12P positive compliant","functional-tests.tests.callbacks_v2","2026-08-27","passed","2026-08-27","","test_RTP_callback_DS_12P_positive","",""
"","1518","SP_B cannot retrieve activation by Activation ID created by SP_A","functional-tests.tests.activation","2026-08-27","passed","2026-08-27","","test_RTP_activation_security","",""
"","3566","An RTP is sent through CBI API","functional-tests.tests.availability","2026-08-27","passed","2026-08-27","","test_availability_CBI","",""
"Test sending an UPDATE operation message with different statuses via GPD message API before a CREATE","1280","An UPDATE message with status DRAFT before CREATE","functional-tests.tests.process_messages_sender","2026-08-27","passed","2026-08-27","","test_RTP_process_sender_UPDATE_before_CREATE","",""
"","5316","Failed v2 document callback for invalid RTP transition - DS-document RJCT compliant","functional-tests.tests.callbacks_v2","2026-08-27","passed","2026-08-27","","test_RTP_callback_DS_document_rjct","",""
"","1432","A debtor with omocodia fiscal code is activated successfully","functional-tests.tests.activation","2026-08-27","passed","2026-08-27","","test_debtor_activation_create","",""
"DS_08P ACCP callback sent directly on a SENT RTP (no prior DS_05 ACTC callback).

The RTP is expected to transition straight from SENT to USER_ACCEPTED.
","3564","A v2 RTP callback with status ACCP is successfully received without a prior DS_05 callback","functional-tests.tests.callbacks_v2","2026-08-27","passed","2026-08-27","","test_RTP_callback_DS_08P_positive","",""
"","3206","An RTP callback with status REJECTED is successfully received","functional-tests.tests.callbacks","2026-08-27","passed","2026-08-27","","test_RTP_callback_DS_08","",""
"","2705","Unauthorized callback due to wrong certificate serial","functional-tests.tests.callbacks_v2","2026-08-27","passed","2026-08-27","","test_RTP_callback_DS_08P_positive","",""
"Each entry in ``INVALID_PAYER_IDS`` must be rejected with 400.

The ``description`` parameter appears in pytest output to identify which
case failed without having to inspect the raw value.
","624","Querying activation status with an invalid payerId format returns 400","functional-tests.tests.activation","2026-08-27","passed","2026-08-27","","test_debtor_activation_payer_status","",""
"","1179","An RTP is sent to ICCREA service with activated fiscal code - through Web API V2","functional-tests.tests.send_rtp","2026-08-27","failed","2026-08-27","","test_RTP_send_ICCREA","",""
"
Test RFC callback DS12P with wrong certificate identity, cancel via REST Web API.

Flow:
1. Activate payer
2. Send an RTP via GPD message (CREATE VALID)
3. Cancel the RTP via REST cancel endpoint with cancel_reason → RTP to RFC_SENT
4. Send DS12P callback with assignee_bic='FAKESP01' (doesn't match certificate identity MOCKSP04)
5. Verify callback is rejected with 403 (certificate mismatch)
","2982","Unauthorized RFC callback due to wrong certificate serial - through Web API cancel","functional-tests.tests.callbacks","2026-08-27","passed","2026-08-27","","test_RTP_callback_DS_12P","",""
"Each entry in ``INVALID_PAYER_IDS`` (see dataset docstring) must be rejected with 400.","644","The activation request must contain a validly formatted fiscal code","functional-tests.tests.activation","2026-08-27","passed","2026-08-27","","test_debtor_activation_create","",""
"","618","Non-integer size returns 400","functional-tests.tests.activation","2026-08-27","passed","2026-08-27","","test_debtor_activation_list","",""
"","1278","A debtor with foreign fiscal code is activated successfully","functional-tests.tests.activation","2026-08-27","passed","2026-08-27","","test_debtor_activation_create","",""
"The PSP synchronously rejects the cancellation request with 422 (per standard behaviour for the EPC 400 Bad Request scenario). The RTP then transitions to ERROR_CANCEL via ERROR_CANCEL_RTP.","3367","Cancelling an RTP - EPC v4 mock unhappy path scenario: epc_400","functional-tests.tests.cancel_rtp","2026-08-27","passed","2026-08-27","","test_RTP_cancel_MOCK_V2","",""
"Each entry in ``INVALID_PAYER_IDS`` (see dataset docstring) must be rejected with 400.","619","The activation request must contain a validly formatted fiscal code","functional-tests.tests.activation","2026-08-27","passed","2026-08-27","","test_debtor_activation_create","",""
"","642","Failed callback for non existing Service Provider - DS-04b compliant","functional-tests.tests.callbacks","2026-08-27","passed","2026-08-27","","test_RTP_callback_DS_04","",""
"The ownership check fails the same way whether the target spId belongs to someone else
or doesn't exist in the registry at all - NOEXIT00 is not a real Service Provider ID.","632","Activation is forbidden with the same error code for a Service Provider ID absent from the registry","functional-tests.tests.activation","2026-08-27","passed","2026-08-27","","test_debtor_activation_create","",""
"
Tests that sending an RTP payload with an amount over the POSTE limit results in a 400 Bad Request response.

:param debtor_sp_mock_cert_key: Certificate and key tuple for mutual TLS authentication.
:type debtor_sp_mock_cert_key: Tuple[str, str]
","2576","Cannot send RTP with an amount over the POSTE limit","functional-tests.tests.availability","2026-08-27","failed","2026-08-27","","test_availability_POSTE","",""
"Test sending a DELETE operation message via GPD message API after a CREATE","1921","A DELETE message after CREATE EXPIRED","functional-tests.tests.process_messages_sender","2026-08-27","passed","2026-08-27","","test_RTP_process_sender_DELETE","",""
"","639","inexistent RTP -> empty body","functional-tests.tests.get_rtp","2026-08-27","passed","2026-08-27","","test_RTP_get","",""
"","3270","An RTP callback with status ACWC is successfully received","functional-tests.tests.callbacks","2026-08-27","passed","2026-08-27","","test_RTP_callback_DS_08","",""
"
Test RFC callback DS12N with non-existing service provider, cancel via REST Web API.

Flow:
1. Activate payer
2. Send an RTP via GPD message (CREATE VALID)
3. Cancel the RTP via REST cancel endpoint with cancel_reason → RTP to RFC_SENT
4. Send DS12N callback with non-existing BIC (MOCKSP99)
5. Verify callback is rejected with 400 (service provider not found)
","2661","Failed RFC callback for non existing Service Provider - DS-12N RJCR compliant - through Web API cancel","functional-tests.tests.callbacks","2026-08-27","passed","2026-08-27","","test_RTP_callback_DS_12N","",""
"
Test RFC callback DS12P with CNCL status, cancel triggered via REST Web API with explicit reason.

Flow:
1. Activate payer
2. Send an RTP via GPD message (CREATE VALID)
3. Cancel the RTP via REST cancel endpoint with cancel_reason → RTP to RFC_SENT
4. Send DS12P callback with CxlStsId CNCL (Cancelled As Per Request)
5. Verify callback is accepted (200)
6. Verify RTP status is CANCELLED
","3364","An RFC callback DS12P CNCL is successfully received and RTP status is CANCEL - through Web API cancel","functional-tests.tests.callbacks","2026-08-27","passed","2026-08-27","","test_RTP_callback_DS_12P","",""
"","1716","An RTP is sent through GPD message API","functional-tests.tests.send_rtp","2026-08-27","passed","2026-08-27","","test_RTP_send_MOCK","",""
"","2629","An RTP callback is received with invalid status","functional-tests.tests.callbacks","2026-08-27","passed","2026-08-27","","test_RTP_callback_DS_08","",""
"","1475","A second service provider triggers takeover when debtor is already active on another service provider","functional-tests.tests.activation","2026-08-27","passed","2026-08-27","","test_debtor_activation_create","",""
"","4550","Failed callback for invalid RTP transition - DS-08P ACCP compliant","functional-tests.tests.callbacks","2026-08-27","passed","2026-08-27","","test_RTP_callback_DS_08","",""
"","2535","An RTP sent with synchronous rejection and missing _links results in status REJECTED - through Web API V2","functional-tests.tests.send_rtp","2026-08-27","passed","2026-08-27","","test_RTP_send_MOCK","",""
"Each entry in ``INVALID_PAYER_IDS`` (see dataset docstring) must be rejected with 400.","624","The activation request must contain a validly formatted fiscal code","functional-tests.tests.activation","2026-08-27","passed","2026-08-27","","test_debtor_activation_create","",""
"","3023","An RTP is sent to a CBI service with activated fiscal code - through Web API","functional-tests.tests.send_rtp","2026-08-27","passed","2026-08-27","","test_RTP_send_CBI","",""
"
Test RFC callback DS12P with INVALID status.

Flow:
1. Activate payer
2. Send an RTP via GPD message (CREATE VALID)
3. Cancel the RTP via GPD message (DELETE) → RTP to RFC_SENT
4. Send DS12P callback with CxlStsId INVALID
5. Verify callback is rejected with 400
6. Verify RTP status is still RFC_SENT
","3602","An RFC callback DS12P INVALID is rejected with 400","functional-tests.tests.callbacks","2026-08-27","passed","2026-08-27","","test_RTP_callback_DS_12P","",""
"Test sending an UPDATE operation message with different statuses via GPD message API after a CREATE","2027","An UPDATE message with status PUBLISHED after CREATE","functional-tests.tests.process_messages_sender","2026-08-27","passed","2026-08-27","","test_RTP_process_sender_UPDATE","",""
"","2089","An RTP sent when EPC response contains an unknown field is ignored and remains in status SENT - through Web API V2","functional-tests.tests.send_rtp","2026-08-27","passed","2026-08-27","","test_RTP_send_MOCK","",""
"","618","Invalid pagination parameters returns 400","functional-tests.tests.activation","2026-08-27","passed","2026-08-27","","test_debtor_activation_list","",""
"","604","Get payees with invalid authorization","functional-tests.tests.service_registry","2026-08-27","passed","2026-08-27","","test_service_registry_payees_registry","",""
"Each entry in ``INVALID_PAYER_IDS`` must be rejected with 400.

The ``description`` parameter appears in pytest output to identify which
case failed without having to inspect the raw value.
","623","Querying activation status with an invalid payerId format returns 400","functional-tests.tests.activation","2026-08-27","passed","2026-08-27","","test_debtor_activation_payer_status","",""
"DS_08N RJCT callback sent after a prior DS_05 ACTC callback.

The RTP is expected to transition from SENT to ACCEPTED, then to USER_REJECTED.
","5223","A v2 RTP callback with status RJCT after DS_05 transitions the RTP to USER_REJECTED","functional-tests.tests.callbacks_v2","2026-08-27","passed","2026-08-27","","test_RTP_callback_DS_08N_negative","",""
"Reusing the same OTP after a successful takeover should fail","2579","Test Takeover Fails with Reused OTP","functional-tests.tests.takeover","2026-08-27","passed","2026-08-27","","test_debtor_takeover","",""
"","1998","RTP cancellation fails with an invalid reason","functional-tests.tests.cancel_rtp","2026-08-27","passed","2026-08-27","","test_RTP_cancel","",""
"","2464","RTP is successfully cancelled with reason MODT","functional-tests.tests.cancel_rtp","2026-08-27","passed","2026-08-27","","test_RTP_cancel","",""
"
Test RFC callback DS12P with INVALID status, cancel via REST Web API.

Flow:
1. Activate payer
2. Send an RTP via GPD message (CREATE VALID)
3. Cancel the RTP via REST cancel endpoint with cancel_reason → RTP to RFC_SENT
4. Send DS12P callback with CxlStsId INVALID
5. Verify callback is rejected with 400
6. Verify RTP status is still RFC_SENT
","3295","An RFC callback DS12P INVALID is rejected with 400 - through Web API cancel","functional-tests.tests.callbacks","2026-08-27","passed","2026-08-27","","test_RTP_callback_DS_12P","",""
"","3948","An RTP sent with synchronous rejection containing extra fields results in status REJECTED","functional-tests.tests.send_rtp","2026-08-27","passed","2026-08-27","","test_RTP_send_MOCK","",""
"Test sending a DELETE operation message via GPD message API after a CREATE VALID + UPDATE","2817","A DELETE message after CREATE VALID + UPDATE VALID","functional-tests.tests.process_messages_sender","2026-08-27","passed","2026-08-27","","test_RTP_process_sender_DELETE","",""
"DS_08P ACCP callback sent twice on the same RTP (direct SENT -> USER_ACCEPTED).

The second callback must be rejected with 400 since the transition is no
longer valid once the RTP is already USER_ACCEPTED.
","4054","Failed v2 callback for invalid RTP transition - DS-08P positive compliant","functional-tests.tests.callbacks_v2","2026-08-27","passed","2026-08-27","","test_RTP_callback_DS_08P_positive","",""
"Test sending an UPDATE after CREATE VALID + DELETE with different statuses","2699","An UPDATE message with status DRAFT after CREATE VALID and DELETE","functional-tests.tests.process_messages_sender","2026-08-27","passed","2026-08-27","","test_RTP_process_sender_UPDATE","",""
"Test sending an UPDATE operation message with different statuses via GPD message API after a CREATE","2034","An UPDATE message with status INVALID after CREATE","functional-tests.tests.process_messages_sender","2026-08-27","passed","2026-08-27","","test_RTP_process_sender_UPDATE","",""
"UPDATE VALID with an ec_tax_code that does not exist in GPD returns 422 Payee not found","1284","An UPDATE VALID message with a non-existent ec_tax_code is rejected","functional-tests.tests.process_messages_sender","2026-08-27","passed","2026-08-27","","test_RTP_process_sender_UPDATE","",""
"","2944","An RTP callback with status ACTC is successfully received","functional-tests.tests.callbacks","2026-08-27","passed","2026-08-27","","test_RTP_callback_DS_05","",""
"Each entry in ``INVALID_PAYER_IDS`` must be rejected with 400.

The ``description`` parameter appears in pytest output to identify which
case failed without having to inspect the raw value.
","858","Querying activation status with an invalid payerId format returns 400","functional-tests.tests.activation","2026-08-27","passed","2026-08-27","","test_debtor_activation_payer_status","",""
"MOCKSP04 owns MOCKSP01 and triggers the OTP; FAKESP01, which owns neither, must be rejected
with an explicit ownership error, not merely a generic 403.","1909","Test Takeover Fails when Redeemer Does Not Own the OTP's Service Provider ID","functional-tests.tests.takeover","2026-08-27","passed","2026-08-27","","test_debtor_takeover","",""
"
Send the same CREATE VALID message twice.

Because send_gpd_message derives the Idempotency-Key deterministically from
the message id (msg_id), reusing the same payload reuses the same key.

Expectations:
- Both calls return HTTP 200 (idempotent, not an error).
- The resourceId in both responses is identical, proving the API returned
  the cached response and did not process the message twice.
- Querying by notice number returns exactly one RTP, confirming that only
  one record was written to the database.
","2660","Two CREATE VALID messages with the same Idempotency-Key both succeed but only one RTP is stored","functional-tests.tests.process_messages_sender","2026-08-27","passed","2026-08-27","","test_RTP_process_sender_IDEMPOTENCY","",""
"
Test v2 RFC callback DS12P with CNCL status applied twice on the same RTP.

Flow:
1. Activate payer
2. Send an RTP via GPD message v2 (CREATE VALID)
3. Cancel the RTP via GPD message v2 (DELETE) -> RTP to RFC_SENT
4. Send DS12P callback with CxlStsId CNCL (Cancelled As Per Request) -> RTP to CANCELLED
5. Send the same DS12P CNCL callback again on the already cancelled RTP
6. Verify the second callback is rejected (400) since the transition is no longer valid
7. Verify RTP status remains CANCELLED
","5570","Failed v2 RFC callback for invalid RTP transition - DS-12P positive compliant","functional-tests.tests.callbacks_v2","2026-08-27","passed","2026-08-27","","test_RTP_callback_DS_12P_positive","",""
"","2595","An RTP sent with synchronous rejection containing extra fields results in status REJECTED - through Web API","functional-tests.tests.send_rtp","2026-08-27","passed","2026-08-27","","test_RTP_send_MOCK","",""
"Test sending an UPDATE operation message with different statuses via GPD message API after a CREATE","2098","An UPDATE message with status PARTIALLY_PAID after CREATE","functional-tests.tests.process_messages_sender","2026-08-27","passed","2026-08-27","","test_RTP_process_sender_UPDATE","",""
"","4647","A v2 redirect RTP callback with invalid status is rejected without affecting the RTP status","functional-tests.tests.callbacks_v2","2026-08-27","passed","2026-08-27","","test_RTP_callback_DS_05_redirect","",""
"Each entry in ``INVALID_PAYER_IDS`` (see dataset docstring) must be rejected with 400.","627","The activation request must contain a validly formatted fiscal code","functional-tests.tests.activation","2026-08-27","passed","2026-08-27","","test_debtor_activation_create","",""
"Each entry in ``INVALID_PAYER_IDS`` (see dataset docstring) must be rejected with 400.","630","The activation request must contain a validly formatted fiscal code","functional-tests.tests.activation","2026-08-27","passed","2026-08-27","","test_debtor_activation_create","",""
"
Test RFC callback DS12P with INVALID status, cancel via REST Web API.

Flow:
1. Activate payer
2. Send an RTP via GPD message (CREATE VALID)
3. Cancel the RTP via REST cancel endpoint with cancel_reason → RTP to RFC_SENT
4. Send DS12P callback with CxlStsId INVALID
5. Verify callback is rejected with 400
6. Verify RTP status is still RFC_SENT
","3322","An RFC callback DS12P INVALID is rejected with 400 - through Web API cancel","functional-tests.tests.callbacks","2026-08-27","passed","2026-08-27","","test_RTP_callback_DS_12P","",""
"","1347","Sending an RTP when EPC returns a malformed/invalid response body returns 500 - through Web API","functional-tests.tests.send_rtp","2026-08-27","passed","2026-08-27","","test_RTP_send_MOCK","",""
"Test sending an UPDATE operation message with different statuses via GPD message API before a CREATE","1271","An UPDATE message with status PARTIALLY_PAID before CREATE","functional-tests.tests.process_messages_sender","2026-08-27","passed","2026-08-27","","test_RTP_process_sender_UPDATE_before_CREATE","",""
"Each entry in ``INVALID_PAYER_IDS`` (see dataset docstring) must be rejected with 400.","641","The activation request must contain a validly formatted fiscal code","functional-tests.tests.activation","2026-08-27","passed","2026-08-27","","test_debtor_activation_create","",""
"
Test RFC callback DS12P with wrong certificate identity, cancel via REST Web API.

Flow:
1. Activate payer
2. Send an RTP via GPD message (CREATE VALID)
3. Cancel the RTP via REST cancel endpoint with cancel_reason → RTP to RFC_SENT
4. Send DS12P callback with assignee_bic='FAKESP01' (doesn't match certificate identity MOCKSP04)
5. Verify callback is rejected with 403 (certificate mismatch)
","2840","Unauthorized RFC callback due to wrong certificate serial - through Web API cancel","functional-tests.tests.callbacks","2026-08-27","passed","2026-08-27","","test_RTP_callback_DS_12P","",""
"","2341","A debtor is activated by an authenticated service provider","functional-tests.tests.activation","2026-08-27","passed","2026-08-27","","test_debtor_activation_create","",""
"","2747","An RTP sent with synchronous rejection is in status REJECTED - DS-08P N","functional-tests.tests.send_rtp","2026-08-27","passed","2026-08-27","","test_RTP_send_MOCK","",""
"Test sending a CREATE operation message with different statuses via GPD message API","1776","A CREATE message with status VALID","functional-tests.tests.process_messages_sender","2026-08-27","passed","2026-08-27","","test_RTP_process_sender_CREATE","",""
"Test sending a DELETE operation message via GPD message API after a CREATE VALID + UPDATE","2655","A DELETE message after CREATE VALID + UPDATE DRAFT","functional-tests.tests.process_messages_sender","2026-08-27","passed","2026-08-27","","test_RTP_process_sender_DELETE","",""
"","616","Get payees consents with invalid authorization returns 401","functional-tests.tests.service_registry","2026-08-27","passed","2026-08-27","","test_get_payees_consents","",""
"","615","Retrieving activation without valid token returns 401","functional-tests.tests.activation","2026-08-27","passed","2026-08-27","","test_debtor_activation_get","",""
"","614","The service returns the mocked server error","functional-tests.tests.availability","2026-08-27","passed","2026-08-27","","test_availability_MOCK","",""
"The PSP synchronously rejects the cancellation request with 422 (per standard behaviour for the EPC 429 Too Many Requests scenario). The RTP then transitions to ERROR_CANCEL via ERROR_CANCEL_RTP.","11939","Cancelling an RTP - EPC v4 mock unhappy path scenario: epc_429","functional-tests.tests.cancel_rtp","2026-08-27","passed","2026-08-27","","test_RTP_cancel_MOCK_V2","",""
"","625","Get payees consents with negative page size returns 400","functional-tests.tests.service_registry","2026-08-27","passed","2026-08-27","","test_get_payees_consents","",""
"","629","Retrieving activation with invalid UUID returns 400","functional-tests.tests.activation","2026-08-27","passed","2026-08-27","","test_debtor_activation_get","",""
"","630","RTP cancellation fails if resource ID does not exist","functional-tests.tests.cancel_rtp","2026-08-27","passed","2026-08-27","","test_RTP_cancel","",""
"
Test v2 RFC callback DS12N with RJCR status applied twice on the same RTP.

Flow:
1. Activate payer
2. Send an RTP via GPD message v2 (CREATE VALID)
3. Cancel the RTP via GPD message v2 (DELETE) -> RTP to RFC_SENT
4. Send DS12N callback with CxlStsId RJCR (Rejected Cancellation Request) -> RTP to CANCELLED_REJECTED
5. Send the same DS12N RJCR callback again on the already transitioned RTP
6. Verify the second callback is rejected (400) since the transition is no longer valid
7. Verify RTP status remains CANCELLED_REJECTED
","5167","Failed v2 RFC callback for invalid RTP transition - DS-12N negative compliant","functional-tests.tests.callbacks_v2","2026-08-27","passed","2026-08-27","","test_RTP_callback_DS_12N_negative","",""
"Test sending a CREATE operation message with different statuses via GPD message API","1276","A CREATE message with status PUBLISHED","functional-tests.tests.process_messages_sender","2026-08-27","passed","2026-08-27","","test_RTP_process_sender_CREATE","",""
"
Payer activated under SP A.
Token with read_rtp_all can read across all Service Providers:
the admin client sub does not match SP A, yet isActive must be true.
","1268","read_rtp_all role returns isActive true for a payer on any Service Provider","functional-tests.tests.activation","2026-08-27","passed","2026-08-27","","test_debtor_activation_payer_status","",""
"Active payer with a foreign-country fiscal code (Z + 3 digits municipality) → isActive must be true.","1598","An active payer with foreign fiscal code returns isActive true","functional-tests.tests.activation","2026-08-27","passed","2026-08-27","","test_debtor_activation_payer_status","",""
"The PSP synchronously rejects the cancellation request with 422 (per standard behaviour for the EPC 410 Gone scenario). The RTP then transitions to ERROR_CANCEL via ERROR_CANCEL_RTP.","3807","Cancelling an RTP - EPC v4 mock unhappy path scenario: epc_410","functional-tests.tests.cancel_rtp","2026-08-27","passed","2026-08-27","","test_RTP_cancel_MOCK_V2","",""
"","3267","A v2 document RTP callback with status RJCT is successfully received","functional-tests.tests.callbacks_v2","2026-08-27","passed","2026-08-27","","test_RTP_callback_DS_document_rjct","",""
"","1414","Cannot send RTP with invalid amount","functional-tests.tests.availability","2026-08-27","passed","2026-08-27","","test_availability_CBI","",""
"","604","The service returns the mocked server error","functional-tests.tests.availability","2026-08-27","passed","2026-08-27","","test_availability_MOCK","",""
"","624","Non-existent NextActivationId returns 200 with empty body","functional-tests.tests.activation","2026-08-27","passed","2026-08-27","","test_debtor_activation_list","",""
"
Test RFC callback DS12P with CNCL status applied twice on the same RTP.

Flow:
1. Activate payer
2. Send an RTP via GPD message (CREATE VALID)
3. Cancel the RTP via GPD message (DELETE) -> RTP to RFC_SENT
4. Send DS12P callback with CxlStsId CNCL (Cancelled As Per Request) -> RTP to CANCELLED
5. Send the same DS12P CNCL callback again on the already cancelled RTP
6. Verify the second callback is rejected (400) since the transition is no longer valid
7. Verify RTP status remains CANCELLED
","4615","Failed RFC callback for invalid RTP transition - DS-12P CNCL compliant","functional-tests.tests.callbacks","2026-08-27","passed","2026-08-27","","test_RTP_callback_DS_12P","",""
"","1","A Service Provider is authenticated","functional-tests.tests.auth","2026-08-27","passed","2026-08-27","","test_auth","",""
"Each entry in ``INVALID_PAYER_IDS`` (see dataset docstring) must be rejected with 400.","643","The activation request must contain a validly formatted fiscal code","functional-tests.tests.activation","2026-08-27","passed","2026-08-27","","test_debtor_activation_create","",""
"
Test RFC callback DS12P with CNCL status.

Flow:
1. Activate payer
2. Send an RTP via GPD message (CREATE VALID)
3. Cancel the RTP via GPD message (DELETE) → RTP to RFC_SENT
4. Send DS12P callback with CxlStsId CNCL (Cancelled As Per Request)
5. Verify callback is accepted (200)
6. Verify RTP status is CANCELLED
","3360","An RFC callback DS12P CNCL is successfully received and RTP status is CANCEL","functional-tests.tests.callbacks","2026-08-27","passed","2026-08-27","","test_RTP_callback_DS_12P","",""
"Test sending a CREATE operation message with different statuses via GPD message API","1270","A CREATE message with status PARTIALLY_PAID","functional-tests.tests.process_messages_sender","2026-08-27","passed","2026-08-27","","test_RTP_process_sender_CREATE","",""
"","732","The RTP web page is reachable","functional-tests.tests.availability","2026-08-27","passed","2026-08-27","","test_availability_RTP_webform","",""
"","2527","An RTP sent with synchronous rejection is in status REJECTED - DS-08P N - through Web API","functional-tests.tests.send_rtp","2026-08-27","passed","2026-08-27","","test_RTP_send_MOCK","",""
"","2088","RTP is successfully cancelled with reason MODT - V2","functional-tests.tests.cancel_rtp","2026-08-27","passed","2026-08-27","","test_RTP_cancel","",""
"Test sending a DELETE operation message via GPD message API after a CREATE VALID + UPDATE","2692","A DELETE message after CREATE VALID + UPDATE INVALID","functional-tests.tests.process_messages_sender","2026-08-27","passed","2026-08-27","","test_RTP_process_sender_DELETE","",""
"","1296","A debtor is deactivated by an authenticated service provider","functional-tests.tests.activation","2026-08-27","passed","2026-08-27","","test_debtor_deactivation","",""
"Availability probe for takeover notification mock endpoint: expects 204 No Content","605","Test Takeover Notification Endpoint","functional-tests.tests.takeover","2026-08-27","passed","2026-08-27","","test_debtor_takeover","",""
"","1426","Sending a GPD message with null operation returns 400","functional-tests.tests.send_rtp","2026-08-27","passed","2026-08-27","","test_RTP_send_MOCK","",""
"Test sending an UPDATE operation message with different statuses via GPD message API before a CREATE","1262","An UPDATE message with status INVALID before CREATE","functional-tests.tests.process_messages_sender","2026-08-27","passed","2026-08-27","","test_RTP_process_sender_UPDATE_before_CREATE","",""
"Test sending a DELETE operation message via GPD message API after a CREATE VALID + UPDATE","2682","A DELETE message after CREATE VALID + UPDATE PARTIALLY_PAID","functional-tests.tests.process_messages_sender","2026-08-27","passed","2026-08-27","","test_RTP_process_sender_DELETE","",""
"The PSP synchronously rejects the cancellation request with 422 (per standard behaviour for the EPC 404 Not Found scenario). The RTP then transitions to ERROR_CANCEL via ERROR_CANCEL_RTP.","3331","Cancelling an RTP - EPC v4 mock unhappy path scenario: epc_404","functional-tests.tests.cancel_rtp","2026-08-27","passed","2026-08-27","","test_RTP_cancel_MOCK_V2","",""
"","1967","An RTP sent when EPC response contains an unknown field is ignored and remains in status SENT - through Web API","functional-tests.tests.send_rtp","2026-08-27","passed","2026-08-27","","test_RTP_send_MOCK","",""
"","624","Unauthorized callback due to wrong certificate serial","functional-tests.tests.callbacks","2026-08-27","passed","2026-08-27","","test_RTP_callback_DS_04","",""
"","1901","An RTP is sent through ICCREA API","functional-tests.tests.availability","2026-08-27","passed","2026-08-27","","test_availability_ICCREA","",""
"
Test RFC callback DS12N with RJCR status, cancel triggered via REST Web API with explicit reason.

Flow:
1. Activate payer
2. Send an RTP via GPD message (CREATE VALID)
3. Cancel the RTP via REST cancel endpoint with cancel_reason → RTP to RFC_SENT
4. Send DS12N callback with CxlStsId RJCR (Rejected Cancellation Request)
5. Verify callback is accepted (200)
6. Verify RTP status is ERROR_CANCEL
","3929","An RFC callback DS12N RJCR is successfully received and RTP status is ERROR_CANCEL - through Web API cancel","functional-tests.tests.callbacks","2026-08-27","passed","2026-08-27","","test_RTP_callback_DS_12N","",""
"","674","Sending to non-activated debtor returns 422 - through Web API V2","functional-tests.tests.send_rtp","2026-08-27","passed","2026-08-27","","test_RTP_send_MOCK","",""
"Each entry in ``INVALID_PAYER_IDS`` must be rejected with 400.

The ``description`` parameter appears in pytest output to identify which
case failed without having to inspect the raw value.
","620","Querying activation status with an invalid payerId format returns 400","functional-tests.tests.activation","2026-08-27","passed","2026-08-27","","test_debtor_activation_payer_status","",""
"","1341","A Service Provider with invalid client secret is not authenticated on Keycloak","functional-tests.tests.auth","2026-08-27","passed","2026-08-27","","test_auth","",""
"Each entry in ``INVALID_PAYER_IDS`` (see dataset docstring) must be rejected with 400.","641","The activation request must contain a validly formatted fiscal code","functional-tests.tests.activation","2026-08-27","passed","2026-08-27","","test_debtor_activation_create","",""
"Each entry in ``INVALID_PAYER_IDS`` must be rejected with 400.

The ``description`` parameter appears in pytest output to identify which
case failed without having to inspect the raw value.
","627","Querying activation status with an invalid payerId format returns 400","functional-tests.tests.activation","2026-08-27","passed","2026-08-27","","test_debtor_activation_payer_status","",""
"","629","All auth fixtures expose a valid Bearer token format","functional-tests.tests.auth","2026-08-27","passed","2026-08-27","","test_auth","",""
"Test sending a DELETE operation message via GPD message API after a standalone UPDATE (no prior CREATE)","1902","A DELETE message after standalone UPDATE DRAFT","functional-tests.tests.process_messages_sender","2026-08-27","passed","2026-08-27","","test_RTP_process_sender_DELETE","",""
"","1299","A debtor cannot be activated more than once by the same service provider","functional-tests.tests.activation","2026-08-27","passed","2026-08-27","","test_debtor_activation_create","",""
"","1263","A debtor with foreign fiscal code is activated and retrieved by activation id","functional-tests.tests.activation","2026-08-27","passed","2026-08-27","","test_debtor_activation_get","",""
"Each entry in ``INVALID_PAYER_IDS`` must be rejected with 400.

The ``description`` parameter appears in pytest output to identify which
case failed without having to inspect the raw value.
","620","Querying activation status with an invalid payerId format returns 400","functional-tests.tests.activation","2026-08-27","passed","2026-08-27","","test_debtor_activation_payer_status","",""
"Missing or invalid Bearer token → the endpoint must return 401.","604","Querying activation status without a valid token returns 401","functional-tests.tests.activation","2026-08-27","passed","2026-08-27","","test_debtor_activation_payer_status","",""
"
Test v2 RFC callback DS12N with wrong certificate identity.

Flow:
1. Activate payer
2. Send an RTP via GPD message v2 (CREATE VALID)
3. Cancel the RTP via GPD message v2 (DELETE) -> RTP to RFC_SENT
4. Send DS12N callback with assignee_bic='FAKESP01' (doesn't match certificate identity)
5. Verify callback is rejected with 403 (certificate mismatch)
6. Verify RTP status is still RFC_SENT
","4236","Unauthorized v2 RFC callback due to wrong certificate serial","functional-tests.tests.callbacks_v2","2026-08-27","passed","2026-08-27","","test_RTP_callback_DS_12N_negative","",""
"The PSP synchronously rejects the cancellation request with 422 (per standard behaviour for the EPC 415 Unsupported Media Type scenario). The RTP then transitions to ERROR_CANCEL via ERROR_CANCEL_RTP.","4165","Cancelling an RTP - EPC v4 mock unhappy path scenario: epc_415","functional-tests.tests.cancel_rtp","2026-08-27","passed","2026-08-27","","test_RTP_cancel_MOCK_V2","",""
"","1292","Get a page of activations","functional-tests.tests.activation","2026-08-27","passed","2026-08-27","","test_debtor_activation_list","",""
"Each entry in ``INVALID_PAYER_IDS`` (see dataset docstring) must be rejected with 400.","636","The activation request must contain a validly formatted fiscal code","functional-tests.tests.activation","2026-08-27","passed","2026-08-27","","test_debtor_activation_create","",""
"","1287","A debtor activated with an owned but distinct Service Provider ID is retrieved by activation id","functional-tests.tests.activation","2026-08-27","passed","2026-08-27","","test_debtor_activation_get","",""
"","1654","Sending an RTP when EPC returns a malformed/invalid response body returns 500 - through Web API V2","functional-tests.tests.send_rtp","2026-08-27","passed","2026-08-27","","test_RTP_send_MOCK","",""
"
DS_08P ACCP callback sent with the Version header must be rejected with 400.
The RTP must remain in ACCEPTED (transition to USER_ACCEPTED must not happen).

Flow:
1. Activate payer, send RTP, advance to ACCEPTED via DS_05 (without header)
2. Build a valid DS_08P ACCP payload
3. POST WITH Version header
4. Verify 400 is returned with the expected error body
5. Verify RTP status is still ACCEPTED
","3255","DS_08P ACCP callback with Version header returns 400","functional-tests.tests.callbacks","2026-08-27","passed","2026-08-27","","test_RTP_callback_with_version_header","",""
"Test sending a CREATE operation message with different statuses via GPD message API","1266","A CREATE message with status INVALID","functional-tests.tests.process_messages_sender","2026-08-27","passed","2026-08-27","","test_RTP_process_sender_CREATE","",""
"Test sending a CREATE operation message with a foreign fiscal code via GPD message API","1361","A CREATE message with foreign fiscal code is successfully sent through GPD message API","functional-tests.tests.process_messages_sender","2026-08-27","passed","2026-08-27","","test_RTP_process_sender","",""
"","626","Get payees consents with invalid date format returns 400","functional-tests.tests.service_registry","2026-08-27","passed","2026-08-27","","test_get_payees_consents","",""
"","933","Sending to non-activated debtor returns 422","functional-tests.tests.send_rtp","2026-08-27","passed","2026-08-27","","test_RTP_send_MOCK","",""
"Each entry in ``INVALID_PAYER_IDS`` (see dataset docstring) must be rejected with 400.","632","The activation request must contain a validly formatted fiscal code","functional-tests.tests.activation","2026-08-27","passed","2026-08-27","","test_debtor_activation_create","",""
"
Test RFC callback DS12N with wrong certificate identity, cancel via REST Web API.

Flow:
1. Activate payer
2. Send an RTP via GPD message (CREATE VALID)
3. Cancel the RTP via REST cancel endpoint with cancel_reason → RTP to RFC_SENT
4. Send DS12N callback with assignee_bic='FAKESP01' (doesn't match certificate identity MOCKSP04)
5. Verify callback is rejected with 403 (certificate mismatch)
","2657","Unauthorized RFC callback due to wrong certificate serial - through Web API cancel","functional-tests.tests.callbacks","2026-08-27","passed","2026-08-27","","test_RTP_callback_DS_12N","",""
"Test sending a CREATE operation message with an omocodia fiscal code via GPD message API","1919","A CREATE message with omocodia fiscal code is successfully sent through GPD message API","functional-tests.tests.process_messages_sender","2026-08-27","passed","2026-08-27","","test_RTP_process_sender","",""
"","2672","Failed callback for non existing Service Provider - DS-08P positive compliant","functional-tests.tests.callbacks_v2","2026-08-27","passed","2026-08-27","","test_RTP_callback_DS_08P_positive","",""
"","1366","An RTP is sent through API - through Web API","functional-tests.tests.send_rtp","2026-08-27","passed","2026-08-27","","test_RTP_send_MOCK","",""
"","4515","An RTP callback is successfully received with status RJCT","functional-tests.tests.callbacks","2026-08-27","passed","2026-08-27","","test_RTP_callback_DS_08","",""
"","4023","DS_12N negative RFC v2 callback with Version header returns 400","functional-tests.tests.callbacks_v2","2026-08-27","passed","2026-08-27","","test_RTP_callback_with_version_header","",""
"
Given a noticeNumber that does not correspond to any RTP in the database,
when the payee queries the delivery-status endpoint,
then the response must be HTTP 200 with status=PD_RTP_NOT_DELIVERED and
processingDate absent or null.
","645","Non-existent noticeNumber → PD_RTP_NOT_DELIVERED","functional-tests.tests.get_rtp","2026-08-27","passed","2026-08-27","","test_RTP_get_delivery_status","",""
"","632","All auth fixtures expose a valid Bearer token format","functional-tests.tests.auth","2026-08-27","passed","2026-08-27","","test_auth","",""
"","1289","A debtor is activated and retrieved by activation id","functional-tests.tests.activation","2026-08-27","passed","2026-08-27","","test_debtor_activation_get","",""
"","3574","A v2 RTP callback with invalid status is rejected without affecting the RTP status","functional-tests.tests.callbacks_v2","2026-08-27","passed","2026-08-27","","test_RTP_callback_DS_08P_positive","",""
"Each entry in ``INVALID_PAYER_IDS`` (see dataset docstring) must be rejected with 400.","627","The activation request must contain a validly formatted fiscal code","functional-tests.tests.activation","2026-08-27","passed","2026-08-27","","test_debtor_activation_create","",""
"","1269","A debtor with VAT number (Partita IVA) is activated successfully","functional-tests.tests.activation","2026-08-27","passed","2026-08-27","","test_debtor_activation_create","",""
"","2564","SP_B cannot retrieve activation by Fiscal Code created by SP_A","functional-tests.tests.activation","2026-08-27","passed","2026-08-27","","test_RTP_activation_security","",""
"","2813","An RTP sent when EPC response omits _links is in status ACCEPTED","functional-tests.tests.send_rtp","2026-08-27","passed","2026-08-27","","test_RTP_send_MOCK","",""
"Each entry in ``INVALID_PAYER_IDS`` (see dataset docstring) must be rejected with 400.","629","The activation request must contain a validly formatted fiscal code","functional-tests.tests.activation","2026-08-27","passed","2026-08-27","","test_debtor_activation_create","",""
"Querying activation status with an empty payerId must be rejected with 404.","607","Querying activation status with an empty payerId returns 404","functional-tests.tests.activation","2026-08-27","passed","2026-08-27","","test_debtor_activation_payer_status","",""
"
DS_05 ACTC callback sent with the Version header must be rejected with 400.
The RTP must remain in SENT (transition to ACCEPTED must not happen).

Flow:
1. Activate payer and send an RTP → resource_id
2. Build a valid DS_05 ACTC payload referencing the RTP
3. POST to callback endpoint WITH Version header
4. Verify 400 is returned with the expected error body
5. Verify RTP status is still SENT
","2580","DS_05 ACTC callback with Version header returns 400","functional-tests.tests.callbacks","2026-08-27","passed","2026-08-27","","test_RTP_callback_with_version_header","",""
"
Verify that a debt position can be updated successfully.
","6879","Happy path: a debt position is updated in DEV environment","functional-tests.tests.gpd_availability","2026-08-27","passed","2026-08-27","","test_availability_GPD","",""
"Each entry in ``INVALID_PAYER_IDS`` must be rejected with 400.

The ``description`` parameter appears in pytest output to identify which
case failed without having to inspect the raw value.
","642","Querying activation status with an invalid payerId format returns 400","functional-tests.tests.activation","2026-08-27","passed","2026-08-27","","test_debtor_activation_payer_status","",""
"","622","Retrieving activation with malformed payer id returns 400","functional-tests.tests.activation","2026-08-27","passed","2026-08-27","","test_debtor_activation_get","",""
"","624","RTP cancellation fails if resource ID does not exist - V2","functional-tests.tests.cancel_rtp","2026-08-27","passed","2026-08-27","","test_RTP_cancel","",""
"Each entry in ``INVALID_PAYER_IDS`` (see dataset docstring) must be rejected with 400.","625","The activation request must contain a validly formatted fiscal code","functional-tests.tests.activation","2026-08-27","passed","2026-08-27","","test_debtor_activation_create","",""
"","619","The activation request must contain a validly formatted Service Provider ID","functional-tests.tests.activation","2026-08-27","passed","2026-08-27","","test_debtor_activation_create","",""
"","1254","malformed rtp_id → 400 Bad Request","functional-tests.tests.get_rtp","2026-08-27","passed","2026-08-27","","test_RTP_get","",""
"","3341","A v2 RTP callback with invalid status is rejected without affecting the RTP status","functional-tests.tests.callbacks_v2","2026-08-27","passed","2026-08-27","","test_RTP_callback_DS_08N_negative","",""
"
Test RFC callback DS12P with non-existing service provider, cancel via REST Web API.

Flow:
1. Activate payer
2. Send an RTP via GPD message (CREATE VALID)
3. Cancel the RTP via REST cancel endpoint with cancel_reason → RTP to RFC_SENT
4. Send DS12P callback with non-existing BIC (MOCKSP99)
5. Verify callback is rejected with 400 (service provider not found)
","2974","Failed RFC callback for non existing Service Provider - DS-12P CNCL compliant - through Web API cancel","functional-tests.tests.callbacks","2026-08-27","passed","2026-08-27","","test_RTP_callback_DS_12P","",""
"Each entry in ``INVALID_PAYER_IDS`` must be rejected with 400.

The ``description`` parameter appears in pytest output to identify which
case failed without having to inspect the raw value.
","781","Querying activation status with an invalid payerId format returns 400","functional-tests.tests.activation","2026-08-27","passed","2026-08-27","","test_debtor_activation_payer_status","",""
"","4450","DS_05 redirect v2 callback with Version header returns 400","functional-tests.tests.callbacks_v2","2026-08-27","passed","2026-08-27","","test_RTP_callback_with_version_header","",""
"Test sending a CREATE operation message with an Italian VAT number via GPD message API","1810","A CREATE message with VAT number (Partita IVA) is successfully sent through GPD message API","functional-tests.tests.process_messages_sender","2026-08-27","passed","2026-08-27","","test_RTP_process_sender","",""
"
Test RFC callback DS12P with CNCL status, cancel triggered via REST Web API with explicit reason.

Flow:
1. Activate payer
2. Send an RTP via GPD message (CREATE VALID)
3. Cancel the RTP via REST cancel endpoint with cancel_reason → RTP to RFC_SENT
4. Send DS12P callback with CxlStsId CNCL (Cancelled As Per Request)
5. Verify callback is accepted (200)
6. Verify RTP status is CANCELLED
","3475","An RFC callback DS12P CNCL is successfully received and RTP status is CANCEL - through Web API cancel","functional-tests.tests.callbacks","2026-08-27","passed","2026-08-27","","test_RTP_callback_DS_12P","",""
"
Verify that a debt position can be deleted successfully.
","2905","Happy path: a debt position is deleted in DEV environment","functional-tests.tests.gpd_availability","2026-08-27","passed","2026-08-27","","test_availability_GPD","",""
"","1381","Auth endpoint returns valid token","functional-tests.tests.availability","2026-08-27","passed","2026-08-27","","test_availability_CBI","",""
"Each entry in ``INVALID_PAYER_IDS`` (see dataset docstring) must be rejected with 400.","632","The activation request must contain a validly formatted fiscal code","functional-tests.tests.activation","2026-08-27","passed","2026-08-27","","test_debtor_activation_create","",""
"","4623","A v2 RTP callback with status ACCP is successfully received","functional-tests.tests.callbacks_v2","2026-08-27","passed","2026-08-27","","test_RTP_callback_DS_08P_positive","",""
"","1353","Sending an RTP when EPC returns an unexpected status code error (RTP_05.CHK.A0007) returns 500","functional-tests.tests.send_rtp","2026-08-27","passed","2026-08-27","","test_RTP_send_MOCK","",""
"Test sending an UPDATE operation message with different statuses via GPD message API after a CREATE","2545","An UPDATE message with status PAID after CREATE","functional-tests.tests.process_messages_sender","2026-08-27","passed","2026-08-27","","test_RTP_process_sender_UPDATE","",""
"UPDATE PAID with psp_tax_code=None (invalid PSP) results in RTP state RFC_SENT","2047","An UPDATE PAID message with an invalid PSP results in RFC_SENT state","functional-tests.tests.process_messages_sender","2026-08-27","passed","2026-08-27","","test_RTP_process_sender_UPDATE","",""
"","3307","DS_document RJCT v2 callback with Version header returns 400","functional-tests.tests.callbacks_v2","2026-08-27","passed","2026-08-27","","test_RTP_callback_with_version_header","",""
"CREATE VALID with an ec_tax_code that does not exist in GPD returns 422 Payee not found","1270","A CREATE VALID message with a non-existent ec_tax_code is rejected","functional-tests.tests.process_messages_sender","2026-08-27","passed","2026-08-27","","test_RTP_process_sender_CREATE","",""
"DS_08N RJCT callback sent directly on a SENT RTP (no prior DS_05 ACTC callback).

The RTP is expected to transition from SENT to REJECTED.
","3914","A v2 RTP callback with status RJCT is successfully received","functional-tests.tests.callbacks_v2","2026-08-27","passed","2026-08-27","","test_RTP_callback_DS_08N_negative","",""
"","3526","A v2 redirect RTP callback with status ACTC is successfully received","functional-tests.tests.callbacks_v2","2026-08-27","passed","2026-08-27","","test_RTP_callback_DS_05_redirect","",""
"","2547","An RTP sent with synchronous rejection and missing _links results in status REJECTED","functional-tests.tests.send_rtp","2026-08-27","passed","2026-08-27","","test_RTP_send_MOCK","",""
"The PSP synchronously rejects the cancellation request with 422 (per standard behaviour for the EPC 422 Unprocessable Entity scenario). The RTP then transitions to ERROR_CANCEL via ERROR_CANCEL_RTP.","3513","Cancelling an RTP - EPC v4 mock unhappy path scenario: epc_422","functional-tests.tests.cancel_rtp","2026-08-27","passed","2026-08-27","","test_RTP_cancel_MOCK_V2","",""
"","621","A Service Provider with invalid client ID is not authenticated on Keycloak","functional-tests.tests.auth","2026-08-27","passed","2026-08-27","","test_auth","",""
"Each entry in ``INVALID_PAYER_IDS`` must be rejected with 400.

The ``description`` parameter appears in pytest output to identify which
case failed without having to inspect the raw value.
","793","Querying activation status with an invalid payerId format returns 400","functional-tests.tests.activation","2026-08-27","passed","2026-08-27","","test_debtor_activation_payer_status","",""
"","4060","DS_12P positive RFC v2 callback with Version header returns 400","functional-tests.tests.callbacks_v2","2026-08-27","passed","2026-08-27","","test_RTP_callback_with_version_header","",""
"","1393","An RTP is sent to a CBI service with activated fiscal code","functional-tests.tests.send_rtp","2026-08-27","passed","2026-08-27","","test_RTP_send_CBI","",""
"
Verify that a debt position can be updated successfully.
","7719","Happy path: a debt position is updated in UAT environment","functional-tests.tests.gpd_availability","2026-08-27","passed","2026-08-27","","test_availability_GPD","",""
"
Test RFC callback DS12P with non-existing service provider.

Flow:
1. Activate payer
2. Send an RTP via GPD message (CREATE VALID)
3. Cancel the RTP via GPD message (DELETE) → RTP to RFC_SENT
4. Send DS12P callback with non-existing BIC (MOCKSP99)
5. Verify callback is rejected with 400 (service provider not found)
","3342","Failed RFC callback for non existing Service Provider - DS-12P CNCL compliant","functional-tests.tests.callbacks","2026-08-27","passed","2026-08-27","","test_RTP_callback_DS_12P","",""
"","3931","Failed callback for invalid RTP transition - DS-05 ACTC compliant","functional-tests.tests.callbacks","2026-08-27","passed","2026-08-27","","test_RTP_callback_DS_05","",""
"
Given a debtor is activated with the mock fiscal code that makes the debtor
service provider mock reply with a server error, when a GPD message (CREATE)
is sent via POST /gpd/message, then the rtp-sender fails to deliver the RTP
and records an ERROR_SEND_RTP event (RTP status becomes ERROR_SEND). RTPs in
ERROR_SEND status are purged from both Cosmos and ADX, so querying by
noticeNumber returns an empty list. When the payee then queries the
delivery-status endpoint with the matching noticeNumber and payeeId, the
response must still be HTTP 200 with status=PD_RTP_NOT_DELIVERED and
processingDate absent or null.
","8653","RTP with ERROR_SEND_RTP event → PD_RTP_NOT_DELIVERED","functional-tests.tests.get_rtp","2026-08-27","passed","2026-08-27","","test_RTP_get_delivery_status","",""
"","2676","Failed callback for non existing Service Provider - DS-08N negative compliant","functional-tests.tests.callbacks_v2","2026-08-27","passed","2026-08-27","","test_RTP_callback_DS_08N_negative","",""
"Each entry in ``INVALID_PAYER_IDS`` must be rejected with 400.

The ``description`` parameter appears in pytest output to identify which
case failed without having to inspect the raw value.
","617","Querying activation status with an invalid payerId format returns 400","functional-tests.tests.activation","2026-08-27","passed","2026-08-27","","test_debtor_activation_payer_status","",""
"","1279","A debtor activated with an owned but distinct Service Provider ID is deactivated","functional-tests.tests.activation","2026-08-27","passed","2026-08-27","","test_debtor_deactivation","",""
"","1266","Find by payer id returns 404 when the token subject does not own the activation's Service Provider ID","functional-tests.tests.activation","2026-08-27","passed","2026-08-27","","test_debtor_activation_get","",""
"Each entry in ``INVALID_PAYER_IDS`` must be rejected with 400.

The ``description`` parameter appears in pytest output to identify which
case failed without having to inspect the raw value.
","641","Querying activation status with an invalid payerId format returns 400","functional-tests.tests.activation","2026-08-27","passed","2026-08-27","","test_debtor_activation_payer_status","",""
"Each entry in ``INVALID_PAYER_IDS`` must be rejected with 400.

The ``description`` parameter appears in pytest output to identify which
case failed without having to inspect the raw value.
","619","Querying activation status with an invalid payerId format returns 400","functional-tests.tests.activation","2026-08-27","passed","2026-08-27","","test_debtor_activation_payer_status","",""
"Test sending an UPDATE after CREATE VALID + DELETE with different statuses","2704","An UPDATE message with status VALID after CREATE VALID and DELETE","functional-tests.tests.process_messages_sender","2026-08-27","passed","2026-08-27","","test_RTP_process_sender_UPDATE","",""
"","1989","An RTP sent when EPC response contains an unknown field is ignored and remains in status SENT","functional-tests.tests.send_rtp","2026-08-27","passed","2026-08-27","","test_RTP_send_MOCK","",""
"FAKESP01 does not own MOCKSP01, a Service Provider ID owned by another tspId.","646","Activation is forbidden for a Service Provider ID not owned by the token subject","functional-tests.tests.activation","2026-08-27","passed","2026-08-27","","test_debtor_activation_create","",""
"Each entry in ``INVALID_PAYER_IDS`` must be rejected with 400.

The ``description`` parameter appears in pytest output to identify which
case failed without having to inspect the raw value.
","627","Querying activation status with an invalid payerId format returns 400","functional-tests.tests.activation","2026-08-27","passed","2026-08-27","","test_debtor_activation_payer_status","",""
"","2453","Cannot send RTP with expired date","functional-tests.tests.availability","2026-08-27","passed","2026-08-27","","test_availability_CBI","",""
"
Test RFC callback DS12N with INVALID status, cancel via REST Web API.

Flow:
1. Activate payer
2. Send an RTP via GPD message (CREATE VALID)
3. Cancel the RTP via REST cancel endpoint with cancel_reason → RTP to RFC_SENT
4. Send DS12N callback with CxlStsId INVALID
5. Verify callback is rejected with 400
6. Verify RTP status is still RFC_SENT
","3740","An RFC callback DS12N INVALID is rejected with 400 - through Web API cancel","functional-tests.tests.callbacks","2026-08-27","passed","2026-08-27","","test_RTP_callback_DS_12N","",""
"","622","Unauthorized callback due to wrong certificate serial","functional-tests.tests.callbacks","2026-08-27","passed","2026-08-27","","test_RTP_callback_DS_08","",""
"","630","Invalid NextActivationId format returns 400","functional-tests.tests.activation","2026-08-27","passed","2026-08-27","","test_debtor_activation_list","",""
"","3932","An RTP callback is successfully received with status ACCP","functional-tests.tests.callbacks","2026-08-27","passed","2026-08-27","","test_RTP_callback_DS_08","",""
"","4947","Failed callback for invalid RTP transition - DS-08N compliant","functional-tests.tests.callbacks","2026-08-27","passed","2026-08-27","","test_RTP_callback_DS_08","",""
"","2408","An RTP sent with synchronous acceptance is in status ACCEPTED - DS-05 ACTC","functional-tests.tests.send_rtp","2026-08-27","passed","2026-08-27","","test_RTP_send_MOCK","",""
"Test sending a DELETE operation message via GPD message API after a CREATE","1903","A DELETE message after CREATE PAID","functional-tests.tests.process_messages_sender","2026-08-27","passed","2026-08-27","","test_RTP_process_sender_DELETE","",""
"","2017","RTP cancellation fails with an invalid reason - V2","functional-tests.tests.cancel_rtp","2026-08-27","passed","2026-08-27","","test_RTP_cancel","",""
"","634","Deactivation fails for non-existing activation","functional-tests.tests.activation","2026-08-27","passed","2026-08-27","","test_debtor_deactivation","",""
"Test sending a DELETE operation message via GPD message API after a standalone UPDATE (no prior CREATE)","2836","A DELETE message after standalone UPDATE PUBLISHED","functional-tests.tests.process_messages_sender","2026-08-27","passed","2026-08-27","","test_RTP_process_sender_DELETE","",""
"","630","All auth fixtures expose a valid Bearer token format","functional-tests.tests.auth","2026-08-27","passed","2026-08-27","","test_auth","",""
"MOCKSP04 owns MOCKSP01 as well as its own spId; status must reflect the activation either way.","1274","An active payer returns isActive true when activated under an owned but distinct Service Provider ID","functional-tests.tests.activation","2026-08-27","passed","2026-08-27","","test_debtor_activation_payer_status","",""
"Test sending an UPDATE after CREATE VALID + DELETE with different statuses","2653","An UPDATE message with status PAID after CREATE VALID and DELETE","functional-tests.tests.process_messages_sender","2026-08-27","passed","2026-08-27","","test_RTP_process_sender_UPDATE","",""
"","3514","A v2 document RTP callback with invalid status is rejected without affecting the RTP status","functional-tests.tests.callbacks_v2","2026-08-27","passed","2026-08-27","","test_RTP_callback_DS_document_rjct","",""
"","628","All auth fixtures expose a valid Bearer token format","functional-tests.tests.auth","2026-08-27","passed","2026-08-27","","test_auth","",""
"","3243","Failed callback for non compliant DS-04b payload","functional-tests.tests.callbacks","2026-08-27","passed","2026-08-27","","test_RTP_callback_DS_04","",""
"The response body is not a recognizable cancellation confirmation (quoted plain string), so the RTP stays in RFC_SENT.","3350","Cancelling an RTP - EPC v4 mock happy path scenario: plain_string","functional-tests.tests.cancel_rtp","2026-08-27","passed","2026-08-27","","test_RTP_cancel_MOCK_V2","",""
"UPDATE VALID before any CREATE creates a new RTP; the RTP must be retrievable from the database","2041","An UPDATE VALID before CREATE creates the RTP in the database","functional-tests.tests.process_messages_sender","2026-08-27","passed","2026-08-27","","test_RTP_process_sender_UPDATE_before_CREATE","",""
"OTP bound to payer1 should not work for payer2","1895","Test Takeover Fails with OTP Bound to Different Payer","functional-tests.tests.takeover","2026-08-27","passed","2026-08-27","","test_debtor_takeover","",""
"Each entry in ``INVALID_PAYER_IDS`` must be rejected with 400.

The ``description`` parameter appears in pytest output to identify which
case failed without having to inspect the raw value.
","639","Querying activation status with an invalid payerId format returns 400","functional-tests.tests.activation","2026-08-27","passed","2026-08-27","","test_debtor_activation_payer_status","",""
"Test sending a DELETE operation message via GPD message API after a CREATE","1923","A DELETE message after CREATE INVALID","functional-tests.tests.process_messages_sender","2026-08-27","passed","2026-08-27","","test_RTP_process_sender_DELETE","",""
"The mock policy falls back to its default `{}` response when no notice number matches, so the RTP stays in RFC_SENT.","2779","Cancelling an RTP - EPC v4 mock happy path scenario: no_match_fallback","functional-tests.tests.cancel_rtp","2026-08-27","passed","2026-08-27","","test_RTP_cancel_MOCK_V2","",""
"","3028","Unauthorized callback due to wrong certificate serial","functional-tests.tests.callbacks_v2","2026-08-27","passed","2026-08-27","","test_RTP_callback_DS_document_rjct","",""
"","1285","A debtor activated with an owned but distinct Service Provider ID is retrieved by payer id","functional-tests.tests.activation","2026-08-27","passed","2026-08-27","","test_debtor_activation_get","",""
"Active payer with omocodia fiscal code (digit substitution) → isActive must be true.","2068","An active payer with omocodia fiscal code returns isActive true","functional-tests.tests.activation","2026-08-27","passed","2026-08-27","","test_debtor_activation_payer_status","",""
"Each entry in ``INVALID_PAYER_IDS`` (see dataset docstring) must be rejected with 400.","639","The activation request must contain a validly formatted fiscal code","functional-tests.tests.activation","2026-08-27","failed","2026-08-27","","test_debtor_activation_create","",""
"","3326","DS_08P positive v2 callback with Version header returns 400","functional-tests.tests.callbacks_v2","2026-08-27","passed","2026-08-27","","test_RTP_callback_with_version_header","",""
"
Test RFC callback DS12N with INVALID status.

Flow:
1. Activate payer
2. Send an RTP via GPD message (CREATE VALID)
3. Cancel the RTP via GPD message (DELETE) → RTP to RFC_SENT
4. Send DS12N callback with CxlStsId INVALID
5. Verify callback is rejected with 400
6. Verify RTP status is still RFC_SENT
","3482","An RFC callback DS12N INVALID is rejected with 400","functional-tests.tests.callbacks","2026-08-27","passed","2026-08-27","","test_RTP_callback_DS_12N","",""
"","1274","A debtor with omocodia fiscal code is activated and retrieved by activation id","functional-tests.tests.activation","2026-08-27","passed","2026-08-27","","test_debtor_activation_get","",""
"","1991","An RTP sent with synchronous acceptance is in status ACCEPTED - DS-05 ACTC - through Web API","functional-tests.tests.send_rtp","2026-08-27","passed","2026-08-27","","test_RTP_send_MOCK","",""
"Test sending a DELETE operation message via GPD message API after a standalone UPDATE (no prior CREATE)","2818","A DELETE message after standalone UPDATE VALID","functional-tests.tests.process_messages_sender","2026-08-27","passed","2026-08-27","","test_RTP_process_sender_DELETE","",""
"
Test RFC callback DS12N with INVALID status, cancel via REST Web API.

Flow:
1. Activate payer
2. Send an RTP via GPD message (CREATE VALID)
3. Cancel the RTP via REST cancel endpoint with cancel_reason → RTP to RFC_SENT
4. Send DS12N callback with CxlStsId INVALID
5. Verify callback is rejected with 400
6. Verify RTP status is still RFC_SENT
","3791","An RFC callback DS12N INVALID is rejected with 400 - through Web API cancel","functional-tests.tests.callbacks","2026-08-27","passed","2026-08-27","","test_RTP_callback_DS_12N","",""
"","617","Missing Version header returns 200","functional-tests.tests.activation","2026-08-27","passed","2026-08-27","","test_debtor_activation_list","",""
"Test that takeover fails when an invalid OTP is provided","1905","Test Takeover Fails with Invalid OTP","functional-tests.tests.takeover","2026-08-27","passed","2026-08-27","","test_debtor_takeover","",""
"Each entry in ``INVALID_PAYER_IDS`` (see dataset docstring) must be rejected with 400.","642","The activation request must contain a validly formatted fiscal code","functional-tests.tests.activation","2026-08-27","passed","2026-08-27","","test_debtor_activation_create","",""
"","2976","Failed callback for non existing Service Provider - DS-document RJCT compliant","functional-tests.tests.callbacks_v2","2026-08-27","passed","2026-08-27","","test_RTP_callback_DS_document_rjct","",""
"Test sending an UPDATE operation message with different statuses via GPD message API after a CREATE","2123","An UPDATE message with status VALID after CREATE","functional-tests.tests.process_messages_sender","2026-08-27","passed","2026-08-27","","test_RTP_process_sender_UPDATE","",""
