"DESCRIPTION","DURATION IN MS","NAME","PARENT SUITE","START TIME","STATUS","STOP TIME","SUB SUITE","SUITE","TEST CLASS","TEST METHOD"
"","550","Find by payer id request must contain lower case fiscal code","functional-tests.tests.activation","2026-09-06","passed","2026-09-06","","test_debtor_activation_create","",""
"","12402","An RTP is sent to ICCREA service with activated fiscal code","functional-tests.tests.send_rtp","2026-09-06","passed","2026-09-06","","test_RTP_send_ICCREA","",""
"
Payer activated under SP A.
- SP B (read_rtp_activations): isActive must be false - privacy rule hides cross-SP activation.
- Admin (read_rtp_all): isActive must be true - role grants visibility across all SPs.
Same payer, same endpoint, different roles → different results.
","2695","read_rtp_all role returns isActive true while read_rtp_activations returns false for the same cross-SP payer","functional-tests.tests.activation","2026-09-06","passed","2026-09-06","","test_debtor_activation_payer_status","",""
"","3591","Failed v2 redirect callback for invalid RTP transition - DS-05 ACTC compliant","functional-tests.tests.callbacks_v2","2026-09-06","passed","2026-09-06","","test_RTP_callback_DS_05_redirect","",""
"
Tests that sending an RTP payload with an invalid amount to the POSTE endpoint results in a 400 Bad Request response.

:param debtor_sp_mock_cert_key: Certificate and key tuple for mutual TLS authentication.
:type debtor_sp_mock_cert_key: Tuple[str, str]
","1379","Cannot send RTP with invalid amount","functional-tests.tests.availability","2026-09-06","passed","2026-09-06","","test_availability_POSTE","",""
"Each entry in ``INVALID_PAYER_IDS`` (see dataset docstring) must be rejected with 400.","533","The activation request must contain a validly formatted fiscal code","functional-tests.tests.activation","2026-09-06","failed","2026-09-06","","test_debtor_activation_create","",""
"","687","The activation request must contain a Service Provider ID of valid length","functional-tests.tests.activation","2026-09-06","passed","2026-09-06","","test_debtor_activation_create","",""
"The ownership check fails the same way whether the target spId belongs to someone else
or doesn't exist in the registry at all - NOEXIT00 is not a real Service Provider ID.","1762","Activation is forbidden with the same error code for a Service Provider ID absent from the registry","functional-tests.tests.activation","2026-09-06","passed","2026-09-06","","test_debtor_activation_create","",""
"","2408","An RTP sent with synchronous rejection is in status REJECTED - DS-08P N","functional-tests.tests.send_rtp","2026-09-06","passed","2026-09-06","","test_RTP_send_MOCK","",""
"
Verify that a debt position can be created and published successfully.
","594","Happy path: a debt position is created and published in UAT environment","functional-tests.tests.gpd_availability","2026-09-06","passed","2026-09-06","","test_availability_GPD","",""
"","1206","An RTP is sent through GPD message API","functional-tests.tests.send_rtp","2026-09-06","passed","2026-09-06","","test_RTP_send_MOCK","",""
"Test sending an UPDATE after CREATE VALID + DELETE with different statuses","2541","An UPDATE message with status PARTIALLY_PAID after CREATE VALID and DELETE","functional-tests.tests.process_messages_sender","2026-09-06","passed","2026-09-06","","test_RTP_process_sender_UPDATE","",""
"Test sending a CREATE operation message via GPD message API","1217","A CREATE message is successfully sent through GPD message API","functional-tests.tests.process_messages_sender","2026-09-06","passed","2026-09-06","","test_RTP_process_sender","",""
"
Test v2 RFC callback DS12N with RJCR status.

Flow:
1. Activate payer
2. Send an RTP via GPD message v2 (CREATE VALID)
3. Cancel the RTP via GPD message v2 (DELETE) -> RTP to RFC_SENT
4. Send DS12N callback with CxlStsId RJCR (Rejected Cancellation Request)
5. Verify callback is accepted (200)
6. Verify RTP status is CANCELLED_REJECTED
","3612","A v2 RFC callback DS12N RJCR is successfully received and RTP status is CANCELLED_REJECTED","functional-tests.tests.callbacks_v2","2026-09-06","passed","2026-09-06","","test_RTP_callback_DS_12N_negative","",""
"","851","Get list of service providers successfully","functional-tests.tests.service_registry","2026-09-06","passed","2026-09-06","","test_service_registry_service_providers","",""
"Each entry in ``INVALID_PAYER_IDS`` must be rejected with 400.

The ``description`` parameter appears in pytest output to identify which
case failed without having to inspect the raw value.
","538","Querying activation status with an invalid payerId format returns 400","functional-tests.tests.activation","2026-09-06","passed","2026-09-06","","test_debtor_activation_payer_status","",""
"
Test v2 RFC callback DS12N with wrong certificate identity.

Flow:
1. Activate payer
2. Send an RTP via GPD message v2 (CREATE VALID)
3. Cancel the RTP via GPD message v2 (DELETE) -> RTP to RFC_SENT
4. Send DS12N callback with assignee_bic='FAKESP01' (doesn't match certificate identity)
5. Verify callback is rejected with 403 (certificate mismatch)
6. Verify RTP status is still RFC_SENT
","3004","Unauthorized v2 RFC callback due to wrong certificate serial","functional-tests.tests.callbacks_v2","2026-09-06","passed","2026-09-06","","test_RTP_callback_DS_12N_negative","",""
"Each entry in ``INVALID_PAYER_IDS`` must be rejected with 400.

The ``description`` parameter appears in pytest output to identify which
case failed without having to inspect the raw value.
","530","Querying activation status with an invalid payerId format returns 400","functional-tests.tests.activation","2026-09-06","passed","2026-09-06","","test_debtor_activation_payer_status","",""
"","3567","A v2 redirect RTP callback with invalid status is rejected without affecting the RTP status","functional-tests.tests.callbacks_v2","2026-09-06","passed","2026-09-06","","test_RTP_callback_DS_05_redirect","",""
"
Test RFC callback DS12P with non-existing service provider, cancel via REST Web API.

Flow:
1. Activate payer
2. Send an RTP via GPD message (CREATE VALID)
3. Cancel the RTP via REST cancel endpoint with cancel_reason → RTP to RFC_SENT
4. Send DS12P callback with non-existing BIC (MOCKSP99)
5. Verify callback is rejected with 400 (service provider not found)
","3248","Failed RFC callback for non existing Service Provider - DS-12P CNCL compliant - through Web API cancel","functional-tests.tests.callbacks","2026-09-06","passed","2026-09-06","","test_RTP_callback_DS_12P","",""
"Each entry in ``INVALID_PAYER_IDS`` must be rejected with 400.

The ``description`` parameter appears in pytest output to identify which
case failed without having to inspect the raw value.
","530","Querying activation status with an invalid payerId format returns 400","functional-tests.tests.activation","2026-09-06","passed","2026-09-06","","test_debtor_activation_payer_status","",""
"
Test v2 RFC callback DS12P with non-existing service provider.

Flow:
1. Activate payer
2. Send an RTP via GPD message v2 (CREATE VALID)
3. Cancel the RTP via GPD message v2 (DELETE) -> RTP to RFC_SENT
4. Send DS12P callback with non-existing BIC (MOCKSP99)
5. Verify callback is rejected with 400 (service provider not found)
6. Verify RTP status is still RFC_SENT
","3830","Failed v2 RFC callback for non existing Service Provider - DS-12P positive compliant","functional-tests.tests.callbacks_v2","2026-09-06","passed","2026-09-06","","test_RTP_callback_DS_12P_positive","",""
"Each entry in ``INVALID_PAYER_IDS`` (see dataset docstring) must be rejected with 400.","524","The activation request must contain a validly formatted fiscal code","functional-tests.tests.activation","2026-09-06","passed","2026-09-06","","test_debtor_activation_create","",""
"Each entry in ``INVALID_PAYER_IDS`` (see dataset docstring) must be rejected with 400.","549","The activation request must contain a validly formatted fiscal code","functional-tests.tests.activation","2026-09-06","passed","2026-09-06","","test_debtor_activation_create","",""
"
Test RFC callback DS12N with RJCR status applied twice on the same RTP.

Flow:
1. Activate payer
2. Send an RTP via GPD message (CREATE VALID)
3. Cancel the RTP via GPD message (DELETE) -> RTP to RFC_SENT
4. Send DS12N callback with CxlStsId RJCR (Rejected Cancellation Request) -> RTP to ERROR_CANCEL
5. Send the same DS12N RJCR callback again on the already transitioned RTP
6. Verify the second callback is rejected (400) since the transition is no longer valid
7. Verify RTP status remains ERROR_CANCEL
","6862","Failed RFC callback for invalid RTP transition - DS-12N RJCR compliant","functional-tests.tests.callbacks","2026-09-06","passed","2026-09-06","","test_RTP_callback_DS_12N","",""
"","598","Sending to non-activated debtor returns 422","functional-tests.tests.send_rtp","2026-09-06","passed","2026-09-06","","test_RTP_send_MOCK","",""
"","3212","Failed callback for non compliant DS-04b payload","functional-tests.tests.callbacks","2026-09-06","passed","2026-09-06","","test_RTP_callback_DS_04","",""
"Test sending an UPDATE after CREATE VALID + DELETE with different statuses","3393","An UPDATE message with status VALID after CREATE VALID and DELETE","functional-tests.tests.process_messages_sender","2026-09-06","passed","2026-09-06","","test_RTP_process_sender_UPDATE","",""
"
DS_04b callback sent with the Version header must be rejected with 400.
The RTP state must be unchanged.

Flow:
1. Activate payer and send an RTP → resource_id
2. Capture current RTP status
3. Build a valid DS_04b payload referencing the RTP
4. POST to callback endpoint WITH Version header
5. Verify 400 is returned with the expected error body
6. Verify RTP status is unchanged
","3436","DS_04b callback with Version header returns 400","functional-tests.tests.callbacks","2026-09-06","passed","2026-09-06","","test_RTP_callback_with_version_header","",""
"","537","Retrieving activation with malformed payer id returns 400","functional-tests.tests.activation","2026-09-06","passed","2026-09-06","","test_debtor_activation_get","",""
"","530","Invalid NextActivationId format returns 400","functional-tests.tests.activation","2026-09-06","passed","2026-09-06","","test_debtor_activation_list","",""
"Each entry in ``INVALID_PAYER_IDS`` must be rejected with 400.

The ``description`` parameter appears in pytest output to identify which
case failed without having to inspect the raw value.
","692","Querying activation status with an invalid payerId format returns 400","functional-tests.tests.activation","2026-09-06","passed","2026-09-06","","test_debtor_activation_payer_status","",""
"","2222","An RTP is sent to ICCREA service with activated fiscal code - through Web API","functional-tests.tests.send_rtp","2026-09-06","failed","2026-09-06","","test_RTP_send_ICCREA","",""
"
Test RFC callback DS12P with wrong certificate identity.

Flow:
1. Activate payer
2. Send an RTP via GPD message (CREATE VALID)
3. Cancel the RTP via GPD message (DELETE) → RTP to RFC_SENT
4. Send DS12P callback with assignee_bic='FAKESP01' (doesn't match certificate identity MOCKSP04)
5. Verify callback is rejected with 403 (certificate mismatch)
","2322","Unauthorized RFC callback due to wrong certificate serial","functional-tests.tests.callbacks","2026-09-06","passed","2026-09-06","","test_RTP_callback_DS_12P","",""
"
Test v2 RFC callback DS12N with non-existing service provider.

Flow:
1. Activate payer
2. Send an RTP via GPD message v2 (CREATE VALID)
3. Cancel the RTP via GPD message v2 (DELETE) -> RTP to RFC_SENT
4. Send DS12N callback with non-existing BIC (MOCKSP99)
5. Verify callback is rejected with 400 (service provider not found)
6. Verify RTP status is still RFC_SENT
","3195","Failed v2 RFC callback for non existing Service Provider - DS-12N negative compliant","functional-tests.tests.callbacks_v2","2026-09-06","passed","2026-09-06","","test_RTP_callback_DS_12N_negative","",""
"","554","All auth fixtures expose a valid Bearer token format","functional-tests.tests.auth","2026-09-06","passed","2026-09-06","","test_auth","",""
"Test sending a DELETE operation message via GPD message API after a CREATE VALID + UPDATE","2464","A DELETE message after CREATE VALID + UPDATE VALID","functional-tests.tests.process_messages_sender","2026-09-06","passed","2026-09-06","","test_RTP_process_sender_DELETE","",""
"Test sending a CREATE operation message with different statuses via GPD message API","1110","A CREATE message with status INVALID","functional-tests.tests.process_messages_sender","2026-09-06","passed","2026-09-06","","test_RTP_process_sender_CREATE","",""
"Test sending an UPDATE operation message with different statuses via GPD message API after a CREATE","2875","An UPDATE message with status PUBLISHED after CREATE","functional-tests.tests.process_messages_sender","2026-09-06","passed","2026-09-06","","test_RTP_process_sender_UPDATE","",""
"Each entry in ``INVALID_PAYER_IDS`` (see dataset docstring) must be rejected with 400.","691","The activation request must contain a validly formatted fiscal code","functional-tests.tests.activation","2026-09-06","passed","2026-09-06","","test_debtor_activation_create","",""
"","2872","DS_05 redirect v2 callback with Version header returns 400","functional-tests.tests.callbacks_v2","2026-09-06","passed","2026-09-06","","test_RTP_callback_with_version_header","",""
"Each entry in ``INVALID_PAYER_IDS`` must be rejected with 400.

The ``description`` parameter appears in pytest output to identify which
case failed without having to inspect the raw value.
","538","Querying activation status with an invalid payerId format returns 400","functional-tests.tests.activation","2026-09-06","passed","2026-09-06","","test_debtor_activation_payer_status","",""
"","553","Failed callback for non existing Service Provider - DS-08P compliant","functional-tests.tests.callbacks","2026-09-06","passed","2026-09-06","","test_RTP_callback_DS_08","",""
"UPDATE VALID with an ec_tax_code that does not exist in GPD returns 422 Payee not found","1113","An UPDATE VALID message with a non-existent ec_tax_code is rejected","functional-tests.tests.process_messages_sender","2026-09-06","passed","2026-09-06","","test_RTP_process_sender_UPDATE","",""
"
Tests the retrieval of an access token from the POSTE authentication endpoint using client credentials and mutual TLS.

:param debtor_sp_mock_cert_key: Certificate and key tuple for mutual TLS authentication.
:type debtor_sp_mock_cert_key: Tuple[str, str]
","348","Auth endpoint returns valid token","functional-tests.tests.availability","2026-09-06","passed","2026-09-06","","test_availability_POSTE","",""
"
Test RFC callback DS12N with RJCR status, cancel triggered via REST Web API with explicit reason.

Flow:
1. Activate payer
2. Send an RTP via GPD message (CREATE VALID)
3. Cancel the RTP via REST cancel endpoint with cancel_reason → RTP to RFC_SENT
4. Send DS12N callback with CxlStsId RJCR (Rejected Cancellation Request)
5. Verify callback is accepted (200)
6. Verify RTP status is ERROR_CANCEL
","3695","An RFC callback DS12N RJCR is successfully received and RTP status is ERROR_CANCEL - through Web API cancel","functional-tests.tests.callbacks","2026-09-06","passed","2026-09-06","","test_RTP_callback_DS_12N","",""
"","4217","DS_12N negative RFC v2 callback with Version header returns 400","functional-tests.tests.callbacks_v2","2026-09-06","passed","2026-09-06","","test_RTP_callback_with_version_header","",""
"The mock policy falls back to its default `{}` response when no notice number matches, so the RTP stays in RFC_SENT.","2490","Cancelling an RTP - EPC v4 mock happy path scenario: no_match_fallback","functional-tests.tests.cancel_rtp","2026-09-06","passed","2026-09-06","","test_RTP_cancel_MOCK_V2","",""
"","1844","RTP is successfully cancelled with reason PAID - V2","functional-tests.tests.cancel_rtp","2026-09-06","passed","2026-09-06","","test_RTP_cancel","",""
"Each entry in ``INVALID_PAYER_IDS`` must be rejected with 400.

The ``description`` parameter appears in pytest output to identify which
case failed without having to inspect the raw value.
","2554","Querying activation status with an invalid payerId format returns 400","functional-tests.tests.activation","2026-09-06","passed","2026-09-06","","test_debtor_activation_payer_status","",""
"Test sending a DELETE operation message via GPD message API after a CREATE","1942","A DELETE message after CREATE VALID","functional-tests.tests.process_messages_sender","2026-09-06","passed","2026-09-06","","test_RTP_process_sender_DELETE","",""
"","534","Invalid pagination parameters returns 400","functional-tests.tests.activation","2026-09-06","passed","2026-09-06","","test_debtor_activation_list","",""
"Takeover without a previously issued OTP should fail","1095","Test Takeover Fails without Prior OTP","functional-tests.tests.takeover","2026-09-06","passed","2026-09-06","","test_debtor_takeover","",""
"","2446","RTP is successfully retrieved","functional-tests.tests.get_rtp","2026-09-06","passed","2026-09-06","","test_RTP_get","",""
"","551","Get payees consents with extreme page size returns 400","functional-tests.tests.service_registry","2026-09-06","passed","2026-09-06","","test_get_payees_consents","",""
"
DS_05 ACTC callback sent with the Version header must be rejected with 400.
The RTP must remain in SENT (transition to ACCEPTED must not happen).

Flow:
1. Activate payer and send an RTP → resource_id
2. Build a valid DS_05 ACTC payload referencing the RTP
3. POST to callback endpoint WITH Version header
4. Verify 400 is returned with the expected error body
5. Verify RTP status is still SENT
","2257","DS_05 ACTC callback with Version header returns 400","functional-tests.tests.callbacks","2026-09-06","passed","2026-09-06","","test_RTP_callback_with_version_header","",""
"
Test v2 RFC callback DS12P with INVALID status.

Flow:
1. Activate payer
2. Send an RTP via GPD message v2 (CREATE VALID)
3. Cancel the RTP via GPD message v2 (DELETE) -> RTP to RFC_SENT
4. Send DS12P callback with CxlStsId INVALID
5. Verify callback is rejected with 400
6. Verify RTP status is still RFC_SENT
","3295","A v2 RFC callback DS12P INVALID is rejected with 400","functional-tests.tests.callbacks_v2","2026-09-06","passed","2026-09-06","","test_RTP_callback_DS_12P_positive","",""
"
Tests sending an RTP payload to the POSTE endpoint with valid data and authentication.

:param debtor_sp_mock_cert_key: Certificate and key tuple for mutual TLS authentication.
:type debtor_sp_mock_cert_key: Tuple[str, str]
","1343","An RTP is sent through POSTE API","functional-tests.tests.availability","2026-09-06","passed","2026-09-06","","test_availability_POSTE","",""
"","1130","A debtor is deactivated by an authenticated service provider","functional-tests.tests.activation","2026-09-06","passed","2026-09-06","","test_debtor_deactivation","",""
"","1216","Sending an RTP when EPC returns a malformed/invalid response body returns 500 - through Web API","functional-tests.tests.send_rtp","2026-09-06","passed","2026-09-06","","test_RTP_send_MOCK","",""
"Test sending a DELETE operation message via GPD message API after a CREATE VALID + UPDATE","2346","A DELETE message after CREATE VALID + UPDATE INVALID","functional-tests.tests.process_messages_sender","2026-09-06","passed","2026-09-06","","test_RTP_process_sender_DELETE","",""
"
Test RFC callback DS12N with INVALID status, cancel via REST Web API.

Flow:
1. Activate payer
2. Send an RTP via GPD message (CREATE VALID)
3. Cancel the RTP via REST cancel endpoint with cancel_reason → RTP to RFC_SENT
4. Send DS12N callback with CxlStsId INVALID
5. Verify callback is rejected with 400
6. Verify RTP status is still RFC_SENT
","4349","An RFC callback DS12N INVALID is rejected with 400 - through Web API cancel","functional-tests.tests.callbacks","2026-09-06","passed","2026-09-06","","test_RTP_callback_DS_12N","",""
"","4784","Failed callback for invalid RTP transition - DS-08N compliant","functional-tests.tests.callbacks","2026-09-06","passed","2026-09-06","","test_RTP_callback_DS_08","",""
"CREATE VALID with an ec_tax_code that does not exist in GPD returns 422 Payee not found","1110","A CREATE VALID message with a non-existent ec_tax_code is rejected","functional-tests.tests.process_messages_sender","2026-09-06","passed","2026-09-06","","test_RTP_process_sender_CREATE","",""
"","535","RTP cancellation fails if resource ID does not exist - V2","functional-tests.tests.cancel_rtp","2026-09-06","passed","2026-09-06","","test_RTP_cancel","",""
"","542","Unauthorized callback due to wrong certificate serial","functional-tests.tests.callbacks","2026-09-06","passed","2026-09-06","","test_RTP_callback_DS_04","",""
"Test sending a CREATE operation message with different statuses via GPD message API","1137","A CREATE message with status PARTIALLY_PAID","functional-tests.tests.process_messages_sender","2026-09-06","passed","2026-09-06","","test_RTP_process_sender_CREATE","",""
"
Test v2 RFC callback DS12P with CNCL status applied twice on the same RTP.

Flow:
1. Activate payer
2. Send an RTP via GPD message v2 (CREATE VALID)
3. Cancel the RTP via GPD message v2 (DELETE) -> RTP to RFC_SENT
4. Send DS12P callback with CxlStsId CNCL (Cancelled As Per Request) -> RTP to CANCELLED
5. Send the same DS12P CNCL callback again on the already cancelled RTP
6. Verify the second callback is rejected (400) since the transition is no longer valid
7. Verify RTP status remains CANCELLED
","4155","Failed v2 RFC callback for invalid RTP transition - DS-12P positive compliant","functional-tests.tests.callbacks_v2","2026-09-06","passed","2026-09-06","","test_RTP_callback_DS_12P_positive","",""
"
Test RFC callback DS12P with CNCL status, cancel triggered via REST Web API with explicit reason.

Flow:
1. Activate payer
2. Send an RTP via GPD message (CREATE VALID)
3. Cancel the RTP via REST cancel endpoint with cancel_reason → RTP to RFC_SENT
4. Send DS12P callback with CxlStsId CNCL (Cancelled As Per Request)
5. Verify callback is accepted (200)
6. Verify RTP status is CANCELLED
","3240","An RFC callback DS12P CNCL is successfully received and RTP status is CANCEL - through Web API cancel","functional-tests.tests.callbacks","2026-09-06","passed","2026-09-06","","test_RTP_callback_DS_12P","",""
"","2323","Failed callback for non existing Service Provider - DS-08N negative compliant","functional-tests.tests.callbacks_v2","2026-09-06","passed","2026-09-06","","test_RTP_callback_DS_08N_negative","",""
"","550","Get payees consents with invalid consent value returns 400","functional-tests.tests.service_registry","2026-09-06","passed","2026-09-06","","test_get_payees_consents","",""
"","536","Invalid pagination parameters returns 400","functional-tests.tests.activation","2026-09-06","passed","2026-09-06","","test_debtor_activation_list","",""
"","540","Unauthorized callback due to wrong certificate serial","functional-tests.tests.callbacks","2026-09-06","passed","2026-09-06","","test_RTP_callback_DS_08","",""
"
Verify that a debt position can be deleted successfully.
","2651","Happy path: a debt position is deleted in UAT environment","functional-tests.tests.gpd_availability","2026-09-06","passed","2026-09-06","","test_availability_GPD","",""
"","3492","DS_12P positive RFC v2 callback with Version header returns 400","functional-tests.tests.callbacks_v2","2026-09-06","passed","2026-09-06","","test_RTP_callback_with_version_header","",""
"","1825","An RTP sent with synchronous rejection containing extra fields results in status SENT - through Web API V2","functional-tests.tests.send_rtp","2026-09-06","passed","2026-09-06","","test_RTP_send_MOCK","",""
"
Payer activated under SP A.
Token with read_rtp_all can read across all Service Providers:
the admin client sub does not match SP A, yet isActive must be true.
","1237","read_rtp_all role returns isActive true for a payer on any Service Provider","functional-tests.tests.activation","2026-09-06","passed","2026-09-06","","test_debtor_activation_payer_status","",""
"Test that takeover fails when an invalid OTP is provided","2538","Test Takeover Fails with Invalid OTP","functional-tests.tests.takeover","2026-09-06","passed","2026-09-06","","test_debtor_takeover","",""
"Each entry in ``INVALID_PAYER_IDS`` must be rejected with 400.

The ``description`` parameter appears in pytest output to identify which
case failed without having to inspect the raw value.
","538","Querying activation status with an invalid payerId format returns 400","functional-tests.tests.activation","2026-09-06","passed","2026-09-06","","test_debtor_activation_payer_status","",""
"
Verify that a debt position can be updated successfully.
","6664","Happy path: a debt position is updated in DEV environment","functional-tests.tests.gpd_availability","2026-09-06","passed","2026-09-06","","test_availability_GPD","",""
"","1894","An RTP sent when EPC response contains an unknown field is ignored and remains in status SENT","functional-tests.tests.send_rtp","2026-09-06","passed","2026-09-06","","test_RTP_send_MOCK","",""
"Test sending a DELETE operation message via GPD message API after a CREATE VALID + UPDATE","3198","A DELETE message after CREATE VALID + UPDATE DRAFT","functional-tests.tests.process_messages_sender","2026-09-06","passed","2026-09-06","","test_RTP_process_sender_DELETE","",""
"","2376","Unauthorized callback due to wrong certificate serial","functional-tests.tests.callbacks_v2","2026-09-06","passed","2026-09-06","","test_RTP_callback_DS_document_rjct","",""
"","1090","Get paginated list of payees successfully","functional-tests.tests.service_registry","2026-09-06","passed","2026-09-06","","test_service_registry_payees_registry","",""
"Reusing the same OTP after a successful takeover should fail","3062","Test Takeover Fails with Reused OTP","functional-tests.tests.takeover","2026-09-06","passed","2026-09-06","","test_debtor_takeover","",""
"FAKESP01 does not own MOCKSP01, a Service Provider ID owned by another tspId.","537","Activation is forbidden for a Service Provider ID not owned by the token subject","functional-tests.tests.activation","2026-09-06","passed","2026-09-06","","test_debtor_activation_create","",""
"Each entry in ``INVALID_PAYER_IDS`` (see dataset docstring) must be rejected with 400.","539","The activation request must contain a validly formatted fiscal code","functional-tests.tests.activation","2026-09-06","passed","2026-09-06","","test_debtor_activation_create","",""
"
Test RFC callback DS12N with INVALID status, cancel via REST Web API.

Flow:
1. Activate payer
2. Send an RTP via GPD message (CREATE VALID)
3. Cancel the RTP via REST cancel endpoint with cancel_reason → RTP to RFC_SENT
4. Send DS12N callback with CxlStsId INVALID
5. Verify callback is rejected with 400
6. Verify RTP status is still RFC_SENT
","2848","An RFC callback DS12N INVALID is rejected with 400 - through Web API cancel","functional-tests.tests.callbacks","2026-09-06","passed","2026-09-06","","test_RTP_callback_DS_12N","",""
"
Test RFC callback DS12P with wrong certificate identity, cancel via REST Web API.

Flow:
1. Activate payer
2. Send an RTP via GPD message (CREATE VALID)
3. Cancel the RTP via REST cancel endpoint with cancel_reason → RTP to RFC_SENT
4. Send DS12P callback with assignee_bic='FAKESP01' (doesn't match certificate identity MOCKSP04)
5. Verify callback is rejected with 403 (certificate mismatch)
","3148","Unauthorized RFC callback due to wrong certificate serial - through Web API cancel","functional-tests.tests.callbacks","2026-09-06","passed","2026-09-06","","test_RTP_callback_DS_12P","",""
"","680","All auth fixtures expose a valid Bearer token format","functional-tests.tests.auth","2026-09-06","passed","2026-09-06","","test_auth","",""
"Each entry in ``INVALID_PAYER_IDS`` (see dataset docstring) must be rejected with 400.","535","The activation request must contain a validly formatted fiscal code","functional-tests.tests.activation","2026-09-06","passed","2026-09-06","","test_debtor_activation_create","",""
"","2347","Unauthorized callback due to wrong certificate serial","functional-tests.tests.callbacks_v2","2026-09-06","passed","2026-09-06","","test_RTP_callback_DS_08P_positive","",""
"
Tests that sending an RTP payload with an amount over the POSTE limit results in a 400 Bad Request response.

:param debtor_sp_mock_cert_key: Certificate and key tuple for mutual TLS authentication.
:type debtor_sp_mock_cert_key: Tuple[str, str]
","970","Cannot send RTP with an amount over the POSTE limit","functional-tests.tests.availability","2026-09-06","failed","2026-09-06","","test_availability_POSTE","",""
"Each entry in ``INVALID_PAYER_IDS`` (see dataset docstring) must be rejected with 400.","553","The activation request must contain a validly formatted fiscal code","functional-tests.tests.activation","2026-09-06","passed","2026-09-06","","test_debtor_activation_create","",""
"","2283","An RTP sent with synchronous rejection and missing _links results in status REJECTED","functional-tests.tests.send_rtp","2026-09-06","passed","2026-09-06","","test_RTP_send_MOCK","",""
"Test sending a CREATE operation message with different statuses via GPD message API","1127","A CREATE message with status EXPIRED","functional-tests.tests.process_messages_sender","2026-09-06","passed","2026-09-06","","test_RTP_process_sender_CREATE","",""
"The response body is not a recognizable cancellation confirmation (quoted plain string), so the RTP stays in RFC_SENT.","2466","Cancelling an RTP - EPC v4 mock happy path scenario: plain_string","functional-tests.tests.cancel_rtp","2026-09-06","passed","2026-09-06","","test_RTP_cancel_MOCK_V2","",""
"","2452","Failed callback for non existing Service Provider - DS-document RJCT compliant","functional-tests.tests.callbacks_v2","2026-09-06","passed","2026-09-06","","test_RTP_callback_DS_document_rjct","",""
"Payer activated then deactivated by SP A → isActive must be false.","1734","A deactivated payer returns isActive false","functional-tests.tests.activation","2026-09-06","passed","2026-09-06","","test_debtor_activation_payer_status","",""
"","1761","An RTP sent when EPC response omits _links is in status ACCEPTED","functional-tests.tests.send_rtp","2026-09-06","passed","2026-09-06","","test_RTP_send_MOCK","",""
"Each entry in ``INVALID_PAYER_IDS`` (see dataset docstring) must be rejected with 400.","693","The activation request must contain a validly formatted fiscal code","functional-tests.tests.activation","2026-09-06","passed","2026-09-06","","test_debtor_activation_create","",""
"","1735","RTP cancellation fails with an invalid reason - V2","functional-tests.tests.cancel_rtp","2026-09-06","passed","2026-09-06","","test_RTP_cancel","",""
"
Given a debtor is activated and a GPD message (CREATE) is sent via POST /gpd/message,
when the rtp-sender processes it and the RTP reaches status SENT,
when the payee queries the delivery-status endpoint with the correct noticeNumber
(nav) and payeeId (ec_tax_code),
then the response body must contain status=PD_RTP_DELIVERED, a non-null processingDate
in ISO 8601 format, and processingDate must match the SEND_RTP event timestamp from
the GPD message response (truncated to millisecond precision).
","6966","GPD message sent → RTP SENT → PD_RTP_DELIVERED with processingDate","functional-tests.tests.get_rtp","2026-09-06","failed","2026-09-06","","test_RTP_get_delivery_status","",""
"Test sending a DELETE operation message via GPD message API after a standalone UPDATE (no prior CREATE)","1669","A DELETE message after standalone UPDATE PAID","functional-tests.tests.process_messages_sender","2026-09-06","passed","2026-09-06","","test_RTP_process_sender_DELETE","",""
"","1280","Get payees with invalid authorization","functional-tests.tests.service_registry","2026-09-06","passed","2026-09-06","","test_service_registry_service_providers","",""
"Test sending an UPDATE operation message with different statuses via GPD message API before a CREATE","1133","An UPDATE message with status INVALID before CREATE","functional-tests.tests.process_messages_sender","2026-09-06","passed","2026-09-06","","test_RTP_process_sender_UPDATE_before_CREATE","",""
"","538","A debtor service provider fails activation due to wrong service provider id","functional-tests.tests.activation","2026-09-06","passed","2026-09-06","","test_debtor_activation_list","",""
"","1086","Get by activation id returns 404 when the token subject does not own the activation's Service Provider ID","functional-tests.tests.activation","2026-09-06","passed","2026-09-06","","test_debtor_activation_get","",""
"Test sending a CREATE operation message with a foreign fiscal code via GPD message API","1189","A CREATE message with foreign fiscal code is successfully sent through GPD message API","functional-tests.tests.process_messages_sender","2026-09-06","passed","2026-09-06","","test_RTP_process_sender","",""
"Takeover with syntactically valid but nonsensical body should fail","1783","Test Takeover Fails with Nonsensical Body","functional-tests.tests.takeover","2026-09-06","passed","2026-09-06","","test_debtor_takeover","",""
"","1116","A debtor with omocodia fiscal code is activated successfully","functional-tests.tests.activation","2026-09-06","passed","2026-09-06","","test_debtor_activation_create","",""
"Test sending an UPDATE operation message with different statuses via GPD message API before a CREATE","1092","An UPDATE message with status PUBLISHED before CREATE","functional-tests.tests.process_messages_sender","2026-09-06","passed","2026-09-06","","test_RTP_process_sender_UPDATE_before_CREATE","",""
"","593","Sending to non-activated debtor returns 422 - through Web API V2","functional-tests.tests.send_rtp","2026-09-06","passed","2026-09-06","","test_RTP_send_MOCK","",""
"","2423","An RTP callback is received with invalid status","functional-tests.tests.callbacks","2026-09-06","passed","2026-09-06","","test_RTP_callback_DS_08","",""
"","589","Sending to non-activated debtor returns 422 - through Web API","functional-tests.tests.send_rtp","2026-09-06","passed","2026-09-06","","test_RTP_send_MOCK","",""
"Test sending a DELETE operation message via GPD message API after a standalone UPDATE (no prior CREATE)","2477","A DELETE message after standalone UPDATE INVALID","functional-tests.tests.process_messages_sender","2026-09-06","passed","2026-09-06","","test_RTP_process_sender_DELETE","",""
"","570","A Service Provider with invalid client ID is not authenticated on Keycloak","functional-tests.tests.auth","2026-09-06","passed","2026-09-06","","test_auth","",""
"","5432","Failed callback for invalid RTP transition - DS-05 ACTC compliant","functional-tests.tests.callbacks","2026-09-06","passed","2026-09-06","","test_RTP_callback_DS_05","",""
"Test sending an UPDATE operation message with different statuses via GPD message API after a CREATE","2280","An UPDATE message with status PAID after CREATE","functional-tests.tests.process_messages_sender","2026-09-06","passed","2026-09-06","","test_RTP_process_sender_UPDATE","",""
"","531","Unauthorized request returns 401","functional-tests.tests.activation","2026-09-06","passed","2026-09-06","","test_debtor_activation_list","",""
"","1247","A debtor with foreign fiscal code is activated successfully","functional-tests.tests.activation","2026-09-06","passed","2026-09-06","","test_debtor_activation_create","",""
"","1125","SP_ACTIVATIONS_READ_ALL can retrieve activation by Fiscal Code created by SP_A","functional-tests.tests.activation","2026-09-06","passed","2026-09-06","","test_RTP_activation_security","",""
"","548","RTP cancellation fails if resource ID does not exist","functional-tests.tests.cancel_rtp","2026-09-06","passed","2026-09-06","","test_RTP_cancel","",""
"Each entry in ``INVALID_PAYER_IDS`` (see dataset docstring) must be rejected with 400.","537","The activation request must contain a validly formatted fiscal code","functional-tests.tests.activation","2026-09-06","passed","2026-09-06","","test_debtor_activation_create","",""
"
Tests that sending an RTP payload with an expired date to the POSTE endpoint results in a 400 Bad Request response.

:param debtor_sp_mock_cert_key: Certificate and key tuple for mutual TLS authentication.
:type debtor_sp_mock_cert_key: Tuple[str, str]
","1218","Cannot send RTP with expired date","functional-tests.tests.availability","2026-09-06","failed","2026-09-06","","test_availability_POSTE","",""
"UPDATE VALID before any CREATE creates a new RTP; the RTP must be retrievable from the database","1761","An UPDATE VALID before CREATE creates the RTP in the database","functional-tests.tests.process_messages_sender","2026-09-06","passed","2026-09-06","","test_RTP_process_sender_UPDATE_before_CREATE","",""
"Availability probe for takeover notification mock endpoint: expects 204 No Content","521","Test Takeover Notification Endpoint","functional-tests.tests.takeover","2026-09-06","passed","2026-09-06","","test_debtor_takeover","",""
"","540","All auth fixtures expose a valid Bearer token format","functional-tests.tests.auth","2026-09-06","passed","2026-09-06","","test_auth","",""
"Each entry in ``INVALID_PAYER_IDS`` (see dataset docstring) must be rejected with 400.","538","The activation request must contain a validly formatted fiscal code","functional-tests.tests.activation","2026-09-06","passed","2026-09-06","","test_debtor_activation_create","",""
"Each entry in ``INVALID_PAYER_IDS`` (see dataset docstring) must be rejected with 400.","565","The activation request must contain a validly formatted fiscal code","functional-tests.tests.activation","2026-09-06","passed","2026-09-06","","test_debtor_activation_create","",""
"
SP A activates the payer.
SP B queries the status → must get isActive=false to avoid disclosing
that the payer is registered under a competitor SP.
","1156","A payer active on a different Service Provider returns isActive false (privacy)","functional-tests.tests.activation","2026-09-06","passed","2026-09-06","","test_debtor_activation_payer_status","",""
"Test sending an UPDATE operation message with different statuses via GPD message API after a CREATE","1793","An UPDATE message with status EXPIRED after CREATE","functional-tests.tests.process_messages_sender","2026-09-06","passed","2026-09-06","","test_RTP_process_sender_UPDATE","",""
"Empty OTP should be rejected","566","Test Takeover Fails with Empty OTP","functional-tests.tests.takeover","2026-09-06","passed","2026-09-06","","test_debtor_takeover","",""
"Test the takeover flow where a user changes service provider","3831","Test Takeover Flow","functional-tests.tests.takeover","2026-09-06","passed","2026-09-06","","test_debtor_takeover","",""
"Test sending an UPDATE operation message with different statuses via GPD message API before a CREATE","1116","An UPDATE message with status DRAFT before CREATE","functional-tests.tests.process_messages_sender","2026-09-06","passed","2026-09-06","","test_RTP_process_sender_UPDATE_before_CREATE","",""
"
Test RFC callback DS12P with CNCL status, cancel triggered via REST Web API with explicit reason.

Flow:
1. Activate payer
2. Send an RTP via GPD message (CREATE VALID)
3. Cancel the RTP via REST cancel endpoint with cancel_reason → RTP to RFC_SENT
4. Send DS12P callback with CxlStsId CNCL (Cancelled As Per Request)
5. Verify callback is accepted (200)
6. Verify RTP status is CANCELLED
","2866","An RFC callback DS12P CNCL is successfully received and RTP status is CANCEL - through Web API cancel","functional-tests.tests.callbacks","2026-09-06","passed","2026-09-06","","test_RTP_callback_DS_12P","",""
"","2019","An RTP is sent through ICCREA API","functional-tests.tests.availability","2026-09-06","passed","2026-09-06","","test_availability_ICCREA","",""
"No `Sts.Conf` confirmation is present (Sts block omitted entirely), so only CANCEL_RTP is triggered and the RTP stays in RFC_SENT.","3316","Cancelling an RTP - EPC v4 mock happy path scenario: no_sts_block","functional-tests.tests.cancel_rtp","2026-09-06","passed","2026-09-06","","test_RTP_cancel_MOCK_V2","",""
"Test sending an UPDATE after CREATE VALID + DELETE with different statuses","2300","An UPDATE message with status PUBLISHED after CREATE VALID and DELETE","functional-tests.tests.process_messages_sender","2026-09-06","passed","2026-09-06","","test_RTP_process_sender_UPDATE","",""
"","3688","RTP is successfully cancelled with reason MODT","functional-tests.tests.cancel_rtp","2026-09-06","passed","2026-09-06","","test_RTP_cancel","",""
"Payer that has never been activated → isActive must be false.","1156","test_get_activation_status_not_active_payer","functional-tests.tests.activation","2026-09-06","passed","2026-09-06","","test_debtor_activation_payer_status","",""
"","1660","Sending an RTP when EPC returns a malformed/invalid response body returns 500 - through Web API V2","functional-tests.tests.send_rtp","2026-09-06","passed","2026-09-06","","test_RTP_send_MOCK","",""
"Test sending a CREATE operation message with different statuses via GPD message API","1109","A CREATE message with status DRAFT","functional-tests.tests.process_messages_sender","2026-09-06","passed","2026-09-06","","test_RTP_process_sender_CREATE","",""
"","1101","A debtor activated with an owned but distinct Service Provider ID is retrieved by activation id","functional-tests.tests.activation","2026-09-06","passed","2026-09-06","","test_debtor_activation_get","",""
"
DS_12N RJCR RFC callback sent with the Version header must be rejected with 400.
The RTP must remain in RFC_SENT (transition to ERROR_CANCEL must not happen).

Flow:
1. Activate payer, send RTP, trigger cancel via GPD DELETE → RFC_SENT
2. Build a valid DS_12N RJCR payload
3. POST to RFC callback endpoint WITH Version header
4. Verify 400 is returned with the expected error body
5. Verify RTP status is still RFC_SENT
","3257","DS_12N RJCR RFC callback with Version header returns 400","functional-tests.tests.callbacks","2026-09-06","passed","2026-09-06","","test_RTP_callback_with_version_header","",""
"","3313","An RTP is sent to a CBI service with activated fiscal code - through Web API","functional-tests.tests.send_rtp","2026-09-06","passed","2026-09-06","","test_RTP_send_CBI","",""
"","1108","Deactivation returns 404 when the token subject does not own the activation's Service Provider ID","functional-tests.tests.activation","2026-09-06","passed","2026-09-06","","test_debtor_deactivation","",""
"","3311","An RTP sent with synchronous rejection and missing _links results in status REJECTED - through Web API V2","functional-tests.tests.send_rtp","2026-09-06","passed","2026-09-06","","test_RTP_send_MOCK","",""
"","0","A Service Provider is authenticated","functional-tests.tests.auth","2026-09-06","passed","2026-09-06","","test_auth","",""
"","1898","An RTP sent with synchronous acceptance is in status ACCEPTED - DS-05 ACTC","functional-tests.tests.send_rtp","2026-09-06","passed","2026-09-06","","test_RTP_send_MOCK","",""
"Querying activation status with an empty payerId must be rejected with 404.","515","Querying activation status with an empty payerId returns 404","functional-tests.tests.activation","2026-09-06","passed","2026-09-06","","test_debtor_activation_payer_status","",""
"
Test RFC callback DS12N with wrong certificate identity, cancel via REST Web API.

Flow:
1. Activate payer
2. Send an RTP via GPD message (CREATE VALID)
3. Cancel the RTP via REST cancel endpoint with cancel_reason → RTP to RFC_SENT
4. Send DS12N callback with assignee_bic='FAKESP01' (doesn't match certificate identity MOCKSP04)
5. Verify callback is rejected with 403 (certificate mismatch)
","2741","Unauthorized RFC callback due to wrong certificate serial - through Web API cancel","functional-tests.tests.callbacks","2026-09-06","passed","2026-09-06","","test_RTP_callback_DS_12N","",""
"","1728","RTP cancellation fails with an invalid reason","functional-tests.tests.cancel_rtp","2026-09-06","passed","2026-09-06","","test_RTP_cancel","",""
"The PSP synchronously rejects the cancellation request with 422 (per standard behaviour for the EPC 415 Unsupported Media Type scenario). The RTP then transitions to ERROR_CANCEL via ERROR_CANCEL_RTP.","2969","Cancelling an RTP - EPC v4 mock unhappy path scenario: epc_415","functional-tests.tests.cancel_rtp","2026-09-06","passed","2026-09-06","","test_RTP_cancel_MOCK_V2","",""
"Each entry in ``INVALID_PAYER_IDS`` (see dataset docstring) must be rejected with 400.","545","The activation request must contain a validly formatted fiscal code","functional-tests.tests.activation","2026-09-06","passed","2026-09-06","","test_debtor_activation_create","",""
"","3334","A v2 RTP callback with invalid status is rejected without affecting the RTP status","functional-tests.tests.callbacks_v2","2026-09-06","passed","2026-09-06","","test_RTP_callback_DS_08N_negative","",""
"Each entry in ``INVALID_PAYER_IDS`` (see dataset docstring) must be rejected with 400.","565","The activation request must contain a validly formatted fiscal code","functional-tests.tests.activation","2026-09-06","passed","2026-09-06","","test_debtor_activation_create","",""
"","1821","An RTP sent when EPC response omits _links is in status ACCEPTED - through Web API V2","functional-tests.tests.send_rtp","2026-09-06","passed","2026-09-06","","test_RTP_send_MOCK","",""
"","3038","Unauthorized callback due to wrong certificate serial","functional-tests.tests.callbacks_v2","2026-09-06","passed","2026-09-06","","test_RTP_callback_DS_05_redirect","",""
"","730","Retrieving non-existent activation returns 404","functional-tests.tests.activation","2026-09-06","passed","2026-09-06","","test_debtor_activation_get","",""
"","1344","An RTP is sent to Poste service with activated fiscal code - through Web API V2","functional-tests.tests.send_rtp","2026-09-06","failed","2026-09-06","","test_RTP_send_POSTE","",""
"","1106","Find by payer id returns 404 when the token subject does not own the activation's Service Provider ID","functional-tests.tests.activation","2026-09-06","passed","2026-09-06","","test_debtor_activation_get","",""
"","1132","Sending a GPD message with null operation returns 400","functional-tests.tests.send_rtp","2026-09-06","passed","2026-09-06","","test_RTP_send_MOCK","",""
"Test sending a DELETE operation message via GPD message API after a standalone UPDATE (no prior CREATE)","1800","A DELETE message after standalone UPDATE VALID","functional-tests.tests.process_messages_sender","2026-09-06","passed","2026-09-06","","test_RTP_process_sender_DELETE","",""
"An EPC response containing fields not declared in the OpenAPI spec is treated as an invalid message and is NOT tolerated for accept/reject purposes (confirmed with rtp-sender-v2 maintainers, PR #26). The extra `invalid-field` property invalidates the whole response, so the CNCL confirmation is not processed and the RTP stays in RFC_SENT.","2501","Cancelling an RTP - EPC v4 mock unhappy path scenario: cncl_extra_field","functional-tests.tests.cancel_rtp","2026-09-06","passed","2026-09-06","","test_RTP_cancel_MOCK_V2","",""
"Each entry in ``INVALID_PAYER_IDS`` must be rejected with 400.

The ``description`` parameter appears in pytest output to identify which
case failed without having to inspect the raw value.
","524","Querying activation status with an invalid payerId format returns 400","functional-tests.tests.activation","2026-09-06","passed","2026-09-06","","test_debtor_activation_payer_status","",""
"","701","Retrieving non-existent activation by payer id returns 404","functional-tests.tests.activation","2026-09-06","passed","2026-09-06","","test_debtor_activation_get","",""
"The PSP synchronously rejects the cancellation request with 422 (per standard behaviour for the EPC 401 Unauthorized scenario). The RTP then transitions to ERROR_CANCEL via ERROR_CANCEL_RTP.","3014","Cancelling an RTP - EPC v4 mock unhappy path scenario: epc_401","functional-tests.tests.cancel_rtp","2026-09-06","passed","2026-09-06","","test_RTP_cancel_MOCK_V2","",""
"
DS_08P ACCP callback sent with the Version header must be rejected with 400.
The RTP must remain in ACCEPTED (transition to USER_ACCEPTED must not happen).

Flow:
1. Activate payer, send RTP, advance to ACCEPTED via DS_05 (without header)
2. Build a valid DS_08P ACCP payload
3. POST WITH Version header
4. Verify 400 is returned with the expected error body
5. Verify RTP status is still ACCEPTED
","2826","DS_08P ACCP callback with Version header returns 400","functional-tests.tests.callbacks","2026-09-06","passed","2026-09-06","","test_RTP_callback_with_version_header","",""
"","3100","Failed callback for non existing Service Provider - DS-08P positive compliant","functional-tests.tests.callbacks_v2","2026-09-06","passed","2026-09-06","","test_RTP_callback_DS_08P_positive","",""
"MOCKSP04 owns MOCKSP01 as well as its own spId; status must reflect the activation either way.","1079","An active payer returns isActive true when activated under an owned but distinct Service Provider ID","functional-tests.tests.activation","2026-09-06","passed","2026-09-06","","test_debtor_activation_payer_status","",""
"Test sending a DELETE operation message via GPD message API after a CREATE","1666","A DELETE message after CREATE PAID","functional-tests.tests.process_messages_sender","2026-09-06","passed","2026-09-06","","test_RTP_process_sender_DELETE","",""
"Test that takeover fails when the service provider is unauthenticated","1673","Test Takeover Fails with Unauthenticated SP","functional-tests.tests.takeover","2026-09-06","passed","2026-09-06","","test_debtor_takeover","",""
"Test sending an UPDATE after CREATE VALID + DELETE with different statuses","3106","An UPDATE message with status INVALID after CREATE VALID and DELETE","functional-tests.tests.process_messages_sender","2026-09-06","passed","2026-09-06","","test_RTP_process_sender_UPDATE","",""
"Test sending an UPDATE operation message with different statuses via GPD message API before a CREATE","1094","An UPDATE message with status PARTIALLY_PAID before CREATE","functional-tests.tests.process_messages_sender","2026-09-06","passed","2026-09-06","","test_RTP_process_sender_UPDATE_before_CREATE","",""
"
Test RFC callback DS12N with RJCR status, cancel triggered via REST Web API with explicit reason.

Flow:
1. Activate payer
2. Send an RTP via GPD message (CREATE VALID)
3. Cancel the RTP via REST cancel endpoint with cancel_reason → RTP to RFC_SENT
4. Send DS12N callback with CxlStsId RJCR (Rejected Cancellation Request)
5. Verify callback is accepted (200)
6. Verify RTP status is ERROR_CANCEL
","3818","An RFC callback DS12N RJCR is successfully received and RTP status is ERROR_CANCEL - through Web API cancel","functional-tests.tests.callbacks","2026-09-06","passed","2026-09-06","","test_RTP_callback_DS_12N","",""
"An EPC response containing fields not declared in the OpenAPI spec is treated as an invalid message and is NOT tolerated for accept/reject purposes (confirmed with rtp-sender-v2 maintainers, PR #26). The extra `invalid-field` property invalidates the whole response, so the RJCR confirmation is not processed and the RTP stays in RFC_SENT.","2638","Cancelling an RTP - EPC v4 mock unhappy path scenario: rjcr_extra_field","functional-tests.tests.cancel_rtp","2026-09-06","passed","2026-09-06","","test_RTP_cancel_MOCK_V2","",""
"","542","The activation request must contain a validly formatted Service Provider ID","functional-tests.tests.activation","2026-09-06","passed","2026-09-06","","test_debtor_activation_create","",""
"","522","All auth fixtures expose a valid Bearer token format","functional-tests.tests.auth","2026-09-06","passed","2026-09-06","","test_auth","",""
"","514","Get payees with invalid authorization","functional-tests.tests.service_registry","2026-09-06","passed","2026-09-06","","test_service_registry_payees_registry","",""
"Missing or invalid Bearer token → the endpoint must return 401.","562","Querying activation status without a valid token returns 401","functional-tests.tests.activation","2026-09-06","passed","2026-09-06","","test_debtor_activation_payer_status","",""
"
Send the same CREATE VALID message twice.

Because send_gpd_message derives the Idempotency-Key deterministically from
the message id (msg_id), reusing the same payload reuses the same key.

Expectations:
- Both calls return HTTP 200 (idempotent, not an error).
- The resourceId in both responses is identical, proving the API returned
  the cached response and did not process the message twice.
- Querying by notice number returns exactly one RTP, confirming that only
  one record was written to the database.
","2490","Two CREATE VALID messages with the same Idempotency-Key both succeed but only one RTP is stored","functional-tests.tests.process_messages_sender","2026-09-06","passed","2026-09-06","","test_RTP_process_sender_IDEMPOTENCY","",""
"MOCKSP04 owns MOCKSP01 as well as its own spId; activation must be allowed on either.","1244","A debtor is activated using a Service Provider ID the token subject owns but does not itself represent","functional-tests.tests.activation","2026-09-06","passed","2026-09-06","","test_debtor_activation_create","",""
"
Given a noticeNumber that does not correspond to any RTP in the database,
when the payee queries the delivery-status endpoint,
then the response must be HTTP 200 with status=PD_RTP_NOT_DELIVERED and
processingDate absent or null.
","548","Non-existent noticeNumber → PD_RTP_NOT_DELIVERED","functional-tests.tests.get_rtp","2026-09-06","passed","2026-09-06","","test_RTP_get_delivery_status","",""
"","1270","Deactivation fails for activation by another service provider","functional-tests.tests.activation","2026-09-06","passed","2026-09-06","","test_debtor_deactivation","",""
"
Test RFC callback DS12P with INVALID status, cancel via REST Web API.

Flow:
1. Activate payer
2. Send an RTP via GPD message (CREATE VALID)
3. Cancel the RTP via REST cancel endpoint with cancel_reason → RTP to RFC_SENT
4. Send DS12P callback with CxlStsId INVALID
5. Verify callback is rejected with 400
6. Verify RTP status is still RFC_SENT
","3364","An RFC callback DS12P INVALID is rejected with 400 - through Web API cancel","functional-tests.tests.callbacks","2026-09-06","passed","2026-09-06","","test_RTP_callback_DS_12P","",""
"
Test RFC callback DS12P with non-existing service provider, cancel via REST Web API.

Flow:
1. Activate payer
2. Send an RTP via GPD message (CREATE VALID)
3. Cancel the RTP via REST cancel endpoint with cancel_reason → RTP to RFC_SENT
4. Send DS12P callback with non-existing BIC (MOCKSP99)
5. Verify callback is rejected with 400 (service provider not found)
","2329","Failed RFC callback for non existing Service Provider - DS-12P CNCL compliant - through Web API cancel","functional-tests.tests.callbacks","2026-09-06","passed","2026-09-06","","test_RTP_callback_DS_12P","",""
"Each entry in ``INVALID_PAYER_IDS`` must be rejected with 400.

The ``description`` parameter appears in pytest output to identify which
case failed without having to inspect the raw value.
","531","Querying activation status with an invalid payerId format returns 400","functional-tests.tests.activation","2026-09-06","passed","2026-09-06","","test_debtor_activation_payer_status","",""
"No `Sts.Conf` confirmation is present (empty JSON object), so only CANCEL_RTP is triggered and the RTP stays in RFC_SENT.","2643","Cancelling an RTP - EPC v4 mock happy path scenario: empty_json_object","functional-tests.tests.cancel_rtp","2026-09-06","passed","2026-09-06","","test_RTP_cancel_MOCK_V2","",""
"","4278","A v2 document RTP callback with status RJCT is successfully received","functional-tests.tests.callbacks_v2","2026-09-06","passed","2026-09-06","","test_RTP_callback_DS_document_rjct","",""
"","2308","An RTP sent with synchronous rejection containing extra fields results in status REJECTED - through Web API","functional-tests.tests.send_rtp","2026-09-06","passed","2026-09-06","","test_RTP_send_MOCK","",""
"
Test RFC callback DS12P with INVALID status, cancel via REST Web API.

Flow:
1. Activate payer
2. Send an RTP via GPD message (CREATE VALID)
3. Cancel the RTP via REST cancel endpoint with cancel_reason → RTP to RFC_SENT
4. Send DS12P callback with CxlStsId INVALID
5. Verify callback is rejected with 400
6. Verify RTP status is still RFC_SENT
","3033","An RFC callback DS12P INVALID is rejected with 400 - through Web API cancel","functional-tests.tests.callbacks","2026-09-06","passed","2026-09-06","","test_RTP_callback_DS_12P","",""
"","4334","An RTP callback is successfully received with status ACCP","functional-tests.tests.callbacks","2026-09-06","passed","2026-09-06","","test_RTP_callback_DS_08","",""
"
Test v2 RFC callback DS12P with CNCL status.

Flow:
1. Activate payer
2. Send an RTP via GPD message v2 (CREATE VALID)
3. Cancel the RTP via GPD message v2 (DELETE) -> RTP to RFC_SENT
4. Send DS12P callback with CxlStsId CNCL (Cancelled As Per Request)
5. Verify callback is accepted (200)
6. Verify RTP status is CANCELLED
","3258","A v2 RFC callback DS12P CNCL is successfully received and RTP status is CANCELLED","functional-tests.tests.callbacks_v2","2026-09-06","passed","2026-09-06","","test_RTP_callback_DS_12P_positive","",""
"","3112","An RTP callback with invalid status is received and processed with success without affecting the RTP status","functional-tests.tests.callbacks","2026-09-06","passed","2026-09-06","","test_RTP_callback_DS_05","",""
"","1745","An RTP sent with synchronous acceptance is in status ACCEPTED - DS-05 ACTC - through Web API","functional-tests.tests.send_rtp","2026-09-06","passed","2026-09-06","","test_RTP_send_MOCK","",""
"","2962","Failed callback for non existing Service Provider - DS-05 redirect compliant","functional-tests.tests.callbacks_v2","2026-09-06","passed","2026-09-06","","test_RTP_callback_DS_05_redirect","",""
"Each entry in ``INVALID_PAYER_IDS`` must be rejected with 400.

The ``description`` parameter appears in pytest output to identify which
case failed without having to inspect the raw value.
","539","Querying activation status with an invalid payerId format returns 400","functional-tests.tests.activation","2026-09-06","passed","2026-09-06","","test_debtor_activation_payer_status","",""
"","1238","Sending an RTP when EPC returns a malformed/invalid response body returns 500","functional-tests.tests.send_rtp","2026-09-06","passed","2026-09-06","","test_RTP_send_MOCK","",""
"The response cannot be parsed as a cancellation confirmation (malformed, unquoted string), so the RTP stays in RFC_SENT rather than erroring out.","2599","Cancelling an RTP - EPC v4 mock unhappy path scenario: malformed_string","functional-tests.tests.cancel_rtp","2026-09-06","passed","2026-09-06","","test_RTP_cancel_MOCK_V2","",""
"
Given a debtor is activated with the mock fiscal code that makes the debtor
service provider mock reply with a server error, when a GPD message (CREATE)
is sent via POST /gpd/message, then the rtp-sender fails to deliver the RTP
and records an ERROR_SEND_RTP event (RTP status becomes ERROR_SEND). RTPs in
ERROR_SEND status are purged from both Cosmos and ADX, so querying by
noticeNumber returns an empty list. When the payee then queries the
delivery-status endpoint with the matching noticeNumber and payeeId, the
response must still be HTTP 200 with status=PD_RTP_NOT_DELIVERED and
processingDate absent or null.
","8620","RTP with ERROR_SEND_RTP event → PD_RTP_NOT_DELIVERED","functional-tests.tests.get_rtp","2026-09-06","passed","2026-09-06","","test_RTP_get_delivery_status","",""
"","2512","Unauthorized callback due to wrong certificate serial","functional-tests.tests.callbacks_v2","2026-09-06","passed","2026-09-06","","test_RTP_callback_DS_08N_negative","",""
"","2302","An RTP callback is received with invalid status","functional-tests.tests.callbacks","2026-09-06","passed","2026-09-06","","test_RTP_callback_DS_08","",""
"","543","All auth fixtures expose a valid Bearer token format","functional-tests.tests.auth","2026-09-06","passed","2026-09-06","","test_auth","",""
"No `Sts.Conf` confirmation is present (minimal JSON without Sts), so only CANCEL_RTP is triggered and the RTP stays in RFC_SENT.","3294","Cancelling an RTP - EPC v4 mock happy path scenario: minimal_json","functional-tests.tests.cancel_rtp","2026-09-06","passed","2026-09-06","","test_RTP_cancel_MOCK_V2","",""
"A valid token that carries neither read_rtp_activations nor read_rtp_all must be rejected with 403.","540","Token without read_rtp_activations or read_rtp_all role returns 403 Forbidden","functional-tests.tests.activation","2026-09-06","passed","2026-09-06","","test_debtor_activation_payer_status","",""
"
Test RFC callback DS12N with RJCR status.

Flow:
1. Activate payer
2. Send an RTP via GPD message (CREATE VALID)
3. Cancel the RTP via GPD message (DELETE) → RTP to RFC_SENT
4. Send DS12N callback with CxlStsId RJCR (Rejected Cancellation Request)
5. Verify callback is accepted (200)
6. Verify RTP status is ERROR_CANCEL
","4273","An RFC callback DS12N RJCR is successfully received and RTP status is ERROR_CANCEL","functional-tests.tests.callbacks","2026-09-06","passed","2026-09-06","","test_RTP_callback_DS_12N","",""
"","1274","A debtor activated with an owned but distinct Service Provider ID is deactivated","functional-tests.tests.activation","2026-09-06","passed","2026-09-06","","test_debtor_deactivation","",""
"","4568","An RTP is sent through CBI API","functional-tests.tests.availability","2026-09-06","passed","2026-09-06","","test_availability_CBI","",""
"Each entry in ``INVALID_PAYER_IDS`` must be rejected with 400.

The ``description`` parameter appears in pytest output to identify which
case failed without having to inspect the raw value.
","537","Querying activation status with an invalid payerId format returns 400","functional-tests.tests.activation","2026-09-06","passed","2026-09-06","","test_debtor_activation_payer_status","",""
"Each entry in ``INVALID_PAYER_IDS`` must be rejected with 400.

The ``description`` parameter appears in pytest output to identify which
case failed without having to inspect the raw value.
","611","Querying activation status with an invalid payerId format returns 400","functional-tests.tests.activation","2026-09-06","passed","2026-09-06","","test_debtor_activation_payer_status","",""
"","2488","An RTP callback with status ACTC is successfully received","functional-tests.tests.callbacks","2026-09-06","passed","2026-09-06","","test_RTP_callback_DS_05","",""
"","3759","A v2 RTP callback with status ACCP is successfully received","functional-tests.tests.callbacks_v2","2026-09-06","passed","2026-09-06","","test_RTP_callback_DS_08P_positive","",""
"
DS_08N callback sent with the Version header must be rejected with 400.
The RTP must remain in SENT (transition to REJECTED must not happen).

Flow:
1. Activate payer and send an RTP → resource_id
2. Build a valid DS_08N payload referencing the RTP
3. POST to callback endpoint WITH Version header
4. Verify 400 is returned with the expected error body
5. Verify RTP status is still SENT
","2274","DS_08N callback with Version header returns 400","functional-tests.tests.callbacks","2026-09-06","passed","2026-09-06","","test_RTP_callback_with_version_header","",""
"Test sending a DELETE operation message via GPD message API after a CREATE","1648","A DELETE message after CREATE PUBLISHED","functional-tests.tests.process_messages_sender","2026-09-06","passed","2026-09-06","","test_RTP_process_sender_DELETE","",""
"Test sending an UPDATE after CREATE VALID + DELETE with different statuses","3154","An UPDATE message with status DRAFT after CREATE VALID and DELETE","functional-tests.tests.process_messages_sender","2026-09-06","passed","2026-09-06","","test_RTP_process_sender_UPDATE","",""
"","4657","An RTP callback is successfully received","functional-tests.tests.callbacks","2026-09-06","passed","2026-09-06","","test_RTP_callback_DS_04","",""
"Test sending a DELETE operation message via GPD message API after a CREATE VALID + UPDATE","4117","A DELETE message after CREATE VALID + UPDATE PAID","functional-tests.tests.process_messages_sender","2026-09-06","passed","2026-09-06","","test_RTP_process_sender_DELETE","",""
"
Given an RTP is sent successfully (status SENT) for a given noticeNumber + payeeId,
when the payee queries the delivery-status endpoint with the correct noticeNumber
but a different payeeId,
then the response must be HTTP 200 with status=PD_RTP_NOT_DELIVERED, verifying
that the endpoint filters on both fields.
","6926","Existing noticeNumber with wrong payeeId → PD_RTP_NOT_DELIVERED","functional-tests.tests.get_rtp","2026-09-06","passed","2026-09-06","","test_RTP_get_delivery_status","",""
"
Test RFC callback DS12N with non-existing service provider, cancel via REST Web API.

Flow:
1. Activate payer
2. Send an RTP via GPD message (CREATE VALID)
3. Cancel the RTP via REST cancel endpoint with cancel_reason → RTP to RFC_SENT
4. Send DS12N callback with non-existing BIC (MOCKSP99)
5. Verify callback is rejected with 400 (service provider not found)
","2322","Failed RFC callback for non existing Service Provider - DS-12N RJCR compliant - through Web API cancel","functional-tests.tests.callbacks","2026-09-06","passed","2026-09-06","","test_RTP_callback_DS_12N","",""
"","2278","An RTP sent with synchronous rejection containing extra fields results in status REJECTED","functional-tests.tests.send_rtp","2026-09-06","passed","2026-09-06","","test_RTP_send_MOCK","",""
"Each entry in ``INVALID_PAYER_IDS`` (see dataset docstring) must be rejected with 400.","686","The activation request must contain a validly formatted fiscal code","functional-tests.tests.activation","2026-09-06","passed","2026-09-06","","test_debtor_activation_create","",""
"","4209","An RTP callback is successfully received with status RJCT","functional-tests.tests.callbacks","2026-09-06","passed","2026-09-06","","test_RTP_callback_DS_08","",""
"Each entry in ``INVALID_PAYER_IDS`` must be rejected with 400.

The ``description`` parameter appears in pytest output to identify which
case failed without having to inspect the raw value.
","535","Querying activation status with an invalid payerId format returns 400","functional-tests.tests.activation","2026-09-06","passed","2026-09-06","","test_debtor_activation_payer_status","",""
"Each entry in ``INVALID_PAYER_IDS`` must be rejected with 400.

The ``description`` parameter appears in pytest output to identify which
case failed without having to inspect the raw value.
","538","Querying activation status with an invalid payerId format returns 400","functional-tests.tests.activation","2026-09-06","passed","2026-09-06","","test_debtor_activation_payer_status","",""
"Test sending an UPDATE operation message with different statuses via GPD message API after a CREATE","1844","An UPDATE message with status INVALID after CREATE","functional-tests.tests.process_messages_sender","2026-09-06","passed","2026-09-06","","test_RTP_process_sender_UPDATE","",""
"","532","Non-integer size returns 400","functional-tests.tests.activation","2026-09-06","passed","2026-09-06","","test_debtor_activation_list","",""
"","1127","Missing Version header returns 200","functional-tests.tests.activation","2026-09-06","passed","2026-09-06","","test_debtor_activation_list","",""
"`Sts.Conf = ""CNCL""` triggers CANCEL_RTP -> CONFIRM_RFC -> CANCEL_RTP_ACCR, ending in CANCELLED_ACCR.","4255","Cancelling an RTP - EPC v4 mock happy path scenario: cncl_confirmed","functional-tests.tests.cancel_rtp","2026-09-06","passed","2026-09-06","","test_RTP_cancel_MOCK_V2","",""
"Test sending a DELETE operation message via GPD message API after a CREATE VALID + UPDATE","2346","A DELETE message after CREATE VALID + UPDATE PUBLISHED","functional-tests.tests.process_messages_sender","2026-09-06","passed","2026-09-06","","test_RTP_process_sender_DELETE","",""
"","1311","Auth endpoint returns valid token","functional-tests.tests.availability","2026-09-06","passed","2026-09-06","","test_availability_CBI","",""
"","2573","An RTP sent when EPC response omits _links is in status ACCEPTED - through Web API","functional-tests.tests.send_rtp","2026-09-06","passed","2026-09-06","","test_RTP_send_MOCK","",""
"","1352","SP_B cannot retrieve activation by Activation ID created by SP_A","functional-tests.tests.activation","2026-09-06","passed","2026-09-06","","test_RTP_activation_security","",""
"
Verify that a debt position can be updated successfully.
","6628","Happy path: a debt position is updated in UAT environment","functional-tests.tests.gpd_availability","2026-09-06","passed","2026-09-06","","test_availability_GPD","",""
"The PSP synchronously rejects the cancellation request with 422 (per standard behaviour for the EPC 406 Not Acceptable scenario). The RTP then transitions to ERROR_CANCEL via ERROR_CANCEL_RTP.","3036","Cancelling an RTP - EPC v4 mock unhappy path scenario: epc_406","functional-tests.tests.cancel_rtp","2026-09-06","passed","2026-09-06","","test_RTP_cancel_MOCK_V2","",""
"","4226","Failed v2 document callback for invalid RTP transition - DS-document RJCT compliant","functional-tests.tests.callbacks_v2","2026-09-06","passed","2026-09-06","","test_RTP_callback_DS_document_rjct","",""
"","529","All auth fixtures expose a valid Bearer token format","functional-tests.tests.auth","2026-09-06","passed","2026-09-06","","test_auth","",""
"
Test v2 RFC callback DS12P with wrong certificate identity.

Flow:
1. Activate payer
2. Send an RTP via GPD message v2 (CREATE VALID)
3. Cancel the RTP via GPD message v2 (DELETE) -> RTP to RFC_SENT
4. Send DS12P callback with assignee_bic='FAKESP01' (doesn't match certificate identity)
5. Verify callback is rejected with 403 (certificate mismatch)
6. Verify RTP status is still RFC_SENT
","3887","Unauthorized v2 RFC callback due to wrong certificate serial","functional-tests.tests.callbacks_v2","2026-09-06","passed","2026-09-06","","test_RTP_callback_DS_12P_positive","",""
"Each entry in ``INVALID_PAYER_IDS`` must be rejected with 400.

The ``description`` parameter appears in pytest output to identify which
case failed without having to inspect the raw value.
","538","Querying activation status with an invalid payerId format returns 400","functional-tests.tests.activation","2026-09-06","passed","2026-09-06","","test_debtor_activation_payer_status","",""
"Each entry in ``INVALID_PAYER_IDS`` must be rejected with 400.

The ``description`` parameter appears in pytest output to identify which
case failed without having to inspect the raw value.
","542","Querying activation status with an invalid payerId format returns 400","functional-tests.tests.activation","2026-09-06","passed","2026-09-06","","test_debtor_activation_payer_status","",""
"","523","All auth fixtures expose a valid Bearer token format","functional-tests.tests.auth","2026-09-06","passed","2026-09-06","","test_auth","",""
"","1861","An RTP sent with synchronous acceptance is in status ACCEPTED - DS-05 ACTC - through Web API V2","functional-tests.tests.send_rtp","2026-09-06","passed","2026-09-06","","test_RTP_send_MOCK","",""
"","1063","inexistent RTP -> empty body","functional-tests.tests.get_rtp","2026-09-06","passed","2026-09-06","","test_RTP_get","",""
"Authenticated but not authorized: token of SP A tries to use OTP issued for SP B","1717","Test Takeover Fails with Wrong SP Token","functional-tests.tests.takeover","2026-09-06","passed","2026-09-06","","test_debtor_takeover","",""
"The PSP synchronously rejects the cancellation request with 422 (per standard behaviour for the EPC 404 Not Found scenario). The RTP then transitions to ERROR_CANCEL via ERROR_CANCEL_RTP.","3005","Cancelling an RTP - EPC v4 mock unhappy path scenario: epc_404","functional-tests.tests.cancel_rtp","2026-09-06","passed","2026-09-06","","test_RTP_cancel_MOCK_V2","",""
"","1189","An RTP is sent to Poste service with activated fiscal code","functional-tests.tests.send_rtp","2026-09-06","passed","2026-09-06","","test_RTP_send_POSTE","",""
"Test sending a DELETE operation message via GPD message API after a CREATE","1657","A DELETE message after CREATE DRAFT","functional-tests.tests.process_messages_sender","2026-09-06","passed","2026-09-06","","test_RTP_process_sender_DELETE","",""
"
Test RFC callback DS12N with wrong certificate identity.

Flow:
1. Activate payer
2. Send an RTP via GPD message (CREATE VALID)
3. Cancel the RTP via GPD message (DELETE) → RTP to RFC_SENT
4. Send DS12N callback with assignee_bic='FAKESP01' (doesn't match certificate identity MOCKSP04)
5. Verify callback is rejected with 403 (certificate mismatch)
","2519","Unauthorized RFC callback due to wrong certificate serial","functional-tests.tests.callbacks","2026-09-06","passed","2026-09-06","","test_RTP_callback_DS_12N","",""
"","1094","A debtor cannot be activated more than once by the same service provider","functional-tests.tests.activation","2026-09-06","passed","2026-09-06","","test_debtor_activation_create","",""
"Each entry in ``INVALID_PAYER_IDS`` (see dataset docstring) must be rejected with 400.","538","The activation request must contain a validly formatted fiscal code","functional-tests.tests.activation","2026-09-06","passed","2026-09-06","","test_debtor_activation_create","",""
"Each entry in ``INVALID_PAYER_IDS`` (see dataset docstring) must be rejected with 400.","543","The activation request must contain a validly formatted fiscal code","functional-tests.tests.activation","2026-09-06","passed","2026-09-06","","test_debtor_activation_create","",""
"","1076","An RTP is sent to Poste service with activated fiscal code - through Web API","functional-tests.tests.send_rtp","2026-09-06","passed","2026-09-06","","test_RTP_send_POSTE","",""
"Each entry in ``INVALID_PAYER_IDS`` (see dataset docstring) must be rejected with 400.","551","The activation request must contain a validly formatted fiscal code","functional-tests.tests.activation","2026-09-06","passed","2026-09-06","","test_debtor_activation_create","",""
"Each entry in ``INVALID_PAYER_IDS`` must be rejected with 400.

The ``description`` parameter appears in pytest output to identify which
case failed without having to inspect the raw value.
","535","Querying activation status with an invalid payerId format returns 400","functional-tests.tests.activation","2026-09-06","passed","2026-09-06","","test_debtor_activation_payer_status","",""
"Same privacy rule as the cross-SP case: no explicit error, isActive is just false.","1681","Get payer status returns isActive false when the token subject does not own the activation's Service Provider ID","functional-tests.tests.activation","2026-09-06","passed","2026-09-06","","test_debtor_activation_payer_status","",""
"","687","The RTP web page is reachable","functional-tests.tests.availability","2026-09-06","passed","2026-09-06","","test_availability_RTP_webform","",""
"DS_08P ACCP callback sent twice on the same RTP (direct SENT -> USER_ACCEPTED).

The second callback must be rejected with 400 since the transition is no
longer valid once the RTP is already USER_ACCEPTED.
","3911","Failed v2 callback for invalid RTP transition - DS-08P positive compliant","functional-tests.tests.callbacks_v2","2026-09-06","passed","2026-09-06","","test_RTP_callback_DS_08P_positive","",""
"Test sending an UPDATE operation message with different statuses via GPD message API before a CREATE","1107","An UPDATE message with status EXPIRED before CREATE","functional-tests.tests.process_messages_sender","2026-09-06","passed","2026-09-06","","test_RTP_process_sender_UPDATE_before_CREATE","",""
"","536","Failed callback for non existing Service Provider - DS-04b compliant","functional-tests.tests.callbacks","2026-09-06","passed","2026-09-06","","test_RTP_callback_DS_04","",""
"
Test RFC callback DS12N with INVALID status.

Flow:
1. Activate payer
2. Send an RTP via GPD message (CREATE VALID)
3. Cancel the RTP via GPD message (DELETE) → RTP to RFC_SENT
4. Send DS12N callback with CxlStsId INVALID
5. Verify callback is rejected with 400
6. Verify RTP status is still RFC_SENT
","2906","An RFC callback DS12N INVALID is rejected with 400","functional-tests.tests.callbacks","2026-09-06","passed","2026-09-06","","test_RTP_callback_DS_12N","",""
"","2421","An RTP sent with synchronous rejection and missing _links results in status REJECTED - through Web API","functional-tests.tests.send_rtp","2026-09-06","passed","2026-09-06","","test_RTP_send_MOCK","",""
"","2070","A debtor with VAT number is activated and retrieved by activation id","functional-tests.tests.activation","2026-09-06","passed","2026-09-06","","test_debtor_activation_get","",""
"Test sending a DELETE operation message via GPD message API after a standalone UPDATE (no prior CREATE)","1692","A DELETE message after standalone UPDATE PARTIALLY_PAID","functional-tests.tests.process_messages_sender","2026-09-06","passed","2026-09-06","","test_RTP_process_sender_DELETE","",""
"The PSP synchronously rejects the cancellation request with 422 (per standard behaviour for the EPC 429 Too Many Requests scenario). The RTP then transitions to ERROR_CANCEL via ERROR_CANCEL_RTP.","11063","Cancelling an RTP - EPC v4 mock unhappy path scenario: epc_429","functional-tests.tests.cancel_rtp","2026-09-06","passed","2026-09-06","","test_RTP_cancel_MOCK_V2","",""
"","1557","Cannot send RTP with invalid amount","functional-tests.tests.availability","2026-09-06","passed","2026-09-06","","test_availability_CBI","",""
"Test sending an UPDATE operation message with different statuses via GPD message API before a CREATE","1463","An UPDATE message with status PAID before CREATE","functional-tests.tests.process_messages_sender","2026-09-06","passed","2026-09-06","","test_RTP_process_sender_UPDATE_before_CREATE","",""
"","543","Get payees consents with wrong token type returns 403","functional-tests.tests.service_registry","2026-09-06","passed","2026-09-06","","test_get_payees_consents","",""
"Test sending a DELETE operation message via GPD message API after a standalone UPDATE (no prior CREATE)","1644","A DELETE message after standalone UPDATE EXPIRED","functional-tests.tests.process_messages_sender","2026-09-06","passed","2026-09-06","","test_RTP_process_sender_DELETE","",""
"Active payer identified by an 11-digit Partita IVA → isActive must be true.","1109","An active payer with VAT number (Partita IVA) returns isActive true","functional-tests.tests.activation","2026-09-06","passed","2026-09-06","","test_debtor_activation_payer_status","",""
"Each entry in ``INVALID_PAYER_IDS`` (see dataset docstring) must be rejected with 400.","701","The activation request must contain a validly formatted fiscal code","functional-tests.tests.activation","2026-09-06","passed","2026-09-06","","test_debtor_activation_create","",""
"","3007","RTP is successfully cancelled with reason PAID","functional-tests.tests.cancel_rtp","2026-09-06","passed","2026-09-06","","test_RTP_cancel","",""
"DS_08N RJCT callback sent twice on the same RTP (direct SENT -> REJECTED).

The second callback must be rejected with 400 since the transition is no
longer valid once the RTP is already REJECTED.
","4077","Failed v2 callback for invalid RTP transition - DS-08N negative compliant","functional-tests.tests.callbacks_v2","2026-09-06","passed","2026-09-06","","test_RTP_callback_DS_08N_negative","",""
"","554","Get payees consents with negative page size returns 400","functional-tests.tests.service_registry","2026-09-06","passed","2026-09-06","","test_get_payees_consents","",""
"","871","An RTP is sent to ICCREA service with activated fiscal code - through Web API V2","functional-tests.tests.send_rtp","2026-09-06","failed","2026-09-06","","test_RTP_send_ICCREA","",""
"","2237","Cannot send RTP with expired date","functional-tests.tests.availability","2026-09-06","passed","2026-09-06","","test_availability_CBI","",""
"Test sending a CREATE operation message with an Italian VAT number via GPD message API","2112","A CREATE message with VAT number (Partita IVA) is successfully sent through GPD message API","functional-tests.tests.process_messages_sender","2026-09-06","passed","2026-09-06","","test_RTP_process_sender","",""
"","1119","A debtor with omocodia fiscal code is activated and retrieved by activation id","functional-tests.tests.activation","2026-09-06","passed","2026-09-06","","test_debtor_activation_get","",""
"","3546","A v2 redirect RTP callback with status ACTC is successfully received","functional-tests.tests.callbacks_v2","2026-09-06","passed","2026-09-06","","test_RTP_callback_DS_05_redirect","",""
"","1733","An RTP sent when EPC response contains an unknown field is ignored and remains in status SENT - through Web API","functional-tests.tests.send_rtp","2026-09-06","passed","2026-09-06","","test_RTP_send_MOCK","",""
"Test sending a CREATE operation message with different statuses via GPD message API","1105","A CREATE message with status PUBLISHED","functional-tests.tests.process_messages_sender","2026-09-06","passed","2026-09-06","","test_RTP_process_sender_CREATE","",""
"","1409","A debtor with VAT number (Partita IVA) is activated successfully","functional-tests.tests.activation","2026-09-06","passed","2026-09-06","","test_debtor_activation_create","",""
"","544","A Service Provider with invalid client secret is not authenticated on Keycloak","functional-tests.tests.auth","2026-09-06","passed","2026-09-06","","test_auth","",""
"Test sending a CREATE operation message with an omocodia fiscal code via GPD message API","1188","A CREATE message with omocodia fiscal code is successfully sent through GPD message API","functional-tests.tests.process_messages_sender","2026-09-06","passed","2026-09-06","","test_RTP_process_sender","",""
"
Test RFC callback DS12P with CNCL status.

Flow:
1. Activate payer
2. Send an RTP via GPD message (CREATE VALID)
3. Cancel the RTP via GPD message (DELETE) → RTP to RFC_SENT
4. Send DS12P callback with CxlStsId CNCL (Cancelled As Per Request)
5. Verify callback is accepted (200)
6. Verify RTP status is CANCELLED
","3964","An RFC callback DS12P CNCL is successfully received and RTP status is CANCEL","functional-tests.tests.callbacks","2026-09-06","passed","2026-09-06","","test_RTP_callback_DS_12P","",""
"
Verify that a debt position can be deleted successfully.
","2661","Happy path: a debt position is deleted in DEV environment","functional-tests.tests.gpd_availability","2026-09-06","passed","2026-09-06","","test_availability_GPD","",""
"","1215","An RTP is sent through API - through Web API","functional-tests.tests.send_rtp","2026-09-06","passed","2026-09-06","","test_RTP_send_MOCK","",""
"","1251","A debtor is activated by an authenticated service provider","functional-tests.tests.activation","2026-09-06","passed","2026-09-06","","test_debtor_activation_create","",""
"Test sending an UPDATE operation message with different statuses via GPD message API after a CREATE","1885","An UPDATE message with status VALID after CREATE","functional-tests.tests.process_messages_sender","2026-09-06","passed","2026-09-06","","test_RTP_process_sender_UPDATE","",""
"","971","Get paginated list of OPT_OUT payees consents successfully","functional-tests.tests.service_registry","2026-09-06","passed","2026-09-06","","test_get_payees_consents","",""
"","726","Non-existent NextActivationId returns 200 with empty body","functional-tests.tests.activation","2026-09-06","passed","2026-09-06","","test_debtor_activation_list","",""
"
DS_12P CNCL RFC callback sent with the Version header must be rejected with 400.
The RTP must remain in RFC_SENT (transition to CANCELLED must not happen).

Flow:
1. Activate payer, send RTP, trigger cancel via GPD DELETE → RFC_SENT
2. Build a valid DS_12P CNCL payload
3. POST to RFC callback endpoint WITH Version header
4. Verify 400 is returned with the expected error body
5. Verify RTP status is still RFC_SENT
","2848","DS_12P CNCL RFC callback with Version header returns 400","functional-tests.tests.callbacks","2026-09-06","passed","2026-09-06","","test_RTP_callback_with_version_header","",""
"","2420","SP_B cannot retrieve activation by Fiscal Code created by SP_A","functional-tests.tests.activation","2026-09-06","passed","2026-09-06","","test_RTP_activation_security","",""
"","6015","Failed callback for invalid RTP transition - DS-08P RJCT compliant","functional-tests.tests.callbacks","2026-09-06","passed","2026-09-06","","test_RTP_callback_DS_08","",""
"","2865","An RTP callback with status REJECTED is successfully received","functional-tests.tests.callbacks","2026-09-06","passed","2026-09-06","","test_RTP_callback_DS_08","",""
"
Test RFC callback DS12N with non-existing service provider, cancel via REST Web API.

Flow:
1. Activate payer
2. Send an RTP via GPD message (CREATE VALID)
3. Cancel the RTP via REST cancel endpoint with cancel_reason → RTP to RFC_SENT
4. Send DS12N callback with non-existing BIC (MOCKSP99)
5. Verify callback is rejected with 400 (service provider not found)
","2292","Failed RFC callback for non existing Service Provider - DS-12N RJCR compliant - through Web API cancel","functional-tests.tests.callbacks","2026-09-06","passed","2026-09-06","","test_RTP_callback_DS_12N","",""
"Test sending a DELETE operation message via GPD message API after a CREATE","2014","A DELETE message after CREATE PARTIALLY_PAID","functional-tests.tests.process_messages_sender","2026-09-06","passed","2026-09-06","","test_RTP_process_sender_DELETE","",""
"Each entry in ``INVALID_PAYER_IDS`` (see dataset docstring) must be rejected with 400.","533","The activation request must contain a validly formatted fiscal code","functional-tests.tests.activation","2026-09-06","passed","2026-09-06","","test_debtor_activation_create","",""
"","3071","An RTP sent with synchronous rejection is in status REJECTED - DS-08P N - through Web API","functional-tests.tests.send_rtp","2026-09-06","passed","2026-09-06","","test_RTP_send_MOCK","",""
"","3042","A v2 RTP callback with invalid status is rejected without affecting the RTP status","functional-tests.tests.callbacks_v2","2026-09-06","passed","2026-09-06","","test_RTP_callback_DS_08P_positive","",""
"Test sending a DELETE operation message via GPD message API after a standalone UPDATE (no prior CREATE)","1666","A DELETE message after standalone UPDATE DRAFT","functional-tests.tests.process_messages_sender","2026-09-06","passed","2026-09-06","","test_RTP_process_sender_DELETE","",""
"","1865","RTP is successfully cancelled with reason MODT - V2","functional-tests.tests.cancel_rtp","2026-09-06","passed","2026-09-06","","test_RTP_cancel","",""
"","1810","An RTP sent when EPC response contains an unknown field is ignored and remains in status SENT - through Web API V2","functional-tests.tests.send_rtp","2026-09-06","passed","2026-09-06","","test_RTP_send_MOCK","",""
"Test sending a CREATE operation message with different statuses via GPD message API","1101","A CREATE message with status PAID","functional-tests.tests.process_messages_sender","2026-09-06","passed","2026-09-06","","test_RTP_process_sender_CREATE","",""
"","540","Retrieving activation without valid token returns 401","functional-tests.tests.activation","2026-09-06","passed","2026-09-06","","test_debtor_activation_get","",""
"Test sending a DELETE operation message via GPD message API after a CREATE","3106","A DELETE message after CREATE INVALID","functional-tests.tests.process_messages_sender","2026-09-06","passed","2026-09-06","","test_RTP_process_sender_DELETE","",""
"","2909","A v2 document RTP callback with invalid status is rejected without affecting the RTP status","functional-tests.tests.callbacks_v2","2026-09-06","passed","2026-09-06","","test_RTP_callback_DS_document_rjct","",""
"","1089","Sending a GPD message with null id returns 400","functional-tests.tests.send_rtp","2026-09-06","passed","2026-09-06","","test_RTP_send_MOCK","",""
"","1320","A second service provider triggers takeover when debtor is already active on another service provider","functional-tests.tests.activation","2026-09-06","passed","2026-09-06","","test_debtor_activation_create","",""
"Each entry in ``INVALID_PAYER_IDS`` (see dataset docstring) must be rejected with 400.","532","The activation request must contain a validly formatted fiscal code","functional-tests.tests.activation","2026-09-06","passed","2026-09-06","","test_debtor_activation_create","",""
"
Test RFC callback DS12N with non-existing service provider.

Flow:
1. Activate payer
2. Send an RTP via GPD message (CREATE VALID)
3. Cancel the RTP via GPD message (DELETE) → RTP to RFC_SENT
4. Send DS12N callback with non-existing BIC (MOCKSP99)
5. Verify callback is rejected with 400 (service provider not found)
","2506","Failed RFC callback for non existing Service Provider - DS-12N RJCR compliant","functional-tests.tests.callbacks","2026-09-06","passed","2026-09-06","","test_RTP_callback_DS_12N","",""
"","544","Get payees consents with negative page number returns 400","functional-tests.tests.service_registry","2026-09-06","passed","2026-09-06","","test_get_payees_consents","",""
"","3256","An RTP callback with status ACWC is successfully received","functional-tests.tests.callbacks","2026-09-06","passed","2026-09-06","","test_RTP_callback_DS_08","",""
"Test sending an UPDATE after CREATE VALID + DELETE with different statuses","3719","An UPDATE message with status PAID after CREATE VALID and DELETE","functional-tests.tests.process_messages_sender","2026-09-06","passed","2026-09-06","","test_RTP_process_sender_UPDATE","",""
"","1404","Sending an RTP when EPC returns an unexpected status code error (RTP_05.CHK.A0007) returns 500 - through Web API","functional-tests.tests.send_rtp","2026-09-06","passed","2026-09-06","","test_RTP_send_MOCK","",""
"DS_08N RJCT callback sent after a prior DS_05 ACTC callback.

The RTP is expected to transition from SENT to ACCEPTED, then to USER_REJECTED.
","4748","A v2 RTP callback with status RJCT after DS_05 transitions the RTP to USER_REJECTED","functional-tests.tests.callbacks_v2","2026-09-06","passed","2026-09-06","","test_RTP_callback_DS_08N_negative","",""
"","1141","SP_ACTIVATIONS_READ_ALL can retrieve activation by Activation ID created by SP_A","functional-tests.tests.activation","2026-09-06","passed","2026-09-06","","test_RTP_activation_security","",""
"Active payer with a foreign-country fiscal code (Z + 3 digits municipality) → isActive must be true.","1224","An active payer with foreign fiscal code returns isActive true","functional-tests.tests.activation","2026-09-06","passed","2026-09-06","","test_debtor_activation_payer_status","",""
"`Sts.Conf = ""RJCR""` triggers CANCEL_RTP -> CONFIRM_RFC -> CANCEL_RTP_REJECTED, ending in CANCELLED_REJECTED.","3023","Cancelling an RTP - EPC v4 mock happy path scenario: rjcr_rejected","functional-tests.tests.cancel_rtp","2026-09-06","passed","2026-09-06","","test_RTP_cancel_MOCK_V2","",""
"","1200","An RTP is sent to a CBI service with activated fiscal code","functional-tests.tests.send_rtp","2026-09-06","passed","2026-09-06","","test_RTP_send_CBI","",""
"","2006","Sending an RTP when EPC returns an unexpected status code error (RTP_05.CHK.A0007) returns 500 - through Web API V2","functional-tests.tests.send_rtp","2026-09-06","passed","2026-09-06","","test_RTP_send_MOCK","",""
"Test sending a DELETE operation message via GPD message API after a CREATE","1695","A DELETE message after CREATE EXPIRED","functional-tests.tests.process_messages_sender","2026-09-06","passed","2026-09-06","","test_RTP_process_sender_DELETE","",""
"DS_08N RJCT callback sent directly on a SENT RTP (no prior DS_05 ACTC callback).

The RTP is expected to transition from SENT to REJECTED.
","5044","A v2 RTP callback with status RJCT is successfully received","functional-tests.tests.callbacks_v2","2026-09-06","passed","2026-09-06","","test_RTP_callback_DS_08N_negative","",""
"","2898","DS_08P positive v2 callback with Version header returns 400","functional-tests.tests.callbacks_v2","2026-09-06","passed","2026-09-06","","test_RTP_callback_with_version_header","",""
"Active payer with omocodia fiscal code (digit substitution) → isActive must be true.","1113","An active payer with omocodia fiscal code returns isActive true","functional-tests.tests.activation","2026-09-06","passed","2026-09-06","","test_debtor_activation_payer_status","",""
"","2398","An RTP sent with synchronous rejection is in status REJECTED - DS-08P N - through Web API V2","functional-tests.tests.send_rtp","2026-09-06","passed","2026-09-06","","test_RTP_send_MOCK","",""
"Test sending a DELETE operation message via GPD message API after a CREATE VALID + UPDATE","2921","A DELETE message after CREATE VALID + UPDATE EXPIRED","functional-tests.tests.process_messages_sender","2026-09-06","passed","2026-09-06","","test_RTP_process_sender_DELETE","",""
"
Test RFC callback DS12P with CNCL status applied twice on the same RTP.

Flow:
1. Activate payer
2. Send an RTP via GPD message (CREATE VALID)
3. Cancel the RTP via GPD message (DELETE) -> RTP to RFC_SENT
4. Send DS12P callback with CxlStsId CNCL (Cancelled As Per Request) -> RTP to CANCELLED
5. Send the same DS12P CNCL callback again on the already cancelled RTP
6. Verify the second callback is rejected (400) since the transition is no longer valid
7. Verify RTP status remains CANCELLED
","4047","Failed RFC callback for invalid RTP transition - DS-12P CNCL compliant","functional-tests.tests.callbacks","2026-09-06","passed","2026-09-06","","test_RTP_callback_DS_12P","",""
"","564","missing token → 401 Unauthorized","functional-tests.tests.get_rtp","2026-09-06","passed","2026-09-06","","test_RTP_get","",""
"OTP bound to payer1 should not work for payer2","1679","Test Takeover Fails with OTP Bound to Different Payer","functional-tests.tests.takeover","2026-09-06","passed","2026-09-06","","test_debtor_takeover","",""
"
Test RFC callback DS12N with wrong certificate identity, cancel via REST Web API.

Flow:
1. Activate payer
2. Send an RTP via GPD message (CREATE VALID)
3. Cancel the RTP via REST cancel endpoint with cancel_reason → RTP to RFC_SENT
4. Send DS12N callback with assignee_bic='FAKESP01' (doesn't match certificate identity MOCKSP04)
5. Verify callback is rejected with 403 (certificate mismatch)
","3326","Unauthorized RFC callback due to wrong certificate serial - through Web API cancel","functional-tests.tests.callbacks","2026-09-06","passed","2026-09-06","","test_RTP_callback_DS_12N","",""
"","517","Get payees consents with invalid authorization returns 401","functional-tests.tests.service_registry","2026-09-06","passed","2026-09-06","","test_get_payees_consents","",""
"","1138","A debtor activated with an owned but distinct Service Provider ID is retrieved by payer id","functional-tests.tests.activation","2026-09-06","passed","2026-09-06","","test_debtor_activation_get","",""
"","1855","Get a page of activations","functional-tests.tests.activation","2026-09-06","passed","2026-09-06","","test_debtor_activation_list","",""
"Each entry in ``INVALID_PAYER_IDS`` must be rejected with 400.

The ``description`` parameter appears in pytest output to identify which
case failed without having to inspect the raw value.
","530","Querying activation status with an invalid payerId format returns 400","functional-tests.tests.activation","2026-09-06","passed","2026-09-06","","test_debtor_activation_payer_status","",""
"DS_08P ACCP callback sent directly on a SENT RTP (no prior DS_05 ACTC callback).

The RTP is expected to transition straight from SENT to USER_ACCEPTED.
","3326","A v2 RTP callback with status ACCP is successfully received without a prior DS_05 callback","functional-tests.tests.callbacks_v2","2026-09-06","passed","2026-09-06","","test_RTP_callback_DS_08P_positive","",""
"
Test RFC callback DS12P with INVALID status.

Flow:
1. Activate payer
2. Send an RTP via GPD message (CREATE VALID)
3. Cancel the RTP via GPD message (DELETE) → RTP to RFC_SENT
4. Send DS12P callback with CxlStsId INVALID
5. Verify callback is rejected with 400
6. Verify RTP status is still RFC_SENT
","2874","An RFC callback DS12P INVALID is rejected with 400","functional-tests.tests.callbacks","2026-09-06","passed","2026-09-06","","test_RTP_callback_DS_12P","",""
"UPDATE PAID with psp_tax_code=None (invalid PSP) results in RTP state RFC_SENT","1787","An UPDATE PAID message with an invalid PSP results in RFC_SENT state","functional-tests.tests.process_messages_sender","2026-09-06","passed","2026-09-06","","test_RTP_process_sender_UPDATE","",""
"","1824","A debtor is activated and retrieved by activation id","functional-tests.tests.activation","2026-09-06","passed","2026-09-06","","test_debtor_activation_get","",""
"","1333","An RTP is sent through API - through Web API V2","functional-tests.tests.send_rtp","2026-09-06","passed","2026-09-06","","test_RTP_send_MOCK","",""
"","554","Deactivation fails for non-existing activation","functional-tests.tests.activation","2026-09-06","passed","2026-09-06","","test_debtor_deactivation","",""
"Each entry in ``INVALID_PAYER_IDS`` must be rejected with 400.

The ``description`` parameter appears in pytest output to identify which
case failed without having to inspect the raw value.
","523","Querying activation status with an invalid payerId format returns 400","functional-tests.tests.activation","2026-09-06","passed","2026-09-06","","test_debtor_activation_payer_status","",""
"","537","Retrieving activation with invalid UUID returns 400","functional-tests.tests.activation","2026-09-06","passed","2026-09-06","","test_debtor_activation_get","",""
"Test sending a DELETE operation message via GPD message API after a CREATE VALID + UPDATE","2363","A DELETE message after CREATE VALID + UPDATE PARTIALLY_PAID","functional-tests.tests.process_messages_sender","2026-09-06","passed","2026-09-06","","test_RTP_process_sender_DELETE","",""
"Test sending an UPDATE operation message with different statuses via GPD message API before a CREATE","1271","An UPDATE message with status VALID before CREATE","functional-tests.tests.process_messages_sender","2026-09-06","passed","2026-09-06","","test_RTP_process_sender_UPDATE_before_CREATE","",""
"Test sending a CREATE operation message with different statuses via GPD message API","1190","A CREATE message with status VALID","functional-tests.tests.process_messages_sender","2026-09-06","passed","2026-09-06","","test_RTP_process_sender_CREATE","",""
"","529","malformed rtp_id → 400 Bad Request","functional-tests.tests.get_rtp","2026-09-06","passed","2026-09-06","","test_RTP_get","",""
"Payer activated under SP A queried by SP A → isActive must be true.","1093","An active payer returns isActive true for the same Service Provider","functional-tests.tests.activation","2026-09-06","passed","2026-09-06","","test_debtor_activation_payer_status","",""
"Test sending a DELETE operation message via GPD message API after a standalone UPDATE (no prior CREATE)","1656","A DELETE message after standalone UPDATE PUBLISHED","functional-tests.tests.process_messages_sender","2026-09-06","passed","2026-09-06","","test_RTP_process_sender_DELETE","",""
"Test sending an UPDATE operation message with different statuses via GPD message API after a CREATE","2042","An UPDATE message with status PARTIALLY_PAID after CREATE","functional-tests.tests.process_messages_sender","2026-09-06","passed","2026-09-06","","test_RTP_process_sender_UPDATE","",""
"Test sending an UPDATE operation message with different statuses via GPD message API after a CREATE","1844","An UPDATE message with status DRAFT after CREATE","functional-tests.tests.process_messages_sender","2026-09-06","passed","2026-09-06","","test_RTP_process_sender_UPDATE","",""
"Each entry in ``INVALID_PAYER_IDS`` must be rejected with 400.

The ``description`` parameter appears in pytest output to identify which
case failed without having to inspect the raw value.
","716","Querying activation status with an invalid payerId format returns 400","functional-tests.tests.activation","2026-09-06","failed","2026-09-06","","test_debtor_activation_payer_status","",""
"","515","The service returns the mocked server error","functional-tests.tests.availability","2026-09-06","passed","2026-09-06","","test_availability_MOCK","",""
"","3049","DS_08N negative v2 callback with Version header returns 400","functional-tests.tests.callbacks_v2","2026-09-06","passed","2026-09-06","","test_RTP_callback_with_version_header","",""
"
Test v2 RFC callback DS12N with RJCR status applied twice on the same RTP.

Flow:
1. Activate payer
2. Send an RTP via GPD message v2 (CREATE VALID)
3. Cancel the RTP via GPD message v2 (DELETE) -> RTP to RFC_SENT
4. Send DS12N callback with CxlStsId RJCR (Rejected Cancellation Request) -> RTP to CANCELLED_REJECTED
5. Send the same DS12N RJCR callback again on the already transitioned RTP
6. Verify the second callback is rejected (400) since the transition is no longer valid
7. Verify RTP status remains CANCELLED_REJECTED
","5304","Failed v2 RFC callback for invalid RTP transition - DS-12N negative compliant","functional-tests.tests.callbacks_v2","2026-09-06","passed","2026-09-06","","test_RTP_callback_DS_12N_negative","",""
"Each entry in ``INVALID_PAYER_IDS`` (see dataset docstring) must be rejected with 400.","553","The activation request must contain a validly formatted fiscal code","functional-tests.tests.activation","2026-09-06","passed","2026-09-06","","test_debtor_activation_create","",""
"
Test RFC callback DS12P with non-existing service provider.

Flow:
1. Activate payer
2. Send an RTP via GPD message (CREATE VALID)
3. Cancel the RTP via GPD message (DELETE) → RTP to RFC_SENT
4. Send DS12P callback with non-existing BIC (MOCKSP99)
5. Verify callback is rejected with 400 (service provider not found)
","2326","Failed RFC callback for non existing Service Provider - DS-12P CNCL compliant","functional-tests.tests.callbacks","2026-09-06","passed","2026-09-06","","test_RTP_callback_DS_12P","",""
"MOCKSP04 owns both its own spId and MOCKSP01; redeeming an OTP scoped to MOCKSP01 must
assign MOCKSP01 to the new activation, not MOCKSP04 (the redeemer's own tspId).","3271","Test Takeover Redemption Assigns the OTP's Owned Service Provider ID","functional-tests.tests.takeover","2026-09-06","passed","2026-09-06","","test_debtor_takeover","",""
"","1209","Sending an RTP when EPC returns an unexpected status code error (RTP_05.CHK.A0007) returns 500","functional-tests.tests.send_rtp","2026-09-06","passed","2026-09-06","","test_RTP_send_MOCK","",""
"","2862","DS_document RJCT v2 callback with Version header returns 400","functional-tests.tests.callbacks_v2","2026-09-06","passed","2026-09-06","","test_RTP_callback_with_version_header","",""
"
Verify that a debt position can be created and published successfully.
","869","Happy path: a debt position is created and published in DEV environment","functional-tests.tests.gpd_availability","2026-09-06","passed","2026-09-06","","test_availability_GPD","",""
"MOCKSP04 owns MOCKSP01 and triggers the OTP; FAKESP01, which owns neither, must be rejected
with an explicit ownership error, not merely a generic 403.","1678","Test Takeover Fails when Redeemer Does Not Own the OTP's Service Provider ID","functional-tests.tests.takeover","2026-09-06","passed","2026-09-06","","test_debtor_takeover","",""
"","650","The service returns the mocked server error","functional-tests.tests.availability","2026-09-06","passed","2026-09-06","","test_availability_MOCK","",""
"","1263","A debtor with foreign fiscal code is activated and retrieved by activation id","functional-tests.tests.activation","2026-09-06","passed","2026-09-06","","test_debtor_activation_get","",""
"The PSP synchronously rejects the cancellation request with 422 (per standard behaviour for the EPC 400 Bad Request scenario). The RTP then transitions to ERROR_CANCEL via ERROR_CANCEL_RTP.","3010","Cancelling an RTP - EPC v4 mock unhappy path scenario: epc_400","functional-tests.tests.cancel_rtp","2026-09-06","passed","2026-09-06","","test_RTP_cancel_MOCK_V2","",""
"The PSP synchronously rejects the cancellation request with 422 (per standard behaviour for the EPC 410 Gone scenario). The RTP then transitions to ERROR_CANCEL via ERROR_CANCEL_RTP.","2982","Cancelling an RTP - EPC v4 mock unhappy path scenario: epc_410","functional-tests.tests.cancel_rtp","2026-09-06","passed","2026-09-06","","test_RTP_cancel_MOCK_V2","",""
"","4421","Failed callback for invalid RTP transition - DS-08P ACCP compliant","functional-tests.tests.callbacks","2026-09-06","passed","2026-09-06","","test_RTP_callback_DS_08","",""
"
Test v2 RFC callback DS12N with INVALID status.

Flow:
1. Activate payer
2. Send an RTP via GPD message v2 (CREATE VALID)
3. Cancel the RTP via GPD message v2 (DELETE) -> RTP to RFC_SENT
4. Send DS12N callback with CxlStsId INVALID
5. Verify callback is rejected with 400
6. Verify RTP status is still RFC_SENT
","3636","A v2 RFC callback DS12N INVALID is rejected with 400","functional-tests.tests.callbacks_v2","2026-09-06","passed","2026-09-06","","test_RTP_callback_DS_12N_negative","",""
"","1397","An RTP is sent to a CBI service with activated fiscal code - through Web API V2","functional-tests.tests.send_rtp","2026-09-06","failed","2026-09-06","","test_RTP_send_CBI","",""
"Each entry in ``INVALID_PAYER_IDS`` must be rejected with 400.

The ``description`` parameter appears in pytest output to identify which
case failed without having to inspect the raw value.
","687","Querying activation status with an invalid payerId format returns 400","functional-tests.tests.activation","2026-09-06","passed","2026-09-06","","test_debtor_activation_payer_status","",""
"","563","Get payees consents with invalid date format returns 400","functional-tests.tests.service_registry","2026-09-06","passed","2026-09-06","","test_get_payees_consents","",""
"
Test RFC callback DS12P with wrong certificate identity, cancel via REST Web API.

Flow:
1. Activate payer
2. Send an RTP via GPD message (CREATE VALID)
3. Cancel the RTP via REST cancel endpoint with cancel_reason → RTP to RFC_SENT
4. Send DS12P callback with assignee_bic='FAKESP01' (doesn't match certificate identity MOCKSP04)
5. Verify callback is rejected with 403 (certificate mismatch)
","2757","Unauthorized RFC callback due to wrong certificate serial - through Web API cancel","functional-tests.tests.callbacks","2026-09-06","passed","2026-09-06","","test_RTP_callback_DS_12P","",""
"The PSP synchronously rejects the cancellation request with 422 (per standard behaviour for the EPC 422 Unprocessable Entity scenario). The RTP then transitions to ERROR_CANCEL via ERROR_CANCEL_RTP.","3014","Cancelling an RTP - EPC v4 mock unhappy path scenario: epc_422","functional-tests.tests.cancel_rtp","2026-09-06","passed","2026-09-06","","test_RTP_cancel_MOCK_V2","",""
"Test sending an UPDATE after CREATE VALID + DELETE with different statuses","3021","An UPDATE message with status EXPIRED after CREATE VALID and DELETE","functional-tests.tests.process_messages_sender","2026-09-06","passed","2026-09-06","","test_RTP_process_sender_UPDATE","",""
