"DESCRIPTION","DURATION IN MS","NAME","PARENT SUITE","START TIME","STATUS","STOP TIME","SUB SUITE","SUITE","TEST CLASS","TEST METHOD"
"","798","Sending a GPD message with null id returns 400","functional-tests.tests.send_rtp","2026-08-05","passed","2026-08-05","","test_RTP_send_MOCK","",""
"Each entry in ``INVALID_PAYER_IDS`` (see dataset docstring) must be rejected with 400.","381","The activation request must contain a validly formatted fiscal code","functional-tests.tests.activation","2026-08-05","passed","2026-08-05","","test_debtor_activation_create","",""
"CREATE VALID with an ec_tax_code that does not exist in GPD returns 422 Payee not found","785","A CREATE VALID message with a non-existent ec_tax_code is rejected","functional-tests.tests.process_messages_sender","2026-08-05","passed","2026-08-05","","test_RTP_process_sender_CREATE","",""
"Each entry in ``INVALID_PAYER_IDS`` (see dataset docstring) must be rejected with 400.","372","The activation request must contain a validly formatted fiscal code","functional-tests.tests.activation","2026-08-05","passed","2026-08-05","","test_debtor_activation_create","",""
"Test the takeover flow where a user changes service provider","2973","Test Takeover Flow","functional-tests.tests.takeover","2026-08-05","passed","2026-08-05","","test_debtor_takeover","",""
"","2470","Failed v2 redirect callback for invalid RTP transition - DS-05 ACTC compliant","functional-tests.tests.callbacks_v2","2026-08-05","passed","2026-08-05","","test_RTP_callback_DS_05_redirect","",""
"","790","A debtor with foreign fiscal code is activated successfully","functional-tests.tests.activation","2026-08-05","passed","2026-08-05","","test_debtor_activation_create","",""
"","1929","A debtor is activated by an authenticated service provider","functional-tests.tests.activation","2026-08-05","passed","2026-08-05","","test_debtor_activation_create","",""
"","391","Get payees consents with extreme page size returns 400","functional-tests.tests.service_registry","2026-08-05","passed","2026-08-05","","test_get_payees_consents","",""
"The PSP synchronously rejects the cancellation request with 422 (per standard behaviour for the EPC 415 Unsupported Media Type scenario). The RTP then transitions to ERROR_CANCEL via ERROR_CANCEL_RTP.","1966","Cancelling an RTP - EPC v4 mock unhappy path scenario: epc_415","functional-tests.tests.cancel_rtp","2026-08-05","failed","2026-08-05","","test_RTP_cancel_MOCK_V2","",""
"The PSP synchronously rejects the cancellation request with 422 (per standard behaviour for the EPC 401 Unauthorized scenario). The RTP then transitions to ERROR_CANCEL via ERROR_CANCEL_RTP.","1988","Cancelling an RTP - EPC v4 mock unhappy path scenario: epc_401","functional-tests.tests.cancel_rtp","2026-08-05","failed","2026-08-05","","test_RTP_cancel_MOCK_V2","",""
"
Test RFC callback DS12N with RJCR status, cancel triggered via REST Web API with explicit reason.

Flow:
1. Activate payer
2. Send an RTP via GPD message (CREATE VALID)
3. Cancel the RTP via REST cancel endpoint with cancel_reason → RTP to RFC_SENT
4. Send DS12N callback with CxlStsId RJCR (Rejected Cancellation Request)
5. Verify callback is accepted (200)
6. Verify RTP status is ERROR_CANCEL
","2735","An RFC callback DS12N RJCR is successfully received and RTP status is ERROR_CANCEL - through Web API cancel","functional-tests.tests.callbacks","2026-08-05","passed","2026-08-05","","test_RTP_callback_DS_12N","",""
"","354","The service returns the mocked server error","functional-tests.tests.availability","2026-08-05","passed","2026-08-05","","test_availability_MOCK","",""
"Test sending an UPDATE operation message with different statuses via GPD message API before a CREATE","911","An UPDATE message with status INVALID before CREATE","functional-tests.tests.process_messages_sender","2026-08-05","passed","2026-08-05","","test_RTP_process_sender_UPDATE_before_CREATE","",""
"
Test RFC callback DS12P with non-existing service provider.

Flow:
1. Activate payer
2. Send an RTP via GPD message (CREATE VALID)
3. Cancel the RTP via GPD message (DELETE) → RTP to RFC_SENT
4. Send DS12P callback with non-existing BIC (MOCKSP99)
5. Verify callback is rejected with 400 (service provider not found)
","2141","Failed RFC callback for non existing Service Provider - DS-12P CNCL compliant","functional-tests.tests.callbacks","2026-08-05","passed","2026-08-05","","test_RTP_callback_DS_12P","",""
"","2545","A v2 RTP callback with status ACCP is successfully received","functional-tests.tests.callbacks_v2","2026-08-05","passed","2026-08-05","","test_RTP_callback_DS_08P_positive","",""
"","2991","An RTP callback is successfully received with status RJCT","functional-tests.tests.callbacks","2026-08-05","passed","2026-08-05","","test_RTP_callback_DS_08","",""
"","385","Failed callback for non existing Service Provider - DS-08P compliant","functional-tests.tests.callbacks","2026-08-05","passed","2026-08-05","","test_RTP_callback_DS_08","",""
"Test sending a DELETE operation message via GPD message API after a CREATE VALID + UPDATE","1664","A DELETE message after CREATE VALID + UPDATE PARTIALLY_PAID","functional-tests.tests.process_messages_sender","2026-08-05","passed","2026-08-05","","test_RTP_process_sender_DELETE","",""
"
DS_04b callback sent with the Version header must be rejected with 400.
The RTP state must be unchanged.

Flow:
1. Activate payer and send an RTP → resource_id
2. Capture current RTP status
3. Build a valid DS_04b payload referencing the RTP
4. POST to callback endpoint WITH Version header
5. Verify 400 is returned with the expected error body
6. Verify RTP status is unchanged
","2010","DS_04b callback with Version header returns 400","functional-tests.tests.callbacks","2026-08-05","passed","2026-08-05","","test_RTP_callback_with_version_header","",""
"","395","Invalid pagination parameters returns 400","functional-tests.tests.activation","2026-08-05","passed","2026-08-05","","test_debtor_activation_list","",""
"","2457","Failed callback for invalid RTP transition - DS-05 ACTC compliant","functional-tests.tests.callbacks","2026-08-05","passed","2026-08-05","","test_RTP_callback_DS_05","",""
"","972","An RTP is sent to Poste service with activated fiscal code - through Web API V2","functional-tests.tests.send_rtp","2026-08-05","failed","2026-08-05","","test_RTP_send_POSTE","",""
"","383","Retrieving non-existent activation returns 404","functional-tests.tests.activation","2026-08-05","passed","2026-08-05","","test_debtor_activation_get","",""
"
Test RFC callback DS12N with wrong certificate identity, cancel via REST Web API.

Flow:
1. Activate payer
2. Send an RTP via GPD message (CREATE VALID)
3. Cancel the RTP via REST cancel endpoint with cancel_reason → RTP to RFC_SENT
4. Send DS12N callback with assignee_bic='FAKESP01' (doesn't match certificate identity MOCKSP04)
5. Verify callback is rejected with 403 (certificate mismatch)
","1680","Unauthorized RFC callback due to wrong certificate serial - through Web API cancel","functional-tests.tests.callbacks","2026-08-05","passed","2026-08-05","","test_RTP_callback_DS_12N","",""
"Test sending a DELETE operation message via GPD message API after a standalone UPDATE (no prior CREATE)","1180","A DELETE message after standalone UPDATE INVALID","functional-tests.tests.process_messages_sender","2026-08-05","passed","2026-08-05","","test_RTP_process_sender_DELETE","",""
"Test sending an UPDATE operation message with different statuses via GPD message API after a CREATE","1258","An UPDATE message with status PARTIALLY_PAID after CREATE","functional-tests.tests.process_messages_sender","2026-08-05","passed","2026-08-05","","test_RTP_process_sender_UPDATE","",""
"Each entry in ``INVALID_PAYER_IDS`` (see dataset docstring) must be rejected with 400.","392","The activation request must contain a validly formatted fiscal code","functional-tests.tests.activation","2026-08-05","passed","2026-08-05","","test_debtor_activation_create","",""
"
Verify that a debt position can be updated successfully.
","6202","Happy path: a debt position is updated in UAT environment","functional-tests.tests.gpd_availability","2026-08-05","passed","2026-08-05","","test_availability_GPD","",""
"The PSP synchronously rejects the cancellation request with 422 (per standard behaviour for the EPC 410 Gone scenario). The RTP then transitions to ERROR_CANCEL via ERROR_CANCEL_RTP.","1995","Cancelling an RTP - EPC v4 mock unhappy path scenario: epc_410","functional-tests.tests.cancel_rtp","2026-08-05","failed","2026-08-05","","test_RTP_cancel_MOCK_V2","",""
"","1253","SP_B cannot retrieve activation by Activation ID created by SP_A","functional-tests.tests.activation","2026-08-05","passed","2026-08-05","","test_RTP_activation_security","",""
"
Test RFC callback DS12P with wrong certificate identity, cancel via REST Web API.

Flow:
1. Activate payer
2. Send an RTP via GPD message (CREATE VALID)
3. Cancel the RTP via REST cancel endpoint with cancel_reason → RTP to RFC_SENT
4. Send DS12P callback with assignee_bic='FAKESP01' (doesn't match certificate identity MOCKSP04)
5. Verify callback is rejected with 403 (certificate mismatch)
","1799","Unauthorized RFC callback due to wrong certificate serial - through Web API cancel","functional-tests.tests.callbacks","2026-08-05","passed","2026-08-05","","test_RTP_callback_DS_12P","",""
"","3526","Failed callback for invalid RTP transition - DS-08N compliant","functional-tests.tests.callbacks","2026-08-05","passed","2026-08-05","","test_RTP_callback_DS_08","",""
"","2093","A v2 RTP callback with invalid status is rejected without affecting the RTP status","functional-tests.tests.callbacks_v2","2026-08-05","passed","2026-08-05","","test_RTP_callback_DS_08N_negative","",""
"","1289","Cannot send RTP with invalid amount","functional-tests.tests.availability","2026-08-05","passed","2026-08-05","","test_availability_CBI","",""
"","2906","A v2 redirect RTP callback with invalid status is rejected without affecting the RTP status","functional-tests.tests.callbacks_v2","2026-08-05","passed","2026-08-05","","test_RTP_callback_DS_05_redirect","",""
"
Test RFC callback DS12P with wrong certificate identity, cancel via REST Web API.

Flow:
1. Activate payer
2. Send an RTP via GPD message (CREATE VALID)
3. Cancel the RTP via REST cancel endpoint with cancel_reason → RTP to RFC_SENT
4. Send DS12P callback with assignee_bic='FAKESP01' (doesn't match certificate identity MOCKSP04)
5. Verify callback is rejected with 403 (certificate mismatch)
","1676","Unauthorized RFC callback due to wrong certificate serial - through Web API cancel","functional-tests.tests.callbacks","2026-08-05","passed","2026-08-05","","test_RTP_callback_DS_12P","",""
"","1934","Failed callback for non existing Service Provider - DS-08P positive compliant","functional-tests.tests.callbacks_v2","2026-08-05","passed","2026-08-05","","test_RTP_callback_DS_08P_positive","",""
"","1240","RTP cancellation fails with an invalid reason","functional-tests.tests.cancel_rtp","2026-08-05","passed","2026-08-05","","test_RTP_cancel","",""
"","997","An RTP is sent through GPD message API","functional-tests.tests.send_rtp","2026-08-05","passed","2026-08-05","","test_RTP_send_MOCK","",""
"Each entry in ``INVALID_PAYER_IDS`` (see dataset docstring) must be rejected with 400.","372","The activation request must contain a validly formatted fiscal code","functional-tests.tests.activation","2026-08-05","passed","2026-08-05","","test_debtor_activation_create","",""
"No `Sts.Conf` confirmation is present (minimal JSON without Sts), so only CANCEL_RTP is triggered and the RTP stays in RFC_SENT.","1807","Cancelling an RTP - EPC v4 mock happy path scenario: minimal_json","functional-tests.tests.cancel_rtp","2026-08-05","passed","2026-08-05","","test_RTP_cancel_MOCK_V2","",""
"","373","missing token → 401 Unauthorized","functional-tests.tests.get_rtp","2026-08-05","passed","2026-08-05","","test_RTP_get","",""
"The response body is not a recognizable cancellation confirmation (quoted plain string), so the RTP stays in RFC_SENT.","2483","Cancelling an RTP - EPC v4 mock happy path scenario: plain_string","functional-tests.tests.cancel_rtp","2026-08-05","passed","2026-08-05","","test_RTP_cancel_MOCK_V2","",""
"Test sending an UPDATE operation message with different statuses via GPD message API after a CREATE","1447","An UPDATE message with status EXPIRED after CREATE","functional-tests.tests.process_messages_sender","2026-08-05","passed","2026-08-05","","test_RTP_process_sender_UPDATE","",""
"Empty OTP should be rejected","394","Test Takeover Fails with Empty OTP","functional-tests.tests.takeover","2026-08-05","passed","2026-08-05","","test_debtor_takeover","",""
"
Test RFC callback DS12P with non-existing service provider, cancel via REST Web API.

Flow:
1. Activate payer
2. Send an RTP via GPD message (CREATE VALID)
3. Cancel the RTP via REST cancel endpoint with cancel_reason → RTP to RFC_SENT
4. Send DS12P callback with non-existing BIC (MOCKSP99)
5. Verify callback is rejected with 400 (service provider not found)
","1763","Failed RFC callback for non existing Service Provider - DS-12P CNCL compliant - through Web API cancel","functional-tests.tests.callbacks","2026-08-05","passed","2026-08-05","","test_RTP_callback_DS_12P","",""
"","1334","An RTP sent with synchronous rejection containing extra fields results in status SENT - through Web API V2","functional-tests.tests.send_rtp","2026-08-05","passed","2026-08-05","","test_RTP_send_MOCK","",""
"`Sts.Conf = ""RJCR""` triggers CANCEL_RTP -> CONFIRM_RFC -> CANCEL_RTP_REJECTED, ending in CANCELLED_REJECTED.","2372","Cancelling an RTP - EPC v4 mock happy path scenario: rjcr_rejected","functional-tests.tests.cancel_rtp","2026-08-05","passed","2026-08-05","","test_RTP_cancel_MOCK_V2","",""
"Each entry in ``INVALID_PAYER_IDS`` (see dataset docstring) must be rejected with 400.","373","The activation request must contain a validly formatted fiscal code","functional-tests.tests.activation","2026-08-05","passed","2026-08-05","","test_debtor_activation_create","",""
"Test sending a CREATE operation message with different statuses via GPD message API","785","A CREATE message with status PUBLISHED","functional-tests.tests.process_messages_sender","2026-08-05","passed","2026-08-05","","test_RTP_process_sender_CREATE","",""
"An EPC response containing fields not declared in the OpenAPI spec is treated as an invalid message and is NOT tolerated for accept/reject purposes (confirmed with rtp-sender-v2 maintainers, PR #26). The extra `invalid-field` property invalidates the whole response, so the RJCR confirmation is not processed and the RTP stays in RFC_SENT.","1812","Cancelling an RTP - EPC v4 mock unhappy path scenario: rjcr_extra_field","functional-tests.tests.cancel_rtp","2026-08-05","passed","2026-08-05","","test_RTP_cancel_MOCK_V2","",""
"","2834","Failed callback for invalid RTP transition - DS-08P ACCP compliant","functional-tests.tests.callbacks","2026-08-05","passed","2026-08-05","","test_RTP_callback_DS_08","",""
"No `Sts.Conf` confirmation is present (empty JSON object), so only CANCEL_RTP is triggered and the RTP stays in RFC_SENT.","1776","Cancelling an RTP - EPC v4 mock happy path scenario: empty_json_object","functional-tests.tests.cancel_rtp","2026-08-05","passed","2026-08-05","","test_RTP_cancel_MOCK_V2","",""
"
Test RFC callback DS12N with RJCR status applied twice on the same RTP.

Flow:
1. Activate payer
2. Send an RTP via GPD message (CREATE VALID)
3. Cancel the RTP via GPD message (DELETE) -> RTP to RFC_SENT
4. Send DS12N callback with CxlStsId RJCR (Rejected Cancellation Request) -> RTP to ERROR_CANCEL
5. Send the same DS12N RJCR callback again on the already transitioned RTP
6. Verify the second callback is rejected (400) since the transition is no longer valid
7. Verify RTP status remains ERROR_CANCEL
","3394","Failed RFC callback for invalid RTP transition - DS-12N RJCR compliant","functional-tests.tests.callbacks","2026-08-05","passed","2026-08-05","","test_RTP_callback_DS_12N","",""
"The PSP synchronously rejects the cancellation request with 422 (per standard behaviour for the EPC 400 Bad Request scenario). The RTP then transitions to ERROR_CANCEL via ERROR_CANCEL_RTP.","2075","Cancelling an RTP - EPC v4 mock unhappy path scenario: epc_400","functional-tests.tests.cancel_rtp","2026-08-05","failed","2026-08-05","","test_RTP_cancel_MOCK_V2","",""
"
Test RFC callback DS12N with INVALID status, cancel via REST Web API.

Flow:
1. Activate payer
2. Send an RTP via GPD message (CREATE VALID)
3. Cancel the RTP via REST cancel endpoint with cancel_reason → RTP to RFC_SENT
4. Send DS12N callback with CxlStsId INVALID
5. Verify callback is rejected with 400
6. Verify RTP status is still RFC_SENT
","2063","An RFC callback DS12N INVALID is rejected with 400 - through Web API cancel","functional-tests.tests.callbacks","2026-08-05","passed","2026-08-05","","test_RTP_callback_DS_12N","",""
"","373","The activation request must contain a Service Provider ID of valid length","functional-tests.tests.activation","2026-08-05","passed","2026-08-05","","test_debtor_activation_create","",""
"","2095","A v2 RTP callback with invalid status is rejected without affecting the RTP status","functional-tests.tests.callbacks_v2","2026-08-05","passed","2026-08-05","","test_RTP_callback_DS_08P_positive","",""
"
Test RFC callback DS12P with INVALID status.

Flow:
1. Activate payer
2. Send an RTP via GPD message (CREATE VALID)
3. Cancel the RTP via GPD message (DELETE) → RTP to RFC_SENT
4. Send DS12P callback with CxlStsId INVALID
5. Verify callback is rejected with 400
6. Verify RTP status is still RFC_SENT
","3048","An RFC callback DS12P INVALID is rejected with 400","functional-tests.tests.callbacks","2026-08-05","passed","2026-08-05","","test_RTP_callback_DS_12P","",""
"Missing or invalid Bearer token → the endpoint must return 401.","351","Querying activation status without a valid token returns 401","functional-tests.tests.activation","2026-08-05","passed","2026-08-05","","test_debtor_activation_payer_status","",""
"","1842","An RTP is sent through ICCREA API","functional-tests.tests.availability","2026-08-05","passed","2026-08-05","","test_availability_ICCREA","",""
"","1818","An RTP sent with synchronous rejection is in status REJECTED - DS-08P N - through Web API","functional-tests.tests.send_rtp","2026-08-05","passed","2026-08-05","","test_RTP_send_MOCK","",""
"
Test RFC callback DS12P with CNCL status applied twice on the same RTP.

Flow:
1. Activate payer
2. Send an RTP via GPD message (CREATE VALID)
3. Cancel the RTP via GPD message (DELETE) -> RTP to RFC_SENT
4. Send DS12P callback with CxlStsId CNCL (Cancelled As Per Request) -> RTP to CANCELLED
5. Send the same DS12P CNCL callback again on the already cancelled RTP
6. Verify the second callback is rejected (400) since the transition is no longer valid
7. Verify RTP status remains CANCELLED
","2876","Failed RFC callback for invalid RTP transition - DS-12P CNCL compliant","functional-tests.tests.callbacks","2026-08-05","passed","2026-08-05","","test_RTP_callback_DS_12P","",""
"
DS_08N callback sent with the Version header must be rejected with 400.
The RTP must remain in SENT (transition to REJECTED must not happen).

Flow:
1. Activate payer and send an RTP → resource_id
2. Build a valid DS_08N payload referencing the RTP
3. POST to callback endpoint WITH Version header
4. Verify 400 is returned with the expected error body
5. Verify RTP status is still SENT
","1654","DS_08N callback with Version header returns 400","functional-tests.tests.callbacks","2026-08-05","passed","2026-08-05","","test_RTP_callback_with_version_header","",""
"Test sending a DELETE operation message via GPD message API after a CREATE","1162","A DELETE message after CREATE EXPIRED","functional-tests.tests.process_messages_sender","2026-08-05","passed","2026-08-05","","test_RTP_process_sender_DELETE","",""
"DS_08N RJCT callback sent directly on a SENT RTP (no prior DS_05 ACTC callback).

The RTP is expected to transition from SENT to REJECTED.
","2733","A v2 RTP callback with status RJCT is successfully received","functional-tests.tests.callbacks_v2","2026-08-05","passed","2026-08-05","","test_RTP_callback_DS_08N_negative","",""
"
Test RFC callback DS12P with CNCL status, cancel triggered via REST Web API with explicit reason.

Flow:
1. Activate payer
2. Send an RTP via GPD message (CREATE VALID)
3. Cancel the RTP via REST cancel endpoint with cancel_reason → RTP to RFC_SENT
4. Send DS12P callback with CxlStsId CNCL (Cancelled As Per Request)
5. Verify callback is accepted (200)
6. Verify RTP status is CANCELLED
","2814","An RFC callback DS12P CNCL is successfully received and RTP status is CANCEL - through Web API cancel","functional-tests.tests.callbacks","2026-08-05","passed","2026-08-05","","test_RTP_callback_DS_12P","",""
"","778","A debtor activated with an owned but distinct Service Provider ID is retrieved by activation id","functional-tests.tests.activation","2026-08-05","passed","2026-08-05","","test_debtor_activation_get","",""
"","2457","An RTP callback is successfully received with status ACCP","functional-tests.tests.callbacks","2026-08-05","passed","2026-08-05","","test_RTP_callback_DS_08","",""
"
Tests the retrieval of an access token from the POSTE authentication endpoint using client credentials and mutual TLS.

:param debtor_sp_mock_cert_key: Certificate and key tuple for mutual TLS authentication.
:type debtor_sp_mock_cert_key: Tuple[str, str]
","151","Auth endpoint returns valid token","functional-tests.tests.availability","2026-08-05","passed","2026-08-05","","test_availability_POSTE","",""
"","354","Get payees with invalid authorization","functional-tests.tests.service_registry","2026-08-05","passed","2026-08-05","","test_service_registry_payees_registry","",""
"Each entry in ``INVALID_PAYER_IDS`` must be rejected with 400.

The ``description`` parameter appears in pytest output to identify which
case failed without having to inspect the raw value.
","382","Querying activation status with an invalid payerId format returns 400","functional-tests.tests.activation","2026-08-05","passed","2026-08-05","","test_debtor_activation_payer_status","",""
"
Test v2 RFC callback DS12P with INVALID status.

Flow:
1. Activate payer
2. Send an RTP via GPD message v2 (CREATE VALID)
3. Cancel the RTP via GPD message v2 (DELETE) -> RTP to RFC_SENT
4. Send DS12P callback with CxlStsId INVALID
5. Verify callback is rejected with 400
6. Verify RTP status is still RFC_SENT
","2201","A v2 RFC callback DS12P INVALID is rejected with 400","functional-tests.tests.callbacks_v2","2026-08-05","passed","2026-08-05","","test_RTP_callback_DS_12P_positive","",""
"Test sending an UPDATE operation message with different statuses via GPD message API before a CREATE","915","An UPDATE message with status DRAFT before CREATE","functional-tests.tests.process_messages_sender","2026-08-05","passed","2026-08-05","","test_RTP_process_sender_UPDATE_before_CREATE","",""
"Test sending a DELETE operation message via GPD message API after a CREATE VALID + UPDATE","2368","A DELETE message after CREATE VALID + UPDATE VALID","functional-tests.tests.process_messages_sender","2026-08-05","passed","2026-08-05","","test_RTP_process_sender_DELETE","",""
"","1810","An RTP sent with synchronous rejection containing extra fields results in status REJECTED","functional-tests.tests.send_rtp","2026-08-05","passed","2026-08-05","","test_RTP_send_MOCK","",""
"","2130","RTP is successfully cancelled with reason MODT","functional-tests.tests.cancel_rtp","2026-08-05","passed","2026-08-05","","test_RTP_cancel","",""
"","2068","DS_08N negative v2 callback with Version header returns 400","functional-tests.tests.callbacks_v2","2026-08-05","passed","2026-08-05","","test_RTP_callback_with_version_header","",""
"","385","Unauthorized callback due to wrong certificate serial","functional-tests.tests.callbacks","2026-08-05","passed","2026-08-05","","test_RTP_callback_DS_08","",""
"Each entry in ``INVALID_PAYER_IDS`` must be rejected with 400.

The ``description`` parameter appears in pytest output to identify which
case failed without having to inspect the raw value.
","383","Querying activation status with an invalid payerId format returns 400","functional-tests.tests.activation","2026-08-05","passed","2026-08-05","","test_debtor_activation_payer_status","",""
"Takeover with syntactically valid but nonsensical body should fail","1162","Test Takeover Fails with Nonsensical Body","functional-tests.tests.takeover","2026-08-05","passed","2026-08-05","","test_debtor_takeover","",""
"Test sending a DELETE operation message via GPD message API after a standalone UPDATE (no prior CREATE)","1154","A DELETE message after standalone UPDATE PUBLISHED","functional-tests.tests.process_messages_sender","2026-08-05","passed","2026-08-05","","test_RTP_process_sender_DELETE","",""
"
Given a debtor is activated with the mock fiscal code that makes the debtor
service provider mock reply with a server error, when a GPD message (CREATE)
is sent via POST /gpd/message, then the rtp-sender fails to deliver the RTP
and records an ERROR_SEND_RTP event (RTP status becomes ERROR_SEND). When the
payee then queries the delivery-status endpoint with the matching noticeNumber
and payeeId, the response must be HTTP 200 with status=PD_RTP_NOT_DELIVERED
and processingDate absent or null.
","7995","RTP with ERROR_SEND_RTP event → PD_RTP_NOT_DELIVERED","functional-tests.tests.get_rtp","2026-08-05","failed","2026-08-05","","test_RTP_get_delivery_status","",""
"","2665","DS_12N negative RFC v2 callback with Version header returns 400","functional-tests.tests.callbacks_v2","2026-08-05","passed","2026-08-05","","test_RTP_callback_with_version_header","",""
"","2265","A v2 document RTP callback with status RJCT is successfully received","functional-tests.tests.callbacks_v2","2026-08-05","passed","2026-08-05","","test_RTP_callback_DS_document_rjct","",""
"Test sending an UPDATE operation message with different statuses via GPD message API before a CREATE","773","An UPDATE message with status PARTIALLY_PAID before CREATE","functional-tests.tests.process_messages_sender","2026-08-05","passed","2026-08-05","","test_RTP_process_sender_UPDATE_before_CREATE","",""
"","422","Sending to non-activated debtor returns 422 - through Web API","functional-tests.tests.send_rtp","2026-08-05","passed","2026-08-05","","test_RTP_send_MOCK","",""
"","380","A Service Provider with invalid client secret is not authenticated on Keycloak","functional-tests.tests.auth","2026-08-05","passed","2026-08-05","","test_auth","",""
"Test sending an UPDATE after CREATE VALID + DELETE with different statuses","1689","An UPDATE message with status VALID after CREATE VALID and DELETE","functional-tests.tests.process_messages_sender","2026-08-05","passed","2026-08-05","","test_RTP_process_sender_UPDATE","",""
"","2670","An RTP callback with status REJECTED is successfully received","functional-tests.tests.callbacks","2026-08-05","passed","2026-08-05","","test_RTP_callback_DS_08","",""
"Each entry in ``INVALID_PAYER_IDS`` (see dataset docstring) must be rejected with 400.","480","The activation request must contain a validly formatted fiscal code","functional-tests.tests.activation","2026-08-05","passed","2026-08-05","","test_debtor_activation_create","",""
"
Test RFC callback DS12N with RJCR status, cancel triggered via REST Web API with explicit reason.

Flow:
1. Activate payer
2. Send an RTP via GPD message (CREATE VALID)
3. Cancel the RTP via REST cancel endpoint with cancel_reason → RTP to RFC_SENT
4. Send DS12N callback with CxlStsId RJCR (Rejected Cancellation Request)
5. Verify callback is accepted (200)
6. Verify RTP status is ERROR_CANCEL
","2637","An RFC callback DS12N RJCR is successfully received and RTP status is ERROR_CANCEL - through Web API cancel","functional-tests.tests.callbacks","2026-08-05","passed","2026-08-05","","test_RTP_callback_DS_12N","",""
"Test sending a CREATE operation message with an omocodia fiscal code via GPD message API","874","A CREATE message with omocodia fiscal code is successfully sent through GPD message API","functional-tests.tests.process_messages_sender","2026-08-05","passed","2026-08-05","","test_RTP_process_sender","",""
"","1623","A debtor is deactivated by an authenticated service provider","functional-tests.tests.activation","2026-08-05","passed","2026-08-05","","test_debtor_deactivation","",""
"","1349","RTP is successfully cancelled with reason MODT - V2","functional-tests.tests.cancel_rtp","2026-08-05","passed","2026-08-05","","test_RTP_cancel","",""
"Test sending an UPDATE operation message with different statuses via GPD message API after a CREATE","1821","An UPDATE message with status PAID after CREATE","functional-tests.tests.process_messages_sender","2026-08-05","passed","2026-08-05","","test_RTP_process_sender_UPDATE","",""
"Test sending an UPDATE operation message with different statuses via GPD message API after a CREATE","1298","An UPDATE message with status DRAFT after CREATE","functional-tests.tests.process_messages_sender","2026-08-05","passed","2026-08-05","","test_RTP_process_sender_UPDATE","",""
"Each entry in ``INVALID_PAYER_IDS`` must be rejected with 400.

The ``description`` parameter appears in pytest output to identify which
case failed without having to inspect the raw value.
","379","Querying activation status with an invalid payerId format returns 400","functional-tests.tests.activation","2026-08-05","passed","2026-08-05","","test_debtor_activation_payer_status","",""
"
Given an RTP is sent successfully (status SENT) for a given noticeNumber + payeeId,
when the payee queries the delivery-status endpoint with the correct noticeNumber
but a different payeeId,
then the response must be HTTP 200 with status=PD_RTP_NOT_DELIVERED, verifying
that the endpoint filters on both fields.
","6242","Existing noticeNumber with wrong payeeId → PD_RTP_NOT_DELIVERED","functional-tests.tests.get_rtp","2026-08-05","passed","2026-08-05","","test_RTP_get_delivery_status","",""
"Same privacy rule as the cross-SP case: no explicit error, isActive is just false.","1269","Get payer status returns isActive false when the token subject does not own the activation's Service Provider ID","functional-tests.tests.activation","2026-08-05","passed","2026-08-05","","test_debtor_activation_payer_status","",""
"FAKESP01 does not own MOCKSP01, a Service Provider ID owned by another tspId.","380","Activation is forbidden for a Service Provider ID not owned by the token subject","functional-tests.tests.activation","2026-08-05","passed","2026-08-05","","test_debtor_activation_create","",""
"","800","Deactivation returns 404 when the token subject does not own the activation's Service Provider ID","functional-tests.tests.activation","2026-08-05","passed","2026-08-05","","test_debtor_deactivation","",""
"UPDATE VALID with an ec_tax_code that does not exist in GPD returns 422 Payee not found","880","An UPDATE VALID message with a non-existent ec_tax_code is rejected","functional-tests.tests.process_messages_sender","2026-08-05","passed","2026-08-05","","test_RTP_process_sender_UPDATE","",""
"Test sending an UPDATE after CREATE VALID + DELETE with different statuses","2162","An UPDATE message with status PUBLISHED after CREATE VALID and DELETE","functional-tests.tests.process_messages_sender","2026-08-05","passed","2026-08-05","","test_RTP_process_sender_UPDATE","",""
"Each entry in ``INVALID_PAYER_IDS`` (see dataset docstring) must be rejected with 400.","378","The activation request must contain a validly formatted fiscal code","functional-tests.tests.activation","2026-08-05","passed","2026-08-05","","test_debtor_activation_create","",""
"","379","Get payees consents with wrong token type returns 403","functional-tests.tests.service_registry","2026-08-05","passed","2026-08-05","","test_get_payees_consents","",""
"Reusing the same OTP after a successful takeover should fail","1592","Test Takeover Fails with Reused OTP","functional-tests.tests.takeover","2026-08-05","passed","2026-08-05","","test_debtor_takeover","",""
"Test sending a DELETE operation message via GPD message API after a CREATE VALID + UPDATE","1670","A DELETE message after CREATE VALID + UPDATE PUBLISHED","functional-tests.tests.process_messages_sender","2026-08-05","passed","2026-08-05","","test_RTP_process_sender_DELETE","",""
"","792","A debtor with VAT number is activated and retrieved by activation id","functional-tests.tests.activation","2026-08-05","passed","2026-08-05","","test_debtor_activation_get","",""
"","1058","An RTP is sent through API - through Web API V2","functional-tests.tests.send_rtp","2026-08-05","passed","2026-08-05","","test_RTP_send_MOCK","",""
"Each entry in ``INVALID_PAYER_IDS`` (see dataset docstring) must be rejected with 400.","376","The activation request must contain a validly formatted fiscal code","functional-tests.tests.activation","2026-08-05","passed","2026-08-05","","test_debtor_activation_create","",""
"","1506","An RTP sent with synchronous acceptance is in status ACCEPTED - DS-05 ACTC","functional-tests.tests.send_rtp","2026-08-05","passed","2026-08-05","","test_RTP_send_MOCK","",""
"
Test v2 RFC callback DS12P with wrong certificate identity.

Flow:
1. Activate payer
2. Send an RTP via GPD message v2 (CREATE VALID)
3. Cancel the RTP via GPD message v2 (DELETE) -> RTP to RFC_SENT
4. Send DS12P callback with assignee_bic='FAKESP01' (doesn't match certificate identity)
5. Verify callback is rejected with 403 (certificate mismatch)
6. Verify RTP status is still RFC_SENT
","2183","Unauthorized v2 RFC callback due to wrong certificate serial","functional-tests.tests.callbacks_v2","2026-08-05","passed","2026-08-05","","test_RTP_callback_DS_12P_positive","",""
"Test sending an UPDATE after CREATE VALID + DELETE with different statuses","2603","An UPDATE message with status DRAFT after CREATE VALID and DELETE","functional-tests.tests.process_messages_sender","2026-08-05","passed","2026-08-05","","test_RTP_process_sender_UPDATE","",""
"Each entry in ``INVALID_PAYER_IDS`` (see dataset docstring) must be rejected with 400.","381","The activation request must contain a validly formatted fiscal code","functional-tests.tests.activation","2026-08-05","passed","2026-08-05","","test_debtor_activation_create","",""
"","771","Get by activation id returns 404 when the token subject does not own the activation's Service Provider ID","functional-tests.tests.activation","2026-08-05","passed","2026-08-05","","test_debtor_activation_get","",""
"Each entry in ``INVALID_PAYER_IDS`` (see dataset docstring) must be rejected with 400.","519","The activation request must contain a validly formatted fiscal code","functional-tests.tests.activation","2026-08-05","passed","2026-08-05","","test_debtor_activation_create","",""
"
Test RFC callback DS12P with CNCL status, cancel triggered via REST Web API with explicit reason.

Flow:
1. Activate payer
2. Send an RTP via GPD message (CREATE VALID)
3. Cancel the RTP via REST cancel endpoint with cancel_reason → RTP to RFC_SENT
4. Send DS12P callback with CxlStsId CNCL (Cancelled As Per Request)
5. Verify callback is accepted (200)
6. Verify RTP status is CANCELLED
","2203","An RFC callback DS12P CNCL is successfully received and RTP status is CANCEL - through Web API cancel","functional-tests.tests.callbacks","2026-08-05","passed","2026-08-05","","test_RTP_callback_DS_12P","",""
"
Verify that a debt position can be deleted successfully.
","2194","Happy path: a debt position is deleted in UAT environment","functional-tests.tests.gpd_availability","2026-08-05","passed","2026-08-05","","test_availability_GPD","",""
"","372","Non-integer size returns 400","functional-tests.tests.activation","2026-08-05","passed","2026-08-05","","test_debtor_activation_list","",""
"","390","Non-existent NextActivationId returns 200 with empty body","functional-tests.tests.activation","2026-08-05","passed","2026-08-05","","test_debtor_activation_list","",""
"","599","Get list of service providers successfully","functional-tests.tests.service_registry","2026-08-05","passed","2026-08-05","","test_service_registry_service_providers","",""
"","786","A debtor cannot be activated more than once by the same service provider","functional-tests.tests.activation","2026-08-05","passed","2026-08-05","","test_debtor_activation_create","",""
"Test sending a DELETE operation message via GPD message API after a CREATE","1302","A DELETE message after CREATE VALID","functional-tests.tests.process_messages_sender","2026-08-05","passed","2026-08-05","","test_RTP_process_sender_DELETE","",""
"","787","Sending a GPD message with null operation returns 400","functional-tests.tests.send_rtp","2026-08-05","passed","2026-08-05","","test_RTP_send_MOCK","",""
"
Test RFC callback DS12P with non-existing service provider, cancel via REST Web API.

Flow:
1. Activate payer
2. Send an RTP via GPD message (CREATE VALID)
3. Cancel the RTP via REST cancel endpoint with cancel_reason → RTP to RFC_SENT
4. Send DS12P callback with non-existing BIC (MOCKSP99)
5. Verify callback is rejected with 400 (service provider not found)
","2635","Failed RFC callback for non existing Service Provider - DS-12P CNCL compliant - through Web API cancel","functional-tests.tests.callbacks","2026-08-05","passed","2026-08-05","","test_RTP_callback_DS_12P","",""
"
Test RFC callback DS12N with INVALID status.

Flow:
1. Activate payer
2. Send an RTP via GPD message (CREATE VALID)
3. Cancel the RTP via GPD message (DELETE) → RTP to RFC_SENT
4. Send DS12N callback with CxlStsId INVALID
5. Verify callback is rejected with 400
6. Verify RTP status is still RFC_SENT
","2519","An RFC callback DS12N INVALID is rejected with 400","functional-tests.tests.callbacks","2026-08-05","passed","2026-08-05","","test_RTP_callback_DS_12N","",""
"Test sending an UPDATE operation message with different statuses via GPD message API after a CREATE","2570","An UPDATE message with status VALID after CREATE","functional-tests.tests.process_messages_sender","2026-08-05","passed","2026-08-05","","test_RTP_process_sender_UPDATE","",""
"OTP bound to payer1 should not work for payer2","1182","Test Takeover Fails with OTP Bound to Different Payer","functional-tests.tests.takeover","2026-08-05","passed","2026-08-05","","test_debtor_takeover","",""
"Takeover without a previously issued OTP should fail","779","Test Takeover Fails without Prior OTP","functional-tests.tests.takeover","2026-08-05","passed","2026-08-05","","test_debtor_takeover","",""
"","379","A Service Provider with invalid client ID is not authenticated on Keycloak","functional-tests.tests.auth","2026-08-05","passed","2026-08-05","","test_auth","",""
"","966","An RTP is sent to Poste service with activated fiscal code - through Web API","functional-tests.tests.send_rtp","2026-08-05","passed","2026-08-05","","test_RTP_send_POSTE","",""
"Active payer with a foreign-country fiscal code (Z + 3 digits municipality) → isActive must be true.","794","An active payer with foreign fiscal code returns isActive true","functional-tests.tests.activation","2026-08-05","passed","2026-08-05","","test_debtor_activation_payer_status","",""
"","383","Retrieving activation with malformed payer id returns 400","functional-tests.tests.activation","2026-08-05","passed","2026-08-05","","test_debtor_activation_get","",""
"DS_08P ACCP callback sent directly on a SENT RTP (no prior DS_05 ACTC callback).

The RTP is expected to transition straight from SENT to USER_ACCEPTED.
","2111","A v2 RTP callback with status ACCP is successfully received without a prior DS_05 callback","functional-tests.tests.callbacks_v2","2026-08-05","passed","2026-08-05","","test_RTP_callback_DS_08P_positive","",""
"","1681","An RTP callback is received with invalid status","functional-tests.tests.callbacks","2026-08-05","passed","2026-08-05","","test_RTP_callback_DS_08","",""
"Each entry in ``INVALID_PAYER_IDS`` (see dataset docstring) must be rejected with 400.","387","The activation request must contain a validly formatted fiscal code","functional-tests.tests.activation","2026-08-05","failed","2026-08-05","","test_debtor_activation_create","",""
"
Test v2 RFC callback DS12N with INVALID status.

Flow:
1. Activate payer
2. Send an RTP via GPD message v2 (CREATE VALID)
3. Cancel the RTP via GPD message v2 (DELETE) -> RTP to RFC_SENT
4. Send DS12N callback with CxlStsId INVALID
5. Verify callback is rejected with 400
6. Verify RTP status is still RFC_SENT
","2609","A v2 RFC callback DS12N INVALID is rejected with 400","functional-tests.tests.callbacks_v2","2026-08-05","passed","2026-08-05","","test_RTP_callback_DS_12N_negative","",""
"","493","Sending to non-activated debtor returns 422 - through Web API V2","functional-tests.tests.send_rtp","2026-08-05","passed","2026-08-05","","test_RTP_send_MOCK","",""
"Test sending a CREATE operation message with different statuses via GPD message API","776","A CREATE message with status EXPIRED","functional-tests.tests.process_messages_sender","2026-08-05","passed","2026-08-05","","test_RTP_process_sender_CREATE","",""
"UPDATE VALID before any CREATE creates a new RTP; the RTP must be retrievable from the database","1275","An UPDATE VALID before CREATE creates the RTP in the database","functional-tests.tests.process_messages_sender","2026-08-05","passed","2026-08-05","","test_RTP_process_sender_UPDATE_before_CREATE","",""
"Each entry in ``INVALID_PAYER_IDS`` must be rejected with 400.

The ``description`` parameter appears in pytest output to identify which
case failed without having to inspect the raw value.
","387","Querying activation status with an invalid payerId format returns 400","functional-tests.tests.activation","2026-08-05","failed","2026-08-05","","test_debtor_activation_payer_status","",""
"","392","Retrieving activation with invalid UUID returns 400","functional-tests.tests.activation","2026-08-05","passed","2026-08-05","","test_debtor_activation_get","",""
"Each entry in ``INVALID_PAYER_IDS`` must be rejected with 400.

The ``description`` parameter appears in pytest output to identify which
case failed without having to inspect the raw value.
","374","Querying activation status with an invalid payerId format returns 400","functional-tests.tests.activation","2026-08-05","passed","2026-08-05","","test_debtor_activation_payer_status","",""
"
Test v2 RFC callback DS12N with non-existing service provider.

Flow:
1. Activate payer
2. Send an RTP via GPD message v2 (CREATE VALID)
3. Cancel the RTP via GPD message v2 (DELETE) -> RTP to RFC_SENT
4. Send DS12N callback with non-existing BIC (MOCKSP99)
5. Verify callback is rejected with 400 (service provider not found)
6. Verify RTP status is still RFC_SENT
","2184","Failed v2 RFC callback for non existing Service Provider - DS-12N negative compliant","functional-tests.tests.callbacks_v2","2026-08-05","passed","2026-08-05","","test_RTP_callback_DS_12N_negative","",""
"","1558","Cannot send RTP with expired date","functional-tests.tests.availability","2026-08-05","passed","2026-08-05","","test_availability_CBI","",""
"","1859","An RTP sent with synchronous rejection is in status REJECTED - DS-08P N","functional-tests.tests.send_rtp","2026-08-05","passed","2026-08-05","","test_RTP_send_MOCK","",""
"`Sts.Conf = ""CNCL""` triggers CANCEL_RTP -> CONFIRM_RFC -> CANCEL_RTP_ACCR, ending in CANCELLED_ACCR.","2386","Cancelling an RTP - EPC v4 mock happy path scenario: cncl_confirmed","functional-tests.tests.cancel_rtp","2026-08-05","passed","2026-08-05","","test_RTP_cancel_MOCK_V2","",""
"Each entry in ``INVALID_PAYER_IDS`` must be rejected with 400.

The ``description`` parameter appears in pytest output to identify which
case failed without having to inspect the raw value.
","385","Querying activation status with an invalid payerId format returns 400","functional-tests.tests.activation","2026-08-05","passed","2026-08-05","","test_debtor_activation_payer_status","",""
"Test sending a DELETE operation message via GPD message API after a CREATE VALID + UPDATE","1694","A DELETE message after CREATE VALID + UPDATE EXPIRED","functional-tests.tests.process_messages_sender","2026-08-05","passed","2026-08-05","","test_RTP_process_sender_DELETE","",""
"Test sending an UPDATE operation message with different statuses via GPD message API before a CREATE","774","An UPDATE message with status PAID before CREATE","functional-tests.tests.process_messages_sender","2026-08-05","passed","2026-08-05","","test_RTP_process_sender_UPDATE_before_CREATE","",""
"DS_08N RJCT callback sent twice on the same RTP (direct SENT -> REJECTED).

The second callback must be rejected with 400 since the transition is no
longer valid once the RTP is already REJECTED.
","3047","Failed v2 callback for invalid RTP transition - DS-08N negative compliant","functional-tests.tests.callbacks_v2","2026-08-05","passed","2026-08-05","","test_RTP_callback_DS_08N_negative","",""
"Each entry in ``INVALID_PAYER_IDS`` (see dataset docstring) must be rejected with 400.","374","The activation request must contain a validly formatted fiscal code","functional-tests.tests.activation","2026-08-05","passed","2026-08-05","","test_debtor_activation_create","",""
"","382","Invalid NextActivationId format returns 400","functional-tests.tests.activation","2026-08-05","passed","2026-08-05","","test_debtor_activation_list","",""
"","445","Find by payer id request must contain lower case fiscal code","functional-tests.tests.activation","2026-08-05","passed","2026-08-05","","test_debtor_activation_create","",""
"
Verify that a debt position can be created and published successfully.
","413","Happy path: a debt position is created and published in UAT environment","functional-tests.tests.gpd_availability","2026-08-05","passed","2026-08-05","","test_availability_GPD","",""
"","379","Retrieving non-existent activation by payer id returns 404","functional-tests.tests.activation","2026-08-05","passed","2026-08-05","","test_debtor_activation_get","",""
"
Test v2 RFC callback DS12N with RJCR status applied twice on the same RTP.

Flow:
1. Activate payer
2. Send an RTP via GPD message v2 (CREATE VALID)
3. Cancel the RTP via GPD message v2 (DELETE) -> RTP to RFC_SENT
4. Send DS12N callback with CxlStsId RJCR (Rejected Cancellation Request) -> RTP to CANCELLED_REJECTED
5. Send the same DS12N RJCR callback again on the already transitioned RTP
6. Verify the second callback is rejected (400) since the transition is no longer valid
7. Verify RTP status remains CANCELLED_REJECTED
","3625","Failed v2 RFC callback for invalid RTP transition - DS-12N negative compliant","functional-tests.tests.callbacks_v2","2026-08-05","passed","2026-08-05","","test_RTP_callback_DS_12N_negative","",""
"","3670","An RTP is sent to ICCREA service with activated fiscal code - through Web API","functional-tests.tests.send_rtp","2026-08-05","failed","2026-08-05","","test_RTP_send_ICCREA","",""
"Each entry in ``INVALID_PAYER_IDS`` must be rejected with 400.

The ``description`` parameter appears in pytest output to identify which
case failed without having to inspect the raw value.
","376","Querying activation status with an invalid payerId format returns 400","functional-tests.tests.activation","2026-08-05","passed","2026-08-05","","test_debtor_activation_payer_status","",""
"
Test v2 RFC callback DS12P with CNCL status.

Flow:
1. Activate payer
2. Send an RTP via GPD message v2 (CREATE VALID)
3. Cancel the RTP via GPD message v2 (DELETE) -> RTP to RFC_SENT
4. Send DS12P callback with CxlStsId CNCL (Cancelled As Per Request)
5. Verify callback is accepted (200)
6. Verify RTP status is CANCELLED
","2186","A v2 RFC callback DS12P CNCL is successfully received and RTP status is CANCELLED","functional-tests.tests.callbacks_v2","2026-08-05","passed","2026-08-05","","test_RTP_callback_DS_12P_positive","",""
"","769","A debtor with omocodia fiscal code is activated and retrieved by activation id","functional-tests.tests.activation","2026-08-05","passed","2026-08-05","","test_debtor_activation_get","",""
"
Test RFC callback DS12P with CNCL status.

Flow:
1. Activate payer
2. Send an RTP via GPD message (CREATE VALID)
3. Cancel the RTP via GPD message (DELETE) → RTP to RFC_SENT
4. Send DS12P callback with CxlStsId CNCL (Cancelled As Per Request)
5. Verify callback is accepted (200)
6. Verify RTP status is CANCELLED
","2117","An RFC callback DS12P CNCL is successfully received and RTP status is CANCEL","functional-tests.tests.callbacks","2026-08-05","passed","2026-08-05","","test_RTP_callback_DS_12P","",""
"","2603","DS_document RJCT v2 callback with Version header returns 400","functional-tests.tests.callbacks_v2","2026-08-05","passed","2026-08-05","","test_RTP_callback_with_version_header","",""
"Test sending a CREATE operation message with different statuses via GPD message API","766","A CREATE message with status PARTIALLY_PAID","functional-tests.tests.process_messages_sender","2026-08-05","passed","2026-08-05","","test_RTP_process_sender_CREATE","",""
"","839","SP_ACTIVATIONS_READ_ALL can retrieve activation by Fiscal Code created by SP_A","functional-tests.tests.activation","2026-08-05","passed","2026-08-05","","test_RTP_activation_security","",""
"","2042","An RTP callback with invalid status is received and processed with success without affecting the RTP status","functional-tests.tests.callbacks","2026-08-05","passed","2026-08-05","","test_RTP_callback_DS_05","",""
"Test sending an UPDATE after CREATE VALID + DELETE with different statuses","1785","An UPDATE message with status PARTIALLY_PAID after CREATE VALID and DELETE","functional-tests.tests.process_messages_sender","2026-08-05","passed","2026-08-05","","test_RTP_process_sender_UPDATE","",""
"","462","The RTP web page is reachable","functional-tests.tests.availability","2026-08-05","passed","2026-08-05","","test_availability_RTP_webform","",""
"MOCKSP04 owns both its own spId and MOCKSP01; redeeming an OTP scoped to MOCKSP01 must
assign MOCKSP01 to the new activation, not MOCKSP04 (the redeemer's own tspId).","2619","Test Takeover Redemption Assigns the OTP's Owned Service Provider ID","functional-tests.tests.takeover","2026-08-05","passed","2026-08-05","","test_debtor_takeover","",""
"
DS_05 ACTC callback sent with the Version header must be rejected with 400.
The RTP must remain in SENT (transition to ACCEPTED must not happen).

Flow:
1. Activate payer and send an RTP → resource_id
2. Build a valid DS_05 ACTC payload referencing the RTP
3. POST to callback endpoint WITH Version header
4. Verify 400 is returned with the expected error body
5. Verify RTP status is still SENT
","1633","DS_05 ACTC callback with Version header returns 400","functional-tests.tests.callbacks","2026-08-05","passed","2026-08-05","","test_RTP_callback_with_version_header","",""
"
Test v2 RFC callback DS12N with RJCR status.

Flow:
1. Activate payer
2. Send an RTP via GPD message v2 (CREATE VALID)
3. Cancel the RTP via GPD message v2 (DELETE) -> RTP to RFC_SENT
4. Send DS12N callback with CxlStsId RJCR (Rejected Cancellation Request)
5. Verify callback is accepted (200)
6. Verify RTP status is CANCELLED_REJECTED
","2776","A v2 RFC callback DS12N RJCR is successfully received and RTP status is CANCELLED_REJECTED","functional-tests.tests.callbacks_v2","2026-08-05","passed","2026-08-05","","test_RTP_callback_DS_12N_negative","",""
"Test sending a DELETE operation message via GPD message API after a standalone UPDATE (no prior CREATE)","1401","A DELETE message after standalone UPDATE VALID","functional-tests.tests.process_messages_sender","2026-08-05","passed","2026-08-05","","test_RTP_process_sender_DELETE","",""
"","1158","Get a page of activations","functional-tests.tests.activation","2026-08-05","passed","2026-08-05","","test_debtor_activation_list","",""
"Test sending an UPDATE operation message with different statuses via GPD message API before a CREATE","779","An UPDATE message with status PUBLISHED before CREATE","functional-tests.tests.process_messages_sender","2026-08-05","passed","2026-08-05","","test_RTP_process_sender_UPDATE_before_CREATE","",""
"","2037","An RTP callback with status ACWC is successfully received","functional-tests.tests.callbacks","2026-08-05","passed","2026-08-05","","test_RTP_callback_DS_08","",""
"","2027","Unauthorized callback due to wrong certificate serial","functional-tests.tests.callbacks_v2","2026-08-05","passed","2026-08-05","","test_RTP_callback_DS_05_redirect","",""
"","1283","An RTP sent when EPC response omits _links is in status ACCEPTED - through Web API","functional-tests.tests.send_rtp","2026-08-05","passed","2026-08-05","","test_RTP_send_MOCK","",""
"Each entry in ``INVALID_PAYER_IDS`` (see dataset docstring) must be rejected with 400.","503","The activation request must contain a validly formatted fiscal code","functional-tests.tests.activation","2026-08-05","passed","2026-08-05","","test_debtor_activation_create","",""
"Each entry in ``INVALID_PAYER_IDS`` must be rejected with 400.

The ``description`` parameter appears in pytest output to identify which
case failed without having to inspect the raw value.
","373","Querying activation status with an invalid payerId format returns 400","functional-tests.tests.activation","2026-08-05","passed","2026-08-05","","test_debtor_activation_payer_status","",""
"
DS_08P ACCP callback sent with the Version header must be rejected with 400.
The RTP must remain in ACCEPTED (transition to USER_ACCEPTED must not happen).

Flow:
1. Activate payer, send RTP, advance to ACCEPTED via DS_05 (without header)
2. Build a valid DS_08P ACCP payload
3. POST WITH Version header
4. Verify 400 is returned with the expected error body
5. Verify RTP status is still ACCEPTED
","2002","DS_08P ACCP callback with Version header returns 400","functional-tests.tests.callbacks","2026-08-05","passed","2026-08-05","","test_RTP_callback_with_version_header","",""
"","363","The service returns the mocked server error","functional-tests.tests.availability","2026-08-05","passed","2026-08-05","","test_availability_MOCK","",""
"
Test RFC callback DS12N with INVALID status, cancel via REST Web API.

Flow:
1. Activate payer
2. Send an RTP via GPD message (CREATE VALID)
3. Cancel the RTP via REST cancel endpoint with cancel_reason → RTP to RFC_SENT
4. Send DS12N callback with CxlStsId INVALID
5. Verify callback is rejected with 400
6. Verify RTP status is still RFC_SENT
","2064","An RFC callback DS12N INVALID is rejected with 400 - through Web API cancel","functional-tests.tests.callbacks","2026-08-05","passed","2026-08-05","","test_RTP_callback_DS_12N","",""
"","798","SP_ACTIVATIONS_READ_ALL can retrieve activation by Activation ID created by SP_A","functional-tests.tests.activation","2026-08-05","passed","2026-08-05","","test_RTP_activation_security","",""
"","1792","An RTP sent with synchronous rejection containing extra fields results in status REJECTED - through Web API","functional-tests.tests.send_rtp","2026-08-05","passed","2026-08-05","","test_RTP_send_MOCK","",""
"","1184","Get paginated list of payees successfully","functional-tests.tests.service_registry","2026-08-05","passed","2026-08-05","","test_service_registry_payees_registry","",""
"DS_08P ACCP callback sent twice on the same RTP (direct SENT -> USER_ACCEPTED).

The second callback must be rejected with 400 since the transition is no
longer valid once the RTP is already USER_ACCEPTED.
","2488","Failed v2 callback for invalid RTP transition - DS-08P positive compliant","functional-tests.tests.callbacks_v2","2026-08-05","passed","2026-08-05","","test_RTP_callback_DS_08P_positive","",""
"","859","A debtor is activated and retrieved by activation id","functional-tests.tests.activation","2026-08-05","passed","2026-08-05","","test_debtor_activation_get","",""
"Each entry in ``INVALID_PAYER_IDS`` (see dataset docstring) must be rejected with 400.","724","The activation request must contain a validly formatted fiscal code","functional-tests.tests.activation","2026-08-05","passed","2026-08-05","","test_debtor_activation_create","",""
"
Test RFC callback DS12N with RJCR status.

Flow:
1. Activate payer
2. Send an RTP via GPD message (CREATE VALID)
3. Cancel the RTP via GPD message (DELETE) → RTP to RFC_SENT
4. Send DS12N callback with CxlStsId RJCR (Rejected Cancellation Request)
5. Verify callback is accepted (200)
6. Verify RTP status is ERROR_CANCEL
","2925","An RFC callback DS12N RJCR is successfully received and RTP status is ERROR_CANCEL","functional-tests.tests.callbacks","2026-08-05","passed","2026-08-05","","test_RTP_callback_DS_12N","",""
"","1404","An RTP is sent to Poste service with activated fiscal code","functional-tests.tests.send_rtp","2026-08-05","passed","2026-08-05","","test_RTP_send_POSTE","",""
"Each entry in ``INVALID_PAYER_IDS`` (see dataset docstring) must be rejected with 400.","373","The activation request must contain a validly formatted fiscal code","functional-tests.tests.activation","2026-08-05","passed","2026-08-05","","test_debtor_activation_create","",""
"Test sending a CREATE operation message with different statuses via GPD message API","797","A CREATE message with status PAID","functional-tests.tests.process_messages_sender","2026-08-05","passed","2026-08-05","","test_RTP_process_sender_CREATE","",""
"","2359","Failed callback for non existing Service Provider - DS-08N negative compliant","functional-tests.tests.callbacks_v2","2026-08-05","passed","2026-08-05","","test_RTP_callback_DS_08N_negative","",""
"Test sending a DELETE operation message via GPD message API after a CREATE","1168","A DELETE message after CREATE PUBLISHED","functional-tests.tests.process_messages_sender","2026-08-05","passed","2026-08-05","","test_RTP_process_sender_DELETE","",""
"
Test v2 RFC callback DS12N with wrong certificate identity.

Flow:
1. Activate payer
2. Send an RTP via GPD message v2 (CREATE VALID)
3. Cancel the RTP via GPD message v2 (DELETE) -> RTP to RFC_SENT
4. Send DS12N callback with assignee_bic='FAKESP01' (doesn't match certificate identity)
5. Verify callback is rejected with 403 (certificate mismatch)
6. Verify RTP status is still RFC_SENT
","2292","Unauthorized v2 RFC callback due to wrong certificate serial","functional-tests.tests.callbacks_v2","2026-08-05","passed","2026-08-05","","test_RTP_callback_DS_12N_negative","",""
"Each entry in ``INVALID_PAYER_IDS`` (see dataset docstring) must be rejected with 400.","379","The activation request must contain a validly formatted fiscal code","functional-tests.tests.activation","2026-08-05","passed","2026-08-05","","test_debtor_activation_create","",""
"Authenticated but not authorized: token of SP A tries to use OTP issued for SP B","1184","Test Takeover Fails with Wrong SP Token","functional-tests.tests.takeover","2026-08-05","passed","2026-08-05","","test_debtor_takeover","",""
"Test sending a CREATE operation message with different statuses via GPD message API","1406","A CREATE message with status INVALID","functional-tests.tests.process_messages_sender","2026-08-05","passed","2026-08-05","","test_RTP_process_sender_CREATE","",""
"MOCKSP04 owns MOCKSP01 and triggers the OTP; FAKESP01, which owns neither, must be rejected
with an explicit ownership error, not merely a generic 403.","1162","Test Takeover Fails when Redeemer Does Not Own the OTP's Service Provider ID","functional-tests.tests.takeover","2026-08-05","passed","2026-08-05","","test_debtor_takeover","",""
"","383","Unauthorized callback due to wrong certificate serial","functional-tests.tests.callbacks","2026-08-05","passed","2026-08-05","","test_RTP_callback_DS_04","",""
"","371","Invalid pagination parameters returns 400","functional-tests.tests.activation","2026-08-05","passed","2026-08-05","","test_debtor_activation_list","",""
"
Send the same CREATE VALID message twice.

Because send_gpd_message derives the Idempotency-Key deterministically from
the message id (msg_id), reusing the same payload reuses the same key.

Expectations:
- Both calls return HTTP 200 (idempotent, not an error).
- The resourceId in both responses is identical, proving the API returned
  the cached response and did not process the message twice.
- Querying by notice number returns exactly one RTP, confirming that only
  one record was written to the database.
","1997","Two CREATE VALID messages with the same Idempotency-Key both succeed but only one RTP is stored","functional-tests.tests.process_messages_sender","2026-08-05","passed","2026-08-05","","test_RTP_process_sender_IDEMPOTENCY","",""
"Test sending an UPDATE after CREATE VALID + DELETE with different statuses","1690","An UPDATE message with status PAID after CREATE VALID and DELETE","functional-tests.tests.process_messages_sender","2026-08-05","passed","2026-08-05","","test_RTP_process_sender_UPDATE","",""
"The PSP synchronously rejects the cancellation request with 422 (per standard behaviour for the EPC 406 Not Acceptable scenario). The RTP then transitions to ERROR_CANCEL via ERROR_CANCEL_RTP.","1965","Cancelling an RTP - EPC v4 mock unhappy path scenario: epc_406","functional-tests.tests.cancel_rtp","2026-08-05","failed","2026-08-05","","test_RTP_cancel_MOCK_V2","",""
"","1272","RTP is successfully retrieved","functional-tests.tests.get_rtp","2026-08-05","passed","2026-08-05","","test_RTP_get","",""
"Test sending a DELETE operation message via GPD message API after a CREATE","1173","A DELETE message after CREATE INVALID","functional-tests.tests.process_messages_sender","2026-08-05","passed","2026-08-05","","test_RTP_process_sender_DELETE","",""
"Test sending a DELETE operation message via GPD message API after a CREATE VALID + UPDATE","2230","A DELETE message after CREATE VALID + UPDATE PAID","functional-tests.tests.process_messages_sender","2026-08-05","passed","2026-08-05","","test_RTP_process_sender_DELETE","",""
"The mock policy falls back to its default `{}` response when no notice number matches, so the RTP stays in RFC_SENT.","1904","Cancelling an RTP - EPC v4 mock happy path scenario: no_match_fallback","functional-tests.tests.cancel_rtp","2026-08-05","passed","2026-08-05","","test_RTP_cancel_MOCK_V2","",""
"Test sending a DELETE operation message via GPD message API after a CREATE VALID + UPDATE","1683","A DELETE message after CREATE VALID + UPDATE INVALID","functional-tests.tests.process_messages_sender","2026-08-05","passed","2026-08-05","","test_RTP_process_sender_DELETE","",""
"Test sending a DELETE operation message via GPD message API after a standalone UPDATE (no prior CREATE)","1183","A DELETE message after standalone UPDATE PAID","functional-tests.tests.process_messages_sender","2026-08-05","passed","2026-08-05","","test_RTP_process_sender_DELETE","",""
"","358","Get payees with invalid authorization","functional-tests.tests.service_registry","2026-08-05","passed","2026-08-05","","test_service_registry_service_providers","",""
"Each entry in ``INVALID_PAYER_IDS`` (see dataset docstring) must be rejected with 400.","385","The activation request must contain a validly formatted fiscal code","functional-tests.tests.activation","2026-08-05","passed","2026-08-05","","test_debtor_activation_create","",""
"Each entry in ``INVALID_PAYER_IDS`` must be rejected with 400.

The ``description`` parameter appears in pytest output to identify which
case failed without having to inspect the raw value.
","375","Querying activation status with an invalid payerId format returns 400","functional-tests.tests.activation","2026-08-05","passed","2026-08-05","","test_debtor_activation_payer_status","",""
"","354","Get payees consents with invalid authorization returns 401","functional-tests.tests.service_registry","2026-08-05","passed","2026-08-05","","test_get_payees_consents","",""
"Test sending a DELETE operation message via GPD message API after a CREATE","1216","A DELETE message after CREATE PARTIALLY_PAID","functional-tests.tests.process_messages_sender","2026-08-05","passed","2026-08-05","","test_RTP_process_sender_DELETE","",""
"","822","Get paginated list of OPT_OUT payees consents successfully","functional-tests.tests.service_registry","2026-08-05","passed","2026-08-05","","test_get_payees_consents","",""
"
Test RFC callback DS12N with non-existing service provider.

Flow:
1. Activate payer
2. Send an RTP via GPD message (CREATE VALID)
3. Cancel the RTP via GPD message (DELETE) → RTP to RFC_SENT
4. Send DS12N callback with non-existing BIC (MOCKSP99)
5. Verify callback is rejected with 400 (service provider not found)
","1833","Failed RFC callback for non existing Service Provider - DS-12N RJCR compliant","functional-tests.tests.callbacks","2026-08-05","passed","2026-08-05","","test_RTP_callback_DS_12N","",""
"","0","A Service Provider is authenticated","functional-tests.tests.auth","2026-08-05","passed","2026-08-05","","test_auth","",""
"","1680","Unauthorized callback due to wrong certificate serial","functional-tests.tests.callbacks_v2","2026-08-05","passed","2026-08-05","","test_RTP_callback_DS_08P_positive","",""
"","374","Get payees consents with negative page size returns 400","functional-tests.tests.service_registry","2026-08-05","passed","2026-08-05","","test_get_payees_consents","",""
"No `Sts.Conf` confirmation is present (Sts block omitted entirely), so only CANCEL_RTP is triggered and the RTP stays in RFC_SENT.","1821","Cancelling an RTP - EPC v4 mock happy path scenario: no_sts_block","functional-tests.tests.cancel_rtp","2026-08-05","passed","2026-08-05","","test_RTP_cancel_MOCK_V2","",""
"","1664","An RTP callback is received with invalid status","functional-tests.tests.callbacks","2026-08-05","passed","2026-08-05","","test_RTP_callback_DS_08","",""
"","2053","Failed callback for non compliant DS-04b payload","functional-tests.tests.callbacks","2026-08-05","passed","2026-08-05","","test_RTP_callback_DS_04","",""
"","1310","An RTP sent with synchronous acceptance is in status ACCEPTED - DS-05 ACTC - through Web API","functional-tests.tests.send_rtp","2026-08-05","passed","2026-08-05","","test_RTP_send_MOCK","",""
"","359","Unauthorized request returns 401","functional-tests.tests.activation","2026-08-05","passed","2026-08-05","","test_debtor_activation_list","",""
"","1637","An RTP is sent to ICCREA service with activated fiscal code - through Web API V2","functional-tests.tests.send_rtp","2026-08-05","failed","2026-08-05","","test_RTP_send_ICCREA","",""
"DS_08N RJCT callback sent after a prior DS_05 ACTC callback.

The RTP is expected to transition from SENT to ACCEPTED, then to USER_REJECTED.
","3068","A v2 RTP callback with status RJCT after DS_05 transitions the RTP to USER_REJECTED","functional-tests.tests.callbacks_v2","2026-08-05","passed","2026-08-05","","test_RTP_callback_DS_08N_negative","",""
"","1664","An RTP callback with status ACTC is successfully received","functional-tests.tests.callbacks","2026-08-05","passed","2026-08-05","","test_RTP_callback_DS_05","",""
"Each entry in ``INVALID_PAYER_IDS`` must be rejected with 400.

The ``description`` parameter appears in pytest output to identify which
case failed without having to inspect the raw value.
","386","Querying activation status with an invalid payerId format returns 400","functional-tests.tests.activation","2026-08-05","passed","2026-08-05","","test_debtor_activation_payer_status","",""
"Each entry in ``INVALID_PAYER_IDS`` must be rejected with 400.

The ``description`` parameter appears in pytest output to identify which
case failed without having to inspect the raw value.
","371","Querying activation status with an invalid payerId format returns 400","functional-tests.tests.activation","2026-08-05","passed","2026-08-05","","test_debtor_activation_payer_status","",""
"Test sending an UPDATE operation message with different statuses via GPD message API before a CREATE","787","An UPDATE message with status EXPIRED before CREATE","functional-tests.tests.process_messages_sender","2026-08-05","passed","2026-08-05","","test_RTP_process_sender_UPDATE_before_CREATE","",""
"Each entry in ``INVALID_PAYER_IDS`` must be rejected with 400.

The ``description`` parameter appears in pytest output to identify which
case failed without having to inspect the raw value.
","381","Querying activation status with an invalid payerId format returns 400","functional-tests.tests.activation","2026-08-05","passed","2026-08-05","","test_debtor_activation_payer_status","",""
"
Tests sending an RTP payload to the POSTE endpoint with valid data and authentication.

:param debtor_sp_mock_cert_key: Certificate and key tuple for mutual TLS authentication.
:type debtor_sp_mock_cert_key: Tuple[str, str]
","906","An RTP is sent through POSTE API","functional-tests.tests.availability","2026-08-05","passed","2026-08-05","","test_availability_POSTE","",""
"","1701","Failed callback for non existing Service Provider - DS-document RJCT compliant","functional-tests.tests.callbacks_v2","2026-08-05","passed","2026-08-05","","test_RTP_callback_DS_document_rjct","",""
"Each entry in ``INVALID_PAYER_IDS`` must be rejected with 400.

The ``description`` parameter appears in pytest output to identify which
case failed without having to inspect the raw value.
","391","Querying activation status with an invalid payerId format returns 400","functional-tests.tests.activation","2026-08-05","passed","2026-08-05","","test_debtor_activation_payer_status","",""
"
Tests that sending an RTP payload with an amount over the POSTE limit results in a 400 Bad Request response.

:param debtor_sp_mock_cert_key: Certificate and key tuple for mutual TLS authentication.
:type debtor_sp_mock_cert_key: Tuple[str, str]
","745","Cannot send RTP with an amount over the POSTE limit","functional-tests.tests.availability","2026-08-05","failed","2026-08-05","","test_availability_POSTE","",""
"","816","A second service provider triggers takeover when debtor is already active on another service provider","functional-tests.tests.activation","2026-08-05","passed","2026-08-05","","test_debtor_activation_create","",""
"
Payer activated under SP A.
- SP B (read_rtp_activations): isActive must be false - privacy rule hides cross-SP activation.
- Admin (read_rtp_all): isActive must be true - role grants visibility across all SPs.
Same payer, same endpoint, different roles → different results.
","1165","read_rtp_all role returns isActive true while read_rtp_activations returns false for the same cross-SP payer","functional-tests.tests.activation","2026-08-05","passed","2026-08-05","","test_debtor_activation_payer_status","",""
"","1572","SP_B cannot retrieve activation by Fiscal Code created by SP_A","functional-tests.tests.activation","2026-08-05","passed","2026-08-05","","test_RTP_activation_security","",""
"","1330","An RTP is sent to ICCREA service with activated fiscal code","functional-tests.tests.send_rtp","2026-08-05","passed","2026-08-05","","test_RTP_send_ICCREA","",""
"","3042","Failed v2 document callback for invalid RTP transition - DS-document RJCT compliant","functional-tests.tests.callbacks_v2","2026-08-05","passed","2026-08-05","","test_RTP_callback_DS_document_rjct","",""
"","1196","An RTP is sent to a CBI service with activated fiscal code - through Web API V2","functional-tests.tests.send_rtp","2026-08-05","failed","2026-08-05","","test_RTP_send_CBI","",""
"","379","Deactivation fails for non-existing activation","functional-tests.tests.activation","2026-08-05","passed","2026-08-05","","test_debtor_deactivation","",""
"
Verify that a debt position can be deleted successfully.
","2173","Happy path: a debt position is deleted in DEV environment","functional-tests.tests.gpd_availability","2026-08-05","passed","2026-08-05","","test_availability_GPD","",""
"","3409","An RTP callback is successfully received","functional-tests.tests.callbacks","2026-08-05","passed","2026-08-05","","test_RTP_callback_DS_04","",""
"A valid token that carries neither read_rtp_activations nor read_rtp_all must be rejected with 403.","381","Token without read_rtp_activations or read_rtp_all role returns 403 Forbidden","functional-tests.tests.activation","2026-08-05","passed","2026-08-05","","test_debtor_activation_payer_status","",""
"","368","Missing Version header returns 200","functional-tests.tests.activation","2026-08-05","passed","2026-08-05","","test_debtor_activation_list","",""
"","383","All auth fixtures expose a valid Bearer token format","functional-tests.tests.auth","2026-08-05","passed","2026-08-05","","test_auth","",""
"Each entry in ``INVALID_PAYER_IDS`` (see dataset docstring) must be rejected with 400.","377","The activation request must contain a validly formatted fiscal code","functional-tests.tests.activation","2026-08-05","passed","2026-08-05","","test_debtor_activation_create","",""
"Availability probe for takeover notification mock endpoint: expects 204 No Content","362","Test Takeover Notification Endpoint","functional-tests.tests.takeover","2026-08-05","passed","2026-08-05","","test_debtor_takeover","",""
"Test sending a DELETE operation message via GPD message API after a standalone UPDATE (no prior CREATE)","2010","A DELETE message after standalone UPDATE DRAFT","functional-tests.tests.process_messages_sender","2026-08-05","passed","2026-08-05","","test_RTP_process_sender_DELETE","",""
"","868","An RTP is sent to a CBI service with activated fiscal code","functional-tests.tests.send_rtp","2026-08-05","passed","2026-08-05","","test_RTP_send_CBI","",""
"MOCKSP04 owns MOCKSP01 as well as its own spId; activation must be allowed on either.","786","A debtor is activated using a Service Provider ID the token subject owns but does not itself represent","functional-tests.tests.activation","2026-08-05","passed","2026-08-05","","test_debtor_activation_create","",""
"","373","The activation request must contain a validly formatted Service Provider ID","functional-tests.tests.activation","2026-08-05","passed","2026-08-05","","test_debtor_activation_create","",""
"","867","An RTP is sent through API - through Web API","functional-tests.tests.send_rtp","2026-08-05","passed","2026-08-05","","test_RTP_send_MOCK","",""
"Payer that has never been activated → isActive must be false.","385","test_get_activation_status_not_active_payer","functional-tests.tests.activation","2026-08-05","passed","2026-08-05","","test_debtor_activation_payer_status","",""
"Active payer identified by an 11-digit Partita IVA → isActive must be true.","789","An active payer with VAT number (Partita IVA) returns isActive true","functional-tests.tests.activation","2026-08-05","passed","2026-08-05","","test_debtor_activation_payer_status","",""
"
Test RFC callback DS12P with wrong certificate identity.

Flow:
1. Activate payer
2. Send an RTP via GPD message (CREATE VALID)
3. Cancel the RTP via GPD message (DELETE) → RTP to RFC_SENT
4. Send DS12P callback with assignee_bic='FAKESP01' (doesn't match certificate identity MOCKSP04)
5. Verify callback is rejected with 403 (certificate mismatch)
","2578","Unauthorized RFC callback due to wrong certificate serial","functional-tests.tests.callbacks","2026-08-05","passed","2026-08-05","","test_RTP_callback_DS_12P","",""
"
Verify that a debt position can be created and published successfully.
","407","Happy path: a debt position is created and published in DEV environment","functional-tests.tests.gpd_availability","2026-08-05","passed","2026-08-05","","test_availability_GPD","",""
"Each entry in ``INVALID_PAYER_IDS`` must be rejected with 400.

The ``description`` parameter appears in pytest output to identify which
case failed without having to inspect the raw value.
","390","Querying activation status with an invalid payerId format returns 400","functional-tests.tests.activation","2026-08-05","passed","2026-08-05","","test_debtor_activation_payer_status","",""
"Test sending a DELETE operation message via GPD message API after a standalone UPDATE (no prior CREATE)","1162","A DELETE message after standalone UPDATE PARTIALLY_PAID","functional-tests.tests.process_messages_sender","2026-08-05","passed","2026-08-05","","test_RTP_process_sender_DELETE","",""
"","1371","RTP cancellation fails with an invalid reason - V2","functional-tests.tests.cancel_rtp","2026-08-05","passed","2026-08-05","","test_RTP_cancel","",""
"","782","A debtor with omocodia fiscal code is activated successfully","functional-tests.tests.activation","2026-08-05","passed","2026-08-05","","test_debtor_activation_create","",""
"Each entry in ``INVALID_PAYER_IDS`` must be rejected with 400.

The ``description`` parameter appears in pytest output to identify which
case failed without having to inspect the raw value.
","376","Querying activation status with an invalid payerId format returns 400","functional-tests.tests.activation","2026-08-05","passed","2026-08-05","","test_debtor_activation_payer_status","",""
"Test sending a CREATE operation message with an Italian VAT number via GPD message API","867","A CREATE message with VAT number (Partita IVA) is successfully sent through GPD message API","functional-tests.tests.process_messages_sender","2026-08-05","passed","2026-08-05","","test_RTP_process_sender","",""
"","1315","An RTP sent when EPC response contains an unknown field is ignored and remains in status SENT - through Web API V2","functional-tests.tests.send_rtp","2026-08-05","passed","2026-08-05","","test_RTP_send_MOCK","",""
"Test sending a DELETE operation message via GPD message API after a standalone UPDATE (no prior CREATE)","1190","A DELETE message after standalone UPDATE EXPIRED","functional-tests.tests.process_messages_sender","2026-08-05","passed","2026-08-05","","test_RTP_process_sender_DELETE","",""
"Test sending a CREATE operation message with different statuses via GPD message API","766","A CREATE message with status DRAFT","functional-tests.tests.process_messages_sender","2026-08-05","passed","2026-08-05","","test_RTP_process_sender_CREATE","",""
"","809","A debtor activated with an owned but distinct Service Provider ID is deactivated","functional-tests.tests.activation","2026-08-05","passed","2026-08-05","","test_debtor_deactivation","",""
"Payer activated under SP A queried by SP A → isActive must be true.","762","An active payer returns isActive true for the same Service Provider","functional-tests.tests.activation","2026-08-05","passed","2026-08-05","","test_debtor_activation_payer_status","",""
"Test sending a DELETE operation message via GPD message API after a CREATE","1162","A DELETE message after CREATE DRAFT","functional-tests.tests.process_messages_sender","2026-08-05","passed","2026-08-05","","test_RTP_process_sender_DELETE","",""
"The PSP synchronously rejects the cancellation request with 422 (per standard behaviour for the EPC 422 Unprocessable Entity scenario). The RTP then transitions to ERROR_CANCEL via ERROR_CANCEL_RTP.","1915","Cancelling an RTP - EPC v4 mock unhappy path scenario: epc_422","functional-tests.tests.cancel_rtp","2026-08-05","failed","2026-08-05","","test_RTP_cancel_MOCK_V2","",""
"Test sending a DELETE operation message via GPD message API after a CREATE VALID + UPDATE","1678","A DELETE message after CREATE VALID + UPDATE DRAFT","functional-tests.tests.process_messages_sender","2026-08-05","passed","2026-08-05","","test_RTP_process_sender_DELETE","",""
"Test sending an UPDATE operation message with different statuses via GPD message API before a CREATE","881","An UPDATE message with status VALID before CREATE","functional-tests.tests.process_messages_sender","2026-08-05","passed","2026-08-05","","test_RTP_process_sender_UPDATE_before_CREATE","",""
"Test sending an UPDATE operation message with different statuses via GPD message API after a CREATE","1316","An UPDATE message with status INVALID after CREATE","functional-tests.tests.process_messages_sender","2026-08-05","passed","2026-08-05","","test_RTP_process_sender_UPDATE","",""
"The ownership check fails the same way whether the target spId belongs to someone else
or doesn't exist in the registry at all - NOEXIT00 is not a real Service Provider ID.","373","Activation is forbidden with the same error code for a Service Provider ID absent from the registry","functional-tests.tests.activation","2026-08-05","passed","2026-08-05","","test_debtor_activation_create","",""
"
DS_12N RJCR RFC callback sent with the Version header must be rejected with 400.
The RTP must remain in RFC_SENT (transition to ERROR_CANCEL must not happen).

Flow:
1. Activate payer, send RTP, trigger cancel via GPD DELETE → RFC_SENT
2. Build a valid DS_12N RJCR payload
3. POST to RFC callback endpoint WITH Version header
4. Verify 400 is returned with the expected error body
5. Verify RTP status is still RFC_SENT
","2091","DS_12N RJCR RFC callback with Version header returns 400","functional-tests.tests.callbacks","2026-08-05","passed","2026-08-05","","test_RTP_callback_with_version_header","",""
"Each entry in ``INVALID_PAYER_IDS`` must be rejected with 400.

The ``description`` parameter appears in pytest output to identify which
case failed without having to inspect the raw value.
","375","Querying activation status with an invalid payerId format returns 400","functional-tests.tests.activation","2026-08-05","passed","2026-08-05","","test_debtor_activation_payer_status","",""
"","1693","Failed callback for non existing Service Provider - DS-05 redirect compliant","functional-tests.tests.callbacks_v2","2026-08-05","passed","2026-08-05","","test_RTP_callback_DS_05_redirect","",""
"","1787","RTP is successfully cancelled with reason PAID - V2","functional-tests.tests.cancel_rtp","2026-08-05","passed","2026-08-05","","test_RTP_cancel","",""
"","1919","An RTP sent when EPC response omits _links is in status ACCEPTED - through Web API V2","functional-tests.tests.send_rtp","2026-08-05","passed","2026-08-05","","test_RTP_send_MOCK","",""
"","1047","Get payees consents with invalid date format returns 400","functional-tests.tests.service_registry","2026-08-05","passed","2026-08-05","","test_get_payees_consents","",""
"","1711","Unauthorized callback due to wrong certificate serial","functional-tests.tests.callbacks_v2","2026-08-05","passed","2026-08-05","","test_RTP_callback_DS_document_rjct","",""
"Payer activated then deactivated by SP A → isActive must be false.","1211","A deactivated payer returns isActive false","functional-tests.tests.activation","2026-08-05","passed","2026-08-05","","test_debtor_activation_payer_status","",""
"Test sending an UPDATE after CREATE VALID + DELETE with different statuses","2020","An UPDATE message with status EXPIRED after CREATE VALID and DELETE","functional-tests.tests.process_messages_sender","2026-08-05","passed","2026-08-05","","test_RTP_process_sender_UPDATE","",""
"Test sending a DELETE operation message via GPD message API after a CREATE","1171","A DELETE message after CREATE PAID","functional-tests.tests.process_messages_sender","2026-08-05","passed","2026-08-05","","test_RTP_process_sender_DELETE","",""
"MOCKSP04 owns MOCKSP01 as well as its own spId; status must reflect the activation either way.","1407","An active payer returns isActive true when activated under an owned but distinct Service Provider ID","functional-tests.tests.activation","2026-08-05","passed","2026-08-05","","test_debtor_activation_payer_status","",""
"
Test RFC callback DS12N with non-existing service provider, cancel via REST Web API.

Flow:
1. Activate payer
2. Send an RTP via GPD message (CREATE VALID)
3. Cancel the RTP via REST cancel endpoint with cancel_reason → RTP to RFC_SENT
4. Send DS12N callback with non-existing BIC (MOCKSP99)
5. Verify callback is rejected with 400 (service provider not found)
","1813","Failed RFC callback for non existing Service Provider - DS-12N RJCR compliant - through Web API cancel","functional-tests.tests.callbacks","2026-08-05","passed","2026-08-05","","test_RTP_callback_DS_12N","",""
"","1811","An RTP sent with synchronous rejection and missing _links results in status REJECTED","functional-tests.tests.send_rtp","2026-08-05","passed","2026-08-05","","test_RTP_send_MOCK","",""
"
Test v2 RFC callback DS12P with CNCL status applied twice on the same RTP.

Flow:
1. Activate payer
2. Send an RTP via GPD message v2 (CREATE VALID)
3. Cancel the RTP via GPD message v2 (DELETE) -> RTP to RFC_SENT
4. Send DS12P callback with CxlStsId CNCL (Cancelled As Per Request) -> RTP to CANCELLED
5. Send the same DS12P CNCL callback again on the already cancelled RTP
6. Verify the second callback is rejected (400) since the transition is no longer valid
7. Verify RTP status remains CANCELLED
","3539","Failed v2 RFC callback for invalid RTP transition - DS-12P positive compliant","functional-tests.tests.callbacks_v2","2026-08-05","passed","2026-08-05","","test_RTP_callback_DS_12P_positive","",""
"","970","Auth endpoint returns valid token","functional-tests.tests.availability","2026-08-05","passed","2026-08-05","","test_availability_CBI","",""
"","784","Find by payer id returns 404 when the token subject does not own the activation's Service Provider ID","functional-tests.tests.activation","2026-08-05","passed","2026-08-05","","test_debtor_activation_get","",""
"
Given a debtor is activated and a GPD message (CREATE) is sent via POST /gpd/message,
when the rtp-sender processes it and the RTP reaches status SENT,
when the payee queries the delivery-status endpoint with the correct noticeNumber
(nav) and payeeId (ec_tax_code),
then the response body must contain status=PD_RTP_DELIVERED, a non-null processingDate
in ISO 8601 format, and processingDate must match the SEND_RTP event timestamp from
the GPD message response (truncated to millisecond precision).
","6339","GPD message sent → RTP SENT → PD_RTP_DELIVERED with processingDate","functional-tests.tests.get_rtp","2026-08-05","passed","2026-08-05","","test_RTP_get_delivery_status","",""
"","1915","An RTP sent with synchronous rejection is in status REJECTED - DS-08P N - through Web API V2","functional-tests.tests.send_rtp","2026-08-05","passed","2026-08-05","","test_RTP_send_MOCK","",""
"Test that takeover fails when an invalid OTP is provided","1162","Test Takeover Fails with Invalid OTP","functional-tests.tests.takeover","2026-08-05","passed","2026-08-05","","test_debtor_takeover","",""
"","2160","DS_05 redirect v2 callback with Version header returns 400","functional-tests.tests.callbacks_v2","2026-08-05","passed","2026-08-05","","test_RTP_callback_with_version_header","",""
"","2653","An RTP is sent to a CBI service with activated fiscal code - through Web API","functional-tests.tests.send_rtp","2026-08-05","passed","2026-08-05","","test_RTP_send_CBI","",""
"Test sending a CREATE operation message with different statuses via GPD message API","868","A CREATE message with status VALID","functional-tests.tests.process_messages_sender","2026-08-05","passed","2026-08-05","","test_RTP_process_sender_CREATE","",""
"
Tests that sending an RTP payload with an expired date to the POSTE endpoint results in a 400 Bad Request response.

:param debtor_sp_mock_cert_key: Certificate and key tuple for mutual TLS authentication.
:type debtor_sp_mock_cert_key: Tuple[str, str]
","717","Cannot send RTP with expired date","functional-tests.tests.availability","2026-08-05","failed","2026-08-05","","test_availability_POSTE","",""
"","901","A debtor with VAT number (Partita IVA) is activated successfully","functional-tests.tests.activation","2026-08-05","passed","2026-08-05","","test_debtor_activation_create","",""
"","2432","A v2 redirect RTP callback with status ACTC is successfully received","functional-tests.tests.callbacks_v2","2026-08-05","passed","2026-08-05","","test_RTP_callback_DS_05_redirect","",""
"","391","All auth fixtures expose a valid Bearer token format","functional-tests.tests.auth","2026-08-05","passed","2026-08-05","","test_auth","",""
"","374","All auth fixtures expose a valid Bearer token format","functional-tests.tests.auth","2026-08-05","passed","2026-08-05","","test_auth","",""
"","1265","An RTP sent when EPC response contains an unknown field is ignored and remains in status SENT - through Web API","functional-tests.tests.send_rtp","2026-08-05","passed","2026-08-05","","test_RTP_send_MOCK","",""
"An EPC response containing fields not declared in the OpenAPI spec is treated as an invalid message and is NOT tolerated for accept/reject purposes (confirmed with rtp-sender-v2 maintainers, PR #26). The extra `invalid-field` property invalidates the whole response, so the CNCL confirmation is not processed and the RTP stays in RFC_SENT.","1799","Cancelling an RTP - EPC v4 mock unhappy path scenario: cncl_extra_field","functional-tests.tests.cancel_rtp","2026-08-05","passed","2026-08-05","","test_RTP_cancel_MOCK_V2","",""
"
Tests that sending an RTP payload with an invalid amount to the POSTE endpoint results in a 400 Bad Request response.

:param debtor_sp_mock_cert_key: Certificate and key tuple for mutual TLS authentication.
:type debtor_sp_mock_cert_key: Tuple[str, str]
","873","Cannot send RTP with invalid amount","functional-tests.tests.availability","2026-08-05","passed","2026-08-05","","test_availability_POSTE","",""
"","1256","An RTP sent when EPC response contains an unknown field is ignored and remains in status SENT","functional-tests.tests.send_rtp","2026-08-05","passed","2026-08-05","","test_RTP_send_MOCK","",""
"
Test v2 RFC callback DS12P with non-existing service provider.

Flow:
1. Activate payer
2. Send an RTP via GPD message v2 (CREATE VALID)
3. Cancel the RTP via GPD message v2 (DELETE) -> RTP to RFC_SENT
4. Send DS12P callback with non-existing BIC (MOCKSP99)
5. Verify callback is rejected with 400 (service provider not found)
6. Verify RTP status is still RFC_SENT
","2184","Failed v2 RFC callback for non existing Service Provider - DS-12P positive compliant","functional-tests.tests.callbacks_v2","2026-08-05","passed","2026-08-05","","test_RTP_callback_DS_12P_positive","",""
"Each entry in ``INVALID_PAYER_IDS`` (see dataset docstring) must be rejected with 400.","380","The activation request must contain a validly formatted fiscal code","functional-tests.tests.activation","2026-08-05","passed","2026-08-05","","test_debtor_activation_create","",""
"
Given a noticeNumber that does not correspond to any RTP in the database,
when the payee queries the delivery-status endpoint,
then the response must be HTTP 200 with status=PD_RTP_NOT_DELIVERED and
processingDate absent or null.
","390","Non-existent noticeNumber → PD_RTP_NOT_DELIVERED","functional-tests.tests.get_rtp","2026-08-05","passed","2026-08-05","","test_RTP_get_delivery_status","",""
"","2088","RTP is successfully cancelled with reason PAID","functional-tests.tests.cancel_rtp","2026-08-05","passed","2026-08-05","","test_RTP_cancel","",""
"","3386","Failed callback for invalid RTP transition - DS-08P RJCT compliant","functional-tests.tests.callbacks","2026-08-05","passed","2026-08-05","","test_RTP_callback_DS_08","",""
"Test sending a CREATE operation message via GPD message API","1776","A CREATE message is successfully sent through GPD message API","functional-tests.tests.process_messages_sender","2026-08-05","passed","2026-08-05","","test_RTP_process_sender","",""
"Each entry in ``INVALID_PAYER_IDS`` (see dataset docstring) must be rejected with 400.","379","The activation request must contain a validly formatted fiscal code","functional-tests.tests.activation","2026-08-05","passed","2026-08-05","","test_debtor_activation_create","",""
"Test that takeover fails when the service provider is unauthenticated","1127","Test Takeover Fails with Unauthenticated SP","functional-tests.tests.takeover","2026-08-05","passed","2026-08-05","","test_debtor_takeover","",""
"Each entry in ``INVALID_PAYER_IDS`` must be rejected with 400.

The ``description`` parameter appears in pytest output to identify which
case failed without having to inspect the raw value.
","394","Querying activation status with an invalid payerId format returns 400","functional-tests.tests.activation","2026-08-05","passed","2026-08-05","","test_debtor_activation_payer_status","",""
"","2129","DS_08P positive v2 callback with Version header returns 400","functional-tests.tests.callbacks_v2","2026-08-05","passed","2026-08-05","","test_RTP_callback_with_version_header","",""
"","372","malformed rtp_id → 400 Bad Request","functional-tests.tests.get_rtp","2026-08-05","passed","2026-08-05","","test_RTP_get","",""
"","1334","An RTP sent with synchronous acceptance is in status ACCEPTED - DS-05 ACTC - through Web API V2","functional-tests.tests.send_rtp","2026-08-05","passed","2026-08-05","","test_RTP_send_MOCK","",""
"","1259","An RTP sent when EPC response omits _links is in status ACCEPTED","functional-tests.tests.send_rtp","2026-08-05","passed","2026-08-05","","test_RTP_send_MOCK","",""
"","1105","Get payees consents with invalid consent value returns 400","functional-tests.tests.service_registry","2026-08-05","passed","2026-08-05","","test_get_payees_consents","",""
"Each entry in ``INVALID_PAYER_IDS`` (see dataset docstring) must be rejected with 400.","389","The activation request must contain a validly formatted fiscal code","functional-tests.tests.activation","2026-08-05","passed","2026-08-05","","test_debtor_activation_create","",""
"Each entry in ``INVALID_PAYER_IDS`` must be rejected with 400.

The ``description`` parameter appears in pytest output to identify which
case failed without having to inspect the raw value.
","372","Querying activation status with an invalid payerId format returns 400","functional-tests.tests.activation","2026-08-05","passed","2026-08-05","","test_debtor_activation_payer_status","",""
"","391","RTP cancellation fails if resource ID does not exist - V2","functional-tests.tests.cancel_rtp","2026-08-05","passed","2026-08-05","","test_RTP_cancel","",""
"","380","All auth fixtures expose a valid Bearer token format","functional-tests.tests.auth","2026-08-05","passed","2026-08-05","","test_auth","",""
"","428","Sending to non-activated debtor returns 422","functional-tests.tests.send_rtp","2026-08-05","passed","2026-08-05","","test_RTP_send_MOCK","",""
"","3196","An RTP is sent through CBI API","functional-tests.tests.availability","2026-08-05","passed","2026-08-05","","test_availability_CBI","",""
"","812","Deactivation fails for activation by another service provider","functional-tests.tests.activation","2026-08-05","passed","2026-08-05","","test_debtor_deactivation","",""
"","383","All auth fixtures expose a valid Bearer token format","functional-tests.tests.auth","2026-08-05","passed","2026-08-05","","test_auth","",""
"","471","Retrieving activation without valid token returns 401","functional-tests.tests.activation","2026-08-05","passed","2026-08-05","","test_debtor_activation_get","",""
"Test sending an UPDATE after CREATE VALID + DELETE with different statuses","1682","An UPDATE message with status INVALID after CREATE VALID and DELETE","functional-tests.tests.process_messages_sender","2026-08-05","passed","2026-08-05","","test_RTP_process_sender_UPDATE","",""
"Each entry in ``INVALID_PAYER_IDS`` must be rejected with 400.

The ``description`` parameter appears in pytest output to identify which
case failed without having to inspect the raw value.
","373","Querying activation status with an invalid payerId format returns 400","functional-tests.tests.activation","2026-08-05","passed","2026-08-05","","test_debtor_activation_payer_status","",""
"
Test RFC callback DS12N with wrong certificate identity, cancel via REST Web API.

Flow:
1. Activate payer
2. Send an RTP via GPD message (CREATE VALID)
3. Cancel the RTP via REST cancel endpoint with cancel_reason → RTP to RFC_SENT
4. Send DS12N callback with assignee_bic='FAKESP01' (doesn't match certificate identity MOCKSP04)
5. Verify callback is rejected with 403 (certificate mismatch)
","1684","Unauthorized RFC callback due to wrong certificate serial - through Web API cancel","functional-tests.tests.callbacks","2026-08-05","passed","2026-08-05","","test_RTP_callback_DS_12N","",""
"Querying activation status with an empty payerId must be rejected with 404.","358","Querying activation status with an empty payerId returns 404","functional-tests.tests.activation","2026-08-05","passed","2026-08-05","","test_debtor_activation_payer_status","",""
"Each entry in ``INVALID_PAYER_IDS`` must be rejected with 400.

The ``description`` parameter appears in pytest output to identify which
case failed without having to inspect the raw value.
","391","Querying activation status with an invalid payerId format returns 400","functional-tests.tests.activation","2026-08-05","passed","2026-08-05","","test_debtor_activation_payer_status","",""
"Active payer with omocodia fiscal code (digit substitution) → isActive must be true.","791","An active payer with omocodia fiscal code returns isActive true","functional-tests.tests.activation","2026-08-05","passed","2026-08-05","","test_debtor_activation_payer_status","",""
"
DS_12P CNCL RFC callback sent with the Version header must be rejected with 400.
The RTP must remain in RFC_SENT (transition to CANCELLED must not happen).

Flow:
1. Activate payer, send RTP, trigger cancel via GPD DELETE → RFC_SENT
2. Build a valid DS_12P CNCL payload
3. POST to RFC callback endpoint WITH Version header
4. Verify 400 is returned with the expected error body
5. Verify RTP status is still RFC_SENT
","2047","DS_12P CNCL RFC callback with Version header returns 400","functional-tests.tests.callbacks","2026-08-05","passed","2026-08-05","","test_RTP_callback_with_version_header","",""
"","390","RTP cancellation fails if resource ID does not exist","functional-tests.tests.cancel_rtp","2026-08-05","passed","2026-08-05","","test_RTP_cancel","",""
"","995","Get payees consents with negative page number returns 400","functional-tests.tests.service_registry","2026-08-05","passed","2026-08-05","","test_get_payees_consents","",""
"","773","A debtor with foreign fiscal code is activated and retrieved by activation id","functional-tests.tests.activation","2026-08-05","passed","2026-08-05","","test_debtor_activation_get","",""
"","1702","Unauthorized callback due to wrong certificate serial","functional-tests.tests.callbacks_v2","2026-08-05","passed","2026-08-05","","test_RTP_callback_DS_08N_negative","",""
"The response cannot be parsed as a cancellation confirmation (malformed, unquoted string), so the RTP stays in RFC_SENT rather than erroring out.","1837","Cancelling an RTP - EPC v4 mock unhappy path scenario: malformed_string","functional-tests.tests.cancel_rtp","2026-08-05","passed","2026-08-05","","test_RTP_cancel_MOCK_V2","",""
"","373","All auth fixtures expose a valid Bearer token format","functional-tests.tests.auth","2026-08-05","passed","2026-08-05","","test_auth","",""
"The PSP synchronously rejects the cancellation request with 422 (per standard behaviour for the EPC 404 Not Found scenario). The RTP then transitions to ERROR_CANCEL via ERROR_CANCEL_RTP.","1974","Cancelling an RTP - EPC v4 mock unhappy path scenario: epc_404","functional-tests.tests.cancel_rtp","2026-08-05","failed","2026-08-05","","test_RTP_cancel_MOCK_V2","",""
"
Payer activated under SP A.
Token with read_rtp_all can read across all Service Providers:
the admin client sub does not match SP A, yet isActive must be true.
","802","read_rtp_all role returns isActive true for a payer on any Service Provider","functional-tests.tests.activation","2026-08-05","passed","2026-08-05","","test_debtor_activation_payer_status","",""
"","2599","An RTP sent with synchronous rejection and missing _links results in status REJECTED - through Web API V2","functional-tests.tests.send_rtp","2026-08-05","passed","2026-08-05","","test_RTP_send_MOCK","",""
"
Verify that a debt position can be updated successfully.
","6169","Happy path: a debt position is updated in DEV environment","functional-tests.tests.gpd_availability","2026-08-05","passed","2026-08-05","","test_availability_GPD","",""
"The PSP synchronously rejects the cancellation request with 422 (per standard behaviour for the EPC 429 Too Many Requests scenario). The RTP then transitions to ERROR_CANCEL via ERROR_CANCEL_RTP.","5411","Cancelling an RTP - EPC v4 mock unhappy path scenario: epc_429","functional-tests.tests.cancel_rtp","2026-08-05","failed","2026-08-05","","test_RTP_cancel_MOCK_V2","",""
"","1802","An RTP sent with synchronous rejection and missing _links results in status REJECTED - through Web API","functional-tests.tests.send_rtp","2026-08-05","passed","2026-08-05","","test_RTP_send_MOCK","",""
"Test sending a CREATE operation message with a foreign fiscal code via GPD message API","864","A CREATE message with foreign fiscal code is successfully sent through GPD message API","functional-tests.tests.process_messages_sender","2026-08-05","passed","2026-08-05","","test_RTP_process_sender","",""
"","376","Failed callback for non existing Service Provider - DS-04b compliant","functional-tests.tests.callbacks","2026-08-05","passed","2026-08-05","","test_RTP_callback_DS_04","",""
"
SP A activates the payer.
SP B queries the status → must get isActive=false to avoid disclosing
that the payer is registered under a competitor SP.
","780","A payer active on a different Service Provider returns isActive false (privacy)","functional-tests.tests.activation","2026-08-05","passed","2026-08-05","","test_debtor_activation_payer_status","",""
"","371","A debtor service provider fails activation due to wrong service provider id","functional-tests.tests.activation","2026-08-05","passed","2026-08-05","","test_debtor_activation_list","",""
"","791","A debtor activated with an owned but distinct Service Provider ID is retrieved by payer id","functional-tests.tests.activation","2026-08-05","passed","2026-08-05","","test_debtor_activation_get","",""
"","2103","A v2 document RTP callback with invalid status is rejected without affecting the RTP status","functional-tests.tests.callbacks_v2","2026-08-05","passed","2026-08-05","","test_RTP_callback_DS_document_rjct","",""
"Test sending an UPDATE operation message with different statuses via GPD message API after a CREATE","1262","An UPDATE message with status PUBLISHED after CREATE","functional-tests.tests.process_messages_sender","2026-08-05","passed","2026-08-05","","test_RTP_process_sender_UPDATE","",""
"
Test RFC callback DS12P with INVALID status, cancel via REST Web API.

Flow:
1. Activate payer
2. Send an RTP via GPD message (CREATE VALID)
3. Cancel the RTP via REST cancel endpoint with cancel_reason → RTP to RFC_SENT
4. Send DS12P callback with CxlStsId INVALID
5. Verify callback is rejected with 400
6. Verify RTP status is still RFC_SENT
","2049","An RFC callback DS12P INVALID is rejected with 400 - through Web API cancel","functional-tests.tests.callbacks","2026-08-05","passed","2026-08-05","","test_RTP_callback_DS_12P","",""
"UPDATE PAID with psp_tax_code=None (invalid PSP) results in RTP state RFC_SENT","1295","An UPDATE PAID message with an invalid PSP results in RFC_SENT state","functional-tests.tests.process_messages_sender","2026-08-05","passed","2026-08-05","","test_RTP_process_sender_UPDATE","",""
"","385","inexistent RTP -> empty body","functional-tests.tests.get_rtp","2026-08-05","passed","2026-08-05","","test_RTP_get","",""
"
Test RFC callback DS12P with INVALID status, cancel via REST Web API.

Flow:
1. Activate payer
2. Send an RTP via GPD message (CREATE VALID)
3. Cancel the RTP via REST cancel endpoint with cancel_reason → RTP to RFC_SENT
4. Send DS12P callback with CxlStsId INVALID
5. Verify callback is rejected with 400
6. Verify RTP status is still RFC_SENT
","2089","An RFC callback DS12P INVALID is rejected with 400 - through Web API cancel","functional-tests.tests.callbacks","2026-08-05","passed","2026-08-05","","test_RTP_callback_DS_12P","",""
"
Test RFC callback DS12N with wrong certificate identity.

Flow:
1. Activate payer
2. Send an RTP via GPD message (CREATE VALID)
3. Cancel the RTP via GPD message (DELETE) → RTP to RFC_SENT
4. Send DS12N callback with assignee_bic='FAKESP01' (doesn't match certificate identity MOCKSP04)
5. Verify callback is rejected with 403 (certificate mismatch)
","1978","Unauthorized RFC callback due to wrong certificate serial","functional-tests.tests.callbacks","2026-08-05","passed","2026-08-05","","test_RTP_callback_DS_12N","",""
"","2968","DS_12P positive RFC v2 callback with Version header returns 400","functional-tests.tests.callbacks_v2","2026-08-05","passed","2026-08-05","","test_RTP_callback_with_version_header","",""
"","391","All auth fixtures expose a valid Bearer token format","functional-tests.tests.auth","2026-08-05","passed","2026-08-05","","test_auth","",""
"Each entry in ``INVALID_PAYER_IDS`` must be rejected with 400.

The ``description`` parameter appears in pytest output to identify which
case failed without having to inspect the raw value.
","374","Querying activation status with an invalid payerId format returns 400","functional-tests.tests.activation","2026-08-05","passed","2026-08-05","","test_debtor_activation_payer_status","",""
"
Test RFC callback DS12N with non-existing service provider, cancel via REST Web API.

Flow:
1. Activate payer
2. Send an RTP via GPD message (CREATE VALID)
3. Cancel the RTP via REST cancel endpoint with cancel_reason → RTP to RFC_SENT
4. Send DS12N callback with non-existing BIC (MOCKSP99)
5. Verify callback is rejected with 400 (service provider not found)
","1693","Failed RFC callback for non existing Service Provider - DS-12N RJCR compliant - through Web API cancel","functional-tests.tests.callbacks","2026-08-05","passed","2026-08-05","","test_RTP_callback_DS_12N","",""
