"DESCRIPTION","DURATION IN MS","NAME","PARENT SUITE","START TIME","STATUS","STOP TIME","SUB SUITE","SUITE","TEST CLASS","TEST METHOD"
"DS_08N RJCT callback sent twice on the same RTP (direct SENT -> REJECTED).

The second callback must be rejected with 400 since the transition is no
longer valid once the RTP is already REJECTED.
","3808","Failed v2 callback for invalid RTP transition - DS-08N negative compliant","functional-tests.tests.callbacks_v2","2026-08-25","passed","2026-08-25","","test_RTP_callback_DS_08N_negative","",""
"","1758","Unauthorized callback due to wrong certificate serial","functional-tests.tests.callbacks_v2","2026-08-25","passed","2026-08-25","","test_RTP_callback_DS_08N_negative","",""
"","1","Successful login","bdd-tests","2026-08-25","passed","2026-08-25","RTP_Web_Sending","RTP","",""
"Test sending an UPDATE operation message with different statuses via GPD message API after a CREATE","1271","An UPDATE message with status PUBLISHED after CREATE","functional-tests.tests.process_messages_sender","2026-08-25","passed","2026-08-25","","test_RTP_process_sender_UPDATE","",""
"Test sending an UPDATE after CREATE VALID + DELETE with different statuses","1698","An UPDATE message with status INVALID after CREATE VALID and DELETE","functional-tests.tests.process_messages_sender","2026-08-25","passed","2026-08-25","","test_RTP_process_sender_UPDATE","",""
"
DS_08N callback sent with the Version header must be rejected with 400.
The RTP must remain in SENT (transition to REJECTED must not happen).

Flow:
1. Activate payer and send an RTP → resource_id
2. Build a valid DS_08N payload referencing the RTP
3. POST to callback endpoint WITH Version header
4. Verify 400 is returned with the expected error body
5. Verify RTP status is still SENT
","1633","DS_08N callback with Version header returns 400","functional-tests.tests.callbacks","2026-08-25","passed","2026-08-25","","test_RTP_callback_with_version_header","",""
"Test sending an UPDATE after CREATE VALID + DELETE with different statuses","1801","An UPDATE message with status PAID after CREATE VALID and DELETE","functional-tests.tests.process_messages_sender","2026-08-25","passed","2026-08-25","","test_RTP_process_sender_UPDATE","",""
"","1410","Cannot send RTP with invalid amount","functional-tests.tests.availability","2026-08-25","passed","2026-08-25","","test_availability_CBI","",""
"The ownership check fails the same way whether the target spId belongs to someone else
or doesn't exist in the registry at all - NOEXIT00 is not a real Service Provider ID.","374","Activation is forbidden with the same error code for a Service Provider ID absent from the registry","functional-tests.tests.activation","2026-08-25","passed","2026-08-25","","test_debtor_activation_create","",""
"Test sending a CREATE operation message with different statuses via GPD message API","1022","A CREATE message with status PAID","functional-tests.tests.process_messages_sender","2026-08-25","passed","2026-08-25","","test_RTP_process_sender_CREATE","",""
"Test sending a DELETE operation message via GPD message API after a CREATE","1161","A DELETE message after CREATE PUBLISHED","functional-tests.tests.process_messages_sender","2026-08-25","passed","2026-08-25","","test_RTP_process_sender_DELETE","",""
"Test sending an UPDATE after CREATE VALID + DELETE with different statuses","1703","An UPDATE message with status PARTIALLY_PAID after CREATE VALID and DELETE","functional-tests.tests.process_messages_sender","2026-08-25","passed","2026-08-25","","test_RTP_process_sender_UPDATE","",""
"","372","Non-integer size returns 400","functional-tests.tests.activation","2026-08-25","passed","2026-08-25","","test_debtor_activation_list","",""
"Active payer identified by an 11-digit Partita IVA → isActive must be true.","1193","An active payer with VAT number (Partita IVA) returns isActive true","functional-tests.tests.activation","2026-08-25","passed","2026-08-25","","test_debtor_activation_payer_status","",""
"","777","Deactivation fails for activation by another service provider","functional-tests.tests.activation","2026-08-25","passed","2026-08-25","","test_debtor_deactivation","",""
"Payer that has never been activated → isActive must be false.","540","test_get_activation_status_not_active_payer","functional-tests.tests.activation","2026-08-25","passed","2026-08-25","","test_debtor_activation_payer_status","",""
"","1052","Get list of service providers successfully","functional-tests.tests.service_registry","2026-08-25","passed","2026-08-25","","test_service_registry_service_providers","",""
"Test the takeover flow where a user changes service provider","3316","Test Takeover Flow","functional-tests.tests.takeover","2026-08-25","passed","2026-08-25","","test_debtor_takeover","",""
"","1352","An RTP sent with synchronous rejection containing extra fields results in status SENT - through Web API V2","functional-tests.tests.send_rtp","2026-08-25","passed","2026-08-25","","test_RTP_send_MOCK","",""
"DS_08P ACCP callback sent directly on a SENT RTP (no prior DS_05 ACTC callback).

The RTP is expected to transition straight from SENT to USER_ACCEPTED.
","2729","A v2 RTP callback with status ACCP is successfully received without a prior DS_05 callback","functional-tests.tests.callbacks_v2","2026-08-25","passed","2026-08-25","","test_RTP_callback_DS_08P_positive","",""
"","375","Invalid pagination parameters returns 400","functional-tests.tests.activation","2026-08-25","passed","2026-08-25","","test_debtor_activation_list","",""
"","379","Invalid NextActivationId format returns 400","functional-tests.tests.activation","2026-08-25","passed","2026-08-25","","test_debtor_activation_list","",""
"Each entry in ``INVALID_PAYER_IDS`` (see dataset docstring) must be rejected with 400.","378","The activation request must contain a validly formatted fiscal code","functional-tests.tests.activation","2026-08-25","passed","2026-08-25","","test_debtor_activation_create","",""
"Each entry in ``INVALID_PAYER_IDS`` (see dataset docstring) must be rejected with 400.","394","The activation request must contain a validly formatted fiscal code","functional-tests.tests.activation","2026-08-25","passed","2026-08-25","","test_debtor_activation_create","",""
"
Tests that sending an RTP payload with an amount over the POSTE limit results in a 400 Bad Request response.

:param debtor_sp_mock_cert_key: Certificate and key tuple for mutual TLS authentication.
:type debtor_sp_mock_cert_key: Tuple[str, str]
","851","Cannot send RTP with an amount over the POSTE limit","functional-tests.tests.availability","2026-08-25","failed","2026-08-25","","test_availability_POSTE","",""
"Each entry in ``INVALID_PAYER_IDS`` must be rejected with 400.

The ``description`` parameter appears in pytest output to identify which
case failed without having to inspect the raw value.
","372","Querying activation status with an invalid payerId format returns 400","functional-tests.tests.activation","2026-08-25","passed","2026-08-25","","test_debtor_activation_payer_status","",""
"
Test RFC callback DS12P with wrong certificate identity, cancel via REST Web API.

Flow:
1. Activate payer
2. Send an RTP via GPD message (CREATE VALID)
3. Cancel the RTP via REST cancel endpoint with cancel_reason → RTP to RFC_SENT
4. Send DS12P callback with assignee_bic='FAKESP01' (doesn't match certificate identity MOCKSP04)
5. Verify callback is rejected with 403 (certificate mismatch)
","1677","Unauthorized RFC callback due to wrong certificate serial - through Web API cancel","functional-tests.tests.callbacks","2026-08-25","passed","2026-08-25","","test_RTP_callback_DS_12P","",""
"The response cannot be parsed as a cancellation confirmation (malformed, unquoted string), so the RTP stays in RFC_SENT rather than erroring out.","1861","Cancelling an RTP - EPC v4 mock unhappy path scenario: malformed_string","functional-tests.tests.cancel_rtp","2026-08-25","passed","2026-08-25","","test_RTP_cancel_MOCK_V2","",""
"","381","A debtor service provider fails activation due to wrong service provider id","functional-tests.tests.activation","2026-08-25","passed","2026-08-25","","test_debtor_activation_list","",""
"","3401","Failed callback for invalid RTP transition - DS-08N compliant","functional-tests.tests.callbacks","2026-08-25","passed","2026-08-25","","test_RTP_callback_DS_08","",""
"Test sending a DELETE operation message via GPD message API after a CREATE","1305","A DELETE message after CREATE PAID","functional-tests.tests.process_messages_sender","2026-08-25","passed","2026-08-25","","test_RTP_process_sender_DELETE","",""
"","2735","An RTP callback with status ACTC is successfully received","functional-tests.tests.callbacks","2026-08-25","passed","2026-08-25","","test_RTP_callback_DS_05","",""
"","781","Find by payer id returns 404 when the token subject does not own the activation's Service Provider ID","functional-tests.tests.activation","2026-08-25","passed","2026-08-25","","test_debtor_activation_get","",""
"Takeover without a previously issued OTP should fail","894","Test Takeover Fails without Prior OTP","functional-tests.tests.takeover","2026-08-25","passed","2026-08-25","","test_debtor_takeover","",""
"","868","A debtor is activated by an authenticated service provider","functional-tests.tests.activation","2026-08-25","passed","2026-08-25","","test_debtor_activation_create","",""
"`Sts.Conf = ""CNCL""` triggers CANCEL_RTP -> CONFIRM_RFC -> CANCEL_RTP_ACCR, ending in CANCELLED_ACCR.","2505","Cancelling an RTP - EPC v4 mock happy path scenario: cncl_confirmed","functional-tests.tests.cancel_rtp","2026-08-25","passed","2026-08-25","","test_RTP_cancel_MOCK_V2","",""
"","372","Retrieving activation with invalid UUID returns 400","functional-tests.tests.activation","2026-08-25","passed","2026-08-25","","test_debtor_activation_get","",""
"Each entry in ``INVALID_PAYER_IDS`` (see dataset docstring) must be rejected with 400.","375","The activation request must contain a validly formatted fiscal code","functional-tests.tests.activation","2026-08-25","passed","2026-08-25","","test_debtor_activation_create","",""
"","400","inexistent RTP -> empty body","functional-tests.tests.get_rtp","2026-08-25","passed","2026-08-25","","test_RTP_get","",""
"Each entry in ``INVALID_PAYER_IDS`` must be rejected with 400.

The ``description`` parameter appears in pytest output to identify which
case failed without having to inspect the raw value.
","372","Querying activation status with an invalid payerId format returns 400","functional-tests.tests.activation","2026-08-25","passed","2026-08-25","","test_debtor_activation_payer_status","",""
"
Test RFC callback DS12N with INVALID status, cancel via REST Web API.

Flow:
1. Activate payer
2. Send an RTP via GPD message (CREATE VALID)
3. Cancel the RTP via REST cancel endpoint with cancel_reason → RTP to RFC_SENT
4. Send DS12N callback with CxlStsId INVALID
5. Verify callback is rejected with 400
6. Verify RTP status is still RFC_SENT
","2068","An RFC callback DS12N INVALID is rejected with 400 - through Web API cancel","functional-tests.tests.callbacks","2026-08-25","passed","2026-08-25","","test_RTP_callback_DS_12N","",""
"","1091","An RTP is sent to Poste service with activated fiscal code","functional-tests.tests.send_rtp","2026-08-25","passed","2026-08-25","","test_RTP_send_POSTE","",""
"","820","A debtor activated with an owned but distinct Service Provider ID is retrieved by activation id","functional-tests.tests.activation","2026-08-25","passed","2026-08-25","","test_debtor_activation_get","",""
"Each entry in ``INVALID_PAYER_IDS`` must be rejected with 400.

The ``description`` parameter appears in pytest output to identify which
case failed without having to inspect the raw value.
","376","Querying activation status with an invalid payerId format returns 400","functional-tests.tests.activation","2026-08-25","passed","2026-08-25","","test_debtor_activation_payer_status","",""
"DS_08P ACCP callback sent twice on the same RTP (direct SENT -> USER_ACCEPTED).

The second callback must be rejected with 400 since the transition is no
longer valid once the RTP is already USER_ACCEPTED.
","3276","Failed v2 callback for invalid RTP transition - DS-08P positive compliant","functional-tests.tests.callbacks_v2","2026-08-25","passed","2026-08-25","","test_RTP_callback_DS_08P_positive","",""
"Test sending a CREATE operation message with different statuses via GPD message API","776","A CREATE message with status DRAFT","functional-tests.tests.process_messages_sender","2026-08-25","passed","2026-08-25","","test_RTP_process_sender_CREATE","",""
"","388","Non-existent NextActivationId returns 200 with empty body","functional-tests.tests.activation","2026-08-25","passed","2026-08-25","","test_debtor_activation_list","",""
"
Given a noticeNumber that does not correspond to any RTP in the database,
when the payee queries the delivery-status endpoint,
then the response must be HTTP 200 with status=PD_RTP_NOT_DELIVERED and
processingDate absent or null.
","395","Non-existent noticeNumber → PD_RTP_NOT_DELIVERED","functional-tests.tests.get_rtp","2026-08-25","passed","2026-08-25","","test_RTP_get_delivery_status","",""
"Same privacy rule as the cross-SP case: no explicit error, isActive is just false.","790","Get payer status returns isActive false when the token subject does not own the activation's Service Provider ID","functional-tests.tests.activation","2026-08-25","passed","2026-08-25","","test_debtor_activation_payer_status","",""
"","882","Get by activation id returns 404 when the token subject does not own the activation's Service Provider ID","functional-tests.tests.activation","2026-08-25","passed","2026-08-25","","test_debtor_activation_get","",""
"
Test RFC callback DS12P with CNCL status, cancel triggered via REST Web API with explicit reason.

Flow:
1. Activate payer
2. Send an RTP via GPD message (CREATE VALID)
3. Cancel the RTP via REST cancel endpoint with cancel_reason → RTP to RFC_SENT
4. Send DS12P callback with CxlStsId CNCL (Cancelled As Per Request)
5. Verify callback is accepted (200)
6. Verify RTP status is CANCELLED
","2690","An RFC callback DS12P CNCL is successfully received and RTP status is CANCEL - through Web API cancel","functional-tests.tests.callbacks","2026-08-25","passed","2026-08-25","","test_RTP_callback_DS_12P","",""
"
Tests the retrieval of an access token from the POSTE authentication endpoint using client credentials and mutual TLS.

:param debtor_sp_mock_cert_key: Certificate and key tuple for mutual TLS authentication.
:type debtor_sp_mock_cert_key: Tuple[str, str]
","423","Auth endpoint returns valid token","functional-tests.tests.availability","2026-08-25","passed","2026-08-25","","test_availability_POSTE","",""
"","567","A Service Provider tries to activates a debtor without having the correct credentials","bdd-tests","2026-08-25","passed","2026-08-25","Debtor_Activation","RTP","",""
"","1","A Service Provider is authenticated","functional-tests.tests.auth","2026-08-25","passed","2026-08-25","","test_auth","",""
"","386","Unauthorized callback due to wrong certificate serial","functional-tests.tests.callbacks","2026-08-25","passed","2026-08-25","","test_RTP_callback_DS_08","",""
"Test sending a DELETE operation message via GPD message API after a CREATE VALID + UPDATE","3116","A DELETE message after CREATE VALID + UPDATE PAID","functional-tests.tests.process_messages_sender","2026-08-25","passed","2026-08-25","","test_RTP_process_sender_DELETE","",""
"","391","missing token → 401 Unauthorized","functional-tests.tests.get_rtp","2026-08-25","passed","2026-08-25","","test_RTP_get","",""
"","1864","An RTP sent with synchronous rejection and missing _links results in status REJECTED - through Web API V2","functional-tests.tests.send_rtp","2026-08-25","passed","2026-08-25","","test_RTP_send_MOCK","",""
"Test sending an UPDATE operation message with different statuses via GPD message API after a CREATE","1276","An UPDATE message with status PARTIALLY_PAID after CREATE","functional-tests.tests.process_messages_sender","2026-08-25","passed","2026-08-25","","test_RTP_process_sender_UPDATE","",""
"","3034","An RTP is sent to ICCREA service with activated fiscal code - through Web API","functional-tests.tests.send_rtp","2026-08-25","failed","2026-08-25","","test_RTP_send_ICCREA","",""
"Test that takeover fails when the service provider is unauthenticated","1273","Test Takeover Fails with Unauthenticated SP","functional-tests.tests.takeover","2026-08-25","passed","2026-08-25","","test_debtor_takeover","",""
"","2884","Takeover fails with invalid OTP","bdd-tests","2026-08-25","passed","2026-08-25","Debtor_Activation_Takeover","RTP","",""
"","799","An RTP is sent to ICCREA service with activated fiscal code - through Web API V2","functional-tests.tests.send_rtp","2026-08-25","failed","2026-08-25","","test_RTP_send_ICCREA","",""
"Each entry in ``INVALID_PAYER_IDS`` (see dataset docstring) must be rejected with 400.","495","The activation request must contain a validly formatted fiscal code","functional-tests.tests.activation","2026-08-25","passed","2026-08-25","","test_debtor_activation_create","",""
"","2593","A v2 RTP callback with status ACCP is successfully received","functional-tests.tests.callbacks_v2","2026-08-25","passed","2026-08-25","","test_RTP_callback_DS_08P_positive","",""
"","1567","An authenticated Service Provider cannot send an RTP to an unactivated debtor","bdd-tests","2026-08-25","passed","2026-08-25","RTP_Sending","RTP","",""
"
DS_05 ACTC callback sent with the Version header must be rejected with 400.
The RTP must remain in SENT (transition to ACCEPTED must not happen).

Flow:
1. Activate payer and send an RTP → resource_id
2. Build a valid DS_05 ACTC payload referencing the RTP
3. POST to callback endpoint WITH Version header
4. Verify 400 is returned with the expected error body
5. Verify RTP status is still SENT
","1631","DS_05 ACTC callback with Version header returns 400","functional-tests.tests.callbacks","2026-08-25","passed","2026-08-25","","test_RTP_callback_with_version_header","",""
"","478","Get payees consents with wrong token type returns 403","functional-tests.tests.service_registry","2026-08-25","passed","2026-08-25","","test_get_payees_consents","",""
"","1269","An RTP sent with synchronous acceptance is in status ACCEPTED - DS-05 ACTC - through Web API","functional-tests.tests.send_rtp","2026-08-25","passed","2026-08-25","","test_RTP_send_MOCK","",""
"","1843","An RTP sent with synchronous rejection is in status REJECTED - DS-08P N - through Web API","functional-tests.tests.send_rtp","2026-08-25","passed","2026-08-25","","test_RTP_send_MOCK","",""
"An EPC response containing fields not declared in the OpenAPI spec is treated as an invalid message and is NOT tolerated for accept/reject purposes (confirmed with rtp-sender-v2 maintainers, PR #26). The extra `invalid-field` property invalidates the whole response, so the RJCR confirmation is not processed and the RTP stays in RFC_SENT.","1818","Cancelling an RTP - EPC v4 mock unhappy path scenario: rjcr_extra_field","functional-tests.tests.cancel_rtp","2026-08-25","passed","2026-08-25","","test_RTP_cancel_MOCK_V2","",""
"","362","Get payees consents with invalid authorization returns 401","functional-tests.tests.service_registry","2026-08-25","passed","2026-08-25","","test_get_payees_consents","",""
"Reusing the same OTP after a successful takeover should fail","1610","Test Takeover Fails with Reused OTP","functional-tests.tests.takeover","2026-08-25","passed","2026-08-25","","test_debtor_takeover","",""
"
Test RFC callback DS12N with INVALID status, cancel via REST Web API.

Flow:
1. Activate payer
2. Send an RTP via GPD message (CREATE VALID)
3. Cancel the RTP via REST cancel endpoint with cancel_reason → RTP to RFC_SENT
4. Send DS12N callback with CxlStsId INVALID
5. Verify callback is rejected with 400
6. Verify RTP status is still RFC_SENT
","2100","An RFC callback DS12N INVALID is rejected with 400 - through Web API cancel","functional-tests.tests.callbacks","2026-08-25","passed","2026-08-25","","test_RTP_callback_DS_12N","",""
"
Test RFC callback DS12P with non-existing service provider, cancel via REST Web API.

Flow:
1. Activate payer
2. Send an RTP via GPD message (CREATE VALID)
3. Cancel the RTP via REST cancel endpoint with cancel_reason → RTP to RFC_SENT
4. Send DS12P callback with non-existing BIC (MOCKSP99)
5. Verify callback is rejected with 400 (service provider not found)
","1699","Failed RFC callback for non existing Service Provider - DS-12P CNCL compliant - through Web API cancel","functional-tests.tests.callbacks","2026-08-25","passed","2026-08-25","","test_RTP_callback_DS_12P","",""
"","793","A debtor with omocodia fiscal code is activated successfully","functional-tests.tests.activation","2026-08-25","passed","2026-08-25","","test_debtor_activation_create","",""
"Each entry in ``INVALID_PAYER_IDS`` (see dataset docstring) must be rejected with 400.","374","The activation request must contain a validly formatted fiscal code","functional-tests.tests.activation","2026-08-25","passed","2026-08-25","","test_debtor_activation_create","",""
"
Test v2 RFC callback DS12N with wrong certificate identity.

Flow:
1. Activate payer
2. Send an RTP via GPD message v2 (CREATE VALID)
3. Cancel the RTP via GPD message v2 (DELETE) -> RTP to RFC_SENT
4. Send DS12N callback with assignee_bic='FAKESP01' (doesn't match certificate identity)
5. Verify callback is rejected with 403 (certificate mismatch)
6. Verify RTP status is still RFC_SENT
","2233","Unauthorized v2 RFC callback due to wrong certificate serial","functional-tests.tests.callbacks_v2","2026-08-25","passed","2026-08-25","","test_RTP_callback_DS_12N_negative","",""
"
Test v2 RFC callback DS12P with CNCL status applied twice on the same RTP.

Flow:
1. Activate payer
2. Send an RTP via GPD message v2 (CREATE VALID)
3. Cancel the RTP via GPD message v2 (DELETE) -> RTP to RFC_SENT
4. Send DS12P callback with CxlStsId CNCL (Cancelled As Per Request) -> RTP to CANCELLED
5. Send the same DS12P CNCL callback again on the already cancelled RTP
6. Verify the second callback is rejected (400) since the transition is no longer valid
7. Verify RTP status remains CANCELLED
","3061","Failed v2 RFC callback for invalid RTP transition - DS-12P positive compliant","functional-tests.tests.callbacks_v2","2026-08-25","passed","2026-08-25","","test_RTP_callback_DS_12P_positive","",""
"Test sending an UPDATE operation message with different statuses via GPD message API before a CREATE","789","An UPDATE message with status EXPIRED before CREATE","functional-tests.tests.process_messages_sender","2026-08-25","passed","2026-08-25","","test_RTP_process_sender_UPDATE_before_CREATE","",""
"","1244","A debtor is activated and retrieved by activation id","functional-tests.tests.activation","2026-08-25","passed","2026-08-25","","test_debtor_activation_get","",""
"
Test RFC callback DS12P with INVALID status, cancel via REST Web API.

Flow:
1. Activate payer
2. Send an RTP via GPD message (CREATE VALID)
3. Cancel the RTP via REST cancel endpoint with cancel_reason → RTP to RFC_SENT
4. Send DS12P callback with CxlStsId INVALID
5. Verify callback is rejected with 400
6. Verify RTP status is still RFC_SENT
","2086","An RFC callback DS12P INVALID is rejected with 400 - through Web API cancel","functional-tests.tests.callbacks","2026-08-25","passed","2026-08-25","","test_RTP_callback_DS_12P","",""
"Test sending a DELETE operation message via GPD message API after a CREATE","1412","A DELETE message after CREATE VALID","functional-tests.tests.process_messages_sender","2026-08-25","passed","2026-08-25","","test_RTP_process_sender_DELETE","",""
"","1691","Cannot send RTP with expired date","functional-tests.tests.availability","2026-08-25","passed","2026-08-25","","test_availability_CBI","",""
"
Test RFC callback DS12N with wrong certificate identity, cancel via REST Web API.

Flow:
1. Activate payer
2. Send an RTP via GPD message (CREATE VALID)
3. Cancel the RTP via REST cancel endpoint with cancel_reason → RTP to RFC_SENT
4. Send DS12N callback with assignee_bic='FAKESP01' (doesn't match certificate identity MOCKSP04)
5. Verify callback is rejected with 403 (certificate mismatch)
","2392","Unauthorized RFC callback due to wrong certificate serial - through Web API cancel","functional-tests.tests.callbacks","2026-08-25","passed","2026-08-25","","test_RTP_callback_DS_12N","",""
"The response body is not a recognizable cancellation confirmation (quoted plain string), so the RTP stays in RFC_SENT.","1843","Cancelling an RTP - EPC v4 mock happy path scenario: plain_string","functional-tests.tests.cancel_rtp","2026-08-25","passed","2026-08-25","","test_RTP_cancel_MOCK_V2","",""
"","2661","DS_12P positive RFC v2 callback with Version header returns 400","functional-tests.tests.callbacks_v2","2026-08-25","passed","2026-08-25","","test_RTP_callback_with_version_header","",""
"DS_08N RJCT callback sent directly on a SENT RTP (no prior DS_05 ACTC callback).

The RTP is expected to transition from SENT to REJECTED.
","3245","A v2 RTP callback with status RJCT is successfully received","functional-tests.tests.callbacks_v2","2026-08-25","passed","2026-08-25","","test_RTP_callback_DS_08N_negative","",""
"","1868","Unauthorized callback due to wrong certificate serial","functional-tests.tests.callbacks_v2","2026-08-25","passed","2026-08-25","","test_RTP_callback_DS_document_rjct","",""
"","389","Sending an RTP when EPC returns a malformed/invalid response body returns 500 - through Web API V2","functional-tests.tests.send_rtp","2026-08-25","failed","2026-08-25","","test_RTP_send_MOCK","",""
"","1338","An RTP sent when EPC response omits _links is in status ACCEPTED - through Web API V2","functional-tests.tests.send_rtp","2026-08-25","passed","2026-08-25","","test_RTP_send_MOCK","",""
"Test sending an UPDATE operation message with different statuses via GPD message API before a CREATE","796","An UPDATE message with status INVALID before CREATE","functional-tests.tests.process_messages_sender","2026-08-25","passed","2026-08-25","","test_RTP_process_sender_UPDATE_before_CREATE","",""
"
Test RFC callback DS12N with wrong certificate identity.

Flow:
1. Activate payer
2. Send an RTP via GPD message (CREATE VALID)
3. Cancel the RTP via GPD message (DELETE) → RTP to RFC_SENT
4. Send DS12N callback with assignee_bic='FAKESP01' (doesn't match certificate identity MOCKSP04)
5. Verify callback is rejected with 403 (certificate mismatch)
","2451","Unauthorized RFC callback due to wrong certificate serial","functional-tests.tests.callbacks","2026-08-25","passed","2026-08-25","","test_RTP_callback_DS_12N","",""
"","951","An RTP is sent through API - through Web API V2","functional-tests.tests.send_rtp","2026-08-25","passed","2026-08-25","","test_RTP_send_MOCK","",""
"","388","All auth fixtures expose a valid Bearer token format","functional-tests.tests.auth","2026-08-25","passed","2026-08-25","","test_auth","",""
"","386","The activation request must contain a validly formatted Service Provider ID","functional-tests.tests.activation","2026-08-25","passed","2026-08-25","","test_debtor_activation_create","",""
"","1608","An RTP sent when EPC response omits _links is in status ACCEPTED - through Web API","functional-tests.tests.send_rtp","2026-08-25","passed","2026-08-25","","test_RTP_send_MOCK","",""
"","1806","An RTP sent with synchronous rejection containing extra fields results in status REJECTED - through Web API","functional-tests.tests.send_rtp","2026-08-25","passed","2026-08-25","","test_RTP_send_MOCK","",""
"Each entry in ``INVALID_PAYER_IDS`` must be rejected with 400.

The ``description`` parameter appears in pytest output to identify which
case failed without having to inspect the raw value.
","380","Querying activation status with an invalid payerId format returns 400","functional-tests.tests.activation","2026-08-25","passed","2026-08-25","","test_debtor_activation_payer_status","",""
"","803","Sending a GPD message with null id returns 400","functional-tests.tests.send_rtp","2026-08-25","passed","2026-08-25","","test_RTP_send_MOCK","",""
"Each entry in ``INVALID_PAYER_IDS`` (see dataset docstring) must be rejected with 400.","394","The activation request must contain a validly formatted fiscal code","functional-tests.tests.activation","2026-08-25","passed","2026-08-25","","test_debtor_activation_create","",""
"","6951","RTP form cancellation with reason MODT","ux-tests.tests","2026-08-25","failed","2026-08-25","","test_RTP_cancel_v4","",""
"Test sending a CREATE operation message with an omocodia fiscal code via GPD message API","2348","A CREATE message with omocodia fiscal code is successfully sent through GPD message API","functional-tests.tests.process_messages_sender","2026-08-25","passed","2026-08-25","","test_RTP_process_sender","",""
"Each entry in ``INVALID_PAYER_IDS`` (see dataset docstring) must be rejected with 400.","382","The activation request must contain a validly formatted fiscal code","functional-tests.tests.activation","2026-08-25","passed","2026-08-25","","test_debtor_activation_create","",""
"Test sending an UPDATE operation message with different statuses via GPD message API after a CREATE","1313","An UPDATE message with status INVALID after CREATE","functional-tests.tests.process_messages_sender","2026-08-25","passed","2026-08-25","","test_RTP_process_sender_UPDATE","",""
"","2050","DS_document RJCT v2 callback with Version header returns 400","functional-tests.tests.callbacks_v2","2026-08-25","passed","2026-08-25","","test_RTP_callback_with_version_header","",""
"The PSP synchronously rejects the cancellation request with 422 (per standard behaviour for the EPC 400 Bad Request scenario). The RTP then transitions to ERROR_CANCEL via ERROR_CANCEL_RTP.","2408","Cancelling an RTP - EPC v4 mock unhappy path scenario: epc_400","functional-tests.tests.cancel_rtp","2026-08-25","passed","2026-08-25","","test_RTP_cancel_MOCK_V2","",""
"
Given a debtor is activated with the mock fiscal code that makes the debtor
service provider mock reply with a server error, when a GPD message (CREATE)
is sent via POST /gpd/message, then the rtp-sender fails to deliver the RTP
and records an ERROR_SEND_RTP event (RTP status becomes ERROR_SEND). When the
payee then queries the delivery-status endpoint with the matching noticeNumber
and payeeId, the response must be HTTP 200 with status=PD_RTP_NOT_DELIVERED
and processingDate absent or null.
","7631","RTP with ERROR_SEND_RTP event → PD_RTP_NOT_DELIVERED","functional-tests.tests.get_rtp","2026-08-25","failed","2026-08-25","","test_RTP_get_delivery_status","",""
"The PSP synchronously rejects the cancellation request with 422 (per standard behaviour for the EPC 415 Unsupported Media Type scenario). The RTP then transitions to ERROR_CANCEL via ERROR_CANCEL_RTP.","2884","Cancelling an RTP - EPC v4 mock unhappy path scenario: epc_415","functional-tests.tests.cancel_rtp","2026-08-25","passed","2026-08-25","","test_RTP_cancel_MOCK_V2","",""
"","3512","Attempt to cancel an already cancelled RTP","bdd-tests","2026-08-25","passed","2026-08-25","RTP_Cancellation","RTP","",""
"","1704","An RTP callback is received with invalid status","functional-tests.tests.callbacks","2026-08-25","passed","2026-08-25","","test_RTP_callback_DS_08","",""
"","781","A debtor with VAT number (Partita IVA) is activated successfully","functional-tests.tests.activation","2026-08-25","passed","2026-08-25","","test_debtor_activation_create","",""
"Test sending an UPDATE operation message with different statuses via GPD message API before a CREATE","1317","An UPDATE message with status PAID before CREATE","functional-tests.tests.process_messages_sender","2026-08-25","passed","2026-08-25","","test_RTP_process_sender_UPDATE_before_CREATE","",""
"","381","Sending an RTP when EPC returns a malformed/invalid response body returns 500","functional-tests.tests.send_rtp","2026-08-25","failed","2026-08-25","","test_RTP_send_MOCK","",""
"
SP A activates the payer.
SP B queries the status → must get isActive=false to avoid disclosing
that the payer is registered under a competitor SP.
","775","A payer active on a different Service Provider returns isActive false (privacy)","functional-tests.tests.activation","2026-08-25","passed","2026-08-25","","test_debtor_activation_payer_status","",""
"Test sending an UPDATE operation message with different statuses via GPD message API after a CREATE","1905","An UPDATE message with status PAID after CREATE","functional-tests.tests.process_messages_sender","2026-08-25","passed","2026-08-25","","test_RTP_process_sender_UPDATE","",""
"Each entry in ``INVALID_PAYER_IDS`` must be rejected with 400.

The ``description`` parameter appears in pytest output to identify which
case failed without having to inspect the raw value.
","376","Querying activation status with an invalid payerId format returns 400","functional-tests.tests.activation","2026-08-25","passed","2026-08-25","","test_debtor_activation_payer_status","",""
"","3551","An RTP callback is successfully received with status RJCT","functional-tests.tests.callbacks","2026-08-25","passed","2026-08-25","","test_RTP_callback_DS_08","",""
"Availability probe for takeover notification mock endpoint: expects 204 No Content","903","Test Takeover Notification Endpoint","functional-tests.tests.takeover","2026-08-25","passed","2026-08-25","","test_debtor_takeover","",""
"Each entry in ``INVALID_PAYER_IDS`` (see dataset docstring) must be rejected with 400.","499","The activation request must contain a validly formatted fiscal code","functional-tests.tests.activation","2026-08-25","passed","2026-08-25","","test_debtor_activation_create","",""
"Each entry in ``INVALID_PAYER_IDS`` must be rejected with 400.

The ``description`` parameter appears in pytest output to identify which
case failed without having to inspect the raw value.
","381","Querying activation status with an invalid payerId format returns 400","functional-tests.tests.activation","2026-08-25","passed","2026-08-25","","test_debtor_activation_payer_status","",""
"Querying activation status with an empty payerId must be rejected with 404.","482","Querying activation status with an empty payerId returns 404","functional-tests.tests.activation","2026-08-25","passed","2026-08-25","","test_debtor_activation_payer_status","",""
"Each entry in ``INVALID_PAYER_IDS`` must be rejected with 400.

The ``description`` parameter appears in pytest output to identify which
case failed without having to inspect the raw value.
","386","Querying activation status with an invalid payerId format returns 400","functional-tests.tests.activation","2026-08-25","passed","2026-08-25","","test_debtor_activation_payer_status","",""
"Payer activated under SP A queried by SP A → isActive must be true.","799","An active payer returns isActive true for the same Service Provider","functional-tests.tests.activation","2026-08-25","passed","2026-08-25","","test_debtor_activation_payer_status","",""
"","484","Sending to non-activated debtor returns 422 - through Web API","functional-tests.tests.send_rtp","2026-08-25","passed","2026-08-25","","test_RTP_send_MOCK","",""
"
DS_12P CNCL RFC callback sent with the Version header must be rejected with 400.
The RTP must remain in RFC_SENT (transition to CANCELLED must not happen).

Flow:
1. Activate payer, send RTP, trigger cancel via GPD DELETE → RFC_SENT
2. Build a valid DS_12P CNCL payload
3. POST to RFC callback endpoint WITH Version header
4. Verify 400 is returned with the expected error body
5. Verify RTP status is still RFC_SENT
","2018","DS_12P CNCL RFC callback with Version header returns 400","functional-tests.tests.callbacks","2026-08-25","passed","2026-08-25","","test_RTP_callback_with_version_header","",""
"","395","Get payees consents with negative page size returns 400","functional-tests.tests.service_registry","2026-08-25","passed","2026-08-25","","test_get_payees_consents","",""
"","4674","Failed callback for invalid RTP transition - DS-08P RJCT compliant","functional-tests.tests.callbacks","2026-08-25","passed","2026-08-25","","test_RTP_callback_DS_08","",""
"
Test RFC callback DS12N with INVALID status.

Flow:
1. Activate payer
2. Send an RTP via GPD message (CREATE VALID)
3. Cancel the RTP via GPD message (DELETE) → RTP to RFC_SENT
4. Send DS12N callback with CxlStsId INVALID
5. Verify callback is rejected with 400
6. Verify RTP status is still RFC_SENT
","2567","An RFC callback DS12N INVALID is rejected with 400","functional-tests.tests.callbacks","2026-08-25","passed","2026-08-25","","test_RTP_callback_DS_12N","",""
"Test sending an UPDATE operation message with different statuses via GPD message API before a CREATE","808","An UPDATE message with status DRAFT before CREATE","functional-tests.tests.process_messages_sender","2026-08-25","passed","2026-08-25","","test_RTP_process_sender_UPDATE_before_CREATE","",""
"","3502","Unauthorized callback due to wrong certificate serial","functional-tests.tests.callbacks_v2","2026-08-25","passed","2026-08-25","","test_RTP_callback_DS_08P_positive","",""
"","4198","RTP form is filled and submitted","ux-tests.tests","2026-08-25","passed","2026-08-25","","test_RTP_cancel_v3","",""
"
Send the same CREATE VALID message twice.

Because send_gpd_message derives the Idempotency-Key deterministically from
the message id (msg_id), reusing the same payload reuses the same key.

Expectations:
- Both calls return HTTP 200 (idempotent, not an error).
- The resourceId in both responses is identical, proving the API returned
  the cached response and did not process the message twice.
- Querying by notice number returns exactly one RTP, confirming that only
  one record was written to the database.
","1678","Two CREATE VALID messages with the same Idempotency-Key both succeed but only one RTP is stored","functional-tests.tests.process_messages_sender","2026-08-25","passed","2026-08-25","","test_RTP_process_sender_IDEMPOTENCY","",""
"UPDATE VALID before any CREATE creates a new RTP; the RTP must be retrievable from the database","2113","An UPDATE VALID before CREATE creates the RTP in the database","functional-tests.tests.process_messages_sender","2026-08-25","passed","2026-08-25","","test_RTP_process_sender_UPDATE_before_CREATE","",""
"","8288","RTP is successfully cancelled with reason PAID","functional-tests.tests.cancel_rtp","2026-08-25","passed","2026-08-25","","test_RTP_cancel","",""
"","1443","RTP is successfully retrieved","functional-tests.tests.get_rtp","2026-08-25","passed","2026-08-25","","test_RTP_get","",""
"Test sending a DELETE operation message via GPD message API after a CREATE VALID + UPDATE","2755","A DELETE message after CREATE VALID + UPDATE PARTIALLY_PAID","functional-tests.tests.process_messages_sender","2026-08-25","passed","2026-08-25","","test_RTP_process_sender_DELETE","",""
"","373","Sending an RTP when EPC returns a malformed/invalid response body returns 500 - through Web API","functional-tests.tests.send_rtp","2026-08-25","failed","2026-08-25","","test_RTP_send_MOCK","",""
"","796","Sending a GPD message with null operation returns 400","functional-tests.tests.send_rtp","2026-08-25","passed","2026-08-25","","test_RTP_send_MOCK","",""
"
Verify that a debt position can be updated successfully.
","7146","Happy path: a debt position is updated in DEV environment","functional-tests.tests.gpd_availability","2026-08-25","passed","2026-08-25","","test_availability_GPD","",""
"","4281","A debtor Service Provider successfully takes over an activation from another provider","bdd-tests","2026-08-25","passed","2026-08-25","Debtor_Activation_Takeover","RTP","",""
"","1692","RTP is successfully cancelled with reason MODT","functional-tests.tests.cancel_rtp","2026-08-25","passed","2026-08-25","","test_RTP_cancel","",""
"
Test RFC callback DS12P with non-existing service provider, cancel via REST Web API.

Flow:
1. Activate payer
2. Send an RTP via GPD message (CREATE VALID)
3. Cancel the RTP via REST cancel endpoint with cancel_reason → RTP to RFC_SENT
4. Send DS12P callback with non-existing BIC (MOCKSP99)
5. Verify callback is rejected with 400 (service provider not found)
","2298","Failed RFC callback for non existing Service Provider - DS-12P CNCL compliant - through Web API cancel","functional-tests.tests.callbacks","2026-08-25","passed","2026-08-25","","test_RTP_callback_DS_12P","",""
"","1858","SP_B cannot retrieve activation by Fiscal Code created by SP_A","functional-tests.tests.activation","2026-08-25","passed","2026-08-25","","test_RTP_activation_security","",""
"Test sending an UPDATE after CREATE VALID + DELETE with different statuses","1697","An UPDATE message with status DRAFT after CREATE VALID and DELETE","functional-tests.tests.process_messages_sender","2026-08-25","passed","2026-08-25","","test_RTP_process_sender_UPDATE","",""
"
Tests that sending an RTP payload with an expired date to the POSTE endpoint results in a 400 Bad Request response.

:param debtor_sp_mock_cert_key: Certificate and key tuple for mutual TLS authentication.
:type debtor_sp_mock_cert_key: Tuple[str, str]
","1214","Cannot send RTP with expired date","functional-tests.tests.availability","2026-08-25","failed","2026-08-25","","test_availability_POSTE","",""
"
Test RFC callback DS12N with wrong certificate identity, cancel via REST Web API.

Flow:
1. Activate payer
2. Send an RTP via GPD message (CREATE VALID)
3. Cancel the RTP via REST cancel endpoint with cancel_reason → RTP to RFC_SENT
4. Send DS12N callback with assignee_bic='FAKESP01' (doesn't match certificate identity MOCKSP04)
5. Verify callback is rejected with 403 (certificate mismatch)
","1716","Unauthorized RFC callback due to wrong certificate serial - through Web API cancel","functional-tests.tests.callbacks","2026-08-25","passed","2026-08-25","","test_RTP_callback_DS_12N","",""
"","895","A debtor is deactivated by an authenticated service provider","functional-tests.tests.activation","2026-08-25","passed","2026-08-25","","test_debtor_deactivation","",""
"","2237","A debtor Service Provider tries to activates a debtor 2 times, failing the second attempt","bdd-tests","2026-08-25","passed","2026-08-25","Debtor_Activation","RTP","",""
"","414","Get payees consents with invalid date format returns 400","functional-tests.tests.service_registry","2026-08-25","passed","2026-08-25","","test_get_payees_consents","",""
"
Verify that a debt position can be deleted successfully.
","2196","Happy path: a debt position is deleted in UAT environment","functional-tests.tests.gpd_availability","2026-08-25","passed","2026-08-25","","test_availability_GPD","",""
"","1279","RTP cancellation fails with an invalid reason","functional-tests.tests.cancel_rtp","2026-08-25","passed","2026-08-25","","test_RTP_cancel","",""
"UPDATE VALID with an ec_tax_code that does not exist in GPD returns 422 Payee not found","786","An UPDATE VALID message with a non-existent ec_tax_code is rejected","functional-tests.tests.process_messages_sender","2026-08-25","passed","2026-08-25","","test_RTP_process_sender_UPDATE","",""
"
Test v2 RFC callback DS12P with wrong certificate identity.

Flow:
1. Activate payer
2. Send an RTP via GPD message v2 (CREATE VALID)
3. Cancel the RTP via GPD message v2 (DELETE) -> RTP to RFC_SENT
4. Send DS12P callback with assignee_bic='FAKESP01' (doesn't match certificate identity)
5. Verify callback is rejected with 403 (certificate mismatch)
6. Verify RTP status is still RFC_SENT
","2351","Unauthorized v2 RFC callback due to wrong certificate serial","functional-tests.tests.callbacks_v2","2026-08-25","passed","2026-08-25","","test_RTP_callback_DS_12P_positive","",""
"
Test RFC callback DS12P with CNCL status, cancel triggered via REST Web API with explicit reason.

Flow:
1. Activate payer
2. Send an RTP via GPD message (CREATE VALID)
3. Cancel the RTP via REST cancel endpoint with cancel_reason → RTP to RFC_SENT
4. Send DS12P callback with CxlStsId CNCL (Cancelled As Per Request)
5. Verify callback is accepted (200)
6. Verify RTP status is CANCELLED
","2113","An RFC callback DS12P CNCL is successfully received and RTP status is CANCEL - through Web API cancel","functional-tests.tests.callbacks","2026-08-25","passed","2026-08-25","","test_RTP_callback_DS_12P","",""
"","2907","Failed callback for non compliant DS-04b payload","functional-tests.tests.callbacks","2026-08-25","passed","2026-08-25","","test_RTP_callback_DS_04","",""
"","2054","An RTP callback with invalid status is received and processed with success without affecting the RTP status","functional-tests.tests.callbacks","2026-08-25","passed","2026-08-25","","test_RTP_callback_DS_05","",""
"
Given a debtor is activated and a GPD message (CREATE) is sent via POST /gpd/message,
when the rtp-sender processes it and the RTP reaches status SENT,
when the payee queries the delivery-status endpoint with the correct noticeNumber
(nav) and payeeId (ec_tax_code),
then the response body must contain status=PD_RTP_DELIVERED, a non-null processingDate
in ISO 8601 format, and processingDate must match the SEND_RTP event timestamp from
the GPD message response (truncated to millisecond precision).
","7040","GPD message sent → RTP SENT → PD_RTP_DELIVERED with processingDate","functional-tests.tests.get_rtp","2026-08-25","failed","2026-08-25","","test_RTP_get_delivery_status","",""
"Each entry in ``INVALID_PAYER_IDS`` must be rejected with 400.

The ``description`` parameter appears in pytest output to identify which
case failed without having to inspect the raw value.
","413","Querying activation status with an invalid payerId format returns 400","functional-tests.tests.activation","2026-08-25","passed","2026-08-25","","test_debtor_activation_payer_status","",""
"","3360","A v2 redirect RTP callback with status ACTC is successfully received","functional-tests.tests.callbacks_v2","2026-08-25","passed","2026-08-25","","test_RTP_callback_DS_05_redirect","",""
"Each entry in ``INVALID_PAYER_IDS`` must be rejected with 400.

The ``description`` parameter appears in pytest output to identify which
case failed without having to inspect the raw value.
","386","Querying activation status with an invalid payerId format returns 400","functional-tests.tests.activation","2026-08-25","passed","2026-08-25","","test_debtor_activation_payer_status","",""
"","466","The service returns the mocked server error","functional-tests.tests.availability","2026-08-25","passed","2026-08-25","","test_availability_MOCK","",""
"MOCKSP04 owns MOCKSP01 as well as its own spId; activation must be allowed on either.","860","A debtor is activated using a Service Provider ID the token subject owns but does not itself represent","functional-tests.tests.activation","2026-08-25","passed","2026-08-25","","test_debtor_activation_create","",""
"","491","Unauthorized callback due to wrong certificate serial","functional-tests.tests.callbacks","2026-08-25","passed","2026-08-25","","test_RTP_callback_DS_04","",""
"
Verify that a debt position can be created and published successfully.
","630","Happy path: a debt position is created and published in DEV environment","functional-tests.tests.gpd_availability","2026-08-25","passed","2026-08-25","","test_availability_GPD","",""
"Test sending a DELETE operation message via GPD message API after a standalone UPDATE (no prior CREATE)","1188","A DELETE message after standalone UPDATE DRAFT","functional-tests.tests.process_messages_sender","2026-08-25","passed","2026-08-25","","test_RTP_process_sender_DELETE","",""
"","3863","Successfully cancel a Request to Pay","bdd-tests","2026-08-25","passed","2026-08-25","RTP_Cancellation","RTP","",""
"","792","A debtor with foreign fiscal code is activated successfully","functional-tests.tests.activation","2026-08-25","passed","2026-08-25","","test_debtor_activation_create","",""
"","1925","An RTP sent with synchronous rejection is in status REJECTED - DS-08P N","functional-tests.tests.send_rtp","2026-08-25","passed","2026-08-25","","test_RTP_send_MOCK","",""
"Test sending a CREATE operation message with an Italian VAT number via GPD message API","1485","A CREATE message with VAT number (Partita IVA) is successfully sent through GPD message API","functional-tests.tests.process_messages_sender","2026-08-25","passed","2026-08-25","","test_RTP_process_sender","",""
"","383","Get payees consents with negative page number returns 400","functional-tests.tests.service_registry","2026-08-25","passed","2026-08-25","","test_get_payees_consents","",""
"Each entry in ``INVALID_PAYER_IDS`` (see dataset docstring) must be rejected with 400.","394","The activation request must contain a validly formatted fiscal code","functional-tests.tests.activation","2026-08-25","failed","2026-08-25","","test_debtor_activation_create","",""
"Active payer with a foreign-country fiscal code (Z + 3 digits municipality) → isActive must be true.","809","An active payer with foreign fiscal code returns isActive true","functional-tests.tests.activation","2026-08-25","passed","2026-08-25","","test_debtor_activation_payer_status","",""
"Each entry in ``INVALID_PAYER_IDS`` must be rejected with 400.

The ``description`` parameter appears in pytest output to identify which
case failed without having to inspect the raw value.
","1133","Querying activation status with an invalid payerId format returns 400","functional-tests.tests.activation","2026-08-25","passed","2026-08-25","","test_debtor_activation_payer_status","",""
"The PSP synchronously rejects the cancellation request with 422 (per standard behaviour for the EPC 401 Unauthorized scenario). The RTP then transitions to ERROR_CANCEL via ERROR_CANCEL_RTP.","2416","Cancelling an RTP - EPC v4 mock unhappy path scenario: epc_401","functional-tests.tests.cancel_rtp","2026-08-25","passed","2026-08-25","","test_RTP_cancel_MOCK_V2","",""
"Test sending a CREATE operation message with different statuses via GPD message API","1557","A CREATE message with status PARTIALLY_PAID","functional-tests.tests.process_messages_sender","2026-08-25","passed","2026-08-25","","test_RTP_process_sender_CREATE","",""
"Each entry in ``INVALID_PAYER_IDS`` (see dataset docstring) must be rejected with 400.","927","The activation request must contain a validly formatted fiscal code","functional-tests.tests.activation","2026-08-25","passed","2026-08-25","","test_debtor_activation_create","",""
"","377","Get payees consents with invalid consent value returns 400","functional-tests.tests.service_registry","2026-08-25","passed","2026-08-25","","test_get_payees_consents","",""
"","3789","Failed v2 document callback for invalid RTP transition - DS-document RJCT compliant","functional-tests.tests.callbacks_v2","2026-08-25","passed","2026-08-25","","test_RTP_callback_DS_document_rjct","",""
"Test sending a DELETE operation message via GPD message API after a CREATE VALID + UPDATE","1779","A DELETE message after CREATE VALID + UPDATE INVALID","functional-tests.tests.process_messages_sender","2026-08-25","passed","2026-08-25","","test_RTP_process_sender_DELETE","",""
"","3266","Attempt to cancel a non-existing RTP","bdd-tests","2026-08-25","passed","2026-08-25","RTP_Cancellation","RTP","",""
"","1269","Retrieving activation with malformed payer id returns 400","functional-tests.tests.activation","2026-08-25","passed","2026-08-25","","test_debtor_activation_get","",""
"
DS_04b callback sent with the Version header must be rejected with 400.
The RTP state must be unchanged.

Flow:
1. Activate payer and send an RTP → resource_id
2. Capture current RTP status
3. Build a valid DS_04b payload referencing the RTP
4. POST to callback endpoint WITH Version header
5. Verify 400 is returned with the expected error body
6. Verify RTP status is unchanged
","1996","DS_04b callback with Version header returns 400","functional-tests.tests.callbacks","2026-08-25","passed","2026-08-25","","test_RTP_callback_with_version_header","",""
"","905","An RTP is sent to a CBI service with activated fiscal code","functional-tests.tests.send_rtp","2026-08-25","passed","2026-08-25","","test_RTP_send_CBI","",""
"","820","Get paginated list of OPT_OUT payees consents successfully","functional-tests.tests.service_registry","2026-08-25","passed","2026-08-25","","test_get_payees_consents","",""
"Test sending an UPDATE after CREATE VALID + DELETE with different statuses","1716","An UPDATE message with status EXPIRED after CREATE VALID and DELETE","functional-tests.tests.process_messages_sender","2026-08-25","passed","2026-08-25","","test_RTP_process_sender_UPDATE","",""
"","825","Auth endpoint returns valid token","functional-tests.tests.availability","2026-08-25","passed","2026-08-25","","test_availability_CBI","",""
"Each entry in ``INVALID_PAYER_IDS`` (see dataset docstring) must be rejected with 400.","383","The activation request must contain a validly formatted fiscal code","functional-tests.tests.activation","2026-08-25","passed","2026-08-25","","test_debtor_activation_create","",""
"","1137","Get a page of activations","functional-tests.tests.activation","2026-08-25","passed","2026-08-25","","test_debtor_activation_list","",""
"Test sending a DELETE operation message via GPD message API after a CREATE VALID + UPDATE","2121","A DELETE message after CREATE VALID + UPDATE DRAFT","functional-tests.tests.process_messages_sender","2026-08-25","passed","2026-08-25","","test_RTP_process_sender_DELETE","",""
"
Test RFC callback DS12N with non-existing service provider.

Flow:
1. Activate payer
2. Send an RTP via GPD message (CREATE VALID)
3. Cancel the RTP via GPD message (DELETE) → RTP to RFC_SENT
4. Send DS12N callback with non-existing BIC (MOCKSP99)
5. Verify callback is rejected with 400 (service provider not found)
","1697","Failed RFC callback for non existing Service Provider - DS-12N RJCR compliant","functional-tests.tests.callbacks","2026-08-25","passed","2026-08-25","","test_RTP_callback_DS_12N","",""
"
Test RFC callback DS12N with RJCR status, cancel triggered via REST Web API with explicit reason.

Flow:
1. Activate payer
2. Send an RTP via GPD message (CREATE VALID)
3. Cancel the RTP via REST cancel endpoint with cancel_reason → RTP to RFC_SENT
4. Send DS12N callback with CxlStsId RJCR (Rejected Cancellation Request)
5. Verify callback is accepted (200)
6. Verify RTP status is ERROR_CANCEL
","2646","An RFC callback DS12N RJCR is successfully received and RTP status is ERROR_CANCEL - through Web API cancel","functional-tests.tests.callbacks","2026-08-25","passed","2026-08-25","","test_RTP_callback_DS_12N","",""
"Empty OTP should be rejected","411","Test Takeover Fails with Empty OTP","functional-tests.tests.takeover","2026-08-25","passed","2026-08-25","","test_debtor_takeover","",""
"","1840","An RTP callback is received with invalid status","functional-tests.tests.callbacks","2026-08-25","passed","2026-08-25","","test_RTP_callback_DS_08","",""
"
Tests sending an RTP payload to the POSTE endpoint with valid data and authentication.

:param debtor_sp_mock_cert_key: Certificate and key tuple for mutual TLS authentication.
:type debtor_sp_mock_cert_key: Tuple[str, str]
","859","An RTP is sent through POSTE API","functional-tests.tests.availability","2026-08-25","passed","2026-08-25","","test_availability_POSTE","",""
"","2309","RTP form is filled and submitted","ux-tests.tests","2026-08-25","passed","2026-08-25","","test_RTP_cancel_v4","",""
"","1905","Takeover fails without authentication","bdd-tests","2026-08-25","passed","2026-08-25","Debtor_Activation_Takeover","RTP","",""
"
Verify that a debt position can be created and published successfully.
","409","Happy path: a debt position is created and published in UAT environment","functional-tests.tests.gpd_availability","2026-08-25","passed","2026-08-25","","test_availability_GPD","",""
"Test sending an UPDATE after CREATE VALID + DELETE with different statuses","2233","An UPDATE message with status VALID after CREATE VALID and DELETE","functional-tests.tests.process_messages_sender","2026-08-25","passed","2026-08-25","","test_RTP_process_sender_UPDATE","",""
"","374","All auth fixtures expose a valid Bearer token format","functional-tests.tests.auth","2026-08-25","passed","2026-08-25","","test_auth","",""
"","1953","Failed callback for non existing Service Provider - DS-08N negative compliant","functional-tests.tests.callbacks_v2","2026-08-25","passed","2026-08-25","","test_RTP_callback_DS_08N_negative","",""
"An EPC response containing fields not declared in the OpenAPI spec is treated as an invalid message and is NOT tolerated for accept/reject purposes (confirmed with rtp-sender-v2 maintainers, PR #26). The extra `invalid-field` property invalidates the whole response, so the CNCL confirmation is not processed and the RTP stays in RFC_SENT.","1787","Cancelling an RTP - EPC v4 mock unhappy path scenario: cncl_extra_field","functional-tests.tests.cancel_rtp","2026-08-25","passed","2026-08-25","","test_RTP_cancel_MOCK_V2","",""
"","406","Retrieving non-existent activation returns 404","functional-tests.tests.activation","2026-08-25","passed","2026-08-25","","test_debtor_activation_get","",""
"A valid token that carries neither read_rtp_activations nor read_rtp_all must be rejected with 403.","390","Token without read_rtp_activations or read_rtp_all role returns 403 Forbidden","functional-tests.tests.activation","2026-08-25","passed","2026-08-25","","test_debtor_activation_payer_status","",""
"The PSP synchronously rejects the cancellation request with 422 (per standard behaviour for the EPC 410 Gone scenario). The RTP then transitions to ERROR_CANCEL via ERROR_CANCEL_RTP.","3109","Cancelling an RTP - EPC v4 mock unhappy path scenario: epc_410","functional-tests.tests.cancel_rtp","2026-08-25","passed","2026-08-25","","test_RTP_cancel_MOCK_V2","",""
"","384","All auth fixtures expose a valid Bearer token format","functional-tests.tests.auth","2026-08-25","passed","2026-08-25","","test_auth","",""
"Each entry in ``INVALID_PAYER_IDS`` (see dataset docstring) must be rejected with 400.","377","The activation request must contain a validly formatted fiscal code","functional-tests.tests.activation","2026-08-25","passed","2026-08-25","","test_debtor_activation_create","",""
"","914","A second service provider triggers takeover when debtor is already active on another service provider","functional-tests.tests.activation","2026-08-25","passed","2026-08-25","","test_debtor_activation_create","",""
"","1945","A debtor Service Provider cannot send an RTP","bdd-tests","2026-08-25","passed","2026-08-25","RTP_Sending","RTP","",""
"","2092","DS_08P positive v2 callback with Version header returns 400","functional-tests.tests.callbacks_v2","2026-08-25","passed","2026-08-25","","test_RTP_callback_with_version_header","",""
"","376","Get payees consents with extreme page size returns 400","functional-tests.tests.service_registry","2026-08-25","passed","2026-08-25","","test_get_payees_consents","",""
"","382","Invalid pagination parameters returns 400","functional-tests.tests.activation","2026-08-25","passed","2026-08-25","","test_debtor_activation_list","",""
"Test sending a DELETE operation message via GPD message API after a CREATE VALID + UPDATE","1932","A DELETE message after CREATE VALID + UPDATE VALID","functional-tests.tests.process_messages_sender","2026-08-25","passed","2026-08-25","","test_RTP_process_sender_DELETE","",""
"DS_08N RJCT callback sent after a prior DS_05 ACTC callback.

The RTP is expected to transition from SENT to ACCEPTED, then to USER_REJECTED.
","3044","A v2 RTP callback with status RJCT after DS_05 transitions the RTP to USER_REJECTED","functional-tests.tests.callbacks_v2","2026-08-25","passed","2026-08-25","","test_RTP_callback_DS_08N_negative","",""
"","1508","An RTP is sent to a CBI service with activated fiscal code - through Web API V2","functional-tests.tests.send_rtp","2026-08-25","failed","2026-08-25","","test_RTP_send_CBI","",""
"Each entry in ``INVALID_PAYER_IDS`` must be rejected with 400.

The ``description`` parameter appears in pytest output to identify which
case failed without having to inspect the raw value.
","378","Querying activation status with an invalid payerId format returns 400","functional-tests.tests.activation","2026-08-25","failed","2026-08-25","","test_debtor_activation_payer_status","",""
"CREATE VALID with an ec_tax_code that does not exist in GPD returns 422 Payee not found","788","A CREATE VALID message with a non-existent ec_tax_code is rejected","functional-tests.tests.process_messages_sender","2026-08-25","passed","2026-08-25","","test_RTP_process_sender_CREATE","",""
"Each entry in ``INVALID_PAYER_IDS`` (see dataset docstring) must be rejected with 400.","375","The activation request must contain a validly formatted fiscal code","functional-tests.tests.activation","2026-08-25","passed","2026-08-25","","test_debtor_activation_create","",""
"Test sending a DELETE operation message via GPD message API after a standalone UPDATE (no prior CREATE)","1161","A DELETE message after standalone UPDATE PARTIALLY_PAID","functional-tests.tests.process_messages_sender","2026-08-25","passed","2026-08-25","","test_RTP_process_sender_DELETE","",""
"The PSP synchronously rejects the cancellation request with 422 (per standard behaviour for the EPC 422 Unprocessable Entity scenario). The RTP then transitions to ERROR_CANCEL via ERROR_CANCEL_RTP.","2590","Cancelling an RTP - EPC v4 mock unhappy path scenario: epc_422","functional-tests.tests.cancel_rtp","2026-08-25","passed","2026-08-25","","test_RTP_cancel_MOCK_V2","",""
"","385","Sending an RTP when EPC returns an unexpected status code error (RTP_05.CHK.A0007) returns 500 - through Web API","functional-tests.tests.send_rtp","2026-08-25","failed","2026-08-25","","test_RTP_send_MOCK","",""
"","381","Retrieving non-existent activation by payer id returns 404","functional-tests.tests.activation","2026-08-25","passed","2026-08-25","","test_debtor_activation_get","",""
"
Test v2 RFC callback DS12N with RJCR status.

Flow:
1. Activate payer
2. Send an RTP via GPD message v2 (CREATE VALID)
3. Cancel the RTP via GPD message v2 (DELETE) -> RTP to RFC_SENT
4. Send DS12N callback with CxlStsId RJCR (Rejected Cancellation Request)
5. Verify callback is accepted (200)
6. Verify RTP status is CANCELLED_REJECTED
","3084","A v2 RFC callback DS12N RJCR is successfully received and RTP status is CANCELLED_REJECTED","functional-tests.tests.callbacks_v2","2026-08-25","passed","2026-08-25","","test_RTP_callback_DS_12N_negative","",""
"
Test RFC callback DS12N with non-existing service provider, cancel via REST Web API.

Flow:
1. Activate payer
2. Send an RTP via GPD message (CREATE VALID)
3. Cancel the RTP via REST cancel endpoint with cancel_reason → RTP to RFC_SENT
4. Send DS12N callback with non-existing BIC (MOCKSP99)
5. Verify callback is rejected with 400 (service provider not found)
","1675","Failed RFC callback for non existing Service Provider - DS-12N RJCR compliant - through Web API cancel","functional-tests.tests.callbacks","2026-08-25","passed","2026-08-25","","test_RTP_callback_DS_12N","",""
"","369","Get payees with invalid authorization","functional-tests.tests.service_registry","2026-08-25","passed","2026-08-25","","test_service_registry_payees_registry","",""
"Test sending a DELETE operation message via GPD message API after a standalone UPDATE (no prior CREATE)","1176","A DELETE message after standalone UPDATE EXPIRED","functional-tests.tests.process_messages_sender","2026-08-25","passed","2026-08-25","","test_RTP_process_sender_DELETE","",""
"","2287","A v2 document RTP callback with status RJCT is successfully received","functional-tests.tests.callbacks_v2","2026-08-25","passed","2026-08-25","","test_RTP_callback_DS_document_rjct","",""
"Test sending a CREATE operation message with a foreign fiscal code via GPD message API","1155","A CREATE message with foreign fiscal code is successfully sent through GPD message API","functional-tests.tests.process_messages_sender","2026-08-25","passed","2026-08-25","","test_RTP_process_sender","",""
"Each entry in ``INVALID_PAYER_IDS`` (see dataset docstring) must be rejected with 400.","491","The activation request must contain a validly formatted fiscal code","functional-tests.tests.activation","2026-08-25","passed","2026-08-25","","test_debtor_activation_create","",""
"","5257","An RTP is sent to a CBI service with activated fiscal code - through Web API","functional-tests.tests.send_rtp","2026-08-25","passed","2026-08-25","","test_RTP_send_CBI","",""
"","3073","An authenticated creditor Service Provider can send an RTP to an activated debtor","bdd-tests","2026-08-25","passed","2026-08-25","RTP_Sending","RTP","",""
"Test sending an UPDATE after CREATE VALID + DELETE with different statuses","1681","An UPDATE message with status PUBLISHED after CREATE VALID and DELETE","functional-tests.tests.process_messages_sender","2026-08-25","passed","2026-08-25","","test_RTP_process_sender_UPDATE","",""
"","1333","An RTP sent when EPC response omits _links is in status ACCEPTED","functional-tests.tests.send_rtp","2026-08-25","passed","2026-08-25","","test_RTP_send_MOCK","",""
"","2321","Failed callback for non existing Service Provider - DS-document RJCT compliant","functional-tests.tests.callbacks_v2","2026-08-25","passed","2026-08-25","","test_RTP_callback_DS_document_rjct","",""
"
Verify that a debt position can be deleted successfully.
","2197","Happy path: a debt position is deleted in DEV environment","functional-tests.tests.gpd_availability","2026-08-25","passed","2026-08-25","","test_availability_GPD","",""
"","804","A debtor activated with an owned but distinct Service Provider ID is retrieved by payer id","functional-tests.tests.activation","2026-08-25","passed","2026-08-25","","test_debtor_activation_get","",""
"The PSP synchronously rejects the cancellation request with 422 (per standard behaviour for the EPC 404 Not Found scenario). The RTP then transitions to ERROR_CANCEL via ERROR_CANCEL_RTP.","2392","Cancelling an RTP - EPC v4 mock unhappy path scenario: epc_404","functional-tests.tests.cancel_rtp","2026-08-25","passed","2026-08-25","","test_RTP_cancel_MOCK_V2","",""
"Test sending a CREATE operation message with different statuses via GPD message API","874","A CREATE message with status INVALID","functional-tests.tests.process_messages_sender","2026-08-25","passed","2026-08-25","","test_RTP_process_sender_CREATE","",""
"","863","All auth fixtures expose a valid Bearer token format","functional-tests.tests.auth","2026-08-25","passed","2026-08-25","","test_auth","",""
"Each entry in ``INVALID_PAYER_IDS`` must be rejected with 400.

The ``description`` parameter appears in pytest output to identify which
case failed without having to inspect the raw value.
","376","Querying activation status with an invalid payerId format returns 400","functional-tests.tests.activation","2026-08-25","passed","2026-08-25","","test_debtor_activation_payer_status","",""
"OTP bound to payer1 should not work for payer2","1196","Test Takeover Fails with OTP Bound to Different Payer","functional-tests.tests.takeover","2026-08-25","passed","2026-08-25","","test_debtor_takeover","",""
"","1948","An RTP sent when EPC response contains an unknown field is ignored and remains in status SENT","functional-tests.tests.send_rtp","2026-08-25","passed","2026-08-25","","test_RTP_send_MOCK","",""
"Test sending a DELETE operation message via GPD message API after a CREATE","2010","A DELETE message after CREATE EXPIRED","functional-tests.tests.process_messages_sender","2026-08-25","passed","2026-08-25","","test_RTP_process_sender_DELETE","",""
"","2801","Failed callback for invalid RTP transition - DS-05 ACTC compliant","functional-tests.tests.callbacks","2026-08-25","passed","2026-08-25","","test_RTP_callback_DS_05","",""
"","405","Failed callback for non existing Service Provider - DS-08P compliant","functional-tests.tests.callbacks","2026-08-25","passed","2026-08-25","","test_RTP_callback_DS_08","",""
"
Test RFC callback DS12N with RJCR status, cancel triggered via REST Web API with explicit reason.

Flow:
1. Activate payer
2. Send an RTP via GPD message (CREATE VALID)
3. Cancel the RTP via REST cancel endpoint with cancel_reason → RTP to RFC_SENT
4. Send DS12N callback with CxlStsId RJCR (Rejected Cancellation Request)
5. Verify callback is accepted (200)
6. Verify RTP status is ERROR_CANCEL
","3241","An RFC callback DS12N RJCR is successfully received and RTP status is ERROR_CANCEL - through Web API cancel","functional-tests.tests.callbacks","2026-08-25","passed","2026-08-25","","test_RTP_callback_DS_12N","",""
"Test sending a DELETE operation message via GPD message API after a standalone UPDATE (no prior CREATE)","1391","A DELETE message after standalone UPDATE VALID","functional-tests.tests.process_messages_sender","2026-08-25","passed","2026-08-25","","test_RTP_process_sender_DELETE","",""
"
Test RFC callback DS12N with RJCR status.

Flow:
1. Activate payer
2. Send an RTP via GPD message (CREATE VALID)
3. Cancel the RTP via GPD message (DELETE) → RTP to RFC_SENT
4. Send DS12N callback with CxlStsId RJCR (Rejected Cancellation Request)
5. Verify callback is accepted (200)
6. Verify RTP status is ERROR_CANCEL
","2661","An RFC callback DS12N RJCR is successfully received and RTP status is ERROR_CANCEL","functional-tests.tests.callbacks","2026-08-25","passed","2026-08-25","","test_RTP_callback_DS_12N","",""
"
DS_12N RJCR RFC callback sent with the Version header must be rejected with 400.
The RTP must remain in RFC_SENT (transition to ERROR_CANCEL must not happen).

Flow:
1. Activate payer, send RTP, trigger cancel via GPD DELETE → RFC_SENT
2. Build a valid DS_12N RJCR payload
3. POST to RFC callback endpoint WITH Version header
4. Verify 400 is returned with the expected error body
5. Verify RTP status is still RFC_SENT
","2115","DS_12N RJCR RFC callback with Version header returns 400","functional-tests.tests.callbacks","2026-08-25","passed","2026-08-25","","test_RTP_callback_with_version_header","",""
"","2241","A v2 redirect RTP callback with invalid status is rejected without affecting the RTP status","functional-tests.tests.callbacks_v2","2026-08-25","passed","2026-08-25","","test_RTP_callback_DS_05_redirect","",""
"Test that takeover fails when an invalid OTP is provided","1399","Test Takeover Fails with Invalid OTP","functional-tests.tests.takeover","2026-08-25","passed","2026-08-25","","test_debtor_takeover","",""
"","382","malformed rtp_id → 400 Bad Request","functional-tests.tests.get_rtp","2026-08-25","passed","2026-08-25","","test_RTP_get","",""
"
Test RFC callback DS12P with wrong certificate identity, cancel via REST Web API.

Flow:
1. Activate payer
2. Send an RTP via GPD message (CREATE VALID)
3. Cancel the RTP via REST cancel endpoint with cancel_reason → RTP to RFC_SENT
4. Send DS12P callback with assignee_bic='FAKESP01' (doesn't match certificate identity MOCKSP04)
5. Verify callback is rejected with 403 (certificate mismatch)
","1705","Unauthorized RFC callback due to wrong certificate serial - through Web API cancel","functional-tests.tests.callbacks","2026-08-25","passed","2026-08-25","","test_RTP_callback_DS_12P","",""
"","2343","DS_08N negative v2 callback with Version header returns 400","functional-tests.tests.callbacks_v2","2026-08-25","passed","2026-08-25","","test_RTP_callback_with_version_header","",""
"","3932","Failed callback for invalid RTP transition - DS-08P ACCP compliant","functional-tests.tests.callbacks","2026-08-25","passed","2026-08-25","","test_RTP_callback_DS_08","",""
"Each entry in ``INVALID_PAYER_IDS`` must be rejected with 400.

The ``description`` parameter appears in pytest output to identify which
case failed without having to inspect the raw value.
","372","Querying activation status with an invalid payerId format returns 400","functional-tests.tests.activation","2026-08-25","passed","2026-08-25","","test_debtor_activation_payer_status","",""
"MOCKSP04 owns MOCKSP01 as well as its own spId; status must reflect the activation either way.","804","An active payer returns isActive true when activated under an owned but distinct Service Provider ID","functional-tests.tests.activation","2026-08-25","passed","2026-08-25","","test_debtor_activation_payer_status","",""
"","1925","An RTP sent with synchronous rejection is in status REJECTED - DS-08P N - through Web API V2","functional-tests.tests.send_rtp","2026-08-25","passed","2026-08-25","","test_RTP_send_MOCK","",""
"MOCKSP04 owns both its own spId and MOCKSP01; redeeming an OTP scoped to MOCKSP01 must
assign MOCKSP01 to the new activation, not MOCKSP04 (the redeemer's own tspId).","2736","Test Takeover Redemption Assigns the OTP's Owned Service Provider ID","functional-tests.tests.takeover","2026-08-25","passed","2026-08-25","","test_debtor_takeover","",""
"Test sending an UPDATE operation message with different statuses via GPD message API after a CREATE","1343","An UPDATE message with status EXPIRED after CREATE","functional-tests.tests.process_messages_sender","2026-08-25","passed","2026-08-25","","test_RTP_process_sender_UPDATE","",""
"Each entry in ``INVALID_PAYER_IDS`` (see dataset docstring) must be rejected with 400.","389","The activation request must contain a validly formatted fiscal code","functional-tests.tests.activation","2026-08-25","passed","2026-08-25","","test_debtor_activation_create","",""
"","1808","An RTP sent with synchronous rejection and missing _links results in status REJECTED - through Web API","functional-tests.tests.send_rtp","2026-08-25","passed","2026-08-25","","test_RTP_send_MOCK","",""
"","392","Find by payer id request must contain lower case fiscal code","functional-tests.tests.activation","2026-08-25","passed","2026-08-25","","test_debtor_activation_create","",""
"","2044","An RTP is sent through CBI API","functional-tests.tests.availability","2026-08-25","failed","2026-08-25","","test_availability_CBI","",""
"Each entry in ``INVALID_PAYER_IDS`` (see dataset docstring) must be rejected with 400.","374","The activation request must contain a validly formatted fiscal code","functional-tests.tests.activation","2026-08-25","passed","2026-08-25","","test_debtor_activation_create","",""
"Each entry in ``INVALID_PAYER_IDS`` must be rejected with 400.

The ``description`` parameter appears in pytest output to identify which
case failed without having to inspect the raw value.
","409","Querying activation status with an invalid payerId format returns 400","functional-tests.tests.activation","2026-08-25","passed","2026-08-25","","test_debtor_activation_payer_status","",""
"","998","An RTP is sent to Poste service with activated fiscal code - through Web API","functional-tests.tests.send_rtp","2026-08-25","passed","2026-08-25","","test_RTP_send_POSTE","",""
"Test sending a DELETE operation message via GPD message API after a CREATE","1684","A DELETE message after CREATE DRAFT","functional-tests.tests.process_messages_sender","2026-08-25","passed","2026-08-25","","test_RTP_process_sender_DELETE","",""
"Each entry in ``INVALID_PAYER_IDS`` (see dataset docstring) must be rejected with 400.","400","The activation request must contain a validly formatted fiscal code","functional-tests.tests.activation","2026-08-25","passed","2026-08-25","","test_debtor_activation_create","",""
"","1270","RTP cancellation fails with an invalid reason - V2","functional-tests.tests.cancel_rtp","2026-08-25","passed","2026-08-25","","test_RTP_cancel","",""
"","383","All auth fixtures expose a valid Bearer token format","functional-tests.tests.auth","2026-08-25","passed","2026-08-25","","test_auth","",""
"","2138","An RTP callback with status ACWC is successfully received","functional-tests.tests.callbacks","2026-08-25","passed","2026-08-25","","test_RTP_callback_DS_08","",""
"UPDATE PAID with psp_tax_code=None (invalid PSP) results in RTP state RFC_SENT","1316","An UPDATE PAID message with an invalid PSP results in RFC_SENT state","functional-tests.tests.process_messages_sender","2026-08-25","passed","2026-08-25","","test_RTP_process_sender_UPDATE","",""
"Test sending an UPDATE operation message with different statuses via GPD message API after a CREATE","1875","An UPDATE message with status DRAFT after CREATE","functional-tests.tests.process_messages_sender","2026-08-25","passed","2026-08-25","","test_RTP_process_sender_UPDATE","",""
"","793","Get paginated list of payees successfully","functional-tests.tests.service_registry","2026-08-25","passed","2026-08-25","","test_service_registry_payees_registry","",""
"The PSP synchronously rejects the cancellation request with 422 (per standard behaviour for the EPC 429 Too Many Requests scenario). The RTP then transitions to ERROR_CANCEL via ERROR_CANCEL_RTP.","9931","Cancelling an RTP - EPC v4 mock unhappy path scenario: epc_429","functional-tests.tests.cancel_rtp","2026-08-25","passed","2026-08-25","","test_RTP_cancel_MOCK_V2","",""
"","7005","RTP form cancellation with reason PAID","ux-tests.tests","2026-08-25","failed","2026-08-25","","test_RTP_cancel_v3","",""
"","1112","Whitespaces is allowed in description and company name field","ux-tests.tests","2026-08-25","passed","2026-08-25","","test_RTP_submission_v4","",""
"Parametrized contract test generated from the Send API OpenAPI spec.

Schemathesis derives one test case per endpoint defined in the spec, generating
request data (path params, query params, body) that is valid according to the schema.
Each case is executed against the live API and the response is validated with
CONTRACT_CHECKS.

An additional assertion verifies that the Location header is present on 201 responses
from POST /rtps, as required by the spec.
","195629","test_send_api_contract[POST /gpd/message]","contract-tests.tests","2026-08-25","passed","2026-08-25","","test_api_send_rtp","",""
"Test sending a DELETE operation message via GPD message API after a CREATE VALID + UPDATE","2033","A DELETE message after CREATE VALID + UPDATE EXPIRED","functional-tests.tests.process_messages_sender","2026-08-25","passed","2026-08-25","","test_RTP_process_sender_DELETE","",""
"
Test v2 RFC callback DS12N with INVALID status.

Flow:
1. Activate payer
2. Send an RTP via GPD message v2 (CREATE VALID)
3. Cancel the RTP via GPD message v2 (DELETE) -> RTP to RFC_SENT
4. Send DS12N callback with CxlStsId INVALID
5. Verify callback is rejected with 400
6. Verify RTP status is still RFC_SENT
","3322","A v2 RFC callback DS12N INVALID is rejected with 400","functional-tests.tests.callbacks_v2","2026-08-25","passed","2026-08-25","","test_RTP_callback_DS_12N_negative","",""
"","782","Deactivation returns 404 when the token subject does not own the activation's Service Provider ID","functional-tests.tests.activation","2026-08-25","passed","2026-08-25","","test_debtor_deactivation","",""
"Test sending a DELETE operation message via GPD message API after a standalone UPDATE (no prior CREATE)","1178","A DELETE message after standalone UPDATE PUBLISHED","functional-tests.tests.process_messages_sender","2026-08-25","passed","2026-08-25","","test_RTP_process_sender_DELETE","",""
"Test sending a CREATE operation message with different statuses via GPD message API","1520","A CREATE message with status VALID","functional-tests.tests.process_messages_sender","2026-08-25","passed","2026-08-25","","test_RTP_process_sender_CREATE","",""
"","374","All auth fixtures expose a valid Bearer token format","functional-tests.tests.auth","2026-08-25","passed","2026-08-25","","test_auth","",""
"","1781","Unauthorized callback due to wrong certificate serial","functional-tests.tests.callbacks_v2","2026-08-25","passed","2026-08-25","","test_RTP_callback_DS_05_redirect","",""
"
Test RFC callback DS12P with CNCL status applied twice on the same RTP.

Flow:
1. Activate payer
2. Send an RTP via GPD message (CREATE VALID)
3. Cancel the RTP via GPD message (DELETE) -> RTP to RFC_SENT
4. Send DS12P callback with CxlStsId CNCL (Cancelled As Per Request) -> RTP to CANCELLED
5. Send the same DS12P CNCL callback again on the already cancelled RTP
6. Verify the second callback is rejected (400) since the transition is no longer valid
7. Verify RTP status remains CANCELLED
","2892","Failed RFC callback for invalid RTP transition - DS-12P CNCL compliant","functional-tests.tests.callbacks","2026-08-25","passed","2026-08-25","","test_RTP_callback_DS_12P","",""
"","2749","A v2 document RTP callback with invalid status is rejected without affecting the RTP status","functional-tests.tests.callbacks_v2","2026-08-25","passed","2026-08-25","","test_RTP_callback_DS_document_rjct","",""
"
Test RFC callback DS12P with non-existing service provider.

Flow:
1. Activate payer
2. Send an RTP via GPD message (CREATE VALID)
3. Cancel the RTP via GPD message (DELETE) → RTP to RFC_SENT
4. Send DS12P callback with non-existing BIC (MOCKSP99)
5. Verify callback is rejected with 400 (service provider not found)
","1727","Failed RFC callback for non existing Service Provider - DS-12P CNCL compliant","functional-tests.tests.callbacks","2026-08-25","passed","2026-08-25","","test_RTP_callback_DS_12P","",""
"Test sending a DELETE operation message via GPD message API after a standalone UPDATE (no prior CREATE)","1177","A DELETE message after standalone UPDATE PAID","functional-tests.tests.process_messages_sender","2026-08-25","passed","2026-08-25","","test_RTP_process_sender_DELETE","",""
"Test sending a DELETE operation message via GPD message API after a CREATE","1211","A DELETE message after CREATE INVALID","functional-tests.tests.process_messages_sender","2026-08-25","passed","2026-08-25","","test_RTP_process_sender_DELETE","",""
"","2459","An authenticated Service Provider cannot send an RTP to an activated debtor","bdd-tests","2026-08-25","passed","2026-08-25","RTP_Sending","RTP","",""
"","9878","RTP form cancellation with reason PAID","ux-tests.tests","2026-08-25","failed","2026-08-25","","test_RTP_cancel_v4","",""
"Each entry in ``INVALID_PAYER_IDS`` (see dataset docstring) must be rejected with 400.","381","The activation request must contain a validly formatted fiscal code","functional-tests.tests.activation","2026-08-25","passed","2026-08-25","","test_debtor_activation_create","",""
"Active payer with omocodia fiscal code (digit substitution) → isActive must be true.","1418","An active payer with omocodia fiscal code returns isActive true","functional-tests.tests.activation","2026-08-25","passed","2026-08-25","","test_debtor_activation_payer_status","",""
"
Test v2 RFC callback DS12N with RJCR status applied twice on the same RTP.

Flow:
1. Activate payer
2. Send an RTP via GPD message v2 (CREATE VALID)
3. Cancel the RTP via GPD message v2 (DELETE) -> RTP to RFC_SENT
4. Send DS12N callback with CxlStsId RJCR (Rejected Cancellation Request) -> RTP to CANCELLED_REJECTED
5. Send the same DS12N RJCR callback again on the already transitioned RTP
6. Verify the second callback is rejected (400) since the transition is no longer valid
7. Verify RTP status remains CANCELLED_REJECTED
","3679","Failed v2 RFC callback for invalid RTP transition - DS-12N negative compliant","functional-tests.tests.callbacks_v2","2026-08-25","passed","2026-08-25","","test_RTP_callback_DS_12N_negative","",""
"Test sending an UPDATE operation message with different statuses via GPD message API before a CREATE","894","An UPDATE message with status VALID before CREATE","functional-tests.tests.process_messages_sender","2026-08-25","passed","2026-08-25","","test_RTP_process_sender_UPDATE_before_CREATE","",""
"
Test v2 RFC callback DS12N with non-existing service provider.

Flow:
1. Activate payer
2. Send an RTP via GPD message v2 (CREATE VALID)
3. Cancel the RTP via GPD message v2 (DELETE) -> RTP to RFC_SENT
4. Send DS12N callback with non-existing BIC (MOCKSP99)
5. Verify callback is rejected with 400 (service provider not found)
6. Verify RTP status is still RFC_SENT
","2276","Failed v2 RFC callback for non existing Service Provider - DS-12N negative compliant","functional-tests.tests.callbacks_v2","2026-08-25","passed","2026-08-25","","test_RTP_callback_DS_12N_negative","",""
"Each entry in ``INVALID_PAYER_IDS`` (see dataset docstring) must be rejected with 400.","491","The activation request must contain a validly formatted fiscal code","functional-tests.tests.activation","2026-08-25","passed","2026-08-25","","test_debtor_activation_create","",""
"","373","All auth fixtures expose a valid Bearer token format","functional-tests.tests.auth","2026-08-25","passed","2026-08-25","","test_auth","",""
"Test sending a DELETE operation message via GPD message API after a CREATE","1311","A DELETE message after CREATE PARTIALLY_PAID","functional-tests.tests.process_messages_sender","2026-08-25","passed","2026-08-25","","test_RTP_process_sender_DELETE","",""
"","389","Deactivation fails for non-existing activation","functional-tests.tests.activation","2026-08-25","passed","2026-08-25","","test_debtor_deactivation","",""
"Test sending a CREATE operation message via GPD message API","1604","A CREATE message is successfully sent through GPD message API","functional-tests.tests.process_messages_sender","2026-08-25","passed","2026-08-25","","test_RTP_process_sender","",""
"FAKESP01 does not own MOCKSP01, a Service Provider ID owned by another tspId.","384","Activation is forbidden for a Service Provider ID not owned by the token subject","functional-tests.tests.activation","2026-08-25","passed","2026-08-25","","test_debtor_activation_create","",""
"No `Sts.Conf` confirmation is present (minimal JSON without Sts), so only CANCEL_RTP is triggered and the RTP stays in RFC_SENT.","2643","Cancelling an RTP - EPC v4 mock happy path scenario: minimal_json","functional-tests.tests.cancel_rtp","2026-08-25","passed","2026-08-25","","test_RTP_cancel_MOCK_V2","",""
"
Verify that a debt position can be updated successfully.
","6162","Happy path: a debt position is updated in UAT environment","functional-tests.tests.gpd_availability","2026-08-25","passed","2026-08-25","","test_availability_GPD","",""
"","991","An RTP is sent to ICCREA service with activated fiscal code","functional-tests.tests.send_rtp","2026-08-25","passed","2026-08-25","","test_RTP_send_ICCREA","",""
"
Payer activated under SP A.
- SP B (read_rtp_activations): isActive must be false - privacy rule hides cross-SP activation.
- Admin (read_rtp_all): isActive must be true - role grants visibility across all SPs.
Same payer, same endpoint, different roles → different results.
","1709","read_rtp_all role returns isActive true while read_rtp_activations returns false for the same cross-SP payer","functional-tests.tests.activation","2026-08-25","passed","2026-08-25","","test_debtor_activation_payer_status","",""
"Test sending a CREATE operation message with different statuses via GPD message API","789","A CREATE message with status EXPIRED","functional-tests.tests.process_messages_sender","2026-08-25","passed","2026-08-25","","test_RTP_process_sender_CREATE","",""
"","780","A debtor with omocodia fiscal code is activated and retrieved by activation id","functional-tests.tests.activation","2026-08-25","passed","2026-08-25","","test_debtor_activation_get","",""
"Test sending a DELETE operation message via GPD message API after a standalone UPDATE (no prior CREATE)","1196","A DELETE message after standalone UPDATE INVALID","functional-tests.tests.process_messages_sender","2026-08-25","passed","2026-08-25","","test_RTP_process_sender_DELETE","",""
"","2102","DS_05 redirect v2 callback with Version header returns 400","functional-tests.tests.callbacks_v2","2026-08-25","passed","2026-08-25","","test_RTP_callback_with_version_header","",""
"
Test RFC callback DS12P with CNCL status.

Flow:
1. Activate payer
2. Send an RTP via GPD message (CREATE VALID)
3. Cancel the RTP via GPD message (DELETE) → RTP to RFC_SENT
4. Send DS12P callback with CxlStsId CNCL (Cancelled As Per Request)
5. Verify callback is accepted (200)
6. Verify RTP status is CANCELLED
","2139","An RFC callback DS12P CNCL is successfully received and RTP status is CANCEL","functional-tests.tests.callbacks","2026-08-25","passed","2026-08-25","","test_RTP_callback_DS_12P","",""
"","375","A Service Provider with invalid client secret is not authenticated on Keycloak","functional-tests.tests.auth","2026-08-25","passed","2026-08-25","","test_auth","",""
"Test sending a CREATE operation message with different statuses via GPD message API","905","A CREATE message with status PUBLISHED","functional-tests.tests.process_messages_sender","2026-08-25","passed","2026-08-25","","test_RTP_process_sender_CREATE","",""
"Each entry in ``INVALID_PAYER_IDS`` must be rejected with 400.

The ``description`` parameter appears in pytest output to identify which
case failed without having to inspect the raw value.
","381","Querying activation status with an invalid payerId format returns 400","functional-tests.tests.activation","2026-08-25","passed","2026-08-25","","test_debtor_activation_payer_status","",""
"","3752","A v2 RTP callback with invalid status is rejected without affecting the RTP status","functional-tests.tests.callbacks_v2","2026-08-25","passed","2026-08-25","","test_RTP_callback_DS_08P_positive","",""
"","1160","An RTP is sent through GPD message API","functional-tests.tests.send_rtp","2026-08-25","passed","2026-08-25","","test_RTP_send_MOCK","",""
"","383","Sending an RTP when EPC returns an unexpected status code error (RTP_05.CHK.A0007) returns 500","functional-tests.tests.send_rtp","2026-08-25","failed","2026-08-25","","test_RTP_send_MOCK","",""
"","3843","RTP form is filled and submitted","ux-tests.tests","2026-08-25","passed","2026-08-25","","test_RTP_submission_v3","",""
"","445","Sending to non-activated debtor returns 422 - through Web API V2","functional-tests.tests.send_rtp","2026-08-25","passed","2026-08-25","","test_RTP_send_MOCK","",""
"Each entry in ``INVALID_PAYER_IDS`` must be rejected with 400.

The ``description`` parameter appears in pytest output to identify which
case failed without having to inspect the raw value.
","391","Querying activation status with an invalid payerId format returns 400","functional-tests.tests.activation","2026-08-25","passed","2026-08-25","","test_debtor_activation_payer_status","",""
"","3411","An RTP callback is successfully received with status ACCP","functional-tests.tests.callbacks","2026-08-25","passed","2026-08-25","","test_RTP_callback_DS_08","",""
"Each entry in ``INVALID_PAYER_IDS`` must be rejected with 400.

The ``description`` parameter appears in pytest output to identify which
case failed without having to inspect the raw value.
","381","Querying activation status with an invalid payerId format returns 400","functional-tests.tests.activation","2026-08-25","passed","2026-08-25","","test_debtor_activation_payer_status","",""
"","781","A debtor with VAT number is activated and retrieved by activation id","functional-tests.tests.activation","2026-08-25","passed","2026-08-25","","test_debtor_activation_get","",""
"
Test RFC callback DS12P with INVALID status.

Flow:
1. Activate payer
2. Send an RTP via GPD message (CREATE VALID)
3. Cancel the RTP via GPD message (DELETE) → RTP to RFC_SENT
4. Send DS12P callback with CxlStsId INVALID
5. Verify callback is rejected with 400
6. Verify RTP status is still RFC_SENT
","2056","An RFC callback DS12P INVALID is rejected with 400","functional-tests.tests.callbacks","2026-08-25","passed","2026-08-25","","test_RTP_callback_DS_12P","",""
"","383","The activation request must contain a Service Provider ID of valid length","functional-tests.tests.activation","2026-08-25","passed","2026-08-25","","test_debtor_activation_create","",""
"
Test RFC callback DS12P with INVALID status, cancel via REST Web API.

Flow:
1. Activate payer
2. Send an RTP via GPD message (CREATE VALID)
3. Cancel the RTP via REST cancel endpoint with cancel_reason → RTP to RFC_SENT
4. Send DS12P callback with CxlStsId INVALID
5. Verify callback is rejected with 400
6. Verify RTP status is still RFC_SENT
","2065","An RFC callback DS12P INVALID is rejected with 400 - through Web API cancel","functional-tests.tests.callbacks","2026-08-25","passed","2026-08-25","","test_RTP_callback_DS_12P","",""
"","379","Unauthorized request returns 401","functional-tests.tests.activation","2026-08-25","passed","2026-08-25","","test_debtor_activation_list","",""
"The mock policy falls back to its default `{}` response when no notice number matches, so the RTP stays in RFC_SENT.","1796","Cancelling an RTP - EPC v4 mock happy path scenario: no_match_fallback","functional-tests.tests.cancel_rtp","2026-08-25","passed","2026-08-25","","test_RTP_cancel_MOCK_V2","",""
"No `Sts.Conf` confirmation is present (Sts block omitted entirely), so only CANCEL_RTP is triggered and the RTP stays in RFC_SENT.","2366","Cancelling an RTP - EPC v4 mock happy path scenario: no_sts_block","functional-tests.tests.cancel_rtp","2026-08-25","passed","2026-08-25","","test_RTP_cancel_MOCK_V2","",""
"Test sending an UPDATE operation message with different statuses via GPD message API before a CREATE","984","An UPDATE message with status PUBLISHED before CREATE","functional-tests.tests.process_messages_sender","2026-08-25","passed","2026-08-25","","test_RTP_process_sender_UPDATE_before_CREATE","",""
"
Test v2 RFC callback DS12P with INVALID status.

Flow:
1. Activate payer
2. Send an RTP via GPD message v2 (CREATE VALID)
3. Cancel the RTP via GPD message v2 (DELETE) -> RTP to RFC_SENT
4. Send DS12P callback with CxlStsId INVALID
5. Verify callback is rejected with 400
6. Verify RTP status is still RFC_SENT
","2913","A v2 RFC callback DS12P INVALID is rejected with 400","functional-tests.tests.callbacks_v2","2026-08-25","passed","2026-08-25","","test_RTP_callback_DS_12P_positive","",""
"
Test RFC callback DS12P with wrong certificate identity.

Flow:
1. Activate payer
2. Send an RTP via GPD message (CREATE VALID)
3. Cancel the RTP via GPD message (DELETE) → RTP to RFC_SENT
4. Send DS12P callback with assignee_bic='FAKESP01' (doesn't match certificate identity MOCKSP04)
5. Verify callback is rejected with 403 (certificate mismatch)
","1697","Unauthorized RFC callback due to wrong certificate serial","functional-tests.tests.callbacks","2026-08-25","passed","2026-08-25","","test_RTP_callback_DS_12P","",""
"No `Sts.Conf` confirmation is present (empty JSON object), so only CANCEL_RTP is triggered and the RTP stays in RFC_SENT.","2446","Cancelling an RTP - EPC v4 mock happy path scenario: empty_json_object","functional-tests.tests.cancel_rtp","2026-08-25","passed","2026-08-25","","test_RTP_cancel_MOCK_V2","",""
"Each entry in ``INVALID_PAYER_IDS`` must be rejected with 400.

The ``description`` parameter appears in pytest output to identify which
case failed without having to inspect the raw value.
","373","Querying activation status with an invalid payerId format returns 400","functional-tests.tests.activation","2026-08-25","passed","2026-08-25","","test_debtor_activation_payer_status","",""
"Missing or invalid Bearer token → the endpoint must return 401.","386","Querying activation status without a valid token returns 401","functional-tests.tests.activation","2026-08-25","passed","2026-08-25","","test_debtor_activation_payer_status","",""
"Each entry in ``INVALID_PAYER_IDS`` (see dataset docstring) must be rejected with 400.","1075","The activation request must contain a validly formatted fiscal code","functional-tests.tests.activation","2026-08-25","passed","2026-08-25","","test_debtor_activation_create","",""
"","830","A debtor activated with an owned but distinct Service Provider ID is deactivated","functional-tests.tests.activation","2026-08-25","passed","2026-08-25","","test_debtor_deactivation","",""
"","1415","RTP is successfully cancelled with reason PAID - V2","functional-tests.tests.cancel_rtp","2026-08-25","passed","2026-08-25","","test_RTP_cancel","",""
"
Test RFC callback DS12N with RJCR status applied twice on the same RTP.

Flow:
1. Activate payer
2. Send an RTP via GPD message (CREATE VALID)
3. Cancel the RTP via GPD message (DELETE) -> RTP to RFC_SENT
4. Send DS12N callback with CxlStsId RJCR (Rejected Cancellation Request) -> RTP to ERROR_CANCEL
5. Send the same DS12N RJCR callback again on the already transitioned RTP
6. Verify the second callback is rejected (400) since the transition is no longer valid
7. Verify RTP status remains ERROR_CANCEL
","3480","Failed RFC callback for invalid RTP transition - DS-12N RJCR compliant","functional-tests.tests.callbacks","2026-08-25","passed","2026-08-25","","test_RTP_callback_DS_12N","",""
"Test sending a DELETE operation message via GPD message API after a CREATE VALID + UPDATE","1673","A DELETE message after CREATE VALID + UPDATE PUBLISHED","functional-tests.tests.process_messages_sender","2026-08-25","passed","2026-08-25","","test_RTP_process_sender_DELETE","",""
"","1383","RTP is successfully cancelled with reason MODT - V2","functional-tests.tests.cancel_rtp","2026-08-25","passed","2026-08-25","","test_RTP_cancel","",""
"","1108","SP_ACTIVATIONS_READ_ALL can retrieve activation by Fiscal Code created by SP_A","functional-tests.tests.activation","2026-08-25","passed","2026-08-25","","test_RTP_activation_security","",""
"","7649","RTP form cancellation with reason MODT","ux-tests.tests","2026-08-25","failed","2026-08-25","","test_RTP_cancel_v3","",""
"","809","A debtor with foreign fiscal code is activated and retrieved by activation id","functional-tests.tests.activation","2026-08-25","passed","2026-08-25","","test_debtor_activation_get","",""
"Takeover with syntactically valid but nonsensical body should fail","1173","Test Takeover Fails with Nonsensical Body","functional-tests.tests.takeover","2026-08-25","passed","2026-08-25","","test_debtor_takeover","",""
"Test sending an UPDATE operation message with different statuses via GPD message API before a CREATE","793","An UPDATE message with status PARTIALLY_PAID before CREATE","functional-tests.tests.process_messages_sender","2026-08-25","passed","2026-08-25","","test_RTP_process_sender_UPDATE_before_CREATE","",""
"","374","Sending an RTP when EPC returns an unexpected status code error (RTP_05.CHK.A0007) returns 500 - through Web API V2","functional-tests.tests.send_rtp","2026-08-25","failed","2026-08-25","","test_RTP_send_MOCK","",""
"Each entry in ``INVALID_PAYER_IDS`` (see dataset docstring) must be rejected with 400.","373","The activation request must contain a validly formatted fiscal code","functional-tests.tests.activation","2026-08-25","passed","2026-08-25","","test_debtor_activation_create","",""
"","1515","An RTP sent with synchronous acceptance is in status ACCEPTED - DS-05 ACTC","functional-tests.tests.send_rtp","2026-08-25","passed","2026-08-25","","test_RTP_send_MOCK","",""
"","2559","Failed callback for non existing Service Provider - DS-05 redirect compliant","functional-tests.tests.callbacks_v2","2026-08-25","passed","2026-08-25","","test_RTP_callback_DS_05_redirect","",""
"","2489","Failed v2 redirect callback for invalid RTP transition - DS-05 ACTC compliant","functional-tests.tests.callbacks_v2","2026-08-25","passed","2026-08-25","","test_RTP_callback_DS_05_redirect","",""
"","1345","An RTP sent when EPC response contains an unknown field is ignored and remains in status SENT - through Web API V2","functional-tests.tests.send_rtp","2026-08-25","passed","2026-08-25","","test_RTP_send_MOCK","",""
"Each entry in ``INVALID_PAYER_IDS`` must be rejected with 400.

The ``description`` parameter appears in pytest output to identify which
case failed without having to inspect the raw value.
","382","Querying activation status with an invalid payerId format returns 400","functional-tests.tests.activation","2026-08-25","passed","2026-08-25","","test_debtor_activation_payer_status","",""
"","393","Retrieving activation without valid token returns 401","functional-tests.tests.activation","2026-08-25","passed","2026-08-25","","test_debtor_activation_get","",""
"","383","A Service Provider with invalid client ID is not authenticated on Keycloak","functional-tests.tests.auth","2026-08-25","passed","2026-08-25","","test_auth","",""
"
DS_08P ACCP callback sent with the Version header must be rejected with 400.
The RTP must remain in ACCEPTED (transition to USER_ACCEPTED must not happen).

Flow:
1. Activate payer, send RTP, advance to ACCEPTED via DS_05 (without header)
2. Build a valid DS_08P ACCP payload
3. POST WITH Version header
4. Verify 400 is returned with the expected error body
5. Verify RTP status is still ACCEPTED
","2083","DS_08P ACCP callback with Version header returns 400","functional-tests.tests.callbacks","2026-08-25","passed","2026-08-25","","test_RTP_callback_with_version_header","",""
"","2854","A debtor Service Provider activates a debtor","bdd-tests","2026-08-25","passed","2026-08-25","Debtor_Activation","RTP","",""
"","387","RTP cancellation fails if resource ID does not exist - V2","functional-tests.tests.cancel_rtp","2026-08-25","passed","2026-08-25","","test_RTP_cancel","",""
"","1569","SP_B cannot retrieve activation by Activation ID created by SP_A","functional-tests.tests.activation","2026-08-25","passed","2026-08-25","","test_RTP_activation_security","",""
"","1819","An RTP sent with synchronous rejection containing extra fields results in status REJECTED","functional-tests.tests.send_rtp","2026-08-25","passed","2026-08-25","","test_RTP_send_MOCK","",""
"","1268","Whitespaces is allowed in description and company name field","ux-tests.tests","2026-08-25","passed","2026-08-25","","test_RTP_submission_v3","",""
"Payer activated then deactivated by SP A → isActive must be false.","1225","A deactivated payer returns isActive false","functional-tests.tests.activation","2026-08-25","passed","2026-08-25","","test_debtor_activation_payer_status","",""
"","1884","An RTP sent with synchronous acceptance is in status ACCEPTED - DS-05 ACTC - through Web API V2","functional-tests.tests.send_rtp","2026-08-25","passed","2026-08-25","","test_RTP_send_MOCK","",""
"","1889","An RTP sent with synchronous rejection and missing _links results in status REJECTED","functional-tests.tests.send_rtp","2026-08-25","passed","2026-08-25","","test_RTP_send_MOCK","",""
"
Test v2 RFC callback DS12P with non-existing service provider.

Flow:
1. Activate payer
2. Send an RTP via GPD message v2 (CREATE VALID)
3. Cancel the RTP via GPD message v2 (DELETE) -> RTP to RFC_SENT
4. Send DS12P callback with non-existing BIC (MOCKSP99)
5. Verify callback is rejected with 400 (service provider not found)
6. Verify RTP status is still RFC_SENT
","3233","Failed v2 RFC callback for non existing Service Provider - DS-12P positive compliant","functional-tests.tests.callbacks_v2","2026-08-25","passed","2026-08-25","","test_RTP_callback_DS_12P_positive","",""
"Authenticated but not authorized: token of SP A tries to use OTP issued for SP B","1175","Test Takeover Fails with Wrong SP Token","functional-tests.tests.takeover","2026-08-25","passed","2026-08-25","","test_debtor_takeover","",""
"","559","The service returns the mocked server error","functional-tests.tests.availability","2026-08-25","passed","2026-08-25","","test_availability_MOCK","",""
"
Test v2 RFC callback DS12P with CNCL status.

Flow:
1. Activate payer
2. Send an RTP via GPD message v2 (CREATE VALID)
3. Cancel the RTP via GPD message v2 (DELETE) -> RTP to RFC_SENT
4. Send DS12P callback with CxlStsId CNCL (Cancelled As Per Request)
5. Verify callback is accepted (200)
6. Verify RTP status is CANCELLED
","2839","A v2 RFC callback DS12P CNCL is successfully received and RTP status is CANCELLED","functional-tests.tests.callbacks_v2","2026-08-25","passed","2026-08-25","","test_RTP_callback_DS_12P_positive","",""
"`Sts.Conf = ""RJCR""` triggers CANCEL_RTP -> CONFIRM_RFC -> CANCEL_RTP_REJECTED, ending in CANCELLED_REJECTED.","2381","Cancelling an RTP - EPC v4 mock happy path scenario: rjcr_rejected","functional-tests.tests.cancel_rtp","2026-08-25","passed","2026-08-25","","test_RTP_cancel_MOCK_V2","",""
"","2370","A v2 RTP callback with invalid status is rejected without affecting the RTP status","functional-tests.tests.callbacks_v2","2026-08-25","passed","2026-08-25","","test_RTP_callback_DS_08N_negative","",""
"","570","The RTP web page is reachable","functional-tests.tests.availability","2026-08-25","passed","2026-08-25","","test_availability_RTP_webform","",""
"Each entry in ``INVALID_PAYER_IDS`` must be rejected with 400.

The ``description`` parameter appears in pytest output to identify which
case failed without having to inspect the raw value.
","402","Querying activation status with an invalid payerId format returns 400","functional-tests.tests.activation","2026-08-25","passed","2026-08-25","","test_debtor_activation_payer_status","",""
"","499","Get payees with invalid authorization","functional-tests.tests.service_registry","2026-08-25","passed","2026-08-25","","test_service_registry_service_providers","",""
"The PSP synchronously rejects the cancellation request with 422 (per standard behaviour for the EPC 406 Not Acceptable scenario). The RTP then transitions to ERROR_CANCEL via ERROR_CANCEL_RTP.","2350","Cancelling an RTP - EPC v4 mock unhappy path scenario: epc_406","functional-tests.tests.cancel_rtp","2026-08-25","passed","2026-08-25","","test_RTP_cancel_MOCK_V2","",""
"","475","Failed callback for non existing Service Provider - DS-04b compliant","functional-tests.tests.callbacks","2026-08-25","passed","2026-08-25","","test_RTP_callback_DS_04","",""
"","370","Missing Version header returns 200","functional-tests.tests.activation","2026-08-25","passed","2026-08-25","","test_debtor_activation_list","",""
"","2613","DS_12N negative RFC v2 callback with Version header returns 400","functional-tests.tests.callbacks_v2","2026-08-25","passed","2026-08-25","","test_RTP_callback_with_version_header","",""
"","929","SP_ACTIVATIONS_READ_ALL can retrieve activation by Activation ID created by SP_A","functional-tests.tests.activation","2026-08-25","passed","2026-08-25","","test_RTP_activation_security","",""
"
Payer activated under SP A.
Token with read_rtp_all can read across all Service Providers:
the admin client sub does not match SP A, yet isActive must be true.
","794","read_rtp_all role returns isActive true for a payer on any Service Provider","functional-tests.tests.activation","2026-08-25","passed","2026-08-25","","test_debtor_activation_payer_status","",""
"","1817","RTP form is filled and submitted","ux-tests.tests","2026-08-25","passed","2026-08-25","","test_RTP_submission_v4","",""
"","5061","An RTP callback is successfully received","functional-tests.tests.callbacks","2026-08-25","passed","2026-08-25","","test_RTP_callback_DS_04","",""
"","1634","An RTP is sent through ICCREA API","functional-tests.tests.availability","2026-08-25","passed","2026-08-25","","test_availability_ICCREA","",""
"","378","RTP cancellation fails if resource ID does not exist","functional-tests.tests.cancel_rtp","2026-08-25","passed","2026-08-25","","test_RTP_cancel","",""
"Test sending an UPDATE operation message with different statuses via GPD message API after a CREATE","1405","An UPDATE message with status VALID after CREATE","functional-tests.tests.process_messages_sender","2026-08-25","passed","2026-08-25","","test_RTP_process_sender_UPDATE","",""
"","430","Sending to non-activated debtor returns 422","functional-tests.tests.send_rtp","2026-08-25","passed","2026-08-25","","test_RTP_send_MOCK","",""
"
Tests that sending an RTP payload with an invalid amount to the POSTE endpoint results in a 400 Bad Request response.

:param debtor_sp_mock_cert_key: Certificate and key tuple for mutual TLS authentication.
:type debtor_sp_mock_cert_key: Tuple[str, str]
","804","Cannot send RTP with invalid amount","functional-tests.tests.availability","2026-08-25","passed","2026-08-25","","test_availability_POSTE","",""
"","1266","An RTP sent when EPC response contains an unknown field is ignored and remains in status SENT - through Web API","functional-tests.tests.send_rtp","2026-08-25","passed","2026-08-25","","test_RTP_send_MOCK","",""
"","1754","An RTP is sent through API - through Web API","functional-tests.tests.send_rtp","2026-08-25","passed","2026-08-25","","test_RTP_send_MOCK","",""
"
Test RFC callback DS12N with non-existing service provider, cancel via REST Web API.

Flow:
1. Activate payer
2. Send an RTP via GPD message (CREATE VALID)
3. Cancel the RTP via REST cancel endpoint with cancel_reason → RTP to RFC_SENT
4. Send DS12N callback with non-existing BIC (MOCKSP99)
5. Verify callback is rejected with 400 (service provider not found)
","1699","Failed RFC callback for non existing Service Provider - DS-12N RJCR compliant - through Web API cancel","functional-tests.tests.callbacks","2026-08-25","passed","2026-08-25","","test_RTP_callback_DS_12N","",""
"","2449","Failed callback for non existing Service Provider - DS-08P positive compliant","functional-tests.tests.callbacks_v2","2026-08-25","passed","2026-08-25","","test_RTP_callback_DS_08P_positive","",""
"Parametrized contract test generated from the Activation API OpenAPI spec.

Schemathesis derives one test case per endpoint defined in the spec, generating
request data (path params, query params, body) that is valid according to the schema.
Each case is executed against the live API and the response is validated with
CONTRACT_CHECKS.
","80180","test_activation_contract[GET /activations/payer]","contract-tests.tests","2026-08-25","passed","2026-08-25","","test_activation","",""
"","2225","An RTP callback with status REJECTED is successfully received","functional-tests.tests.callbacks","2026-08-25","passed","2026-08-25","","test_RTP_callback_DS_08","",""
"
Given an RTP is sent successfully (status SENT) for a given noticeNumber + payeeId,
when the payee queries the delivery-status endpoint with the correct noticeNumber
but a different payeeId,
then the response must be HTTP 200 with status=PD_RTP_NOT_DELIVERED, verifying
that the endpoint filters on both fields.
","6718","Existing noticeNumber with wrong payeeId → PD_RTP_NOT_DELIVERED","functional-tests.tests.get_rtp","2026-08-25","passed","2026-08-25","","test_RTP_get_delivery_status","",""
"","982","An RTP is sent to Poste service with activated fiscal code - through Web API V2","functional-tests.tests.send_rtp","2026-08-25","failed","2026-08-25","","test_RTP_send_POSTE","",""
"MOCKSP04 owns MOCKSP01 and triggers the OTP; FAKESP01, which owns neither, must be rejected
with an explicit ownership error, not merely a generic 403.","1502","Test Takeover Fails when Redeemer Does Not Own the OTP's Service Provider ID","functional-tests.tests.takeover","2026-08-25","passed","2026-08-25","","test_debtor_takeover","",""
"Each entry in ``INVALID_PAYER_IDS`` must be rejected with 400.

The ``description`` parameter appears in pytest output to identify which
case failed without having to inspect the raw value.
","919","Querying activation status with an invalid payerId format returns 400","functional-tests.tests.activation","2026-08-25","passed","2026-08-25","","test_debtor_activation_payer_status","",""
"","895","A debtor cannot be activated more than once by the same service provider","functional-tests.tests.activation","2026-08-25","passed","2026-08-25","","test_debtor_activation_create","",""
