"DESCRIPTION","DURATION IN MS","NAME","PARENT SUITE","START TIME","STATUS","STOP TIME","SUB SUITE","SUITE","TEST CLASS","TEST METHOD"
"","2070","DS_document RJCT v2 callback with Version header returns 400","functional-tests.tests.callbacks_v2","2026-08-07","passed","2026-08-07","","test_RTP_callback_with_version_header","",""
"Test sending a DELETE operation message via GPD message API after a CREATE VALID + UPDATE","2264","A DELETE message after CREATE VALID + UPDATE PAID","functional-tests.tests.process_messages_sender","2026-08-07","passed","2026-08-07","","test_RTP_process_sender_DELETE","",""
"","2100","DS_08N negative v2 callback with Version header returns 400","functional-tests.tests.callbacks_v2","2026-08-07","passed","2026-08-07","","test_RTP_callback_with_version_header","",""
"","773","Sending a GPD message with null id returns 400","functional-tests.tests.send_rtp","2026-08-07","passed","2026-08-07","","test_RTP_send_MOCK","",""
"","2240","A debtor Service Provider tries to activates a debtor 2 times, failing the second attempt","bdd-tests","2026-08-07","passed","2026-08-07","Debtor_Activation","RTP","",""
"Test sending a DELETE operation message via GPD message API after a standalone UPDATE (no prior CREATE)","1303","A DELETE message after standalone UPDATE VALID","functional-tests.tests.process_messages_sender","2026-08-07","passed","2026-08-07","","test_RTP_process_sender_DELETE","",""
"Each entry in ``INVALID_PAYER_IDS`` (see dataset docstring) must be rejected with 400.","381","The activation request must contain a validly formatted fiscal code","functional-tests.tests.activation","2026-08-07","passed","2026-08-07","","test_debtor_activation_create","",""
"Test sending an UPDATE operation message with different statuses via GPD message API after a CREATE","1412","An UPDATE message with status DRAFT after CREATE","functional-tests.tests.process_messages_sender","2026-08-07","passed","2026-08-07","","test_RTP_process_sender_UPDATE","",""
"","2635","An RTP callback is successfully received","functional-tests.tests.callbacks","2026-08-07","passed","2026-08-07","","test_RTP_callback_DS_04","",""
"","2584","RTP is successfully cancelled with reason PAID","functional-tests.tests.cancel_rtp","2026-08-07","passed","2026-08-07","","test_RTP_cancel","",""
"","1251","RTP cancellation fails with an invalid reason - V2","functional-tests.tests.cancel_rtp","2026-08-07","passed","2026-08-07","","test_RTP_cancel","",""
"Test sending an UPDATE after CREATE VALID + DELETE with different statuses","1693","An UPDATE message with status EXPIRED after CREATE VALID and DELETE","functional-tests.tests.process_messages_sender","2026-08-07","passed","2026-08-07","","test_RTP_process_sender_UPDATE","",""
"Each entry in ``INVALID_PAYER_IDS`` (see dataset docstring) must be rejected with 400.","537","The activation request must contain a validly formatted fiscal code","functional-tests.tests.activation","2026-08-07","passed","2026-08-07","","test_debtor_activation_create","",""
"","394","Retrieving non-existent activation returns 404","functional-tests.tests.activation","2026-08-07","passed","2026-08-07","","test_debtor_activation_get","",""
"","1254","An RTP is sent to a CBI service with activated fiscal code - through Web API V2","functional-tests.tests.send_rtp","2026-08-07","failed","2026-08-07","","test_RTP_send_CBI","",""
"Test sending an UPDATE operation message with different statuses via GPD message API before a CREATE","775","An UPDATE message with status PUBLISHED before CREATE","functional-tests.tests.process_messages_sender","2026-08-07","passed","2026-08-07","","test_RTP_process_sender_UPDATE_before_CREATE","",""
"Test sending an UPDATE operation message with different statuses via GPD message API after a CREATE","1793","An UPDATE message with status PAID after CREATE","functional-tests.tests.process_messages_sender","2026-08-07","passed","2026-08-07","","test_RTP_process_sender_UPDATE","",""
"","2502","Failed v2 redirect callback for invalid RTP transition - DS-05 ACTC compliant","functional-tests.tests.callbacks_v2","2026-08-07","passed","2026-08-07","","test_RTP_callback_DS_05_redirect","",""
"
Test v2 RFC callback DS12P with CNCL status.

Flow:
1. Activate payer
2. Send an RTP via GPD message v2 (CREATE VALID)
3. Cancel the RTP via GPD message v2 (DELETE) -> RTP to RFC_SENT
4. Send DS12P callback with CxlStsId CNCL (Cancelled As Per Request)
5. Verify callback is accepted (200)
6. Verify RTP status is CANCELLED
","2648","A v2 RFC callback DS12P CNCL is successfully received and RTP status is CANCELLED","functional-tests.tests.callbacks_v2","2026-08-07","passed","2026-08-07","","test_RTP_callback_DS_12P_positive","",""
"Test sending an UPDATE after CREATE VALID + DELETE with different statuses","1720","An UPDATE message with status PAID after CREATE VALID and DELETE","functional-tests.tests.process_messages_sender","2026-08-07","passed","2026-08-07","","test_RTP_process_sender_UPDATE","",""
"","387","All auth fixtures expose a valid Bearer token format","functional-tests.tests.auth","2026-08-07","passed","2026-08-07","","test_auth","",""
"
Test v2 RFC callback DS12N with INVALID status.

Flow:
1. Activate payer
2. Send an RTP via GPD message v2 (CREATE VALID)
3. Cancel the RTP via GPD message v2 (DELETE) -> RTP to RFC_SENT
4. Send DS12N callback with CxlStsId INVALID
5. Verify callback is rejected with 400
6. Verify RTP status is still RFC_SENT
","2635","A v2 RFC callback DS12N INVALID is rejected with 400","functional-tests.tests.callbacks_v2","2026-08-07","passed","2026-08-07","","test_RTP_callback_DS_12N_negative","",""
"Takeover with syntactically valid but nonsensical body should fail","1250","Test Takeover Fails with Nonsensical Body","functional-tests.tests.takeover","2026-08-07","passed","2026-08-07","","test_debtor_takeover","",""
"
Test RFC callback DS12P with wrong certificate identity.

Flow:
1. Activate payer
2. Send an RTP via GPD message (CREATE VALID)
3. Cancel the RTP via GPD message (DELETE) → RTP to RFC_SENT
4. Send DS12P callback with assignee_bic='FAKESP01' (doesn't match certificate identity MOCKSP04)
5. Verify callback is rejected with 403 (certificate mismatch)
","1671","Unauthorized RFC callback due to wrong certificate serial","functional-tests.tests.callbacks","2026-08-07","passed","2026-08-07","","test_RTP_callback_DS_12P","",""
"`Sts.Conf = ""CNCL""` triggers CANCEL_RTP -> CONFIRM_RFC -> CANCEL_RTP_ACCR, ending in CANCELLED_ACCR.","2386","Cancelling an RTP - EPC v4 mock happy path scenario: cncl_confirmed","functional-tests.tests.cancel_rtp","2026-08-07","passed","2026-08-07","","test_RTP_cancel_MOCK_V2","",""
"","2343","An authenticated Service Provider cannot send an RTP to an activated debtor","bdd-tests","2026-08-07","passed","2026-08-07","RTP_Sending","RTP","",""
"","350","The service returns the mocked server error","functional-tests.tests.availability","2026-08-07","passed","2026-08-07","","test_availability_MOCK","",""
"","1365","RTP is successfully cancelled with reason PAID - V2","functional-tests.tests.cancel_rtp","2026-08-07","passed","2026-08-07","","test_RTP_cancel","",""
"Each entry in ``INVALID_PAYER_IDS`` (see dataset docstring) must be rejected with 400.","384","The activation request must contain a validly formatted fiscal code","functional-tests.tests.activation","2026-08-07","passed","2026-08-07","","test_debtor_activation_create","",""
"Test sending a CREATE operation message with different statuses via GPD message API","789","A CREATE message with status INVALID","functional-tests.tests.process_messages_sender","2026-08-07","passed","2026-08-07","","test_RTP_process_sender_CREATE","",""
"","1719","Unauthorized callback due to wrong certificate serial","functional-tests.tests.callbacks_v2","2026-08-07","passed","2026-08-07","","test_RTP_callback_DS_08P_positive","",""
"Each entry in ``INVALID_PAYER_IDS`` (see dataset docstring) must be rejected with 400.","475","The activation request must contain a validly formatted fiscal code","functional-tests.tests.activation","2026-08-07","passed","2026-08-07","","test_debtor_activation_create","",""
"
Verify that a debt position can be updated successfully.
","6191","Happy path: a debt position is updated in UAT environment","functional-tests.tests.gpd_availability","2026-08-07","passed","2026-08-07","","test_availability_GPD","",""
"Test sending a DELETE operation message via GPD message API after a standalone UPDATE (no prior CREATE)","1274","A DELETE message after standalone UPDATE DRAFT","functional-tests.tests.process_messages_sender","2026-08-07","passed","2026-08-07","","test_RTP_process_sender_DELETE","",""
"Each entry in ``INVALID_PAYER_IDS`` must be rejected with 400.

The ``description`` parameter appears in pytest output to identify which
case failed without having to inspect the raw value.
","380","Querying activation status with an invalid payerId format returns 400","functional-tests.tests.activation","2026-08-07","passed","2026-08-07","","test_debtor_activation_payer_status","",""
"
Test v2 RFC callback DS12P with non-existing service provider.

Flow:
1. Activate payer
2. Send an RTP via GPD message v2 (CREATE VALID)
3. Cancel the RTP via GPD message v2 (DELETE) -> RTP to RFC_SENT
4. Send DS12P callback with non-existing BIC (MOCKSP99)
5. Verify callback is rejected with 400 (service provider not found)
6. Verify RTP status is still RFC_SENT
","2906","Failed v2 RFC callback for non existing Service Provider - DS-12P positive compliant","functional-tests.tests.callbacks_v2","2026-08-07","passed","2026-08-07","","test_RTP_callback_DS_12P_positive","",""
"","1651","An RTP callback is received with invalid status","functional-tests.tests.callbacks","2026-08-07","passed","2026-08-07","","test_RTP_callback_DS_08","",""
"OTP bound to payer1 should not work for payer2","1202","Test Takeover Fails with OTP Bound to Different Payer","functional-tests.tests.takeover","2026-08-07","passed","2026-08-07","","test_debtor_takeover","",""
"DS_08N RJCT callback sent twice on the same RTP (direct SENT -> REJECTED).

The second callback must be rejected with 400 since the transition is no
longer valid once the RTP is already REJECTED.
","3081","Failed v2 callback for invalid RTP transition - DS-08N negative compliant","functional-tests.tests.callbacks_v2","2026-08-07","passed","2026-08-07","","test_RTP_callback_DS_08N_negative","",""
"Each entry in ``INVALID_PAYER_IDS`` (see dataset docstring) must be rejected with 400.","386","The activation request must contain a validly formatted fiscal code","functional-tests.tests.activation","2026-08-07","passed","2026-08-07","","test_debtor_activation_create","",""
"Querying activation status with an empty payerId must be rejected with 404.","357","Querying activation status with an empty payerId returns 404","functional-tests.tests.activation","2026-08-07","passed","2026-08-07","","test_debtor_activation_payer_status","",""
"Each entry in ``INVALID_PAYER_IDS`` must be rejected with 400.

The ``description`` parameter appears in pytest output to identify which
case failed without having to inspect the raw value.
","380","Querying activation status with an invalid payerId format returns 400","functional-tests.tests.activation","2026-08-07","passed","2026-08-07","","test_debtor_activation_payer_status","",""
"
Test v2 RFC callback DS12N with RJCR status applied twice on the same RTP.

Flow:
1. Activate payer
2. Send an RTP via GPD message v2 (CREATE VALID)
3. Cancel the RTP via GPD message v2 (DELETE) -> RTP to RFC_SENT
4. Send DS12N callback with CxlStsId RJCR (Rejected Cancellation Request) -> RTP to CANCELLED_REJECTED
5. Send the same DS12N RJCR callback again on the already transitioned RTP
6. Verify the second callback is rejected (400) since the transition is no longer valid
7. Verify RTP status remains CANCELLED_REJECTED
","4163","Failed v2 RFC callback for invalid RTP transition - DS-12N negative compliant","functional-tests.tests.callbacks_v2","2026-08-07","passed","2026-08-07","","test_RTP_callback_DS_12N_negative","",""
"DS_08N RJCT callback sent directly on a SENT RTP (no prior DS_05 ACTC callback).

The RTP is expected to transition from SENT to REJECTED.
","2703","A v2 RTP callback with status RJCT is successfully received","functional-tests.tests.callbacks_v2","2026-08-07","passed","2026-08-07","","test_RTP_callback_DS_08N_negative","",""
"","955","An RTP is sent through API - through Web API V2","functional-tests.tests.send_rtp","2026-08-07","passed","2026-08-07","","test_RTP_send_MOCK","",""
"","2101","A v2 RTP callback with invalid status is rejected without affecting the RTP status","functional-tests.tests.callbacks_v2","2026-08-07","passed","2026-08-07","","test_RTP_callback_DS_08P_positive","",""
"Each entry in ``INVALID_PAYER_IDS`` must be rejected with 400.

The ``description`` parameter appears in pytest output to identify which
case failed without having to inspect the raw value.
","400","Querying activation status with an invalid payerId format returns 400","functional-tests.tests.activation","2026-08-07","passed","2026-08-07","","test_debtor_activation_payer_status","",""
"","1800","An RTP sent with synchronous rejection containing extra fields results in status REJECTED","functional-tests.tests.send_rtp","2026-08-07","passed","2026-08-07","","test_RTP_send_MOCK","",""
"","3639","A debtor Service Provider activates a debtor","bdd-tests","2026-08-07","passed","2026-08-07","Debtor_Activation","RTP","",""
"
Test RFC callback DS12P with CNCL status, cancel triggered via REST Web API with explicit reason.

Flow:
1. Activate payer
2. Send an RTP via GPD message (CREATE VALID)
3. Cancel the RTP via REST cancel endpoint with cancel_reason → RTP to RFC_SENT
4. Send DS12P callback with CxlStsId CNCL (Cancelled As Per Request)
5. Verify callback is accepted (200)
6. Verify RTP status is CANCELLED
","2096","An RFC callback DS12P CNCL is successfully received and RTP status is CANCEL - through Web API cancel","functional-tests.tests.callbacks","2026-08-07","passed","2026-08-07","","test_RTP_callback_DS_12P","",""
"","386","Get payees consents with negative page number returns 400","functional-tests.tests.service_registry","2026-08-07","passed","2026-08-07","","test_get_payees_consents","",""
"","816","A debtor is deactivated by an authenticated service provider","functional-tests.tests.activation","2026-08-07","passed","2026-08-07","","test_debtor_deactivation","",""
"
Test RFC callback DS12P with CNCL status applied twice on the same RTP.

Flow:
1. Activate payer
2. Send an RTP via GPD message (CREATE VALID)
3. Cancel the RTP via GPD message (DELETE) -> RTP to RFC_SENT
4. Send DS12P callback with CxlStsId CNCL (Cancelled As Per Request) -> RTP to CANCELLED
5. Send the same DS12P CNCL callback again on the already cancelled RTP
6. Verify the second callback is rejected (400) since the transition is no longer valid
7. Verify RTP status remains CANCELLED
","2835","Failed RFC callback for invalid RTP transition - DS-12P CNCL compliant","functional-tests.tests.callbacks","2026-08-07","passed","2026-08-07","","test_RTP_callback_DS_12P","",""
"The PSP synchronously rejects the cancellation request with 422 (per standard behaviour for the EPC 406 Not Acceptable scenario). The RTP then transitions to ERROR_CANCEL via ERROR_CANCEL_RTP.","2009","Cancelling an RTP - EPC v4 mock unhappy path scenario: epc_406","functional-tests.tests.cancel_rtp","2026-08-07","failed","2026-08-07","","test_RTP_cancel_MOCK_V2","",""
"","3241","DS_12P positive RFC v2 callback with Version header returns 400","functional-tests.tests.callbacks_v2","2026-08-07","passed","2026-08-07","","test_RTP_callback_with_version_header","",""
"","815","An RTP is sent to ICCREA service with activated fiscal code - through Web API V2","functional-tests.tests.send_rtp","2026-08-07","failed","2026-08-07","","test_RTP_send_ICCREA","",""
"The PSP synchronously rejects the cancellation request with 422 (per standard behaviour for the EPC 422 Unprocessable Entity scenario). The RTP then transitions to ERROR_CANCEL via ERROR_CANCEL_RTP.","2018","Cancelling an RTP - EPC v4 mock unhappy path scenario: epc_422","functional-tests.tests.cancel_rtp","2026-08-07","failed","2026-08-07","","test_RTP_cancel_MOCK_V2","",""
"Test sending an UPDATE operation message with different statuses via GPD message API before a CREATE","791","An UPDATE message with status INVALID before CREATE","functional-tests.tests.process_messages_sender","2026-08-07","passed","2026-08-07","","test_RTP_process_sender_UPDATE_before_CREATE","",""
"","383","Get payees consents with extreme page size returns 400","functional-tests.tests.service_registry","2026-08-07","passed","2026-08-07","","test_get_payees_consents","",""
"DS_08P ACCP callback sent directly on a SENT RTP (no prior DS_05 ACTC callback).

The RTP is expected to transition straight from SENT to USER_ACCEPTED.
","2114","A v2 RTP callback with status ACCP is successfully received without a prior DS_05 callback","functional-tests.tests.callbacks_v2","2026-08-07","passed","2026-08-07","","test_RTP_callback_DS_08P_positive","",""
"
Tests sending an RTP payload to the POSTE endpoint with valid data and authentication.

:param debtor_sp_mock_cert_key: Certificate and key tuple for mutual TLS authentication.
:type debtor_sp_mock_cert_key: Tuple[str, str]
","1430","An RTP is sent through POSTE API","functional-tests.tests.availability","2026-08-07","passed","2026-08-07","","test_availability_POSTE","",""
"","466","A Service Provider tries to activates a debtor without having the correct credentials","bdd-tests","2026-08-07","passed","2026-08-07","Debtor_Activation","RTP","",""
"
Verify that a debt position can be deleted successfully.
","2175","Happy path: a debt position is deleted in DEV environment","functional-tests.tests.gpd_availability","2026-08-07","passed","2026-08-07","","test_availability_GPD","",""
"","874","An RTP is sent to a CBI service with activated fiscal code","functional-tests.tests.send_rtp","2026-08-07","passed","2026-08-07","","test_RTP_send_CBI","",""
"","1161","Whitespaces is allowed in description and company name field","ux-tests.tests","2026-08-07","passed","2026-08-07","","test_RTP_submission_v3","",""
"","1403","An RTP is sent to a CBI service with activated fiscal code - through Web API","functional-tests.tests.send_rtp","2026-08-07","failed","2026-08-07","","test_RTP_send_CBI","",""
"Active payer with omocodia fiscal code (digit substitution) → isActive must be true.","1115","An active payer with omocodia fiscal code returns isActive true","functional-tests.tests.activation","2026-08-07","passed","2026-08-07","","test_debtor_activation_payer_status","",""
"Test sending a DELETE operation message via GPD message API after a CREATE VALID + UPDATE","1943","A DELETE message after CREATE VALID + UPDATE PARTIALLY_PAID","functional-tests.tests.process_messages_sender","2026-08-07","passed","2026-08-07","","test_RTP_process_sender_DELETE","",""
"","495","Unauthorized callback due to wrong certificate serial","functional-tests.tests.callbacks","2026-08-07","passed","2026-08-07","","test_RTP_callback_DS_04","",""
"","1324","All auth fixtures expose a valid Bearer token format","functional-tests.tests.auth","2026-08-07","passed","2026-08-07","","test_auth","",""
"","976","Get paginated list of OPT_OUT payees consents successfully","functional-tests.tests.service_registry","2026-08-07","passed","2026-08-07","","test_get_payees_consents","",""
"Test sending a DELETE operation message via GPD message API after a CREATE VALID + UPDATE","2490","A DELETE message after CREATE VALID + UPDATE INVALID","functional-tests.tests.process_messages_sender","2026-08-07","passed","2026-08-07","","test_RTP_process_sender_DELETE","",""
"","2512","Failed callback for non compliant DS-04b payload","functional-tests.tests.callbacks","2026-08-07","passed","2026-08-07","","test_RTP_callback_DS_04","",""
"","427","Sending to non-activated debtor returns 422","functional-tests.tests.send_rtp","2026-08-07","passed","2026-08-07","","test_RTP_send_MOCK","",""
"
Test RFC callback DS12N with wrong certificate identity, cancel via REST Web API.

Flow:
1. Activate payer
2. Send an RTP via GPD message (CREATE VALID)
3. Cancel the RTP via REST cancel endpoint with cancel_reason → RTP to RFC_SENT
4. Send DS12N callback with assignee_bic='FAKESP01' (doesn't match certificate identity MOCKSP04)
5. Verify callback is rejected with 403 (certificate mismatch)
","1679","Unauthorized RFC callback due to wrong certificate serial - through Web API cancel","functional-tests.tests.callbacks","2026-08-07","passed","2026-08-07","","test_RTP_callback_DS_12N","",""
"Same privacy rule as the cross-SP case: no explicit error, isActive is just false.","767","Get payer status returns isActive false when the token subject does not own the activation's Service Provider ID","functional-tests.tests.activation","2026-08-07","passed","2026-08-07","","test_debtor_activation_payer_status","",""
"The PSP synchronously rejects the cancellation request with 422 (per standard behaviour for the EPC 410 Gone scenario). The RTP then transitions to ERROR_CANCEL via ERROR_CANCEL_RTP.","2469","Cancelling an RTP - EPC v4 mock unhappy path scenario: epc_410","functional-tests.tests.cancel_rtp","2026-08-07","failed","2026-08-07","","test_RTP_cancel_MOCK_V2","",""
"","385","All auth fixtures expose a valid Bearer token format","functional-tests.tests.auth","2026-08-07","passed","2026-08-07","","test_auth","",""
"
DS_05 ACTC callback sent with the Version header must be rejected with 400.
The RTP must remain in SENT (transition to ACCEPTED must not happen).

Flow:
1. Activate payer and send an RTP → resource_id
2. Build a valid DS_05 ACTC payload referencing the RTP
3. POST to callback endpoint WITH Version header
4. Verify 400 is returned with the expected error body
5. Verify RTP status is still SENT
","1736","DS_05 ACTC callback with Version header returns 400","functional-tests.tests.callbacks","2026-08-07","passed","2026-08-07","","test_RTP_callback_with_version_header","",""
"
Test RFC callback DS12N with wrong certificate identity.

Flow:
1. Activate payer
2. Send an RTP via GPD message (CREATE VALID)
3. Cancel the RTP via GPD message (DELETE) → RTP to RFC_SENT
4. Send DS12N callback with assignee_bic='FAKESP01' (doesn't match certificate identity MOCKSP04)
5. Verify callback is rejected with 403 (certificate mismatch)
","1972","Unauthorized RFC callback due to wrong certificate serial","functional-tests.tests.callbacks","2026-08-07","passed","2026-08-07","","test_RTP_callback_DS_12N","",""
"","2100","An RTP callback with status ACWC is successfully received","functional-tests.tests.callbacks","2026-08-07","passed","2026-08-07","","test_RTP_callback_DS_08","",""
"","790","A debtor with VAT number is activated and retrieved by activation id","functional-tests.tests.activation","2026-08-07","passed","2026-08-07","","test_debtor_activation_get","",""
"","1689","Failed callback for non existing Service Provider - DS-08P positive compliant","functional-tests.tests.callbacks_v2","2026-08-07","passed","2026-08-07","","test_RTP_callback_DS_08P_positive","",""
"Test sending a CREATE operation message with an Italian VAT number via GPD message API","880","A CREATE message with VAT number (Partita IVA) is successfully sent through GPD message API","functional-tests.tests.process_messages_sender","2026-08-07","passed","2026-08-07","","test_RTP_process_sender","",""
"","2150","An RTP sent with synchronous rejection is in status REJECTED - DS-08P N - through Web API","functional-tests.tests.send_rtp","2026-08-07","passed","2026-08-07","","test_RTP_send_MOCK","",""
"","965","Auth endpoint returns valid token","functional-tests.tests.availability","2026-08-07","passed","2026-08-07","","test_availability_CBI","",""
"","1292","RTP is successfully cancelled with reason MODT","functional-tests.tests.cancel_rtp","2026-08-07","passed","2026-08-07","","test_RTP_cancel","",""
"The PSP synchronously rejects the cancellation request with 422 (per standard behaviour for the EPC 401 Unauthorized scenario). The RTP then transitions to ERROR_CANCEL via ERROR_CANCEL_RTP.","1993","Cancelling an RTP - EPC v4 mock unhappy path scenario: epc_401","functional-tests.tests.cancel_rtp","2026-08-07","failed","2026-08-07","","test_RTP_cancel_MOCK_V2","",""
"","2059","An RTP is sent to ICCREA service with activated fiscal code - through Web API","functional-tests.tests.send_rtp","2026-08-07","failed","2026-08-07","","test_RTP_send_ICCREA","",""
"
Tests that sending an RTP payload with an expired date to the POSTE endpoint results in a 400 Bad Request response.

:param debtor_sp_mock_cert_key: Certificate and key tuple for mutual TLS authentication.
:type debtor_sp_mock_cert_key: Tuple[str, str]
","925","Cannot send RTP with expired date","functional-tests.tests.availability","2026-08-07","failed","2026-08-07","","test_availability_POSTE","",""
"Each entry in ``INVALID_PAYER_IDS`` must be rejected with 400.

The ``description`` parameter appears in pytest output to identify which
case failed without having to inspect the raw value.
","380","Querying activation status with an invalid payerId format returns 400","functional-tests.tests.activation","2026-08-07","passed","2026-08-07","","test_debtor_activation_payer_status","",""
"
Given a debtor is activated and a GPD message (CREATE) is sent via POST /gpd/message,
when the rtp-sender processes it and the RTP reaches status SENT,
when the payee queries the delivery-status endpoint with the correct noticeNumber
(nav) and payeeId (ec_tax_code),
then the response body must contain status=PD_RTP_DELIVERED, a non-null processingDate
in ISO 8601 format, and processingDate must match the SEND_RTP event timestamp from
the GPD message response (truncated to millisecond precision).
","6609","GPD message sent → RTP SENT → PD_RTP_DELIVERED with processingDate","functional-tests.tests.get_rtp","2026-08-07","passed","2026-08-07","","test_RTP_get_delivery_status","",""
"","2383","An authenticated creditor Service Provider can send an RTP to an activated debtor","bdd-tests","2026-08-07","passed","2026-08-07","RTP_Sending","RTP","",""
"The PSP synchronously rejects the cancellation request with 422 (per standard behaviour for the EPC 400 Bad Request scenario). The RTP then transitions to ERROR_CANCEL via ERROR_CANCEL_RTP.","1919","Cancelling an RTP - EPC v4 mock unhappy path scenario: epc_400","functional-tests.tests.cancel_rtp","2026-08-07","failed","2026-08-07","","test_RTP_cancel_MOCK_V2","",""
"","370","Sending an RTP when EPC returns an unexpected status code error (RTP_05.CHK.A0007) returns 500 - through Web API","functional-tests.tests.send_rtp","2026-08-07","failed","2026-08-07","","test_RTP_send_MOCK","",""
"Each entry in ``INVALID_PAYER_IDS`` (see dataset docstring) must be rejected with 400.","380","The activation request must contain a validly formatted fiscal code","functional-tests.tests.activation","2026-08-07","passed","2026-08-07","","test_debtor_activation_create","",""
"Test that takeover fails when the service provider is unauthenticated","1134","Test Takeover Fails with Unauthenticated SP","functional-tests.tests.takeover","2026-08-07","passed","2026-08-07","","test_debtor_takeover","",""
"
Test RFC callback DS12P with CNCL status, cancel triggered via REST Web API with explicit reason.

Flow:
1. Activate payer
2. Send an RTP via GPD message (CREATE VALID)
3. Cancel the RTP via REST cancel endpoint with cancel_reason → RTP to RFC_SENT
4. Send DS12P callback with CxlStsId CNCL (Cancelled As Per Request)
5. Verify callback is accepted (200)
6. Verify RTP status is CANCELLED
","2064","An RFC callback DS12P CNCL is successfully received and RTP status is CANCEL - through Web API cancel","functional-tests.tests.callbacks","2026-08-07","passed","2026-08-07","","test_RTP_callback_DS_12P","",""
"","986","An RTP is sent to Poste service with activated fiscal code - through Web API V2","functional-tests.tests.send_rtp","2026-08-07","failed","2026-08-07","","test_RTP_send_POSTE","",""
"","440","Sending to non-activated debtor returns 422 - through Web API","functional-tests.tests.send_rtp","2026-08-07","passed","2026-08-07","","test_RTP_send_MOCK","",""
"","1256","RTP is successfully retrieved","functional-tests.tests.get_rtp","2026-08-07","passed","2026-08-07","","test_RTP_get","",""
"","472","Get list of service providers successfully","functional-tests.tests.service_registry","2026-08-07","passed","2026-08-07","","test_service_registry_service_providers","",""
"","1637","Cannot send RTP with expired date","functional-tests.tests.availability","2026-08-07","passed","2026-08-07","","test_availability_CBI","",""
"DS_08N RJCT callback sent after a prior DS_05 ACTC callback.

The RTP is expected to transition from SENT to ACCEPTED, then to USER_REJECTED.
","3074","A v2 RTP callback with status RJCT after DS_05 transitions the RTP to USER_REJECTED","functional-tests.tests.callbacks_v2","2026-08-07","passed","2026-08-07","","test_RTP_callback_DS_08N_negative","",""
"","483","Failed callback for non existing Service Provider - DS-08P compliant","functional-tests.tests.callbacks","2026-08-07","passed","2026-08-07","","test_RTP_callback_DS_08","",""
"No `Sts.Conf` confirmation is present (Sts block omitted entirely), so only CANCEL_RTP is triggered and the RTP stays in RFC_SENT.","2677","Cancelling an RTP - EPC v4 mock happy path scenario: no_sts_block","functional-tests.tests.cancel_rtp","2026-08-07","passed","2026-08-07","","test_RTP_cancel_MOCK_V2","",""
"","391","Get payees consents with negative page size returns 400","functional-tests.tests.service_registry","2026-08-07","passed","2026-08-07","","test_get_payees_consents","",""
"
Test v2 RFC callback DS12N with wrong certificate identity.

Flow:
1. Activate payer
2. Send an RTP via GPD message v2 (CREATE VALID)
3. Cancel the RTP via GPD message v2 (DELETE) -> RTP to RFC_SENT
4. Send DS12N callback with assignee_bic='FAKESP01' (doesn't match certificate identity)
5. Verify callback is rejected with 403 (certificate mismatch)
6. Verify RTP status is still RFC_SENT
","2206","Unauthorized v2 RFC callback due to wrong certificate serial","functional-tests.tests.callbacks_v2","2026-08-07","passed","2026-08-07","","test_RTP_callback_DS_12N_negative","",""
"","960","Get a page of activations","functional-tests.tests.activation","2026-08-07","passed","2026-08-07","","test_debtor_activation_list","",""
"","386","Retrieving activation with malformed payer id returns 400","functional-tests.tests.activation","2026-08-07","passed","2026-08-07","","test_debtor_activation_get","",""
"Payer activated under SP A queried by SP A → isActive must be true.","784","An active payer returns isActive true for the same Service Provider","functional-tests.tests.activation","2026-08-07","passed","2026-08-07","","test_debtor_activation_payer_status","",""
"
Given an RTP is sent successfully (status SENT) for a given noticeNumber + payeeId,
when the payee queries the delivery-status endpoint with the correct noticeNumber
but a different payeeId,
then the response must be HTTP 200 with status=PD_RTP_NOT_DELIVERED, verifying
that the endpoint filters on both fields.
","6266","Existing noticeNumber with wrong payeeId → PD_RTP_NOT_DELIVERED","functional-tests.tests.get_rtp","2026-08-07","passed","2026-08-07","","test_RTP_get_delivery_status","",""
"","358","Get payees with invalid authorization","functional-tests.tests.service_registry","2026-08-07","passed","2026-08-07","","test_service_registry_payees_registry","",""
"","369","Unauthorized request returns 401","functional-tests.tests.activation","2026-08-07","passed","2026-08-07","","test_debtor_activation_list","",""
"Test sending an UPDATE operation message with different statuses via GPD message API after a CREATE","1286","An UPDATE message with status PUBLISHED after CREATE","functional-tests.tests.process_messages_sender","2026-08-07","passed","2026-08-07","","test_RTP_process_sender_UPDATE","",""
"No `Sts.Conf` confirmation is present (minimal JSON without Sts), so only CANCEL_RTP is triggered and the RTP stays in RFC_SENT.","1884","Cancelling an RTP - EPC v4 mock happy path scenario: minimal_json","functional-tests.tests.cancel_rtp","2026-08-07","passed","2026-08-07","","test_RTP_cancel_MOCK_V2","",""
"Each entry in ``INVALID_PAYER_IDS`` (see dataset docstring) must be rejected with 400.","377","The activation request must contain a validly formatted fiscal code","functional-tests.tests.activation","2026-08-07","failed","2026-08-07","","test_debtor_activation_create","",""
"","774","A debtor activated with an owned but distinct Service Provider ID is retrieved by payer id","functional-tests.tests.activation","2026-08-07","passed","2026-08-07","","test_debtor_activation_get","",""
"","385","Get payees consents with invalid date format returns 400","functional-tests.tests.service_registry","2026-08-07","passed","2026-08-07","","test_get_payees_consents","",""
"","1269","RTP cancellation fails with an invalid reason","functional-tests.tests.cancel_rtp","2026-08-07","passed","2026-08-07","","test_RTP_cancel","",""
"","7161","RTP form cancellation with reason PAID","ux-tests.tests","2026-08-07","failed","2026-08-07","","test_RTP_cancel_v4","",""
"Each entry in ``INVALID_PAYER_IDS`` must be rejected with 400.

The ``description`` parameter appears in pytest output to identify which
case failed without having to inspect the raw value.
","371","Querying activation status with an invalid payerId format returns 400","functional-tests.tests.activation","2026-08-07","passed","2026-08-07","","test_debtor_activation_payer_status","",""
"Each entry in ``INVALID_PAYER_IDS`` must be rejected with 400.

The ``description`` parameter appears in pytest output to identify which
case failed without having to inspect the raw value.
","373","Querying activation status with an invalid payerId format returns 400","functional-tests.tests.activation","2026-08-07","passed","2026-08-07","","test_debtor_activation_payer_status","",""
"Test sending an UPDATE operation message with different statuses via GPD message API after a CREATE","1259","An UPDATE message with status PARTIALLY_PAID after CREATE","functional-tests.tests.process_messages_sender","2026-08-07","passed","2026-08-07","","test_RTP_process_sender_UPDATE","",""
"
Test RFC callback DS12N with non-existing service provider, cancel via REST Web API.

Flow:
1. Activate payer
2. Send an RTP via GPD message (CREATE VALID)
3. Cancel the RTP via REST cancel endpoint with cancel_reason → RTP to RFC_SENT
4. Send DS12N callback with non-existing BIC (MOCKSP99)
5. Verify callback is rejected with 400 (service provider not found)
","1895","Failed RFC callback for non existing Service Provider - DS-12N RJCR compliant - through Web API cancel","functional-tests.tests.callbacks","2026-08-07","passed","2026-08-07","","test_RTP_callback_DS_12N","",""
"
Test RFC callback DS12N with INVALID status, cancel via REST Web API.

Flow:
1. Activate payer
2. Send an RTP via GPD message (CREATE VALID)
3. Cancel the RTP via REST cancel endpoint with cancel_reason → RTP to RFC_SENT
4. Send DS12N callback with CxlStsId INVALID
5. Verify callback is rejected with 400
6. Verify RTP status is still RFC_SENT
","2084","An RFC callback DS12N INVALID is rejected with 400 - through Web API cancel","functional-tests.tests.callbacks","2026-08-07","passed","2026-08-07","","test_RTP_callback_DS_12N","",""
"Active payer identified by an 11-digit Partita IVA → isActive must be true.","788","An active payer with VAT number (Partita IVA) returns isActive true","functional-tests.tests.activation","2026-08-07","passed","2026-08-07","","test_debtor_activation_payer_status","",""
"","1809","An RTP callback with status ACTC is successfully received","functional-tests.tests.callbacks","2026-08-07","passed","2026-08-07","","test_RTP_callback_DS_05","",""
"Test sending an UPDATE operation message with different statuses via GPD message API before a CREATE","795","An UPDATE message with status PAID before CREATE","functional-tests.tests.process_messages_sender","2026-08-07","passed","2026-08-07","","test_RTP_process_sender_UPDATE_before_CREATE","",""
"","892","An RTP is sent through API - through Web API","functional-tests.tests.send_rtp","2026-08-07","passed","2026-08-07","","test_RTP_send_MOCK","",""
"","1321","An RTP sent when EPC response contains an unknown field is ignored and remains in status SENT - through Web API V2","functional-tests.tests.send_rtp","2026-08-07","passed","2026-08-07","","test_RTP_send_MOCK","",""
"","782","A debtor with VAT number (Partita IVA) is activated successfully","functional-tests.tests.activation","2026-08-07","passed","2026-08-07","","test_debtor_activation_create","",""
"Availability probe for takeover notification mock endpoint: expects 204 No Content","362","Test Takeover Notification Endpoint","functional-tests.tests.takeover","2026-08-07","passed","2026-08-07","","test_debtor_takeover","",""
"Test sending an UPDATE operation message with different statuses via GPD message API after a CREATE","1288","An UPDATE message with status EXPIRED after CREATE","functional-tests.tests.process_messages_sender","2026-08-07","passed","2026-08-07","","test_RTP_process_sender_UPDATE","",""
"
Verify that a debt position can be updated successfully.
","6149","Happy path: a debt position is updated in DEV environment","functional-tests.tests.gpd_availability","2026-08-07","passed","2026-08-07","","test_availability_GPD","",""
"","2627","A v2 RTP callback with status ACCP is successfully received","functional-tests.tests.callbacks_v2","2026-08-07","passed","2026-08-07","","test_RTP_callback_DS_08P_positive","",""
"","372","Sending an RTP when EPC returns a malformed/invalid response body returns 500 - through Web API V2","functional-tests.tests.send_rtp","2026-08-07","failed","2026-08-07","","test_RTP_send_MOCK","",""
"
Tests that sending an RTP payload with an amount over the POSTE limit results in a 400 Bad Request response.

:param debtor_sp_mock_cert_key: Certificate and key tuple for mutual TLS authentication.
:type debtor_sp_mock_cert_key: Tuple[str, str]
","1321","Cannot send RTP with an amount over the POSTE limit","functional-tests.tests.availability","2026-08-07","failed","2026-08-07","","test_availability_POSTE","",""
"A valid token that carries neither read_rtp_activations nor read_rtp_all must be rejected with 403.","392","Token without read_rtp_activations or read_rtp_all role returns 403 Forbidden","functional-tests.tests.activation","2026-08-07","passed","2026-08-07","","test_debtor_activation_payer_status","",""
"","400","Deactivation fails for non-existing activation","functional-tests.tests.activation","2026-08-07","passed","2026-08-07","","test_debtor_deactivation","",""
"
Test RFC callback DS12P with non-existing service provider, cancel via REST Web API.

Flow:
1. Activate payer
2. Send an RTP via GPD message (CREATE VALID)
3. Cancel the RTP via REST cancel endpoint with cancel_reason → RTP to RFC_SENT
4. Send DS12P callback with non-existing BIC (MOCKSP99)
5. Verify callback is rejected with 400 (service provider not found)
","1676","Failed RFC callback for non existing Service Provider - DS-12P CNCL compliant - through Web API cancel","functional-tests.tests.callbacks","2026-08-07","passed","2026-08-07","","test_RTP_callback_DS_12P","",""
"Test sending a DELETE operation message via GPD message API after a CREATE","1322","A DELETE message after CREATE VALID","functional-tests.tests.process_messages_sender","2026-08-07","passed","2026-08-07","","test_RTP_process_sender_DELETE","",""
"","384","Retrieving activation with invalid UUID returns 400","functional-tests.tests.activation","2026-08-07","passed","2026-08-07","","test_debtor_activation_get","",""
"","383","A debtor service provider fails activation due to wrong service provider id","functional-tests.tests.activation","2026-08-07","passed","2026-08-07","","test_debtor_activation_list","",""
"","1655","An RTP is sent through ICCREA API","functional-tests.tests.availability","2026-08-07","passed","2026-08-07","","test_availability_ICCREA","",""
"","381","Unauthorized callback due to wrong certificate serial","functional-tests.tests.callbacks","2026-08-07","passed","2026-08-07","","test_RTP_callback_DS_08","",""
"Test sending an UPDATE operation message with different statuses via GPD message API after a CREATE","1398","An UPDATE message with status VALID after CREATE","functional-tests.tests.process_messages_sender","2026-08-07","passed","2026-08-07","","test_RTP_process_sender_UPDATE","",""
"","3947","An RTP callback is successfully received with status RJCT","functional-tests.tests.callbacks","2026-08-07","passed","2026-08-07","","test_RTP_callback_DS_08","",""
"Each entry in ``INVALID_PAYER_IDS`` must be rejected with 400.

The ``description`` parameter appears in pytest output to identify which
case failed without having to inspect the raw value.
","381","Querying activation status with an invalid payerId format returns 400","functional-tests.tests.activation","2026-08-07","passed","2026-08-07","","test_debtor_activation_payer_status","",""
"","1829","An RTP sent with synchronous rejection and missing _links results in status REJECTED - through Web API","functional-tests.tests.send_rtp","2026-08-07","passed","2026-08-07","","test_RTP_send_MOCK","",""
"MOCKSP04 owns MOCKSP01 as well as its own spId; status must reflect the activation either way.","797","An active payer returns isActive true when activated under an owned but distinct Service Provider ID","functional-tests.tests.activation","2026-08-07","passed","2026-08-07","","test_debtor_activation_payer_status","",""
"","771","Deactivation returns 404 when the token subject does not own the activation's Service Provider ID","functional-tests.tests.activation","2026-08-07","passed","2026-08-07","","test_debtor_deactivation","",""
"Payer that has never been activated → isActive must be false.","398","test_get_activation_status_not_active_payer","functional-tests.tests.activation","2026-08-07","passed","2026-08-07","","test_debtor_activation_payer_status","",""
"","373","All auth fixtures expose a valid Bearer token format","functional-tests.tests.auth","2026-08-07","passed","2026-08-07","","test_auth","",""
"","1303","An RTP sent with synchronous rejection containing extra fields results in status SENT - through Web API V2","functional-tests.tests.send_rtp","2026-08-07","passed","2026-08-07","","test_RTP_send_MOCK","",""
"","2082","RTP form is filled and submitted","ux-tests.tests","2026-08-07","passed","2026-08-07","","test_RTP_submission_v3","",""
"
Test v2 RFC callback DS12N with RJCR status.

Flow:
1. Activate payer
2. Send an RTP via GPD message v2 (CREATE VALID)
3. Cancel the RTP via GPD message v2 (DELETE) -> RTP to RFC_SENT
4. Send DS12N callback with CxlStsId RJCR (Rejected Cancellation Request)
5. Verify callback is accepted (200)
6. Verify RTP status is CANCELLED_REJECTED
","3373","A v2 RFC callback DS12N RJCR is successfully received and RTP status is CANCELLED_REJECTED","functional-tests.tests.callbacks_v2","2026-08-07","passed","2026-08-07","","test_RTP_callback_DS_12N_negative","",""
"Test sending an UPDATE after CREATE VALID + DELETE with different statuses","1682","An UPDATE message with status INVALID after CREATE VALID and DELETE","functional-tests.tests.process_messages_sender","2026-08-07","passed","2026-08-07","","test_RTP_process_sender_UPDATE","",""
"Test sending a CREATE operation message with different statuses via GPD message API","788","A CREATE message with status PUBLISHED","functional-tests.tests.process_messages_sender","2026-08-07","passed","2026-08-07","","test_RTP_process_sender_CREATE","",""
"","0","Successful login","bdd-tests","2026-08-07","passed","2026-08-07","RTP_Web_Sending","RTP","",""
"","1258","An RTP sent when EPC response omits _links is in status ACCEPTED","functional-tests.tests.send_rtp","2026-08-07","passed","2026-08-07","","test_RTP_send_MOCK","",""
"
Test RFC callback DS12N with RJCR status, cancel triggered via REST Web API with explicit reason.

Flow:
1. Activate payer
2. Send an RTP via GPD message (CREATE VALID)
3. Cancel the RTP via REST cancel endpoint with cancel_reason → RTP to RFC_SENT
4. Send DS12N callback with CxlStsId RJCR (Rejected Cancellation Request)
5. Verify callback is accepted (200)
6. Verify RTP status is ERROR_CANCEL
","2636","An RFC callback DS12N RJCR is successfully received and RTP status is ERROR_CANCEL - through Web API cancel","functional-tests.tests.callbacks","2026-08-07","passed","2026-08-07","","test_RTP_callback_DS_12N","",""
"","783","A debtor with foreign fiscal code is activated and retrieved by activation id","functional-tests.tests.activation","2026-08-07","passed","2026-08-07","","test_debtor_activation_get","",""
"Each entry in ``INVALID_PAYER_IDS`` must be rejected with 400.

The ``description`` parameter appears in pytest output to identify which
case failed without having to inspect the raw value.
","386","Querying activation status with an invalid payerId format returns 400","functional-tests.tests.activation","2026-08-07","passed","2026-08-07","","test_debtor_activation_payer_status","",""
"","358","Get payees with invalid authorization","functional-tests.tests.service_registry","2026-08-07","passed","2026-08-07","","test_service_registry_service_providers","",""
"
Verify that a debt position can be created and published successfully.
","510","Happy path: a debt position is created and published in DEV environment","functional-tests.tests.gpd_availability","2026-08-07","passed","2026-08-07","","test_availability_GPD","",""
"Each entry in ``INVALID_PAYER_IDS`` (see dataset docstring) must be rejected with 400.","373","The activation request must contain a validly formatted fiscal code","functional-tests.tests.activation","2026-08-07","passed","2026-08-07","","test_debtor_activation_create","",""
"","1257","An RTP sent when EPC response omits _links is in status ACCEPTED - through Web API","functional-tests.tests.send_rtp","2026-08-07","passed","2026-08-07","","test_RTP_send_MOCK","",""
"Test sending an UPDATE operation message with different statuses via GPD message API before a CREATE","808","An UPDATE message with status DRAFT before CREATE","functional-tests.tests.process_messages_sender","2026-08-07","passed","2026-08-07","","test_RTP_process_sender_UPDATE_before_CREATE","",""
"Each entry in ``INVALID_PAYER_IDS`` must be rejected with 400.

The ``description`` parameter appears in pytest output to identify which
case failed without having to inspect the raw value.
","380","Querying activation status with an invalid payerId format returns 400","functional-tests.tests.activation","2026-08-07","passed","2026-08-07","","test_debtor_activation_payer_status","",""
"","3647","A debtor Service Provider successfully takes over an activation from another provider","bdd-tests","2026-08-07","passed","2026-08-07","Debtor_Activation_Takeover","RTP","",""
"","922","A debtor with foreign fiscal code is activated successfully","functional-tests.tests.activation","2026-08-07","passed","2026-08-07","","test_debtor_activation_create","",""
"Each entry in ``INVALID_PAYER_IDS`` must be rejected with 400.

The ``description`` parameter appears in pytest output to identify which
case failed without having to inspect the raw value.
","392","Querying activation status with an invalid payerId format returns 400","functional-tests.tests.activation","2026-08-07","passed","2026-08-07","","test_debtor_activation_payer_status","",""
"Test sending an UPDATE after CREATE VALID + DELETE with different statuses","1699","An UPDATE message with status PARTIALLY_PAID after CREATE VALID and DELETE","functional-tests.tests.process_messages_sender","2026-08-07","passed","2026-08-07","","test_RTP_process_sender_UPDATE","",""
"No `Sts.Conf` confirmation is present (empty JSON object), so only CANCEL_RTP is triggered and the RTP stays in RFC_SENT.","2320","Cancelling an RTP - EPC v4 mock happy path scenario: empty_json_object","functional-tests.tests.cancel_rtp","2026-08-07","passed","2026-08-07","","test_RTP_cancel_MOCK_V2","",""
"Each entry in ``INVALID_PAYER_IDS`` (see dataset docstring) must be rejected with 400.","383","The activation request must contain a validly formatted fiscal code","functional-tests.tests.activation","2026-08-07","passed","2026-08-07","","test_debtor_activation_create","",""
"Test sending a CREATE operation message with different statuses via GPD message API","881","A CREATE message with status VALID","functional-tests.tests.process_messages_sender","2026-08-07","passed","2026-08-07","","test_RTP_process_sender_CREATE","",""
"Test the takeover flow where a user changes service provider","3609","Test Takeover Flow","functional-tests.tests.takeover","2026-08-07","passed","2026-08-07","","test_debtor_takeover","",""
"
Send the same CREATE VALID message twice.

Because send_gpd_message derives the Idempotency-Key deterministically from
the message id (msg_id), reusing the same payload reuses the same key.

Expectations:
- Both calls return HTTP 200 (idempotent, not an error).
- The resourceId in both responses is identical, proving the API returned
  the cached response and did not process the message twice.
- Querying by notice number returns exactly one RTP, confirming that only
  one record was written to the database.
","2845","Two CREATE VALID messages with the same Idempotency-Key both succeed but only one RTP is stored","functional-tests.tests.process_messages_sender","2026-08-07","passed","2026-08-07","","test_RTP_process_sender_IDEMPOTENCY","",""
"","3481","Attempt to cancel an already cancelled RTP","bdd-tests","2026-08-07","passed","2026-08-07","RTP_Cancellation","RTP","",""
"","1873","An RTP sent with synchronous rejection and missing _links results in status REJECTED - through Web API V2","functional-tests.tests.send_rtp","2026-08-07","passed","2026-08-07","","test_RTP_send_MOCK","",""
"","373","Invalid pagination parameters returns 400","functional-tests.tests.activation","2026-08-07","passed","2026-08-07","","test_debtor_activation_list","",""
"Test sending a CREATE operation message with different statuses via GPD message API","764","A CREATE message with status DRAFT","functional-tests.tests.process_messages_sender","2026-08-07","passed","2026-08-07","","test_RTP_process_sender_CREATE","",""
"
Given a debtor is activated with the mock fiscal code that makes the debtor
service provider mock reply with a server error, when a GPD message (CREATE)
is sent via POST /gpd/message, then the rtp-sender fails to deliver the RTP
and records an ERROR_SEND_RTP event (RTP status becomes ERROR_SEND). When the
payee then queries the delivery-status endpoint with the matching noticeNumber
and payeeId, the response must be HTTP 200 with status=PD_RTP_NOT_DELIVERED
and processingDate absent or null.
","8785","RTP with ERROR_SEND_RTP event → PD_RTP_NOT_DELIVERED","functional-tests.tests.get_rtp","2026-08-07","failed","2026-08-07","","test_RTP_get_delivery_status","",""
"
Payer activated under SP A.
- SP B (read_rtp_activations): isActive must be false - privacy rule hides cross-SP activation.
- Admin (read_rtp_all): isActive must be true - role grants visibility across all SPs.
Same payer, same endpoint, different roles → different results.
","1175","read_rtp_all role returns isActive true while read_rtp_activations returns false for the same cross-SP payer","functional-tests.tests.activation","2026-08-07","passed","2026-08-07","","test_debtor_activation_payer_status","",""
"","2431","RTP form is filled and submitted","ux-tests.tests","2026-08-07","passed","2026-08-07","","test_RTP_cancel_v4","",""
"","1781","An RTP sent with synchronous acceptance is in status ACCEPTED - DS-05 ACTC - through Web API","functional-tests.tests.send_rtp","2026-08-07","passed","2026-08-07","","test_RTP_send_MOCK","",""
"","383","Non-existent NextActivationId returns 200 with empty body","functional-tests.tests.activation","2026-08-07","passed","2026-08-07","","test_debtor_activation_list","",""
"","3331","Failed callback for invalid RTP transition - DS-08P ACCP compliant","functional-tests.tests.callbacks","2026-08-07","passed","2026-08-07","","test_RTP_callback_DS_08","",""
"","790","A debtor with omocodia fiscal code is activated and retrieved by activation id","functional-tests.tests.activation","2026-08-07","passed","2026-08-07","","test_debtor_activation_get","",""
"","1204","A debtor is activated and retrieved by activation id","functional-tests.tests.activation","2026-08-07","passed","2026-08-07","","test_debtor_activation_get","",""
"Each entry in ``INVALID_PAYER_IDS`` (see dataset docstring) must be rejected with 400.","418","The activation request must contain a validly formatted fiscal code","functional-tests.tests.activation","2026-08-07","passed","2026-08-07","","test_debtor_activation_create","",""
"","1267","An RTP sent when EPC response contains an unknown field is ignored and remains in status SENT","functional-tests.tests.send_rtp","2026-08-07","passed","2026-08-07","","test_RTP_send_MOCK","",""
"","382","Invalid NextActivationId format returns 400","functional-tests.tests.activation","2026-08-07","passed","2026-08-07","","test_debtor_activation_list","",""
"Reusing the same OTP after a successful takeover should fail","2122","Test Takeover Fails with Reused OTP","functional-tests.tests.takeover","2026-08-07","passed","2026-08-07","","test_debtor_takeover","",""
"","379","missing token → 401 Unauthorized","functional-tests.tests.get_rtp","2026-08-07","passed","2026-08-07","","test_RTP_get","",""
"Test sending an UPDATE after CREATE VALID + DELETE with different statuses","1696","An UPDATE message with status PUBLISHED after CREATE VALID and DELETE","functional-tests.tests.process_messages_sender","2026-08-07","passed","2026-08-07","","test_RTP_process_sender_UPDATE","",""
"Test sending an UPDATE operation message with different statuses via GPD message API before a CREATE","776","An UPDATE message with status EXPIRED before CREATE","functional-tests.tests.process_messages_sender","2026-08-07","passed","2026-08-07","","test_RTP_process_sender_UPDATE_before_CREATE","",""
"Test sending a DELETE operation message via GPD message API after a CREATE","1171","A DELETE message after CREATE PAID","functional-tests.tests.process_messages_sender","2026-08-07","passed","2026-08-07","","test_RTP_process_sender_DELETE","",""
"Each entry in ``INVALID_PAYER_IDS`` (see dataset docstring) must be rejected with 400.","472","The activation request must contain a validly formatted fiscal code","functional-tests.tests.activation","2026-08-07","passed","2026-08-07","","test_debtor_activation_create","",""
"","359","The service returns the mocked server error","functional-tests.tests.availability","2026-08-07","passed","2026-08-07","","test_availability_MOCK","",""
"
Test RFC callback DS12N with RJCR status, cancel triggered via REST Web API with explicit reason.

Flow:
1. Activate payer
2. Send an RTP via GPD message (CREATE VALID)
3. Cancel the RTP via REST cancel endpoint with cancel_reason → RTP to RFC_SENT
4. Send DS12N callback with CxlStsId RJCR (Rejected Cancellation Request)
5. Verify callback is accepted (200)
6. Verify RTP status is ERROR_CANCEL
","2657","An RFC callback DS12N RJCR is successfully received and RTP status is ERROR_CANCEL - through Web API cancel","functional-tests.tests.callbacks","2026-08-07","passed","2026-08-07","","test_RTP_callback_DS_12N","",""
"","1693","Failed callback for non existing Service Provider - DS-05 redirect compliant","functional-tests.tests.callbacks_v2","2026-08-07","passed","2026-08-07","","test_RTP_callback_DS_05_redirect","",""
"Test sending a DELETE operation message via GPD message API after a standalone UPDATE (no prior CREATE)","1176","A DELETE message after standalone UPDATE EXPIRED","functional-tests.tests.process_messages_sender","2026-08-07","passed","2026-08-07","","test_RTP_process_sender_DELETE","",""
"","799","A debtor cannot be activated more than once by the same service provider","functional-tests.tests.activation","2026-08-07","passed","2026-08-07","","test_debtor_activation_create","",""
"Test sending a DELETE operation message via GPD message API after a standalone UPDATE (no prior CREATE)","1168","A DELETE message after standalone UPDATE PAID","functional-tests.tests.process_messages_sender","2026-08-07","passed","2026-08-07","","test_RTP_process_sender_DELETE","",""
"Test sending a DELETE operation message via GPD message API after a standalone UPDATE (no prior CREATE)","1575","A DELETE message after standalone UPDATE PARTIALLY_PAID","functional-tests.tests.process_messages_sender","2026-08-07","passed","2026-08-07","","test_RTP_process_sender_DELETE","",""
"
DS_08N callback sent with the Version header must be rejected with 400.
The RTP must remain in SENT (transition to REJECTED must not happen).

Flow:
1. Activate payer and send an RTP → resource_id
2. Build a valid DS_08N payload referencing the RTP
3. POST to callback endpoint WITH Version header
4. Verify 400 is returned with the expected error body
5. Verify RTP status is still SENT
","2229","DS_08N callback with Version header returns 400","functional-tests.tests.callbacks","2026-08-07","passed","2026-08-07","","test_RTP_callback_with_version_header","",""
"Each entry in ``INVALID_PAYER_IDS`` (see dataset docstring) must be rejected with 400.","372","The activation request must contain a validly formatted fiscal code","functional-tests.tests.activation","2026-08-07","passed","2026-08-07","","test_debtor_activation_create","",""
"","2904","Takeover fails with invalid OTP","bdd-tests","2026-08-07","passed","2026-08-07","Debtor_Activation_Takeover","RTP","",""
"","372","Non-integer size returns 400","functional-tests.tests.activation","2026-08-07","passed","2026-08-07","","test_debtor_activation_list","",""
"","383","All auth fixtures expose a valid Bearer token format","functional-tests.tests.auth","2026-08-07","passed","2026-08-07","","test_auth","",""
"Test sending an UPDATE operation message with different statuses via GPD message API before a CREATE","798","An UPDATE message with status PARTIALLY_PAID before CREATE","functional-tests.tests.process_messages_sender","2026-08-07","passed","2026-08-07","","test_RTP_process_sender_UPDATE_before_CREATE","",""
"","381","Find by payer id request must contain lower case fiscal code","functional-tests.tests.activation","2026-08-07","passed","2026-08-07","","test_debtor_activation_create","",""
"","0","A Service Provider is authenticated","functional-tests.tests.auth","2026-08-07","passed","2026-08-07","","test_auth","",""
"","1281","An RTP is sent to ICCREA service with activated fiscal code","functional-tests.tests.send_rtp","2026-08-07","passed","2026-08-07","","test_RTP_send_ICCREA","",""
"","3664","Successfully cancel a Request to Pay","bdd-tests","2026-08-07","passed","2026-08-07","RTP_Cancellation","RTP","",""
"
Verify that a debt position can be created and published successfully.
","427","Happy path: a debt position is created and published in UAT environment","functional-tests.tests.gpd_availability","2026-08-07","passed","2026-08-07","","test_availability_GPD","",""
"
Test v2 RFC callback DS12P with INVALID status.

Flow:
1. Activate payer
2. Send an RTP via GPD message v2 (CREATE VALID)
3. Cancel the RTP via GPD message v2 (DELETE) -> RTP to RFC_SENT
4. Send DS12P callback with CxlStsId INVALID
5. Verify callback is rejected with 400
6. Verify RTP status is still RFC_SENT
","2308","A v2 RFC callback DS12P INVALID is rejected with 400","functional-tests.tests.callbacks_v2","2026-08-07","passed","2026-08-07","","test_RTP_callback_DS_12P_positive","",""
"`Sts.Conf = ""RJCR""` triggers CANCEL_RTP -> CONFIRM_RFC -> CANCEL_RTP_REJECTED, ending in CANCELLED_REJECTED.","2434","Cancelling an RTP - EPC v4 mock happy path scenario: rjcr_rejected","functional-tests.tests.cancel_rtp","2026-08-07","passed","2026-08-07","","test_RTP_cancel_MOCK_V2","",""
"","2283","An RTP sent with synchronous rejection containing extra fields results in status REJECTED - through Web API","functional-tests.tests.send_rtp","2026-08-07","passed","2026-08-07","","test_RTP_send_MOCK","",""
"Test sending a CREATE operation message with different statuses via GPD message API","906","A CREATE message with status PAID","functional-tests.tests.process_messages_sender","2026-08-07","passed","2026-08-07","","test_RTP_process_sender_CREATE","",""
"
Test RFC callback DS12P with CNCL status.

Flow:
1. Activate payer
2. Send an RTP via GPD message (CREATE VALID)
3. Cancel the RTP via GPD message (DELETE) → RTP to RFC_SENT
4. Send DS12P callback with CxlStsId CNCL (Cancelled As Per Request)
5. Verify callback is accepted (200)
6. Verify RTP status is CANCELLED
","2256","An RFC callback DS12P CNCL is successfully received and RTP status is CANCEL","functional-tests.tests.callbacks","2026-08-07","passed","2026-08-07","","test_RTP_callback_DS_12P","",""
"","2697","Unauthorized callback due to wrong certificate serial","functional-tests.tests.callbacks_v2","2026-08-07","passed","2026-08-07","","test_RTP_callback_DS_document_rjct","",""
"","2675","A v2 document RTP callback with invalid status is rejected without affecting the RTP status","functional-tests.tests.callbacks_v2","2026-08-07","passed","2026-08-07","","test_RTP_callback_DS_document_rjct","",""
"Each entry in ``INVALID_PAYER_IDS`` must be rejected with 400.

The ``description`` parameter appears in pytest output to identify which
case failed without having to inspect the raw value.
","383","Querying activation status with an invalid payerId format returns 400","functional-tests.tests.activation","2026-08-07","passed","2026-08-07","","test_debtor_activation_payer_status","",""
"","2507","Unauthorized callback due to wrong certificate serial","functional-tests.tests.callbacks_v2","2026-08-07","passed","2026-08-07","","test_RTP_callback_DS_08N_negative","",""
"","1644","RTP is successfully cancelled with reason MODT - V2","functional-tests.tests.cancel_rtp","2026-08-07","passed","2026-08-07","","test_RTP_cancel","",""
"Test sending an UPDATE after CREATE VALID + DELETE with different statuses","1684","An UPDATE message with status VALID after CREATE VALID and DELETE","functional-tests.tests.process_messages_sender","2026-08-07","passed","2026-08-07","","test_RTP_process_sender_UPDATE","",""
"DS_08P ACCP callback sent twice on the same RTP (direct SENT -> USER_ACCEPTED).

The second callback must be rejected with 400 since the transition is no
longer valid once the RTP is already USER_ACCEPTED.
","2499","Failed v2 callback for invalid RTP transition - DS-08P positive compliant","functional-tests.tests.callbacks_v2","2026-08-07","passed","2026-08-07","","test_RTP_callback_DS_08P_positive","",""
"","368","Get payees consents with invalid authorization returns 401","functional-tests.tests.service_registry","2026-08-07","passed","2026-08-07","","test_get_payees_consents","",""
"","2421","A v2 redirect RTP callback with status ACTC is successfully received","functional-tests.tests.callbacks_v2","2026-08-07","passed","2026-08-07","","test_RTP_callback_DS_05_redirect","",""
"","1263","An RTP sent with synchronous acceptance is in status ACCEPTED - DS-05 ACTC","functional-tests.tests.send_rtp","2026-08-07","passed","2026-08-07","","test_RTP_send_MOCK","",""
"Test that takeover fails when an invalid OTP is provided","1165","Test Takeover Fails with Invalid OTP","functional-tests.tests.takeover","2026-08-07","passed","2026-08-07","","test_debtor_takeover","",""
"","383","All auth fixtures expose a valid Bearer token format","functional-tests.tests.auth","2026-08-07","passed","2026-08-07","","test_auth","",""
"","2359","An RTP callback with invalid status is received and processed with success without affecting the RTP status","functional-tests.tests.callbacks","2026-08-07","passed","2026-08-07","","test_RTP_callback_DS_05","",""
"","3077","Attempt to cancel a non-existing RTP","bdd-tests","2026-08-07","passed","2026-08-07","RTP_Cancellation","RTP","",""
"UPDATE PAID with psp_tax_code=None (invalid PSP) results in RTP state RFC_SENT","1293","An UPDATE PAID message with an invalid PSP results in RFC_SENT state","functional-tests.tests.process_messages_sender","2026-08-07","passed","2026-08-07","","test_RTP_process_sender_UPDATE","",""
"","3304","Failed v2 document callback for invalid RTP transition - DS-document RJCT compliant","functional-tests.tests.callbacks_v2","2026-08-07","passed","2026-08-07","","test_RTP_callback_DS_document_rjct","",""
"Takeover without a previously issued OTP should fail","781","Test Takeover Fails without Prior OTP","functional-tests.tests.takeover","2026-08-07","passed","2026-08-07","","test_debtor_takeover","",""
"Test sending a DELETE operation message via GPD message API after a CREATE","1422","A DELETE message after CREATE EXPIRED","functional-tests.tests.process_messages_sender","2026-08-07","passed","2026-08-07","","test_RTP_process_sender_DELETE","",""
"
Test RFC callback DS12P with non-existing service provider.

Flow:
1. Activate payer
2. Send an RTP via GPD message (CREATE VALID)
3. Cancel the RTP via GPD message (DELETE) → RTP to RFC_SENT
4. Send DS12P callback with non-existing BIC (MOCKSP99)
5. Verify callback is rejected with 400 (service provider not found)
","1864","Failed RFC callback for non existing Service Provider - DS-12P CNCL compliant","functional-tests.tests.callbacks","2026-08-07","passed","2026-08-07","","test_RTP_callback_DS_12P","",""
"","2637","Failed callback for non existing Service Provider - DS-document RJCT compliant","functional-tests.tests.callbacks_v2","2026-08-07","passed","2026-08-07","","test_RTP_callback_DS_document_rjct","",""
"Test sending a CREATE operation message with a foreign fiscal code via GPD message API","859","A CREATE message with foreign fiscal code is successfully sent through GPD message API","functional-tests.tests.process_messages_sender","2026-08-07","passed","2026-08-07","","test_RTP_process_sender","",""
"Each entry in ``INVALID_PAYER_IDS`` (see dataset docstring) must be rejected with 400.","373","The activation request must contain a validly formatted fiscal code","functional-tests.tests.activation","2026-08-07","passed","2026-08-07","","test_debtor_activation_create","",""
"
Test v2 RFC callback DS12N with non-existing service provider.

Flow:
1. Activate payer
2. Send an RTP via GPD message v2 (CREATE VALID)
3. Cancel the RTP via GPD message v2 (DELETE) -> RTP to RFC_SENT
4. Send DS12N callback with non-existing BIC (MOCKSP99)
5. Verify callback is rejected with 400 (service provider not found)
6. Verify RTP status is still RFC_SENT
","2785","Failed v2 RFC callback for non existing Service Provider - DS-12N negative compliant","functional-tests.tests.callbacks_v2","2026-08-07","passed","2026-08-07","","test_RTP_callback_DS_12N_negative","",""
"Test sending a DELETE operation message via GPD message API after a standalone UPDATE (no prior CREATE)","1173","A DELETE message after standalone UPDATE INVALID","functional-tests.tests.process_messages_sender","2026-08-07","passed","2026-08-07","","test_RTP_process_sender_DELETE","",""
"An EPC response containing fields not declared in the OpenAPI spec is treated as an invalid message and is NOT tolerated for accept/reject purposes (confirmed with rtp-sender-v2 maintainers, PR #26). The extra `invalid-field` property invalidates the whole response, so the RJCR confirmation is not processed and the RTP stays in RFC_SENT.","1823","Cancelling an RTP - EPC v4 mock unhappy path scenario: rjcr_extra_field","functional-tests.tests.cancel_rtp","2026-08-07","passed","2026-08-07","","test_RTP_cancel_MOCK_V2","",""
"Test sending a DELETE operation message via GPD message API after a CREATE VALID + UPDATE","1814","A DELETE message after CREATE VALID + UPDATE EXPIRED","functional-tests.tests.process_messages_sender","2026-08-07","passed","2026-08-07","","test_RTP_process_sender_DELETE","",""
"Test sending a CREATE operation message with different statuses via GPD message API","768","A CREATE message with status PARTIALLY_PAID","functional-tests.tests.process_messages_sender","2026-08-07","passed","2026-08-07","","test_RTP_process_sender_CREATE","",""
"
Test RFC callback DS12N with non-existing service provider, cancel via REST Web API.

Flow:
1. Activate payer
2. Send an RTP via GPD message (CREATE VALID)
3. Cancel the RTP via REST cancel endpoint with cancel_reason → RTP to RFC_SENT
4. Send DS12N callback with non-existing BIC (MOCKSP99)
5. Verify callback is rejected with 400 (service provider not found)
","2414","Failed RFC callback for non existing Service Provider - DS-12N RJCR compliant - through Web API cancel","functional-tests.tests.callbacks","2026-08-07","passed","2026-08-07","","test_RTP_callback_DS_12N","",""
"Test sending a DELETE operation message via GPD message API after a CREATE","1413","A DELETE message after CREATE DRAFT","functional-tests.tests.process_messages_sender","2026-08-07","passed","2026-08-07","","test_RTP_process_sender_DELETE","",""
"Each entry in ``INVALID_PAYER_IDS`` must be rejected with 400.

The ``description`` parameter appears in pytest output to identify which
case failed without having to inspect the raw value.
","381","Querying activation status with an invalid payerId format returns 400","functional-tests.tests.activation","2026-08-07","passed","2026-08-07","","test_debtor_activation_payer_status","",""
"Parametrized contract test generated from the Activation API OpenAPI spec.

Schemathesis derives one test case per endpoint defined in the spec, generating
request data (path params, query params, body) that is valid according to the schema.
Each case is executed against the live API and the response is validated with
CONTRACT_CHECKS.
","59966","test_activation_contract[GET /activations/payer]","contract-tests.tests","2026-08-07","passed","2026-08-07","","test_activation","",""
"","772","Sending a GPD message with null operation returns 400","functional-tests.tests.send_rtp","2026-08-07","passed","2026-08-07","","test_RTP_send_MOCK","",""
"Each entry in ``INVALID_PAYER_IDS`` (see dataset docstring) must be rejected with 400.","376","The activation request must contain a validly formatted fiscal code","functional-tests.tests.activation","2026-08-07","passed","2026-08-07","","test_debtor_activation_create","",""
"","1829","An RTP sent with synchronous rejection is in status REJECTED - DS-08P N","functional-tests.tests.send_rtp","2026-08-07","passed","2026-08-07","","test_RTP_send_MOCK","",""
"Missing or invalid Bearer token → the endpoint must return 401.","351","Querying activation status without a valid token returns 401","functional-tests.tests.activation","2026-08-07","passed","2026-08-07","","test_debtor_activation_payer_status","",""
"","783","A debtor with omocodia fiscal code is activated successfully","functional-tests.tests.activation","2026-08-07","passed","2026-08-07","","test_debtor_activation_create","",""
"","1654","An RTP callback is received with invalid status","functional-tests.tests.callbacks","2026-08-07","passed","2026-08-07","","test_RTP_callback_DS_08","",""
"Empty OTP should be rejected","406","Test Takeover Fails with Empty OTP","functional-tests.tests.takeover","2026-08-07","passed","2026-08-07","","test_debtor_takeover","",""
"","380","RTP cancellation fails if resource ID does not exist - V2","functional-tests.tests.cancel_rtp","2026-08-07","passed","2026-08-07","","test_RTP_cancel","",""
"","2237","RTP form is filled and submitted","ux-tests.tests","2026-08-07","passed","2026-08-07","","test_RTP_submission_v4","",""
"","1655","An RTP is sent to Poste service with activated fiscal code","functional-tests.tests.send_rtp","2026-08-07","passed","2026-08-07","","test_RTP_send_POSTE","",""
"Each entry in ``INVALID_PAYER_IDS`` must be rejected with 400.

The ``description`` parameter appears in pytest output to identify which
case failed without having to inspect the raw value.
","380","Querying activation status with an invalid payerId format returns 400","functional-tests.tests.activation","2026-08-07","passed","2026-08-07","","test_debtor_activation_payer_status","",""
"","800","Deactivation fails for activation by another service provider","functional-tests.tests.activation","2026-08-07","passed","2026-08-07","","test_debtor_deactivation","",""
"Each entry in ``INVALID_PAYER_IDS`` (see dataset docstring) must be rejected with 400.","375","The activation request must contain a validly formatted fiscal code","functional-tests.tests.activation","2026-08-07","passed","2026-08-07","","test_debtor_activation_create","",""
"
Test RFC callback DS12P with INVALID status, cancel via REST Web API.

Flow:
1. Activate payer
2. Send an RTP via GPD message (CREATE VALID)
3. Cancel the RTP via REST cancel endpoint with cancel_reason → RTP to RFC_SENT
4. Send DS12P callback with CxlStsId INVALID
5. Verify callback is rejected with 400
6. Verify RTP status is still RFC_SENT
","2077","An RFC callback DS12P INVALID is rejected with 400 - through Web API cancel","functional-tests.tests.callbacks","2026-08-07","passed","2026-08-07","","test_RTP_callback_DS_12P","",""
"","1716","An authenticated Service Provider cannot send an RTP to an unactivated debtor","bdd-tests","2026-08-07","passed","2026-08-07","RTP_Sending","RTP","",""
"","490","Failed callback for non existing Service Provider - DS-04b compliant","functional-tests.tests.callbacks","2026-08-07","passed","2026-08-07","","test_RTP_callback_DS_04","",""
"","7272","RTP form cancellation with reason MODT","ux-tests.tests","2026-08-07","failed","2026-08-07","","test_RTP_cancel_v3","",""
"","2111","A v2 RTP callback with invalid status is rejected without affecting the RTP status","functional-tests.tests.callbacks_v2","2026-08-07","passed","2026-08-07","","test_RTP_callback_DS_08N_negative","",""
"
Test RFC callback DS12P with INVALID status, cancel via REST Web API.

Flow:
1. Activate payer
2. Send an RTP via GPD message (CREATE VALID)
3. Cancel the RTP via REST cancel endpoint with cancel_reason → RTP to RFC_SENT
4. Send DS12P callback with CxlStsId INVALID
5. Verify callback is rejected with 400
6. Verify RTP status is still RFC_SENT
","2084","An RFC callback DS12P INVALID is rejected with 400 - through Web API cancel","functional-tests.tests.callbacks","2026-08-07","passed","2026-08-07","","test_RTP_callback_DS_12P","",""
"
Tests that sending an RTP payload with an invalid amount to the POSTE endpoint results in a 400 Bad Request response.

:param debtor_sp_mock_cert_key: Certificate and key tuple for mutual TLS authentication.
:type debtor_sp_mock_cert_key: Tuple[str, str]
","987","Cannot send RTP with invalid amount","functional-tests.tests.availability","2026-08-07","passed","2026-08-07","","test_availability_POSTE","",""
"MOCKSP04 owns MOCKSP01 as well as its own spId; activation must be allowed on either.","780","A debtor is activated using a Service Provider ID the token subject owns but does not itself represent","functional-tests.tests.activation","2026-08-07","passed","2026-08-07","","test_debtor_activation_create","",""
"Test sending a DELETE operation message via GPD message API after a CREATE VALID + UPDATE","1803","A DELETE message after CREATE VALID + UPDATE PUBLISHED","functional-tests.tests.process_messages_sender","2026-08-07","passed","2026-08-07","","test_RTP_process_sender_DELETE","",""
"Test sending a DELETE operation message via GPD message API after a CREATE VALID + UPDATE","1708","A DELETE message after CREATE VALID + UPDATE DRAFT","functional-tests.tests.process_messages_sender","2026-08-07","passed","2026-08-07","","test_RTP_process_sender_DELETE","",""
"","398","A Service Provider with invalid client ID is not authenticated on Keycloak","functional-tests.tests.auth","2026-08-07","passed","2026-08-07","","test_auth","",""
"","386","All auth fixtures expose a valid Bearer token format","functional-tests.tests.auth","2026-08-07","passed","2026-08-07","","test_auth","",""
"","381","Sending an RTP when EPC returns an unexpected status code error (RTP_05.CHK.A0007) returns 500","functional-tests.tests.send_rtp","2026-08-07","failed","2026-08-07","","test_RTP_send_MOCK","",""
"","1896","SP_ACTIVATIONS_READ_ALL can retrieve activation by Activation ID created by SP_A","functional-tests.tests.activation","2026-08-07","passed","2026-08-07","","test_RTP_activation_security","",""
"","1492","A second service provider triggers takeover when debtor is already active on another service provider","functional-tests.tests.activation","2026-08-07","passed","2026-08-07","","test_debtor_activation_create","",""
"Each entry in ``INVALID_PAYER_IDS`` (see dataset docstring) must be rejected with 400.","371","The activation request must contain a validly formatted fiscal code","functional-tests.tests.activation","2026-08-07","passed","2026-08-07","","test_debtor_activation_create","",""
"Test sending an UPDATE operation message with different statuses via GPD message API before a CREATE","877","An UPDATE message with status VALID before CREATE","functional-tests.tests.process_messages_sender","2026-08-07","passed","2026-08-07","","test_RTP_process_sender_UPDATE_before_CREATE","",""
"Each entry in ``INVALID_PAYER_IDS`` must be rejected with 400.

The ``description`` parameter appears in pytest output to identify which
case failed without having to inspect the raw value.
","381","Querying activation status with an invalid payerId format returns 400","functional-tests.tests.activation","2026-08-07","passed","2026-08-07","","test_debtor_activation_payer_status","",""
"
Test RFC callback DS12N with non-existing service provider.

Flow:
1. Activate payer
2. Send an RTP via GPD message (CREATE VALID)
3. Cancel the RTP via GPD message (DELETE) → RTP to RFC_SENT
4. Send DS12N callback with non-existing BIC (MOCKSP99)
5. Verify callback is rejected with 400 (service provider not found)
","1702","Failed RFC callback for non existing Service Provider - DS-12N RJCR compliant","functional-tests.tests.callbacks","2026-08-07","passed","2026-08-07","","test_RTP_callback_DS_12N","",""
"
Test v2 RFC callback DS12P with CNCL status applied twice on the same RTP.

Flow:
1. Activate payer
2. Send an RTP via GPD message v2 (CREATE VALID)
3. Cancel the RTP via GPD message v2 (DELETE) -> RTP to RFC_SENT
4. Send DS12P callback with CxlStsId CNCL (Cancelled As Per Request) -> RTP to CANCELLED
5. Send the same DS12P CNCL callback again on the already cancelled RTP
6. Verify the second callback is rejected (400) since the transition is no longer valid
7. Verify RTP status remains CANCELLED
","2964","Failed v2 RFC callback for invalid RTP transition - DS-12P positive compliant","functional-tests.tests.callbacks_v2","2026-08-07","passed","2026-08-07","","test_RTP_callback_DS_12P_positive","",""
"Payer activated then deactivated by SP A → isActive must be false.","1221","A deactivated payer returns isActive false","functional-tests.tests.activation","2026-08-07","passed","2026-08-07","","test_debtor_activation_payer_status","",""
"","3591","RTP form is filled and submitted","ux-tests.tests","2026-08-07","passed","2026-08-07","","test_RTP_cancel_v3","",""
"The PSP synchronously rejects the cancellation request with 422 (per standard behaviour for the EPC 415 Unsupported Media Type scenario). The RTP then transitions to ERROR_CANCEL via ERROR_CANCEL_RTP.","1965","Cancelling an RTP - EPC v4 mock unhappy path scenario: epc_415","functional-tests.tests.cancel_rtp","2026-08-07","failed","2026-08-07","","test_RTP_cancel_MOCK_V2","",""
"Test sending a DELETE operation message via GPD message API after a standalone UPDATE (no prior CREATE)","1155","A DELETE message after standalone UPDATE PUBLISHED","functional-tests.tests.process_messages_sender","2026-08-07","passed","2026-08-07","","test_RTP_process_sender_DELETE","",""
"","781","A debtor activated with an owned but distinct Service Provider ID is retrieved by activation id","functional-tests.tests.activation","2026-08-07","passed","2026-08-07","","test_debtor_activation_get","",""
"Test sending an UPDATE after CREATE VALID + DELETE with different statuses","1664","An UPDATE message with status DRAFT after CREATE VALID and DELETE","functional-tests.tests.process_messages_sender","2026-08-07","passed","2026-08-07","","test_RTP_process_sender_UPDATE","",""
"","3040","Failed callback for invalid RTP transition - DS-08N compliant","functional-tests.tests.callbacks","2026-08-07","passed","2026-08-07","","test_RTP_callback_DS_08","",""
"","7664","RTP form cancellation with reason MODT","ux-tests.tests","2026-08-07","failed","2026-08-07","","test_RTP_cancel_v4","",""
"Authenticated but not authorized: token of SP A tries to use OTP issued for SP B","1159","Test Takeover Fails with Wrong SP Token","functional-tests.tests.takeover","2026-08-07","passed","2026-08-07","","test_debtor_takeover","",""
"","1237","SP_B cannot retrieve activation by Fiscal Code created by SP_A","functional-tests.tests.activation","2026-08-07","passed","2026-08-07","","test_RTP_activation_security","",""
"","795","Get by activation id returns 404 when the token subject does not own the activation's Service Provider ID","functional-tests.tests.activation","2026-08-07","passed","2026-08-07","","test_debtor_activation_get","",""
"
Test RFC callback DS12P with non-existing service provider, cancel via REST Web API.

Flow:
1. Activate payer
2. Send an RTP via GPD message (CREATE VALID)
3. Cancel the RTP via REST cancel endpoint with cancel_reason → RTP to RFC_SENT
4. Send DS12P callback with non-existing BIC (MOCKSP99)
5. Verify callback is rejected with 400 (service provider not found)
","1696","Failed RFC callback for non existing Service Provider - DS-12P CNCL compliant - through Web API cancel","functional-tests.tests.callbacks","2026-08-07","passed","2026-08-07","","test_RTP_callback_DS_12P","",""
"
Test RFC callback DS12N with RJCR status applied twice on the same RTP.

Flow:
1. Activate payer
2. Send an RTP via GPD message (CREATE VALID)
3. Cancel the RTP via GPD message (DELETE) -> RTP to RFC_SENT
4. Send DS12N callback with CxlStsId RJCR (Rejected Cancellation Request) -> RTP to ERROR_CANCEL
5. Send the same DS12N RJCR callback again on the already transitioned RTP
6. Verify the second callback is rejected (400) since the transition is no longer valid
7. Verify RTP status remains ERROR_CANCEL
","3416","Failed RFC callback for invalid RTP transition - DS-12N RJCR compliant","functional-tests.tests.callbacks","2026-08-07","passed","2026-08-07","","test_RTP_callback_DS_12N","",""
"Test sending a CREATE operation message with different statuses via GPD message API","792","A CREATE message with status EXPIRED","functional-tests.tests.process_messages_sender","2026-08-07","passed","2026-08-07","","test_RTP_process_sender_CREATE","",""
"","2010","Failed callback for non existing Service Provider - DS-08N negative compliant","functional-tests.tests.callbacks_v2","2026-08-07","passed","2026-08-07","","test_RTP_callback_DS_08N_negative","",""
"","886","An RTP is sent through GPD message API","functional-tests.tests.send_rtp","2026-08-07","passed","2026-08-07","","test_RTP_send_MOCK","",""
"
DS_04b callback sent with the Version header must be rejected with 400.
The RTP state must be unchanged.

Flow:
1. Activate payer and send an RTP → resource_id
2. Capture current RTP status
3. Build a valid DS_04b payload referencing the RTP
4. POST to callback endpoint WITH Version header
5. Verify 400 is returned with the expected error body
6. Verify RTP status is unchanged
","1992","DS_04b callback with Version header returns 400","functional-tests.tests.callbacks","2026-08-07","passed","2026-08-07","","test_RTP_callback_with_version_header","",""
"","1250","An RTP sent when EPC response contains an unknown field is ignored and remains in status SENT - through Web API","functional-tests.tests.send_rtp","2026-08-07","passed","2026-08-07","","test_RTP_send_MOCK","",""
"","393","inexistent RTP -> empty body","functional-tests.tests.get_rtp","2026-08-07","passed","2026-08-07","","test_RTP_get","",""
"","377","Retrieving non-existent activation by payer id returns 404","functional-tests.tests.activation","2026-08-07","passed","2026-08-07","","test_debtor_activation_get","",""
"","1894","A debtor Service Provider cannot send an RTP","bdd-tests","2026-08-07","passed","2026-08-07","RTP_Sending","RTP","",""
"CREATE VALID with an ec_tax_code that does not exist in GPD returns 422 Payee not found","785","A CREATE VALID message with a non-existent ec_tax_code is rejected","functional-tests.tests.process_messages_sender","2026-08-07","passed","2026-08-07","","test_RTP_process_sender_CREATE","",""
"","3713","Failed callback for invalid RTP transition - DS-05 ACTC compliant","functional-tests.tests.callbacks","2026-08-07","passed","2026-08-07","","test_RTP_callback_DS_05","",""
"","1566","Get paginated list of payees successfully","functional-tests.tests.service_registry","2026-08-07","passed","2026-08-07","","test_service_registry_payees_registry","",""
"","2391","DS_05 redirect v2 callback with Version header returns 400","functional-tests.tests.callbacks_v2","2026-08-07","passed","2026-08-07","","test_RTP_callback_with_version_header","",""
"Test sending a DELETE operation message via GPD message API after a CREATE VALID + UPDATE","2143","A DELETE message after CREATE VALID + UPDATE VALID","functional-tests.tests.process_messages_sender","2026-08-07","passed","2026-08-07","","test_RTP_process_sender_DELETE","",""
"","382","The activation request must contain a Service Provider ID of valid length","functional-tests.tests.activation","2026-08-07","passed","2026-08-07","","test_debtor_activation_create","",""
"UPDATE VALID before any CREATE creates a new RTP; the RTP must be retrievable from the database","1824","An UPDATE VALID before CREATE creates the RTP in the database","functional-tests.tests.process_messages_sender","2026-08-07","passed","2026-08-07","","test_RTP_process_sender_UPDATE_before_CREATE","",""
"
Test RFC callback DS12N with wrong certificate identity, cancel via REST Web API.

Flow:
1. Activate payer
2. Send an RTP via GPD message (CREATE VALID)
3. Cancel the RTP via REST cancel endpoint with cancel_reason → RTP to RFC_SENT
4. Send DS12N callback with assignee_bic='FAKESP01' (doesn't match certificate identity MOCKSP04)
5. Verify callback is rejected with 403 (certificate mismatch)
","1692","Unauthorized RFC callback due to wrong certificate serial - through Web API cancel","functional-tests.tests.callbacks","2026-08-07","passed","2026-08-07","","test_RTP_callback_DS_12N","",""
"
Payer activated under SP A.
Token with read_rtp_all can read across all Service Providers:
the admin client sub does not match SP A, yet isActive must be true.
","768","read_rtp_all role returns isActive true for a payer on any Service Provider","functional-tests.tests.activation","2026-08-07","passed","2026-08-07","","test_debtor_activation_payer_status","",""
"","2375","A v2 document RTP callback with status RJCT is successfully received","functional-tests.tests.callbacks_v2","2026-08-07","passed","2026-08-07","","test_RTP_callback_DS_document_rjct","",""
"The response body is not a recognizable cancellation confirmation (quoted plain string), so the RTP stays in RFC_SENT.","1802","Cancelling an RTP - EPC v4 mock happy path scenario: plain_string","functional-tests.tests.cancel_rtp","2026-08-07","passed","2026-08-07","","test_RTP_cancel_MOCK_V2","",""
"Each entry in ``INVALID_PAYER_IDS`` must be rejected with 400.

The ``description`` parameter appears in pytest output to identify which
case failed without having to inspect the raw value.
","373","Querying activation status with an invalid payerId format returns 400","functional-tests.tests.activation","2026-08-07","passed","2026-08-07","","test_debtor_activation_payer_status","",""
"Each entry in ``INVALID_PAYER_IDS`` (see dataset docstring) must be rejected with 400.","374","The activation request must contain a validly formatted fiscal code","functional-tests.tests.activation","2026-08-07","passed","2026-08-07","","test_debtor_activation_create","",""
"Test sending a CREATE operation message with an omocodia fiscal code via GPD message API","1820","A CREATE message with omocodia fiscal code is successfully sent through GPD message API","functional-tests.tests.process_messages_sender","2026-08-07","passed","2026-08-07","","test_RTP_process_sender","",""
"An EPC response containing fields not declared in the OpenAPI spec is treated as an invalid message and is NOT tolerated for accept/reject purposes (confirmed with rtp-sender-v2 maintainers, PR #26). The extra `invalid-field` property invalidates the whole response, so the CNCL confirmation is not processed and the RTP stays in RFC_SENT.","1778","Cancelling an RTP - EPC v4 mock unhappy path scenario: cncl_extra_field","functional-tests.tests.cancel_rtp","2026-08-07","passed","2026-08-07","","test_RTP_cancel_MOCK_V2","",""
"MOCKSP04 owns both its own spId and MOCKSP01; redeeming an OTP scoped to MOCKSP01 must
assign MOCKSP01 to the new activation, not MOCKSP04 (the redeemer's own tspId).","2607","Test Takeover Redemption Assigns the OTP's Owned Service Provider ID","functional-tests.tests.takeover","2026-08-07","passed","2026-08-07","","test_debtor_takeover","",""
"","3398","Failed callback for invalid RTP transition - DS-08P RJCT compliant","functional-tests.tests.callbacks","2026-08-07","passed","2026-08-07","","test_RTP_callback_DS_08","",""
"","1884","An RTP sent with synchronous rejection is in status REJECTED - DS-08P N - through Web API V2","functional-tests.tests.send_rtp","2026-08-07","passed","2026-08-07","","test_RTP_send_MOCK","",""
"","5175","DS_12N negative RFC v2 callback with Version header returns 400","functional-tests.tests.callbacks_v2","2026-08-07","passed","2026-08-07","","test_RTP_callback_with_version_header","",""
"","463","The RTP web page is reachable","functional-tests.tests.availability","2026-08-07","passed","2026-08-07","","test_availability_RTP_webform","",""
"
DS_08P ACCP callback sent with the Version header must be rejected with 400.
The RTP must remain in ACCEPTED (transition to USER_ACCEPTED must not happen).

Flow:
1. Activate payer, send RTP, advance to ACCEPTED via DS_05 (without header)
2. Build a valid DS_08P ACCP payload
3. POST WITH Version header
4. Verify 400 is returned with the expected error body
5. Verify RTP status is still ACCEPTED
","2431","DS_08P ACCP callback with Version header returns 400","functional-tests.tests.callbacks","2026-08-07","passed","2026-08-07","","test_RTP_callback_with_version_header","",""
"","385","Sending an RTP when EPC returns a malformed/invalid response body returns 500","functional-tests.tests.send_rtp","2026-08-07","failed","2026-08-07","","test_RTP_send_MOCK","",""
"","417","malformed rtp_id → 400 Bad Request","functional-tests.tests.get_rtp","2026-08-07","passed","2026-08-07","","test_RTP_get","",""
"Test sending an UPDATE operation message with different statuses via GPD message API after a CREATE","1300","An UPDATE message with status INVALID after CREATE","functional-tests.tests.process_messages_sender","2026-08-07","passed","2026-08-07","","test_RTP_process_sender_UPDATE","",""
"","7357","RTP form cancellation with reason PAID","ux-tests.tests","2026-08-07","failed","2026-08-07","","test_RTP_cancel_v3","",""
"MOCKSP04 owns MOCKSP01 and triggers the OTP; FAKESP01, which owns neither, must be rejected
with an explicit ownership error, not merely a generic 403.","1181","Test Takeover Fails when Redeemer Does Not Own the OTP's Service Provider ID","functional-tests.tests.takeover","2026-08-07","passed","2026-08-07","","test_debtor_takeover","",""
"Test sending a DELETE operation message via GPD message API after a CREATE","1272","A DELETE message after CREATE PUBLISHED","functional-tests.tests.process_messages_sender","2026-08-07","passed","2026-08-07","","test_RTP_process_sender_DELETE","",""
"","873","An RTP is sent to Poste service with activated fiscal code - through Web API","functional-tests.tests.send_rtp","2026-08-07","passed","2026-08-07","","test_RTP_send_POSTE","",""
"
Test RFC callback DS12N with INVALID status.

Flow:
1. Activate payer
2. Send an RTP via GPD message (CREATE VALID)
3. Cancel the RTP via GPD message (DELETE) → RTP to RFC_SENT
4. Send DS12N callback with CxlStsId INVALID
5. Verify callback is rejected with 400
6. Verify RTP status is still RFC_SENT
","2077","An RFC callback DS12N INVALID is rejected with 400","functional-tests.tests.callbacks","2026-08-07","passed","2026-08-07","","test_RTP_callback_DS_12N","",""
"","378","Sending an RTP when EPC returns a malformed/invalid response body returns 500 - through Web API","functional-tests.tests.send_rtp","2026-08-07","failed","2026-08-07","","test_RTP_send_MOCK","",""
"","2205","An RTP callback with status REJECTED is successfully received","functional-tests.tests.callbacks","2026-08-07","passed","2026-08-07","","test_RTP_callback_DS_08","",""
"","369","Missing Version header returns 200","functional-tests.tests.activation","2026-08-07","passed","2026-08-07","","test_debtor_activation_list","",""
"","388","Sending an RTP when EPC returns an unexpected status code error (RTP_05.CHK.A0007) returns 500 - through Web API V2","functional-tests.tests.send_rtp","2026-08-07","failed","2026-08-07","","test_RTP_send_MOCK","",""
"","2835","DS_08P positive v2 callback with Version header returns 400","functional-tests.tests.callbacks_v2","2026-08-07","passed","2026-08-07","","test_RTP_callback_with_version_header","",""
"Test sending a DELETE operation message via GPD message API after a CREATE","1160","A DELETE message after CREATE PARTIALLY_PAID","functional-tests.tests.process_messages_sender","2026-08-07","passed","2026-08-07","","test_RTP_process_sender_DELETE","",""
"","387","Get payees consents with invalid consent value returns 400","functional-tests.tests.service_registry","2026-08-07","passed","2026-08-07","","test_get_payees_consents","",""
"UPDATE VALID with an ec_tax_code that does not exist in GPD returns 422 Payee not found","787","An UPDATE VALID message with a non-existent ec_tax_code is rejected","functional-tests.tests.process_messages_sender","2026-08-07","passed","2026-08-07","","test_RTP_process_sender_UPDATE","",""
"","2592","An RTP callback is successfully received with status ACCP","functional-tests.tests.callbacks","2026-08-07","passed","2026-08-07","","test_RTP_callback_DS_08","",""
"Each entry in ``INVALID_PAYER_IDS`` (see dataset docstring) must be rejected with 400.","372","The activation request must contain a validly formatted fiscal code","functional-tests.tests.activation","2026-08-07","passed","2026-08-07","","test_debtor_activation_create","",""
"","371","The activation request must contain a validly formatted Service Provider ID","functional-tests.tests.activation","2026-08-07","passed","2026-08-07","","test_debtor_activation_create","",""
"
Test RFC callback DS12N with RJCR status.

Flow:
1. Activate payer
2. Send an RTP via GPD message (CREATE VALID)
3. Cancel the RTP via GPD message (DELETE) → RTP to RFC_SENT
4. Send DS12N callback with CxlStsId RJCR (Rejected Cancellation Request)
5. Verify callback is accepted (200)
6. Verify RTP status is ERROR_CANCEL
","2625","An RFC callback DS12N RJCR is successfully received and RTP status is ERROR_CANCEL","functional-tests.tests.callbacks","2026-08-07","passed","2026-08-07","","test_RTP_callback_DS_12N","",""
"Each entry in ``INVALID_PAYER_IDS`` must be rejected with 400.

The ``description`` parameter appears in pytest output to identify which
case failed without having to inspect the raw value.
","404","Querying activation status with an invalid payerId format returns 400","functional-tests.tests.activation","2026-08-07","passed","2026-08-07","","test_debtor_activation_payer_status","",""
"The ownership check fails the same way whether the target spId belongs to someone else
or doesn't exist in the registry at all - NOEXIT00 is not a real Service Provider ID.","381","Activation is forbidden with the same error code for a Service Provider ID absent from the registry","functional-tests.tests.activation","2026-08-07","passed","2026-08-07","","test_debtor_activation_create","",""
"","783","Find by payer id returns 404 when the token subject does not own the activation's Service Provider ID","functional-tests.tests.activation","2026-08-07","passed","2026-08-07","","test_debtor_activation_get","",""
"
Test RFC callback DS12N with INVALID status, cancel via REST Web API.

Flow:
1. Activate payer
2. Send an RTP via GPD message (CREATE VALID)
3. Cancel the RTP via REST cancel endpoint with cancel_reason → RTP to RFC_SENT
4. Send DS12N callback with CxlStsId INVALID
5. Verify callback is rejected with 400
6. Verify RTP status is still RFC_SENT
","2715","An RFC callback DS12N INVALID is rejected with 400 - through Web API cancel","functional-tests.tests.callbacks","2026-08-07","passed","2026-08-07","","test_RTP_callback_DS_12N","",""
"Each entry in ``INVALID_PAYER_IDS`` (see dataset docstring) must be rejected with 400.","375","The activation request must contain a validly formatted fiscal code","functional-tests.tests.activation","2026-08-07","passed","2026-08-07","","test_debtor_activation_create","",""
"The response cannot be parsed as a cancellation confirmation (malformed, unquoted string), so the RTP stays in RFC_SENT rather than erroring out.","1799","Cancelling an RTP - EPC v4 mock unhappy path scenario: malformed_string","functional-tests.tests.cancel_rtp","2026-08-07","passed","2026-08-07","","test_RTP_cancel_MOCK_V2","",""
"Each entry in ``INVALID_PAYER_IDS`` must be rejected with 400.

The ``description`` parameter appears in pytest output to identify which
case failed without having to inspect the raw value.
","382","Querying activation status with an invalid payerId format returns 400","functional-tests.tests.activation","2026-08-07","passed","2026-08-07","","test_debtor_activation_payer_status","",""
"","358","Retrieving activation without valid token returns 401","functional-tests.tests.activation","2026-08-07","passed","2026-08-07","","test_debtor_activation_get","",""
"","3375","An RTP is sent through CBI API","functional-tests.tests.availability","2026-08-07","passed","2026-08-07","","test_availability_CBI","",""
"
Given a noticeNumber that does not correspond to any RTP in the database,
when the payee queries the delivery-status endpoint,
then the response must be HTTP 200 with status=PD_RTP_NOT_DELIVERED and
processingDate absent or null.
","387","Non-existent noticeNumber → PD_RTP_NOT_DELIVERED","functional-tests.tests.get_rtp","2026-08-07","passed","2026-08-07","","test_RTP_get_delivery_status","",""
"
DS_12P CNCL RFC callback sent with the Version header must be rejected with 400.
The RTP must remain in RFC_SENT (transition to CANCELLED must not happen).

Flow:
1. Activate payer, send RTP, trigger cancel via GPD DELETE → RFC_SENT
2. Build a valid DS_12P CNCL payload
3. POST to RFC callback endpoint WITH Version header
4. Verify 400 is returned with the expected error body
5. Verify RTP status is still RFC_SENT
","2034","DS_12P CNCL RFC callback with Version header returns 400","functional-tests.tests.callbacks","2026-08-07","passed","2026-08-07","","test_RTP_callback_with_version_header","",""
"Each entry in ``INVALID_PAYER_IDS`` must be rejected with 400.

The ``description`` parameter appears in pytest output to identify which
case failed without having to inspect the raw value.
","375","Querying activation status with an invalid payerId format returns 400","functional-tests.tests.activation","2026-08-07","passed","2026-08-07","","test_debtor_activation_payer_status","",""
"
Test RFC callback DS12P with wrong certificate identity, cancel via REST Web API.

Flow:
1. Activate payer
2. Send an RTP via GPD message (CREATE VALID)
3. Cancel the RTP via REST cancel endpoint with cancel_reason → RTP to RFC_SENT
4. Send DS12P callback with assignee_bic='FAKESP01' (doesn't match certificate identity MOCKSP04)
5. Verify callback is rejected with 403 (certificate mismatch)
","1682","Unauthorized RFC callback due to wrong certificate serial - through Web API cancel","functional-tests.tests.callbacks","2026-08-07","passed","2026-08-07","","test_RTP_callback_DS_12P","",""
"","2015","An RTP sent with synchronous acceptance is in status ACCEPTED - DS-05 ACTC - through Web API V2","functional-tests.tests.send_rtp","2026-08-07","passed","2026-08-07","","test_RTP_send_MOCK","",""
"","1968","Takeover fails without authentication","bdd-tests","2026-08-07","passed","2026-08-07","Debtor_Activation_Takeover","RTP","",""
"FAKESP01 does not own MOCKSP01, a Service Provider ID owned by another tspId.","382","Activation is forbidden for a Service Provider ID not owned by the token subject","functional-tests.tests.activation","2026-08-07","passed","2026-08-07","","test_debtor_activation_create","",""
"","810","A debtor activated with an owned but distinct Service Provider ID is deactivated","functional-tests.tests.activation","2026-08-07","passed","2026-08-07","","test_debtor_deactivation","",""
"","1162","Whitespaces is allowed in description and company name field","ux-tests.tests","2026-08-07","passed","2026-08-07","","test_RTP_submission_v4","",""
"Active payer with a foreign-country fiscal code (Z + 3 digits municipality) → isActive must be true.","776","An active payer with foreign fiscal code returns isActive true","functional-tests.tests.activation","2026-08-07","passed","2026-08-07","","test_debtor_activation_payer_status","",""
"","379","Get payees consents with wrong token type returns 403","functional-tests.tests.service_registry","2026-08-07","passed","2026-08-07","","test_get_payees_consents","",""
"","2137","A v2 redirect RTP callback with invalid status is rejected without affecting the RTP status","functional-tests.tests.callbacks_v2","2026-08-07","passed","2026-08-07","","test_RTP_callback_DS_05_redirect","",""
"The PSP synchronously rejects the cancellation request with 422 (per standard behaviour for the EPC 404 Not Found scenario). The RTP then transitions to ERROR_CANCEL via ERROR_CANCEL_RTP.","2058","Cancelling an RTP - EPC v4 mock unhappy path scenario: epc_404","functional-tests.tests.cancel_rtp","2026-08-07","failed","2026-08-07","","test_RTP_cancel_MOCK_V2","",""
"","1331","An RTP sent when EPC response omits _links is in status ACCEPTED - through Web API V2","functional-tests.tests.send_rtp","2026-08-07","passed","2026-08-07","","test_RTP_send_MOCK","",""
"Test sending a CREATE operation message via GPD message API","960","A CREATE message is successfully sent through GPD message API","functional-tests.tests.process_messages_sender","2026-08-07","passed","2026-08-07","","test_RTP_process_sender","",""
"","908","SP_B cannot retrieve activation by Activation ID created by SP_A","functional-tests.tests.activation","2026-08-07","passed","2026-08-07","","test_RTP_activation_security","",""
"Each entry in ``INVALID_PAYER_IDS`` (see dataset docstring) must be rejected with 400.","388","The activation request must contain a validly formatted fiscal code","functional-tests.tests.activation","2026-08-07","passed","2026-08-07","","test_debtor_activation_create","",""
"
SP A activates the payer.
SP B queries the status → must get isActive=false to avoid disclosing
that the payer is registered under a competitor SP.
","785","A payer active on a different Service Provider returns isActive false (privacy)","functional-tests.tests.activation","2026-08-07","passed","2026-08-07","","test_debtor_activation_payer_status","",""
"
Test RFC callback DS12P with wrong certificate identity, cancel via REST Web API.

Flow:
1. Activate payer
2. Send an RTP via GPD message (CREATE VALID)
3. Cancel the RTP via REST cancel endpoint with cancel_reason → RTP to RFC_SENT
4. Send DS12P callback with assignee_bic='FAKESP01' (doesn't match certificate identity MOCKSP04)
5. Verify callback is rejected with 403 (certificate mismatch)
","1809","Unauthorized RFC callback due to wrong certificate serial - through Web API cancel","functional-tests.tests.callbacks","2026-08-07","passed","2026-08-07","","test_RTP_callback_DS_12P","",""
"","873","A debtor is activated by an authenticated service provider","functional-tests.tests.activation","2026-08-07","passed","2026-08-07","","test_debtor_activation_create","",""
"
Verify that a debt position can be deleted successfully.
","2179","Happy path: a debt position is deleted in UAT environment","functional-tests.tests.gpd_availability","2026-08-07","passed","2026-08-07","","test_availability_GPD","",""
"","1726","Unauthorized callback due to wrong certificate serial","functional-tests.tests.callbacks_v2","2026-08-07","passed","2026-08-07","","test_RTP_callback_DS_05_redirect","",""
"Each entry in ``INVALID_PAYER_IDS`` must be rejected with 400.

The ``description`` parameter appears in pytest output to identify which
case failed without having to inspect the raw value.
","378","Querying activation status with an invalid payerId format returns 400","functional-tests.tests.activation","2026-08-07","passed","2026-08-07","","test_debtor_activation_payer_status","",""
"","388","RTP cancellation fails if resource ID does not exist","functional-tests.tests.cancel_rtp","2026-08-07","passed","2026-08-07","","test_RTP_cancel","",""
"","927","SP_ACTIVATIONS_READ_ALL can retrieve activation by Fiscal Code created by SP_A","functional-tests.tests.activation","2026-08-07","passed","2026-08-07","","test_RTP_activation_security","",""
"","387","Invalid pagination parameters returns 400","functional-tests.tests.activation","2026-08-07","passed","2026-08-07","","test_debtor_activation_list","",""
"
Test RFC callback DS12P with INVALID status.

Flow:
1. Activate payer
2. Send an RTP via GPD message (CREATE VALID)
3. Cancel the RTP via GPD message (DELETE) → RTP to RFC_SENT
4. Send DS12P callback with CxlStsId INVALID
5. Verify callback is rejected with 400
6. Verify RTP status is still RFC_SENT
","2069","An RFC callback DS12P INVALID is rejected with 400","functional-tests.tests.callbacks","2026-08-07","passed","2026-08-07","","test_RTP_callback_DS_12P","",""
"","1009","Cannot send RTP with invalid amount","functional-tests.tests.availability","2026-08-07","passed","2026-08-07","","test_availability_CBI","",""
"","2186","An RTP sent with synchronous rejection and missing _links results in status REJECTED","functional-tests.tests.send_rtp","2026-08-07","passed","2026-08-07","","test_RTP_send_MOCK","",""
"Parametrized contract test generated from the Send API OpenAPI spec.

Schemathesis derives one test case per endpoint defined in the spec, generating
request data (path params, query params, body) that is valid according to the schema.
Each case is executed against the live API and the response is validated with
CONTRACT_CHECKS.

An additional assertion verifies that the Location header is present on 201 responses
from POST /rtps, as required by the spec.
","133209","test_send_api_contract[POST /gpd/message]","contract-tests.tests","2026-08-07","passed","2026-08-07","","test_api_send_rtp","",""
"
Test v2 RFC callback DS12P with wrong certificate identity.

Flow:
1. Activate payer
2. Send an RTP via GPD message v2 (CREATE VALID)
3. Cancel the RTP via GPD message v2 (DELETE) -> RTP to RFC_SENT
4. Send DS12P callback with assignee_bic='FAKESP01' (doesn't match certificate identity)
5. Verify callback is rejected with 403 (certificate mismatch)
6. Verify RTP status is still RFC_SENT
","2950","Unauthorized v2 RFC callback due to wrong certificate serial","functional-tests.tests.callbacks_v2","2026-08-07","passed","2026-08-07","","test_RTP_callback_DS_12P_positive","",""
"Each entry in ``INVALID_PAYER_IDS`` (see dataset docstring) must be rejected with 400.","382","The activation request must contain a validly formatted fiscal code","functional-tests.tests.activation","2026-08-07","passed","2026-08-07","","test_debtor_activation_create","",""
"
Tests the retrieval of an access token from the POSTE authentication endpoint using client credentials and mutual TLS.

:param debtor_sp_mock_cert_key: Certificate and key tuple for mutual TLS authentication.
:type debtor_sp_mock_cert_key: Tuple[str, str]
","223","Auth endpoint returns valid token","functional-tests.tests.availability","2026-08-07","passed","2026-08-07","","test_availability_POSTE","",""
"Each entry in ``INVALID_PAYER_IDS`` must be rejected with 400.

The ``description`` parameter appears in pytest output to identify which
case failed without having to inspect the raw value.
","372","Querying activation status with an invalid payerId format returns 400","functional-tests.tests.activation","2026-08-07","passed","2026-08-07","","test_debtor_activation_payer_status","",""
"","434","Sending to non-activated debtor returns 422 - through Web API V2","functional-tests.tests.send_rtp","2026-08-07","passed","2026-08-07","","test_RTP_send_MOCK","",""
"","388","A Service Provider with invalid client secret is not authenticated on Keycloak","functional-tests.tests.auth","2026-08-07","passed","2026-08-07","","test_auth","",""
"The PSP synchronously rejects the cancellation request with 422 (per standard behaviour for the EPC 429 Too Many Requests scenario). The RTP then transitions to ERROR_CANCEL via ERROR_CANCEL_RTP.","11680","Cancelling an RTP - EPC v4 mock unhappy path scenario: epc_429","functional-tests.tests.cancel_rtp","2026-08-07","failed","2026-08-07","","test_RTP_cancel_MOCK_V2","",""
"
DS_12N RJCR RFC callback sent with the Version header must be rejected with 400.
The RTP must remain in RFC_SENT (transition to ERROR_CANCEL must not happen).

Flow:
1. Activate payer, send RTP, trigger cancel via GPD DELETE → RFC_SENT
2. Build a valid DS_12N RJCR payload
3. POST to RFC callback endpoint WITH Version header
4. Verify 400 is returned with the expected error body
5. Verify RTP status is still RFC_SENT
","2047","DS_12N RJCR RFC callback with Version header returns 400","functional-tests.tests.callbacks","2026-08-07","passed","2026-08-07","","test_RTP_callback_with_version_header","",""
"Test sending a DELETE operation message via GPD message API after a CREATE","1156","A DELETE message after CREATE INVALID","functional-tests.tests.process_messages_sender","2026-08-07","passed","2026-08-07","","test_RTP_process_sender_DELETE","",""
"The mock policy falls back to its default `{}` response when no notice number matches, so the RTP stays in RFC_SENT.","1814","Cancelling an RTP - EPC v4 mock happy path scenario: no_match_fallback","functional-tests.tests.cancel_rtp","2026-08-07","passed","2026-08-07","","test_RTP_cancel_MOCK_V2","",""
"Each entry in ``INVALID_PAYER_IDS`` must be rejected with 400.

The ``description`` parameter appears in pytest output to identify which
case failed without having to inspect the raw value.
","378","Querying activation status with an invalid payerId format returns 400","functional-tests.tests.activation","2026-08-07","failed","2026-08-07","","test_debtor_activation_payer_status","",""
