"DESCRIPTION","DURATION IN MS","NAME","PARENT SUITE","START TIME","STATUS","STOP TIME","SUB SUITE","SUITE","TEST CLASS","TEST METHOD"
"","21451","A repeated ALAC status update is an idempotent no-op","functional-tests.tests.callbacks_v2","2026-10-08","passed","2026-10-08","","test_RTP_status_update_callback","",""
"Preserve binary payload bytes after canonical headers.","0","test_canonical_representation_preserves_payload_bytes_after_headers","functional-tests.tests.qsealc","2026-10-08","passed","2026-10-08","","test_srtp_message_signing","",""
"
Test RFC callback DS12P with wrong certificate identity, cancel via REST Web API.

Flow:
1. Activate payer
2. Send an RTP via GPD message (CREATE VALID)
3. Cancel the RTP via REST cancel endpoint with cancel_reason → RTP to RFC_SENT
4. Send DS12P callback with assignee_bic='FAKESP01' (doesn't match certificate identity MOCKSP04)
5. Verify callback is rejected with 403 (certificate mismatch)
","2432","Unauthorized RFC callback due to wrong certificate serial - through Web API cancel","functional-tests.tests.callbacks","2026-10-08","passed","2026-10-08","","test_RTP_callback_DS_12P","",""
"","835","A debtor activated with an owned but distinct Service Provider ID is retrieved by activation id","functional-tests.tests.activation","2026-10-08","passed","2026-10-08","","test_debtor_activation_get","",""
"
DS_12N RJCR RFC callback sent with the Version header must be rejected with 400.
The RTP must remain in RFC_SENT (transition to ERROR_CANCEL must not happen).

Flow:
1. Activate payer, send RTP, trigger cancel via GPD DELETE → RFC_SENT
2. Build a valid DS_12N RJCR payload
3. POST to RFC callback endpoint WITH Version header
4. Verify 400 is returned with the expected error body
5. Verify RTP status is still RFC_SENT
","2560","DS_12N RJCR RFC callback with Version header returns 400","functional-tests.tests.callbacks","2026-10-08","passed","2026-10-08","","test_RTP_callback_with_version_header","",""
"Exclude transport headers outside the EPC API whitelist.","0","test_canonical_representation_filters_headers_outside_the_epc_api_set","functional-tests.tests.qsealc","2026-10-08","passed","2026-10-08","","test_srtp_message_signing","",""
"OTP bound to payer1 should not work for payer2","1266","Test Takeover Fails with OTP Bound to Different Payer","functional-tests.tests.takeover","2026-10-08","passed","2026-10-08","","test_debtor_takeover","",""
"","938","A status-update cancel error is normalized without changing the RTP","functional-tests.tests.send_rtp","2026-10-08","failed","2026-10-08","","test_RTP_status_update_cancel_MOCK_V2","",""
"","821","A status-update error is normalized without changing the RTP","functional-tests.tests.send_rtp","2026-10-08","failed","2026-10-08","","test_RTP_status_update_MOCK_V2","",""
"
Test v2 RFC callback DS12N with RJCR status applied twice on the same RTP.

Flow:
1. Activate payer
2. Send an RTP via GPD message v2 (CREATE VALID)
3. Cancel the RTP via GPD message v2 (DELETE) -> RTP to RFC_SENT
4. Send DS12N callback with CxlStsId RJCR (Rejected Cancellation Request) -> RTP to CANCELLED_REJECTED
5. Send the same DS12N RJCR callback again on the already transitioned RTP
6. Verify the second callback is rejected (400) since the transition is no longer valid
7. Verify RTP status remains CANCELLED_REJECTED
","818","Failed v2 RFC callback for invalid RTP transition - DS-12N negative compliant","functional-tests.tests.callbacks_v2","2026-10-08","failed","2026-10-08","","test_RTP_callback_DS_12N_negative","",""
"
Test v2 RFC callback DS12N with wrong certificate identity.

Flow:
1. Activate payer
2. Send an RTP via GPD message v2 (CREATE VALID)
3. Cancel the RTP via GPD message v2 (DELETE) -> RTP to RFC_SENT
4. Send DS12N callback with assignee_bic='FAKESP01' (doesn't match certificate identity)
5. Verify callback is rejected with 403 (certificate mismatch)
6. Verify RTP status is still RFC_SENT
","806","Unauthorized v2 RFC callback due to wrong certificate serial","functional-tests.tests.callbacks_v2","2026-10-08","failed","2026-10-08","","test_RTP_callback_DS_12N_negative","",""
"Each entry in ``INVALID_PAYER_IDS`` must be rejected with 400.

The ``description`` parameter appears in pytest output to identify which
case failed without having to inspect the raw value.
","406","Querying activation status with an invalid payerId format returns 400","functional-tests.tests.activation","2026-10-08","passed","2026-10-08","","test_debtor_activation_payer_status","",""
"","413","Invalid pagination parameters returns 400","functional-tests.tests.activation","2026-10-08","passed","2026-10-08","","test_debtor_activation_list","",""
"","379","Get payees with invalid authorization","functional-tests.tests.service_registry","2026-10-08","passed","2026-10-08","","test_service_registry_payees_registry","",""
"","810","A v2 RTP callback with invalid status is rejected without affecting the RTP status","functional-tests.tests.callbacks_v2","2026-10-08","failed","2026-10-08","","test_RTP_callback_DS_08N_negative","",""
"","400","Get payees consents with extreme page size returns 400","functional-tests.tests.service_registry","2026-10-08","passed","2026-10-08","","test_get_payees_consents","",""
"","389","All auth fixtures expose a valid Bearer token format","functional-tests.tests.auth","2026-10-08","passed","2026-10-08","","test_auth","",""
"","819","A status-update cancel response maps to the expected RTP result","functional-tests.tests.send_rtp","2026-10-08","failed","2026-10-08","","test_RTP_status_update_cancel_MOCK_V2","",""
"Each entry in ``INVALID_PAYER_IDS`` (see dataset docstring) must be rejected with 400.","415","The activation request must contain a validly formatted fiscal code","functional-tests.tests.activation","2026-10-08","passed","2026-10-08","","test_debtor_activation_create","",""
"","1597","Get a page of activations","functional-tests.tests.activation","2026-10-08","passed","2026-10-08","","test_debtor_activation_list","",""
"Each entry in ``INVALID_PAYER_IDS`` must be rejected with 400.

The ``description`` parameter appears in pytest output to identify which
case failed without having to inspect the raw value.
","398","Querying activation status with an invalid payerId format returns 400","functional-tests.tests.activation","2026-10-08","passed","2026-10-08","","test_debtor_activation_payer_status","",""
"Test sending a DELETE operation message via GPD message API after a CREATE","1228","A DELETE message after CREATE INVALID","functional-tests.tests.process_messages_sender","2026-10-08","passed","2026-10-08","","test_RTP_process_sender_DELETE","",""
"","395","Retrieving non-existent activation by payer id returns 404","functional-tests.tests.activation","2026-10-08","passed","2026-10-08","","test_debtor_activation_get","",""
"
Given a debtor is activated and a GPD message (CREATE) is sent via POST /gpd/message,
when the rtp-sender processes it and the RTP reaches status SENT,
when the payee queries the delivery-status endpoint with the correct noticeNumber
(nav) and payeeId (ec_tax_code),
then the response body must contain status=PD_RTP_DELIVERED, a non-null processingDate
in ISO 8601 format, and processingDate must match the SEND_RTP event timestamp from
the GPD message response (truncated to millisecond precision).
","6562","GPD message sent → RTP SENT → PD_RTP_DELIVERED with processingDate","functional-tests.tests.get_rtp","2026-10-08","passed","2026-10-08","","test_RTP_get_delivery_status","",""
"","390","Get payees consents with invalid authorization returns 401","functional-tests.tests.service_registry","2026-10-08","passed","2026-10-08","","test_get_payees_consents","",""
"
Send the same CREATE VALID message twice.

Because send_gpd_message derives the Idempotency-Key deterministically from
the message id (msg_id), reusing the same payload reuses the same key.

Expectations:
- Both calls return HTTP 200 (idempotent, not an error).
- The resourceId in both responses is identical, proving the API returned
  the cached response and did not process the message twice.
- Querying by notice number returns exactly one RTP, confirming that only
  one record was written to the database.
","1720","Two CREATE VALID messages with the same Idempotency-Key both succeed but only one RTP is stored","functional-tests.tests.process_messages_sender","2026-10-08","passed","2026-10-08","","test_RTP_process_sender_IDEMPOTENCY","",""
"","812","A status-update cancel error is normalized without changing the RTP","functional-tests.tests.send_rtp","2026-10-08","failed","2026-10-08","","test_RTP_status_update_cancel_MOCK_V2","",""
"","2061","An RTP sent with synchronous rejection containing extra fields results in status REJECTED","functional-tests.tests.send_rtp","2026-10-08","passed","2026-10-08","","test_RTP_send_MOCK","",""
"Each entry in ``INVALID_PAYER_IDS`` (see dataset docstring) must be rejected with 400.","406","The activation request must contain a validly formatted fiscal code","functional-tests.tests.activation","2026-10-08","passed","2026-10-08","","test_debtor_activation_create","",""
"Test sending a DELETE operation message via GPD message API after a standalone UPDATE (no prior CREATE)","1242","A DELETE message after standalone UPDATE DRAFT","functional-tests.tests.process_messages_sender","2026-10-08","passed","2026-10-08","","test_RTP_process_sender_DELETE","",""
"","2773","Failed callback for invalid RTP transition - DS-05 ACTC compliant","functional-tests.tests.callbacks","2026-10-08","passed","2026-10-08","","test_RTP_callback_DS_05","",""
"","814","A status-update cancel response maps to the expected RTP result","functional-tests.tests.send_rtp","2026-10-08","failed","2026-10-08","","test_RTP_status_update_cancel_MOCK_V2","",""
"Verify the public ERROR_SEND outcome represented by IRNR and read-API purge.","39463","An IRNR status update returns ERROR_SEND and purges the RTP","functional-tests.tests.send_rtp","2026-10-08","passed","2026-10-08","","test_RTP_status_update_MOCK_V2","",""
"Test sending an UPDATE after CREATE VALID + DELETE with different statuses","1760","An UPDATE message with status VALID after CREATE VALID and DELETE","functional-tests.tests.process_messages_sender","2026-10-08","passed","2026-10-08","","test_RTP_process_sender_UPDATE","",""
"MOCKSP04 owns MOCKSP01 and triggers the OTP; FAKESP01, which owns neither, must be rejected
with an explicit ownership error, not merely a generic 403.","1234","Test Takeover Fails when Redeemer Does Not Own the OTP's Service Provider ID","functional-tests.tests.takeover","2026-10-08","passed","2026-10-08","","test_debtor_takeover","",""
"","808","A status-update cancel error is normalized without changing the RTP","functional-tests.tests.send_rtp","2026-10-08","failed","2026-10-08","","test_RTP_status_update_cancel_MOCK_V2","",""
"","895","A debtor is activated by an authenticated service provider","functional-tests.tests.activation","2026-10-08","passed","2026-10-08","","test_debtor_activation_create","",""
"","909","Sending an RTP when EPC returns a malformed/invalid response body returns 500","functional-tests.tests.send_rtp","2026-10-08","passed","2026-10-08","","test_RTP_send_MOCK","",""
"","407","All auth fixtures expose a valid Bearer token format","functional-tests.tests.auth","2026-10-08","passed","2026-10-08","","test_auth","",""
"
Test RFC callback DS12P with CNCL status, cancel triggered via REST Web API with explicit reason.

Flow:
1. Activate payer
2. Send an RTP via GPD message (CREATE VALID)
3. Cancel the RTP via REST cancel endpoint with cancel_reason → RTP to RFC_SENT
4. Send DS12P callback with CxlStsId CNCL (Cancelled As Per Request)
5. Verify callback is accepted (200)
6. Verify RTP status is CANCELLED
","2316","An RFC callback DS12P CNCL is successfully received and RTP status is CANCEL - through Web API cancel","functional-tests.tests.callbacks","2026-10-08","passed","2026-10-08","","test_RTP_callback_DS_12P","",""
"Test sending a DELETE operation message via GPD message API after a standalone UPDATE (no prior CREATE)","1228","A DELETE message after standalone UPDATE PAID","functional-tests.tests.process_messages_sender","2026-10-08","passed","2026-10-08","","test_RTP_process_sender_DELETE","",""
"","17425","An RTP is sent through API - through Web API V2","functional-tests.tests.send_rtp","2026-10-08","passed","2026-10-08","","test_RTP_send_MOCK","",""
"DS_08N RJCT callback sent after a prior DS_05 ACTC callback.

The RTP is expected to transition from SENT to ACCEPTED, then to USER_REJECTED.
","1468","A v2 RTP callback with status RJCT after DS_05 transitions the RTP to USER_REJECTED","functional-tests.tests.callbacks_v2","2026-10-08","failed","2026-10-08","","test_RTP_callback_DS_08N_negative","",""
"Sort and normalize headers in the canonical representation.","1","test_canonical_representation_sorts_headers","functional-tests.tests.qsealc","2026-10-08","passed","2026-10-08","","test_srtp_message_signing","",""
"Test sending a CREATE operation message with a foreign fiscal code via GPD message API","1014","A CREATE message with foreign fiscal code is successfully sent through GPD message API","functional-tests.tests.process_messages_sender","2026-10-08","passed","2026-10-08","","test_RTP_process_sender","",""
"Test sending a CREATE operation message with different statuses via GPD message API","819","A CREATE message with status EXPIRED","functional-tests.tests.process_messages_sender","2026-10-08","passed","2026-10-08","","test_RTP_process_sender_CREATE","",""
"
Verify that a debt position can be updated successfully.
","6234","Happy path: a debt position is updated in UAT environment","functional-tests.tests.gpd_availability","2026-10-08","passed","2026-10-08","","test_availability_GPD","",""
"","1522","An RTP sent when EPC response contains an unknown field is ignored and remains in status SENT","functional-tests.tests.send_rtp","2026-10-08","passed","2026-10-08","","test_RTP_send_MOCK","",""
"Missing or invalid Bearer token → the endpoint must return 401.","1000","Querying activation status without a valid token returns 401","functional-tests.tests.activation","2026-10-08","passed","2026-10-08","","test_debtor_activation_payer_status","",""
"
Test v2 RFC callback DS12P with INVALID status.

Flow:
1. Activate payer
2. Send an RTP via GPD message v2 (CREATE VALID)
3. Cancel the RTP via GPD message v2 (DELETE) -> RTP to RFC_SENT
4. Send DS12P callback with CxlStsId INVALID
5. Verify callback is rejected with 400
6. Verify RTP status is still RFC_SENT
","34389","A v2 RFC callback DS12P INVALID is rejected with 400","functional-tests.tests.callbacks_v2","2026-10-08","failed","2026-10-08","","test_RTP_callback_DS_12P_positive","",""
"","391","Requesting a status update for an unknown RTP returns not found","functional-tests.tests.send_rtp","2026-10-08","failed","2026-10-08","","test_RTP_status_update_MOCK_V2","",""
"An EPC response containing fields not declared in the OpenAPI spec is treated as an invalid message and is NOT tolerated for accept/reject purposes (confirmed with rtp-sender-v2 maintainers, PR #26). The extra `invalid-field` property invalidates the whole response, so the RJCR confirmation is not processed and the RTP stays in RFC_SENT.","1105","Cancelling an RTP - EPC v4 mock unhappy path scenario: rjcr_extra_field","functional-tests.tests.cancel_rtp","2026-10-08","failed","2026-10-08","","test_RTP_cancel_MOCK_V2","",""
"
Test RFC callback DS12P with non-existing service provider.

Flow:
1. Activate payer
2. Send an RTP via GPD message (CREATE VALID)
3. Cancel the RTP via GPD message (DELETE) → RTP to RFC_SENT
4. Send DS12P callback with non-existing BIC (MOCKSP99)
5. Verify callback is rejected with 400 (service provider not found)
","2746","Failed RFC callback for non existing Service Provider - DS-12P CNCL compliant","functional-tests.tests.callbacks","2026-10-08","passed","2026-10-08","","test_RTP_callback_DS_12P","",""
"Generate signatures for each supported explicit digest algorithm.","1","test_sign_srtp_message_uses_an_explicit_digest_algorithm[sha3-256]","functional-tests.tests.qsealc","2026-10-08","passed","2026-10-08","","test_srtp_signature","",""
"Authenticated but not authorized: token of SP A tries to use OTP issued for SP B","1282","Test Takeover Fails with Wrong SP Token","functional-tests.tests.takeover","2026-10-08","passed","2026-10-08","","test_debtor_takeover","",""
"Test sending an UPDATE after CREATE VALID + DELETE with different statuses","2410","An UPDATE message with status PUBLISHED after CREATE VALID and DELETE","functional-tests.tests.process_messages_sender","2026-10-08","passed","2026-10-08","","test_RTP_process_sender_UPDATE","",""
"Each entry in ``INVALID_PAYER_IDS`` must be rejected with 400.

The ``description`` parameter appears in pytest output to identify which
case failed without having to inspect the raw value.
","392","Querying activation status with an invalid payerId format returns 400","functional-tests.tests.activation","2026-10-08","passed","2026-10-08","","test_debtor_activation_payer_status","",""
"
Payer activated under SP A.
- SP B (read_rtp_activations): isActive must be false - privacy rule hides cross-SP activation.
- Admin (read_rtp_all): isActive must be true - role grants visibility across all SPs.
Same payer, same endpoint, different roles → different results.
","1240","read_rtp_all role returns isActive true while read_rtp_activations returns false for the same cross-SP payer","functional-tests.tests.activation","2026-10-08","passed","2026-10-08","","test_debtor_activation_payer_status","",""
"","804","A status-update cancel response maps to the expected RTP result","functional-tests.tests.send_rtp","2026-10-08","failed","2026-10-08","","test_RTP_status_update_cancel_MOCK_V2","",""
"","2155","An RTP is sent through CBI API","functional-tests.tests.availability","2026-10-08","failed","2026-10-08","","test_availability_CBI","",""
"No `Sts.Conf` confirmation is present (empty JSON object), so only CANCEL_RTP is triggered and the RTP stays in RFC_SENT.","19066","Cancelling an RTP - EPC v4 mock happy path scenario: empty_json_object","functional-tests.tests.cancel_rtp","2026-10-08","failed","2026-10-08","","test_RTP_cancel_MOCK_V2","",""
"","3142","Failed callback for invalid RTP transition - DS-08N compliant","functional-tests.tests.callbacks","2026-10-08","passed","2026-10-08","","test_RTP_callback_DS_08","",""
"Each entry in ``INVALID_PAYER_IDS`` (see dataset docstring) must be rejected with 400.","397","The activation request must contain a validly formatted fiscal code","functional-tests.tests.activation","2026-10-08","passed","2026-10-08","","test_debtor_activation_create","",""
"","809","A debtor with omocodia fiscal code is activated and retrieved by activation id","functional-tests.tests.activation","2026-10-08","passed","2026-10-08","","test_debtor_activation_get","",""
"","10993","Failed callback for invalid RTP transition - DS-08P RJCT compliant","functional-tests.tests.callbacks","2026-10-08","passed","2026-10-08","","test_RTP_callback_DS_08","",""
"Payer that has never been activated → isActive must be false.","401","test_get_activation_status_not_active_payer","functional-tests.tests.activation","2026-10-08","passed","2026-10-08","","test_debtor_activation_payer_status","",""
"
Test v2 RFC callback DS12P with non-existing service provider.

Flow:
1. Activate payer
2. Send an RTP via GPD message v2 (CREATE VALID)
3. Cancel the RTP via GPD message v2 (DELETE) -> RTP to RFC_SENT
4. Send DS12P callback with non-existing BIC (MOCKSP99)
5. Verify callback is rejected with 400 (service provider not found)
6. Verify RTP status is still RFC_SENT
","804","Failed v2 RFC callback for non existing Service Provider - DS-12P positive compliant","functional-tests.tests.callbacks_v2","2026-10-08","failed","2026-10-08","","test_RTP_callback_DS_12P_positive","",""
"Test sending an UPDATE operation message with different statuses via GPD message API before a CREATE","1801","An UPDATE message with status PUBLISHED before CREATE","functional-tests.tests.process_messages_sender","2026-10-08","passed","2026-10-08","","test_RTP_process_sender_UPDATE_before_CREATE","",""
"","390","An RTP is sent to a CBI service with activated fiscal code - through Web API V2","functional-tests.tests.send_rtp","2026-10-08","failed","2026-10-08","","test_RTP_send_CBI","",""
"","17976","A v2 document RTP callback with status RJCT is successfully received","functional-tests.tests.callbacks_v2","2026-10-08","failed","2026-10-08","","test_RTP_callback_DS_document_rjct","",""
"
Tests that sending an RTP payload with an invalid amount to the POSTE endpoint results in a 400 Bad Request response.

:param debtor_sp_mock_cert_key: Certificate and key tuple for mutual TLS authentication.
:type debtor_sp_mock_cert_key: Tuple[str, str]
","135025","Cannot send RTP with invalid amount","functional-tests.tests.availability","2026-10-08","broken","2026-10-08","","test_availability_POSTE","",""
"","1994","An RTP sent with synchronous rejection is in status REJECTED - DS-08P N - through Web API","functional-tests.tests.send_rtp","2026-10-08","passed","2026-10-08","","test_RTP_send_MOCK","",""
"
Given an RTP is sent successfully (status SENT) for a given noticeNumber + payeeId,
when the payee queries the delivery-status endpoint with the correct noticeNumber
but a different payeeId,
then the response must be HTTP 200 with status=PD_RTP_NOT_DELIVERED, verifying
that the endpoint filters on both fields.
","6654","Existing noticeNumber with wrong payeeId → PD_RTP_NOT_DELIVERED","functional-tests.tests.get_rtp","2026-10-08","passed","2026-10-08","","test_RTP_get_delivery_status","",""
"","795","A status-update cancel error is normalized without changing the RTP","functional-tests.tests.send_rtp","2026-10-08","failed","2026-10-08","","test_RTP_status_update_cancel_MOCK_V2","",""
"Test sending an UPDATE operation message with different statuses via GPD message API before a CREATE","817","An UPDATE message with status PAID before CREATE","functional-tests.tests.process_messages_sender","2026-10-08","passed","2026-10-08","","test_RTP_process_sender_UPDATE_before_CREATE","",""
"","410","All auth fixtures expose a valid Bearer token format","functional-tests.tests.auth","2026-10-08","passed","2026-10-08","","test_auth","",""
"
Test v2 RFC callback DS12P with CNCL status.

Flow:
1. Activate payer
2. Send an RTP via GPD message v2 (CREATE VALID)
3. Cancel the RTP via GPD message v2 (DELETE) -> RTP to RFC_SENT
4. Send DS12P callback with CxlStsId CNCL (Cancelled As Per Request)
5. Verify callback is accepted (200)
6. Verify RTP status is CANCELLED
","811","A v2 RFC callback DS12P CNCL is successfully received and RTP status is CANCELLED","functional-tests.tests.callbacks_v2","2026-10-08","failed","2026-10-08","","test_RTP_callback_DS_12P_positive","",""
"Test sending a DELETE operation message via GPD message API after a standalone UPDATE (no prior CREATE)","1228","A DELETE message after standalone UPDATE INVALID","functional-tests.tests.process_messages_sender","2026-10-08","passed","2026-10-08","","test_RTP_process_sender_DELETE","",""
"The PSP synchronously rejects the cancellation request with 422 (per standard behaviour for the EPC 415 Unsupported Media Type scenario). The RTP then transitions to ERROR_CANCEL via ERROR_CANCEL_RTP.","17590","Cancelling an RTP - EPC v4 mock unhappy path scenario: epc_415","functional-tests.tests.cancel_rtp","2026-10-08","failed","2026-10-08","","test_RTP_cancel_MOCK_V2","",""
"Test sending a DELETE operation message via GPD message API after a CREATE","1346","A DELETE message after CREATE VALID","functional-tests.tests.process_messages_sender","2026-10-08","passed","2026-10-08","","test_RTP_process_sender_DELETE","",""
"
Given a debtor is activated with the mock fiscal code that makes the debtor
service provider mock reply with a server error, when a GPD message (CREATE)
is sent via POST /gpd/message, then the rtp-sender fails to deliver the RTP
and records an ERROR_SEND_RTP event (RTP status becomes ERROR_SEND). RTPs in
ERROR_SEND status are purged from both Cosmos and ADX, so querying by
noticeNumber returns an empty list. When the payee then queries the
delivery-status endpoint with the matching noticeNumber and payeeId, the
response must still be HTTP 200 with status=PD_RTP_NOT_DELIVERED and
processingDate absent or null.
","8044","RTP with ERROR_SEND_RTP event → PD_RTP_NOT_DELIVERED","functional-tests.tests.get_rtp","2026-10-08","passed","2026-10-08","","test_RTP_get_delivery_status","",""
"","809","A debtor with VAT number (Partita IVA) is activated successfully","functional-tests.tests.activation","2026-10-08","passed","2026-10-08","","test_debtor_activation_create","",""
"The response cannot be parsed as a cancellation confirmation (malformed, unquoted string), so the RTP stays in RFC_SENT rather than erroring out.","17558","Cancelling an RTP - EPC v4 mock unhappy path scenario: malformed_string","functional-tests.tests.cancel_rtp","2026-10-08","failed","2026-10-08","","test_RTP_cancel_MOCK_V2","",""
"CREATE VALID with an ec_tax_code that does not exist in GPD returns 422 Payee not found","810","A CREATE VALID message with a non-existent ec_tax_code is rejected","functional-tests.tests.process_messages_sender","2026-10-08","passed","2026-10-08","","test_RTP_process_sender_CREATE","",""
"Test sending a DELETE operation message via GPD message API after a CREATE VALID + UPDATE","1747","A DELETE message after CREATE VALID + UPDATE EXPIRED","functional-tests.tests.process_messages_sender","2026-10-08","passed","2026-10-08","","test_RTP_process_sender_DELETE","",""
"Keep an empty header block distinct from body bytes that look like headers.","0","test_canonical_representation_distinguishes_headers_from_body_bytes","functional-tests.tests.qsealc","2026-10-08","passed","2026-10-08","","test_srtp_message_signing","",""
"","397","All auth fixtures expose a valid Bearer token format","functional-tests.tests.auth","2026-10-08","passed","2026-10-08","","test_auth","",""
"","399","All auth fixtures expose a valid Bearer token format","functional-tests.tests.auth","2026-10-08","passed","2026-10-08","","test_auth","",""
"","1","A Service Provider is authenticated","functional-tests.tests.auth","2026-10-08","passed","2026-10-08","","test_auth","",""
"Payer activated under SP A queried by SP A → isActive must be true.","819","An active payer returns isActive true for the same Service Provider","functional-tests.tests.activation","2026-10-08","passed","2026-10-08","","test_debtor_activation_payer_status","",""
"","917","An IRNR status update transitions SENT to ERROR_SEND and marks delivery as lost","functional-tests.tests.callbacks_v2","2026-10-08","failed","2026-10-08","","test_RTP_status_update_callback","",""
"","21755","An AEXR status update conflicts with a USER_REJECTED RTP","functional-tests.tests.callbacks_v2","2026-10-08","passed","2026-10-08","","test_RTP_status_update_callback","",""
"","1122","A debtor cannot be activated more than once by the same service provider","functional-tests.tests.activation","2026-10-08","passed","2026-10-08","","test_debtor_activation_create","",""
"","397","A status update callback for an unknown RTP is rejected","functional-tests.tests.callbacks_v2","2026-10-08","passed","2026-10-08","","test_RTP_status_update_callback","",""
"
Test RFC callback DS12N with non-existing service provider, cancel via REST Web API.

Flow:
1. Activate payer
2. Send an RTP via GPD message (CREATE VALID)
3. Cancel the RTP via REST cancel endpoint with cancel_reason → RTP to RFC_SENT
4. Send DS12N callback with non-existing BIC (MOCKSP99)
5. Verify callback is rejected with 400 (service provider not found)
","1851","Failed RFC callback for non existing Service Provider - DS-12N RJCR compliant - through Web API cancel","functional-tests.tests.callbacks","2026-10-08","passed","2026-10-08","","test_RTP_callback_DS_12N","",""
"Test sending a CREATE operation message with different statuses via GPD message API","814","A CREATE message with status DRAFT","functional-tests.tests.process_messages_sender","2026-10-08","passed","2026-10-08","","test_RTP_process_sender_CREATE","",""
"Test sending a CREATE operation message with different statuses via GPD message API","926","A CREATE message with status VALID","functional-tests.tests.process_messages_sender","2026-10-08","passed","2026-10-08","","test_RTP_process_sender_CREATE","",""
"Test sending an UPDATE after CREATE VALID + DELETE with different statuses","1754","An UPDATE message with status INVALID after CREATE VALID and DELETE","functional-tests.tests.process_messages_sender","2026-10-08","passed","2026-10-08","","test_RTP_process_sender_UPDATE","",""
"","1463","An RTP is sent through ICCREA API","functional-tests.tests.availability","2026-10-08","passed","2026-10-08","","test_availability_ICCREA","",""
"","18742","DS_08N negative v2 callback with Version header returns 400","functional-tests.tests.callbacks_v2","2026-10-08","failed","2026-10-08","","test_RTP_callback_with_version_header","",""
"
DS_08N callback sent with the Version header must be rejected with 400.
The RTP must remain in SENT (transition to REJECTED must not happen).

Flow:
1. Activate payer and send an RTP → resource_id
2. Build a valid DS_08N payload referencing the RTP
3. POST to callback endpoint WITH Version header
4. Verify 400 is returned with the expected error body
5. Verify RTP status is still SENT
","1749","DS_08N callback with Version header returns 400","functional-tests.tests.callbacks","2026-10-08","passed","2026-10-08","","test_RTP_callback_with_version_header","",""
"","928","A status-update response maps to the expected RTP result","functional-tests.tests.send_rtp","2026-10-08","failed","2026-10-08","","test_RTP_status_update_MOCK_V2","",""
"","794","A status-update error is normalized without changing the RTP","functional-tests.tests.send_rtp","2026-10-08","failed","2026-10-08","","test_RTP_status_update_MOCK_V2","",""
"","20655","A status update callback with a mismatched debtor BIC is forbidden","functional-tests.tests.callbacks_v2","2026-10-08","passed","2026-10-08","","test_RTP_status_update_callback","",""
"The PSP synchronously rejects the cancellation request with 422 (per standard behaviour for the EPC 410 Gone scenario). The RTP then transitions to ERROR_CANCEL via ERROR_CANCEL_RTP.","813","Cancelling an RTP - EPC v4 mock unhappy path scenario: epc_410","functional-tests.tests.cancel_rtp","2026-10-08","failed","2026-10-08","","test_RTP_cancel_MOCK_V2","",""
"
Test RFC callback DS12N with INVALID status.

Flow:
1. Activate payer
2. Send an RTP via GPD message (CREATE VALID)
3. Cancel the RTP via GPD message (DELETE) → RTP to RFC_SENT
4. Send DS12N callback with CxlStsId INVALID
5. Verify callback is rejected with 400
6. Verify RTP status is still RFC_SENT
","2340","An RFC callback DS12N INVALID is rejected with 400","functional-tests.tests.callbacks","2026-10-08","passed","2026-10-08","","test_RTP_callback_DS_12N","",""
"","32980","DS_document RJCT v2 callback with Version header returns 400","functional-tests.tests.callbacks_v2","2026-10-08","failed","2026-10-08","","test_RTP_callback_with_version_header","",""
"Test sending an UPDATE operation message with different statuses via GPD message API before a CREATE","824","An UPDATE message with status EXPIRED before CREATE","functional-tests.tests.process_messages_sender","2026-10-08","passed","2026-10-08","","test_RTP_process_sender_UPDATE_before_CREATE","",""
"","21178","RTP is successfully cancelled with reason PAID - V2","functional-tests.tests.cancel_rtp","2026-10-08","passed","2026-10-08","","test_RTP_cancel","",""
"","17594","An RTP sent with synchronous rejection containing extra fields results in status SENT - through Web API V2","functional-tests.tests.send_rtp","2026-10-08","passed","2026-10-08","","test_RTP_send_MOCK","",""
"Normalize each supported HTTP method to uppercase.","0","test_canonical_representation_emits_an_uppercase_method[options]","functional-tests.tests.qsealc","2026-10-08","passed","2026-10-08","","test_srtp_message_signing","",""
"Test sending an UPDATE operation message with different statuses via GPD message API before a CREATE","979","An UPDATE message with status VALID before CREATE","functional-tests.tests.process_messages_sender","2026-10-08","passed","2026-10-08","","test_RTP_process_sender_UPDATE_before_CREATE","",""
"Reject a message whose target URI cannot be canonicalized.","1","test_verify_srtp_message_rejects_an_invalid_target_uri[/callback]","functional-tests.tests.qsealc","2026-10-08","passed","2026-10-08","","test_srtp_signature_verification","",""
"Active payer identified by an 11-digit Partita IVA → isActive must be true.","817","An active payer with VAT number (Partita IVA) returns isActive true","functional-tests.tests.activation","2026-10-08","passed","2026-10-08","","test_debtor_activation_payer_status","",""
"Each entry in ``INVALID_PAYER_IDS`` (see dataset docstring) must be rejected with 400.","395","The activation request must contain a validly formatted fiscal code","functional-tests.tests.activation","2026-10-08","passed","2026-10-08","","test_debtor_activation_create","",""
"Each entry in ``INVALID_PAYER_IDS`` must be rejected with 400.

The ``description`` parameter appears in pytest output to identify which
case failed without having to inspect the raw value.
","395","Querying activation status with an invalid payerId format returns 400","functional-tests.tests.activation","2026-10-08","passed","2026-10-08","","test_debtor_activation_payer_status","",""
"","495","The service returns the mocked server error","functional-tests.tests.availability","2026-10-08","passed","2026-10-08","","test_availability_MOCK","",""
"A valid token that carries neither read_rtp_activations nor read_rtp_all must be rejected with 403.","398","Token without read_rtp_activations or read_rtp_all role returns 403 Forbidden","functional-tests.tests.activation","2026-10-08","passed","2026-10-08","","test_debtor_activation_payer_status","",""
"Active payer with a foreign-country fiscal code (Z + 3 digits municipality) → isActive must be true.","836","An active payer with foreign fiscal code returns isActive true","functional-tests.tests.activation","2026-10-08","passed","2026-10-08","","test_debtor_activation_payer_status","",""
"","823","A status-update response maps to the expected RTP result","functional-tests.tests.send_rtp","2026-10-08","failed","2026-10-08","","test_RTP_status_update_MOCK_V2","",""
"Normalize each supported HTTP method to uppercase.","0","test_canonical_representation_emits_an_uppercase_method[put]","functional-tests.tests.qsealc","2026-10-08","passed","2026-10-08","","test_srtp_message_signing","",""
"","400","missing token → 401 Unauthorized","functional-tests.tests.get_rtp","2026-10-08","passed","2026-10-08","","test_RTP_get","",""
"","785","Failed callback for non existing Service Provider - DS-04b compliant","functional-tests.tests.callbacks","2026-10-08","passed","2026-10-08","","test_RTP_callback_DS_04","",""
"","879","A debtor is deactivated by an authenticated service provider","functional-tests.tests.activation","2026-10-08","passed","2026-10-08","","test_debtor_deactivation","",""
"","1841","RTP is successfully retrieved","functional-tests.tests.get_rtp","2026-10-08","passed","2026-10-08","","test_RTP_get","",""
"","1360","An RTP sent with synchronous acceptance is in status ACCEPTED - DS-05 ACTC","functional-tests.tests.send_rtp","2026-10-08","passed","2026-10-08","","test_RTP_send_MOCK","",""
"Each entry in ``INVALID_PAYER_IDS`` must be rejected with 400.

The ``description`` parameter appears in pytest output to identify which
case failed without having to inspect the raw value.
","402","Querying activation status with an invalid payerId format returns 400","functional-tests.tests.activation","2026-10-08","passed","2026-10-08","","test_debtor_activation_payer_status","",""
"","845","A debtor activated with an owned but distinct Service Provider ID is retrieved by payer id","functional-tests.tests.activation","2026-10-08","passed","2026-10-08","","test_debtor_activation_get","",""
"Each entry in ``INVALID_PAYER_IDS`` must be rejected with 400.

The ``description`` parameter appears in pytest output to identify which
case failed without having to inspect the raw value.
","387","Querying activation status with an invalid payerId format returns 400","functional-tests.tests.activation","2026-10-08","passed","2026-10-08","","test_debtor_activation_payer_status","",""
"","812","Unauthorized callback due to wrong certificate serial","functional-tests.tests.callbacks_v2","2026-10-08","failed","2026-10-08","","test_RTP_callback_DS_05_redirect","",""
"","952","SP_ACTIVATIONS_READ_ALL can retrieve activation by Activation ID created by SP_A","functional-tests.tests.activation","2026-10-08","passed","2026-10-08","","test_RTP_activation_security","",""
"
Test RFC callback DS12N with RJCR status.

Flow:
1. Activate payer
2. Send an RTP via GPD message (CREATE VALID)
3. Cancel the RTP via GPD message (DELETE) → RTP to RFC_SENT
4. Send DS12N callback with CxlStsId RJCR (Rejected Cancellation Request)
5. Verify callback is accepted (200)
6. Verify RTP status is ERROR_CANCEL
","3997","An RFC callback DS12N RJCR is successfully received and RTP status is ERROR_CANCEL","functional-tests.tests.callbacks","2026-10-08","passed","2026-10-08","","test_RTP_callback_DS_12N","",""
"","18500","DS_12P positive RFC v2 callback with Version header returns 400","functional-tests.tests.callbacks_v2","2026-10-08","failed","2026-10-08","","test_RTP_callback_with_version_header","",""
"Test sending a DELETE operation message via GPD message API after a standalone UPDATE (no prior CREATE)","2240","A DELETE message after standalone UPDATE VALID","functional-tests.tests.process_messages_sender","2026-10-08","passed","2026-10-08","","test_RTP_process_sender_DELETE","",""
"
Test RFC callback DS12N with non-existing service provider, cancel via REST Web API.

Flow:
1. Activate payer
2. Send an RTP via GPD message (CREATE VALID)
3. Cancel the RTP via REST cancel endpoint with cancel_reason → RTP to RFC_SENT
4. Send DS12N callback with non-existing BIC (MOCKSP99)
5. Verify callback is rejected with 400 (service provider not found)
","1754","Failed RFC callback for non existing Service Provider - DS-12N RJCR compliant - through Web API cancel","functional-tests.tests.callbacks","2026-10-08","passed","2026-10-08","","test_RTP_callback_DS_12N","",""
"Each entry in ``INVALID_PAYER_IDS`` must be rejected with 400.

The ``description`` parameter appears in pytest output to identify which
case failed without having to inspect the raw value.
","396","Querying activation status with an invalid payerId format returns 400","functional-tests.tests.activation","2026-10-08","passed","2026-10-08","","test_debtor_activation_payer_status","",""
"","389","Invalid NextActivationId format returns 400","functional-tests.tests.activation","2026-10-08","passed","2026-10-08","","test_debtor_activation_list","",""
"Test sending an UPDATE after CREATE VALID + DELETE with different statuses","1766","An UPDATE message with status DRAFT after CREATE VALID and DELETE","functional-tests.tests.process_messages_sender","2026-10-08","passed","2026-10-08","","test_RTP_process_sender_UPDATE","",""
"","799","A status-update cancel error is normalized without changing the RTP","functional-tests.tests.send_rtp","2026-10-08","failed","2026-10-08","","test_RTP_status_update_cancel_MOCK_V2","",""
"DS_08P ACCP callback sent directly on a SENT RTP (no prior DS_05 ACTC callback).

The RTP is expected to transition straight from SENT to USER_ACCEPTED.
","796","A v2 RTP callback with status ACCP is successfully received without a prior DS_05 callback","functional-tests.tests.callbacks_v2","2026-10-08","failed","2026-10-08","","test_RTP_callback_DS_08P_positive","",""
"Each entry in ``INVALID_PAYER_IDS`` must be rejected with 400.

The ``description`` parameter appears in pytest output to identify which
case failed without having to inspect the raw value.
","386","Querying activation status with an invalid payerId format returns 400","functional-tests.tests.activation","2026-10-08","passed","2026-10-08","","test_debtor_activation_payer_status","",""
"","1986","An RTP sent with synchronous rejection is in status REJECTED - DS-08P N","functional-tests.tests.send_rtp","2026-10-08","passed","2026-10-08","","test_RTP_send_MOCK","",""
"Preserve an unknown revocation status without rejecting the signature.","1","test_verify_srtp_message_reports_an_unknown_revocation_status","functional-tests.tests.qsealc","2026-10-08","passed","2026-10-08","","test_srtp_signature_verification","",""
"","420","inexistent RTP -> empty body","functional-tests.tests.get_rtp","2026-10-08","passed","2026-10-08","","test_RTP_get","",""
"Test the takeover flow where a user changes service provider","3222","Test Takeover Flow","functional-tests.tests.takeover","2026-10-08","passed","2026-10-08","","test_debtor_takeover","",""
"","6008","A status-update response maps to the expected RTP result","functional-tests.tests.send_rtp","2026-10-08","failed","2026-10-08","","test_RTP_status_update_MOCK_V2","",""
"","19214","Failed callback for non existing Service Provider - DS-05 redirect compliant","functional-tests.tests.callbacks_v2","2026-10-08","passed","2026-10-08","","test_RTP_callback_DS_05_redirect","",""
"","1659","RTP cancellation fails with an invalid reason","functional-tests.tests.cancel_rtp","2026-10-08","passed","2026-10-08","","test_RTP_cancel","",""
"
Test v2 RFC callback DS12P with wrong certificate identity.

Flow:
1. Activate payer
2. Send an RTP via GPD message v2 (CREATE VALID)
3. Cancel the RTP via GPD message v2 (DELETE) -> RTP to RFC_SENT
4. Send DS12P callback with assignee_bic='FAKESP01' (doesn't match certificate identity)
5. Verify callback is rejected with 403 (certificate mismatch)
6. Verify RTP status is still RFC_SENT
","814","Unauthorized v2 RFC callback due to wrong certificate serial","functional-tests.tests.callbacks_v2","2026-10-08","failed","2026-10-08","","test_RTP_callback_DS_12P_positive","",""
"","1308","An RTP sent with synchronous acceptance is in status ACCEPTED - DS-05 ACTC - through Web API","functional-tests.tests.send_rtp","2026-10-08","passed","2026-10-08","","test_RTP_send_MOCK","",""
"","878","A debtor activated with an owned but distinct Service Provider ID is deactivated","functional-tests.tests.activation","2026-10-08","passed","2026-10-08","","test_debtor_deactivation","",""
"Each entry in ``INVALID_PAYER_IDS`` must be rejected with 400.

The ``description`` parameter appears in pytest output to identify which
case failed without having to inspect the raw value.
","403","Querying activation status with an invalid payerId format returns 400","functional-tests.tests.activation","2026-10-08","passed","2026-10-08","","test_debtor_activation_payer_status","",""
"Test sending an UPDATE operation message with different statuses via GPD message API after a CREATE","1297","An UPDATE message with status PARTIALLY_PAID after CREATE","functional-tests.tests.process_messages_sender","2026-10-08","passed","2026-10-08","","test_RTP_process_sender_UPDATE","",""
"Each entry in ``INVALID_PAYER_IDS`` (see dataset docstring) must be rejected with 400.","400","The activation request must contain a validly formatted fiscal code","functional-tests.tests.activation","2026-10-08","passed","2026-10-08","","test_debtor_activation_create","",""
"","809","DS_08P positive v2 callback with Version header returns 400","functional-tests.tests.callbacks_v2","2026-10-08","failed","2026-10-08","","test_RTP_callback_with_version_header","",""
"","401","Get payees consents with invalid consent value returns 400","functional-tests.tests.service_registry","2026-10-08","passed","2026-10-08","","test_get_payees_consents","",""
"","993","An ARFR status update transitions SENT to USER_REJECTED","functional-tests.tests.callbacks_v2","2026-10-08","failed","2026-10-08","","test_RTP_status_update_callback","",""
"Takeover without a previously issued OTP should fail","840","Test Takeover Fails without Prior OTP","functional-tests.tests.takeover","2026-10-08","passed","2026-10-08","","test_debtor_takeover","",""
"","806","A status-update cancel error is normalized without changing the RTP","functional-tests.tests.send_rtp","2026-10-08","failed","2026-10-08","","test_RTP_status_update_cancel_MOCK_V2","",""
"Test sending a DELETE operation message via GPD message API after a CREATE VALID + UPDATE","1752","A DELETE message after CREATE VALID + UPDATE PARTIALLY_PAID","functional-tests.tests.process_messages_sender","2026-10-08","passed","2026-10-08","","test_RTP_process_sender_DELETE","",""
"Accept RSA-PSS signatures using supported salt-length conventions.","1","test_verify_srtp_message_accepts_rsa_pss_signatures[maximum-length]","functional-tests.tests.qsealc","2026-10-08","passed","2026-10-08","","test_srtp_signature_verification","",""
"","958","Failed callback for non existing Service Provider - DS-08P positive compliant","functional-tests.tests.callbacks_v2","2026-10-08","failed","2026-10-08","","test_RTP_callback_DS_08P_positive","",""
"
DS_12P CNCL RFC callback sent with the Version header must be rejected with 400.
The RTP must remain in RFC_SENT (transition to CANCELLED must not happen).

Flow:
1. Activate payer, send RTP, trigger cancel via GPD DELETE → RFC_SENT
2. Build a valid DS_12P CNCL payload
3. POST to RFC callback endpoint WITH Version header
4. Verify 400 is returned with the expected error body
5. Verify RTP status is still RFC_SENT
","2664","DS_12P CNCL RFC callback with Version header returns 400","functional-tests.tests.callbacks","2026-10-08","passed","2026-10-08","","test_RTP_callback_with_version_header","",""
"","1086","SP_ACTIVATIONS_READ_ALL can retrieve activation by Fiscal Code created by SP_A","functional-tests.tests.activation","2026-10-08","passed","2026-10-08","","test_RTP_activation_security","",""
"The PSP synchronously rejects the cancellation request with 422 (per standard behaviour for the EPC 429 Too Many Requests scenario). The RTP then transitions to ERROR_CANCEL via ERROR_CANCEL_RTP.","35209","Cancelling an RTP - EPC v4 mock unhappy path scenario: epc_429","functional-tests.tests.cancel_rtp","2026-10-08","passed","2026-10-08","","test_RTP_cancel_MOCK_V2","",""
"Apply a caller-provided predicate when selecting canonical headers.","1","test_canonical_representation_applies_a_caller_provided_header_filter","functional-tests.tests.qsealc","2026-10-08","passed","2026-10-08","","test_srtp_message_signing","",""
"","433","Get payees consents with negative page size returns 400","functional-tests.tests.service_registry","2026-10-08","passed","2026-10-08","","test_get_payees_consents","",""
"Validate the EPC header whitelist with case-insensitive names.","0","test_epc_header_filter_matches_swagger_headers_case_insensitively","functional-tests.tests.qsealc","2026-10-08","passed","2026-10-08","","test_srtp_message_signing","",""
"The PSP synchronously rejects the cancellation request with 422 (per standard behaviour for the EPC 422 Unprocessable Entity scenario). The RTP then transitions to ERROR_CANCEL via ERROR_CANCEL_RTP.","936","Cancelling an RTP - EPC v4 mock unhappy path scenario: epc_422","functional-tests.tests.cancel_rtp","2026-10-08","failed","2026-10-08","","test_RTP_cancel_MOCK_V2","",""
"","18610","A v2 redirect RTP callback with invalid status is rejected without affecting the RTP status","functional-tests.tests.callbacks_v2","2026-10-08","passed","2026-10-08","","test_RTP_callback_DS_05_redirect","",""
"
Tests that sending an RTP payload with an expired date to the POSTE endpoint results in a 400 Bad Request response.

:param debtor_sp_mock_cert_key: Certificate and key tuple for mutual TLS authentication.
:type debtor_sp_mock_cert_key: Tuple[str, str]
","134980","Cannot send RTP with expired date","functional-tests.tests.availability","2026-10-08","broken","2026-10-08","","test_availability_POSTE","",""
"","18192","A v2 redirect RTP callback with status ACTC is successfully received","functional-tests.tests.callbacks_v2","2026-10-08","failed","2026-10-08","","test_RTP_callback_DS_05_redirect","",""
"Each entry in ``INVALID_PAYER_IDS`` must be rejected with 400.

The ``description`` parameter appears in pytest output to identify which
case failed without having to inspect the raw value.
","397","Querying activation status with an invalid payerId format returns 400","functional-tests.tests.activation","2026-10-08","passed","2026-10-08","","test_debtor_activation_payer_status","",""
"","1629","An RTP sent when EPC response omits _links is in status ACCEPTED","functional-tests.tests.send_rtp","2026-10-08","passed","2026-10-08","","test_RTP_send_MOCK","",""
"","922","A status-update cancel error is normalized without changing the RTP","functional-tests.tests.send_rtp","2026-10-08","failed","2026-10-08","","test_RTP_status_update_cancel_MOCK_V2","",""
"Each entry in ``INVALID_PAYER_IDS`` (see dataset docstring) must be rejected with 400.","404","The activation request must contain a validly formatted fiscal code","functional-tests.tests.activation","2026-10-08","failed","2026-10-08","","test_debtor_activation_create","",""
"","405","All auth fixtures expose a valid Bearer token format","functional-tests.tests.auth","2026-10-08","passed","2026-10-08","","test_auth","",""
"","813","A status-update error is normalized without changing the RTP","functional-tests.tests.send_rtp","2026-10-08","failed","2026-10-08","","test_RTP_status_update_MOCK_V2","",""
"
DS_08P ACCP callback sent with the Version header must be rejected with 400.
The RTP must remain in ACCEPTED (transition to USER_ACCEPTED must not happen).

Flow:
1. Activate payer, send RTP, advance to ACCEPTED via DS_05 (without header)
2. Build a valid DS_08P ACCP payload
3. POST WITH Version header
4. Verify 400 is returned with the expected error body
5. Verify RTP status is still ACCEPTED
","2123","DS_08P ACCP callback with Version header returns 400","functional-tests.tests.callbacks","2026-10-08","passed","2026-10-08","","test_RTP_callback_with_version_header","",""
"
SP A activates the payer.
SP B queries the status → must get isActive=false to avoid disclosing
that the payer is registered under a competitor SP.
","811","A payer active on a different Service Provider returns isActive false (privacy)","functional-tests.tests.activation","2026-10-08","passed","2026-10-08","","test_debtor_activation_payer_status","",""
"
Test RFC callback DS12N with wrong certificate identity, cancel via REST Web API.

Flow:
1. Activate payer
2. Send an RTP via GPD message (CREATE VALID)
3. Cancel the RTP via REST cancel endpoint with cancel_reason → RTP to RFC_SENT
4. Send DS12N callback with assignee_bic='FAKESP01' (doesn't match certificate identity MOCKSP04)
5. Verify callback is rejected with 403 (certificate mismatch)
","1802","Unauthorized RFC callback due to wrong certificate serial - through Web API cancel","functional-tests.tests.callbacks","2026-10-08","passed","2026-10-08","","test_RTP_callback_DS_12N","",""
"","18731","A v2 RTP callback with invalid status is rejected without affecting the RTP status","functional-tests.tests.callbacks_v2","2026-10-08","passed","2026-10-08","","test_RTP_callback_DS_08P_positive","",""
"","825","Sending a GPD message with null operation returns 400","functional-tests.tests.send_rtp","2026-10-08","passed","2026-10-08","","test_RTP_send_MOCK","",""
"Accept a signature whose chain terminates at a trusted root.","1","test_verify_srtp_message_accepts_a_signature_with_a_trusted_root","functional-tests.tests.qsealc","2026-10-08","passed","2026-10-08","","test_srtp_signature_verification","",""
"Generate signatures for each supported explicit digest algorithm.","1","test_sign_srtp_message_uses_an_explicit_digest_algorithm[sha512]","functional-tests.tests.qsealc","2026-10-08","passed","2026-10-08","","test_srtp_signature","",""
"`Sts.Conf = ""RJCR""` triggers CANCEL_RTP -> CONFIRM_RFC -> CANCEL_RTP_REJECTED, ending in CANCELLED_REJECTED.","23086","Cancelling an RTP - EPC v4 mock happy path scenario: rjcr_rejected","functional-tests.tests.cancel_rtp","2026-10-08","failed","2026-10-08","","test_RTP_cancel_MOCK_V2","",""
"
Test v2 RFC callback DS12P with CNCL status applied twice on the same RTP.

Flow:
1. Activate payer
2. Send an RTP via GPD message v2 (CREATE VALID)
3. Cancel the RTP via GPD message v2 (DELETE) -> RTP to RFC_SENT
4. Send DS12P callback with CxlStsId CNCL (Cancelled As Per Request) -> RTP to CANCELLED
5. Send the same DS12P CNCL callback again on the already cancelled RTP
6. Verify the second callback is rejected (400) since the transition is no longer valid
7. Verify RTP status remains CANCELLED
","808","Failed v2 RFC callback for invalid RTP transition - DS-12P positive compliant","functional-tests.tests.callbacks_v2","2026-10-08","failed","2026-10-08","","test_RTP_callback_DS_12P_positive","",""
"
Tests that sending an RTP payload with an amount over the POSTE limit results in a 400 Bad Request response.

:param debtor_sp_mock_cert_key: Certificate and key tuple for mutual TLS authentication.
:type debtor_sp_mock_cert_key: Tuple[str, str]
","135034","Cannot send RTP with an amount over the POSTE limit","functional-tests.tests.availability","2026-10-08","broken","2026-10-08","","test_availability_POSTE","",""
"","894","Sending an RTP when EPC returns an unexpected status code error (RTP_05.CHK.A0007) returns 500","functional-tests.tests.send_rtp","2026-10-08","passed","2026-10-08","","test_RTP_send_MOCK","",""
"","2288","A REPR status update leaves SENT unchanged","functional-tests.tests.callbacks_v2","2026-10-08","failed","2026-10-08","","test_RTP_status_update_callback","",""
"","750","Sending to non-activated debtor returns 422 - through Web API","functional-tests.tests.send_rtp","2026-10-08","passed","2026-10-08","","test_RTP_send_MOCK","",""
"","1289","A debtor is activated and retrieved by activation id","functional-tests.tests.activation","2026-10-08","passed","2026-10-08","","test_debtor_activation_get","",""
"Reject target values that are not valid HTTP URIs.","0","test_canonical_representation_requires_a_complete_target_uri[ftp://example.com/resource]","functional-tests.tests.qsealc","2026-10-08","passed","2026-10-08","","test_srtp_message_signing","",""
"
Test RFC callback DS12N with RJCR status, cancel triggered via REST Web API with explicit reason.

Flow:
1. Activate payer
2. Send an RTP via GPD message (CREATE VALID)
3. Cancel the RTP via REST cancel endpoint with cancel_reason → RTP to RFC_SENT
4. Send DS12N callback with CxlStsId RJCR (Rejected Cancellation Request)
5. Verify callback is accepted (200)
6. Verify RTP status is ERROR_CANCEL
","2739","An RFC callback DS12N RJCR is successfully received and RTP status is ERROR_CANCEL - through Web API cancel","functional-tests.tests.callbacks","2026-10-08","passed","2026-10-08","","test_RTP_callback_DS_12N","",""
"","912","A status-update cancel error is normalized without changing the RTP","functional-tests.tests.send_rtp","2026-10-08","failed","2026-10-08","","test_RTP_status_update_cancel_MOCK_V2","",""
"","808","Unauthorized callback due to wrong certificate serial","functional-tests.tests.callbacks_v2","2026-10-08","failed","2026-10-08","","test_RTP_callback_DS_08N_negative","",""
"
Verify that a debt position can be created and published successfully.
","454","Happy path: a debt position is created and published in UAT environment","functional-tests.tests.gpd_availability","2026-10-08","passed","2026-10-08","","test_availability_GPD","",""
"The mock policy falls back to its default `{}` response when no notice number matches, so the RTP stays in RFC_SENT.","1715","Cancelling an RTP - EPC v4 mock happy path scenario: no_match_fallback","functional-tests.tests.cancel_rtp","2026-10-08","failed","2026-10-08","","test_RTP_cancel_MOCK_V2","",""
"","412","All auth fixtures expose a valid Bearer token format","functional-tests.tests.auth","2026-10-08","passed","2026-10-08","","test_auth","",""
"","1862","An RTP sent with synchronous rejection and missing _links results in status REJECTED - through Web API","functional-tests.tests.send_rtp","2026-10-08","passed","2026-10-08","","test_RTP_send_MOCK","",""
"","941","Sending an RTP when EPC returns a malformed/invalid response body returns 500 - through Web API","functional-tests.tests.send_rtp","2026-10-08","passed","2026-10-08","","test_RTP_send_MOCK","",""
"","4219","RTP cancellation fails if resource ID does not exist","functional-tests.tests.cancel_rtp","2026-10-08","passed","2026-10-08","","test_RTP_cancel","",""
"","6556","Unauthorized callback due to wrong certificate serial","functional-tests.tests.callbacks_v2","2026-10-08","failed","2026-10-08","","test_RTP_callback_DS_document_rjct","",""
"
Test RFC callback DS12N with non-existing service provider.

Flow:
1. Activate payer
2. Send an RTP via GPD message (CREATE VALID)
3. Cancel the RTP via GPD message (DELETE) → RTP to RFC_SENT
4. Send DS12N callback with non-existing BIC (MOCKSP99)
5. Verify callback is rejected with 400 (service provider not found)
","43858","Failed RFC callback for non existing Service Provider - DS-12N RJCR compliant","functional-tests.tests.callbacks","2026-10-08","passed","2026-10-08","","test_RTP_callback_DS_12N","",""
"Test sending an UPDATE after CREATE VALID + DELETE with different statuses","1852","An UPDATE message with status EXPIRED after CREATE VALID and DELETE","functional-tests.tests.process_messages_sender","2026-10-08","passed","2026-10-08","","test_RTP_process_sender_UPDATE","",""
"Test sending an UPDATE operation message with different statuses via GPD message API after a CREATE","1406","An UPDATE message with status EXPIRED after CREATE","functional-tests.tests.process_messages_sender","2026-10-08","passed","2026-10-08","","test_RTP_process_sender_UPDATE","",""
"Test sending a DELETE operation message via GPD message API after a CREATE VALID + UPDATE","1797","A DELETE message after CREATE VALID + UPDATE DRAFT","functional-tests.tests.process_messages_sender","2026-10-08","passed","2026-10-08","","test_RTP_process_sender_DELETE","",""
"","379","Retrieving activation without valid token returns 401","functional-tests.tests.activation","2026-10-08","passed","2026-10-08","","test_debtor_activation_get","",""
"
Test RFC callback DS12N with RJCR status, cancel triggered via REST Web API with explicit reason.

Flow:
1. Activate payer
2. Send an RTP via GPD message (CREATE VALID)
3. Cancel the RTP via REST cancel endpoint with cancel_reason → RTP to RFC_SENT
4. Send DS12N callback with CxlStsId RJCR (Rejected Cancellation Request)
5. Verify callback is accepted (200)
6. Verify RTP status is ERROR_CANCEL
","6556","An RFC callback DS12N RJCR is successfully received and RTP status is ERROR_CANCEL - through Web API cancel","functional-tests.tests.callbacks","2026-10-08","passed","2026-10-08","","test_RTP_callback_DS_12N","",""
"","809","A status-update error is normalized without changing the RTP","functional-tests.tests.send_rtp","2026-10-08","failed","2026-10-08","","test_RTP_status_update_MOCK_V2","",""
"","1617","A status-update error is normalized without changing the RTP","functional-tests.tests.send_rtp","2026-10-08","failed","2026-10-08","","test_RTP_status_update_MOCK_V2","",""
"","1036","An RTP is sent to Poste service with activated fiscal code - through Web API","functional-tests.tests.send_rtp","2026-10-08","passed","2026-10-08","","test_RTP_send_POSTE","",""
"","808","A status-update response maps to the expected RTP result","functional-tests.tests.send_rtp","2026-10-08","failed","2026-10-08","","test_RTP_status_update_MOCK_V2","",""
"","1198","Get by activation id returns 404 when the token subject does not own the activation's Service Provider ID","functional-tests.tests.activation","2026-10-08","passed","2026-10-08","","test_debtor_activation_get","",""
"Test sending a DELETE operation message via GPD message API after a CREATE VALID + UPDATE","2312","A DELETE message after CREATE VALID + UPDATE PAID","functional-tests.tests.process_messages_sender","2026-10-08","passed","2026-10-08","","test_RTP_process_sender_DELETE","",""
"Test sending an UPDATE after CREATE VALID + DELETE with different statuses","1760","An UPDATE message with status PAID after CREATE VALID and DELETE","functional-tests.tests.process_messages_sender","2026-10-08","passed","2026-10-08","","test_RTP_process_sender_UPDATE","",""
"","1394","Cannot send RTP with invalid amount","functional-tests.tests.availability","2026-10-08","passed","2026-10-08","","test_availability_CBI","",""
"Test sending a DELETE operation message via GPD message API after a CREATE VALID + UPDATE","2038","A DELETE message after CREATE VALID + UPDATE VALID","functional-tests.tests.process_messages_sender","2026-10-08","passed","2026-10-08","","test_RTP_process_sender_DELETE","",""
"Test sending a DELETE operation message via GPD message API after a CREATE","1220","A DELETE message after CREATE EXPIRED","functional-tests.tests.process_messages_sender","2026-10-08","passed","2026-10-08","","test_RTP_process_sender_DELETE","",""
"","394","Failed callback for non existing Service Provider - DS-08P compliant","functional-tests.tests.callbacks","2026-10-08","passed","2026-10-08","","test_RTP_callback_DS_08","",""
"The PSP synchronously rejects the cancellation request with 422 (per standard behaviour for the EPC 400 Bad Request scenario). The RTP then transitions to ERROR_CANCEL via ERROR_CANCEL_RTP.","2843","Cancelling an RTP - EPC v4 mock unhappy path scenario: epc_400","functional-tests.tests.cancel_rtp","2026-10-08","failed","2026-10-08","","test_RTP_cancel_MOCK_V2","",""
"Test sending a DELETE operation message via GPD message API after a CREATE","1223","A DELETE message after CREATE PUBLISHED","functional-tests.tests.process_messages_sender","2026-10-08","passed","2026-10-08","","test_RTP_process_sender_DELETE","",""
"","1070","An RTP is sent through GPD message API","functional-tests.tests.send_rtp","2026-10-08","passed","2026-10-08","","test_RTP_send_MOCK","",""
"","5652","Failed callback for non existing Service Provider - DS-document RJCT compliant","functional-tests.tests.callbacks_v2","2026-10-08","failed","2026-10-08","","test_RTP_callback_DS_document_rjct","",""
"","2384","An RTP callback with status ACTC is successfully received","functional-tests.tests.callbacks","2026-10-08","passed","2026-10-08","","test_RTP_callback_DS_05","",""
"","814","A status-update error is normalized without changing the RTP","functional-tests.tests.send_rtp","2026-10-08","failed","2026-10-08","","test_RTP_status_update_MOCK_V2","",""
"","916","A status-update response maps to the expected RTP result","functional-tests.tests.send_rtp","2026-10-08","failed","2026-10-08","","test_RTP_status_update_MOCK_V2","",""
"","1407","An AEXR status update transitions SENT to EXPIRED","functional-tests.tests.callbacks_v2","2026-10-08","failed","2026-10-08","","test_RTP_status_update_callback","",""
"","1736","An RTP is sent to a CBI service with activated fiscal code - through Web API","functional-tests.tests.send_rtp","2026-10-08","failed","2026-10-08","","test_RTP_send_CBI","",""
"","396","A Service Provider with invalid client ID is not authenticated on Keycloak","functional-tests.tests.auth","2026-10-08","passed","2026-10-08","","test_auth","",""
"
Test RFC callback DS12N with wrong certificate identity, cancel via REST Web API.

Flow:
1. Activate payer
2. Send an RTP via GPD message (CREATE VALID)
3. Cancel the RTP via REST cancel endpoint with cancel_reason → RTP to RFC_SENT
4. Send DS12N callback with assignee_bic='FAKESP01' (doesn't match certificate identity MOCKSP04)
5. Verify callback is rejected with 403 (certificate mismatch)
","1743","Unauthorized RFC callback due to wrong certificate serial - through Web API cancel","functional-tests.tests.callbacks","2026-10-08","passed","2026-10-08","","test_RTP_callback_DS_12N","",""
"","815","A status-update error is normalized without changing the RTP","functional-tests.tests.send_rtp","2026-10-08","failed","2026-10-08","","test_RTP_status_update_MOCK_V2","",""
"An EPC response containing fields not declared in the OpenAPI spec is treated as an invalid message and is NOT tolerated for accept/reject purposes (confirmed with rtp-sender-v2 maintainers, PR #26). The extra `invalid-field` property invalidates the whole response, so the CNCL confirmation is not processed and the RTP stays in RFC_SENT.","34289","Cancelling an RTP - EPC v4 mock unhappy path scenario: cncl_extra_field","functional-tests.tests.cancel_rtp","2026-10-08","passed","2026-10-08","","test_RTP_cancel_MOCK_V2","",""
"","500","Retrieving activation with malformed payer id returns 400","functional-tests.tests.activation","2026-10-08","passed","2026-10-08","","test_debtor_activation_get","",""
"Reject target values that are not valid HTTP URIs.","0","test_canonical_representation_requires_a_complete_target_uri[https://example.com/resource#fragment]","functional-tests.tests.qsealc","2026-10-08","passed","2026-10-08","","test_srtp_message_signing","",""
"","1075","A second service provider triggers takeover when debtor is already active on another service provider","functional-tests.tests.activation","2026-10-08","passed","2026-10-08","","test_debtor_activation_create","",""
"Accept RSA-PSS signatures using supported salt-length conventions.","2","test_verify_srtp_message_accepts_rsa_pss_signatures[digest-length]","functional-tests.tests.qsealc","2026-10-08","passed","2026-10-08","","test_srtp_signature_verification","",""
"
Test RFC callback DS12P with CNCL status, cancel triggered via REST Web API with explicit reason.

Flow:
1. Activate payer
2. Send an RTP via GPD message (CREATE VALID)
3. Cancel the RTP via REST cancel endpoint with cancel_reason → RTP to RFC_SENT
4. Send DS12P callback with CxlStsId CNCL (Cancelled As Per Request)
5. Verify callback is accepted (200)
6. Verify RTP status is CANCELLED
","2178","An RFC callback DS12P CNCL is successfully received and RTP status is CANCEL - through Web API cancel","functional-tests.tests.callbacks","2026-10-08","passed","2026-10-08","","test_RTP_callback_DS_12P","",""
"Normalize each supported HTTP method to uppercase.","0","test_canonical_representation_emits_an_uppercase_method[post]","functional-tests.tests.qsealc","2026-10-08","passed","2026-10-08","","test_srtp_message_signing","",""
"
Given a noticeNumber that does not correspond to any RTP in the database,
when the payee queries the delivery-status endpoint,
then the response must be HTTP 200 with status=PD_RTP_NOT_DELIVERED and
processingDate absent or null.
","438","Non-existent noticeNumber → PD_RTP_NOT_DELIVERED","functional-tests.tests.get_rtp","2026-10-08","passed","2026-10-08","","test_RTP_get_delivery_status","",""
"","828","A status-update error is normalized without changing the RTP","functional-tests.tests.send_rtp","2026-10-08","failed","2026-10-08","","test_RTP_status_update_MOCK_V2","",""
"
Test RFC callback DS12P with INVALID status.

Flow:
1. Activate payer
2. Send an RTP via GPD message (CREATE VALID)
3. Cancel the RTP via GPD message (DELETE) → RTP to RFC_SENT
4. Send DS12P callback with CxlStsId INVALID
5. Verify callback is rejected with 400
6. Verify RTP status is still RFC_SENT
","2165","An RFC callback DS12P INVALID is rejected with 400","functional-tests.tests.callbacks","2026-10-08","passed","2026-10-08","","test_RTP_callback_DS_12P","",""
"","391","The activation request must contain a Service Provider ID of valid length","functional-tests.tests.activation","2026-10-08","passed","2026-10-08","","test_debtor_activation_create","",""
"","920","SP_B cannot retrieve activation by Activation ID created by SP_A","functional-tests.tests.activation","2026-10-08","passed","2026-10-08","","test_RTP_activation_security","",""
"Each entry in ``INVALID_PAYER_IDS`` must be rejected with 400.

The ``description`` parameter appears in pytest output to identify which
case failed without having to inspect the raw value.
","444","Querying activation status with an invalid payerId format returns 400","functional-tests.tests.activation","2026-10-08","passed","2026-10-08","","test_debtor_activation_payer_status","",""
"Each entry in ``INVALID_PAYER_IDS`` (see dataset docstring) must be rejected with 400.","400","The activation request must contain a validly formatted fiscal code","functional-tests.tests.activation","2026-10-08","passed","2026-10-08","","test_debtor_activation_create","",""
"Each entry in ``INVALID_PAYER_IDS`` (see dataset docstring) must be rejected with 400.","398","The activation request must contain a validly formatted fiscal code","functional-tests.tests.activation","2026-10-08","passed","2026-10-08","","test_debtor_activation_create","",""
"Test sending a DELETE operation message via GPD message API after a CREATE","1679","A DELETE message after CREATE DRAFT","functional-tests.tests.process_messages_sender","2026-10-08","passed","2026-10-08","","test_RTP_process_sender_DELETE","",""
"Do not append a trailing line feed to the canonical message.","0","test_canonical_representation_does_not_append_a_closing_line_feed","functional-tests.tests.qsealc","2026-10-08","passed","2026-10-08","","test_srtp_message_signing","",""
"Normalize each supported HTTP method to uppercase.","0","test_canonical_representation_emits_an_uppercase_method[connect]","functional-tests.tests.qsealc","2026-10-08","passed","2026-10-08","","test_srtp_message_signing","",""
"Each entry in ``INVALID_PAYER_IDS`` must be rejected with 400.

The ``description`` parameter appears in pytest output to identify which
case failed without having to inspect the raw value.
","411","Querying activation status with an invalid payerId format returns 400","functional-tests.tests.activation","2026-10-08","passed","2026-10-08","","test_debtor_activation_payer_status","",""
"","909","An RTP is sent through API - through Web API","functional-tests.tests.send_rtp","2026-10-08","passed","2026-10-08","","test_RTP_send_MOCK","",""
"Test sending a DELETE operation message via GPD message API after a CREATE VALID + UPDATE","1761","A DELETE message after CREATE VALID + UPDATE INVALID","functional-tests.tests.process_messages_sender","2026-10-08","passed","2026-10-08","","test_RTP_process_sender_DELETE","",""
"The PSP synchronously rejects the cancellation request with 422 (per standard behaviour for the EPC 404 Not Found scenario). The RTP then transitions to ERROR_CANCEL via ERROR_CANCEL_RTP.","813","Cancelling an RTP - EPC v4 mock unhappy path scenario: epc_404","functional-tests.tests.cancel_rtp","2026-10-08","failed","2026-10-08","","test_RTP_cancel_MOCK_V2","",""
"Reject a signature whose certificate chain is expired.","1","test_verify_srtp_message_rejects_an_expired_certificate","functional-tests.tests.qsealc","2026-10-08","passed","2026-10-08","","test_srtp_signature_verification","",""
"","807","A status-update error is normalized without changing the RTP","functional-tests.tests.send_rtp","2026-10-08","failed","2026-10-08","","test_RTP_status_update_MOCK_V2","",""
"Reject target values that are not valid HTTP URIs.","0","test_canonical_representation_requires_a_complete_target_uri[https://example.com:not-a-port/path]","functional-tests.tests.qsealc","2026-10-08","passed","2026-10-08","","test_srtp_message_signing","",""
"","920","A status-update cancel error is normalized without changing the RTP","functional-tests.tests.send_rtp","2026-10-08","failed","2026-10-08","","test_RTP_status_update_cancel_MOCK_V2","",""
"","618","The RTP web page is reachable","functional-tests.tests.availability","2026-10-08","passed","2026-10-08","","test_availability_RTP_webform","",""
"Each entry in ``INVALID_PAYER_IDS`` (see dataset docstring) must be rejected with 400.","394","The activation request must contain a validly formatted fiscal code","functional-tests.tests.activation","2026-10-08","passed","2026-10-08","","test_debtor_activation_create","",""
"Test sending a CREATE operation message with different statuses via GPD message API","808","A CREATE message with status INVALID","functional-tests.tests.process_messages_sender","2026-10-08","passed","2026-10-08","","test_RTP_process_sender_CREATE","",""
"","403","An RTP is sent to ICCREA service with activated fiscal code - through Web API V2","functional-tests.tests.send_rtp","2026-10-08","failed","2026-10-08","","test_RTP_send_ICCREA","",""
"Reject target values that are not valid HTTP URIs.","0","test_canonical_representation_requires_a_complete_target_uri[mailto:api@example.com]","functional-tests.tests.qsealc","2026-10-08","passed","2026-10-08","","test_srtp_message_signing","",""
"","2618","An RTP sent with synchronous rejection containing extra fields results in status REJECTED - through Web API","functional-tests.tests.send_rtp","2026-10-08","passed","2026-10-08","","test_RTP_send_MOCK","",""
"The PSP synchronously rejects the cancellation request with 422 (per standard behaviour for the EPC 406 Not Acceptable scenario). The RTP then transitions to ERROR_CANCEL via ERROR_CANCEL_RTP.","800","Cancelling an RTP - EPC v4 mock unhappy path scenario: epc_406","functional-tests.tests.cancel_rtp","2026-10-08","failed","2026-10-08","","test_RTP_cancel_MOCK_V2","",""
"","818","A status-update cancel error is normalized without changing the RTP","functional-tests.tests.send_rtp","2026-10-08","failed","2026-10-08","","test_RTP_status_update_cancel_MOCK_V2","",""
"","815","A debtor with VAT number is activated and retrieved by activation id","functional-tests.tests.activation","2026-10-08","passed","2026-10-08","","test_debtor_activation_get","",""
"","20147","RTP is successfully cancelled with reason MODT - V2","functional-tests.tests.cancel_rtp","2026-10-08","passed","2026-10-08","","test_RTP_cancel","",""
"","820","A status-update cancel response maps to the expected RTP result","functional-tests.tests.send_rtp","2026-10-08","failed","2026-10-08","","test_RTP_status_update_cancel_MOCK_V2","",""
"","814","A status-update error is normalized without changing the RTP","functional-tests.tests.send_rtp","2026-10-08","failed","2026-10-08","","test_RTP_status_update_MOCK_V2","",""
"
Test RFC callback DS12P with non-existing service provider, cancel via REST Web API.

Flow:
1. Activate payer
2. Send an RTP via GPD message (CREATE VALID)
3. Cancel the RTP via REST cancel endpoint with cancel_reason → RTP to RFC_SENT
4. Send DS12P callback with non-existing BIC (MOCKSP99)
5. Verify callback is rejected with 400 (service provider not found)
","1840","Failed RFC callback for non existing Service Provider - DS-12P CNCL compliant - through Web API cancel","functional-tests.tests.callbacks","2026-10-08","passed","2026-10-08","","test_RTP_callback_DS_12P","",""
"","1165","SP_B cannot retrieve activation by Fiscal Code created by SP_A","functional-tests.tests.activation","2026-10-08","passed","2026-10-08","","test_RTP_activation_security","",""
"Empty OTP should be rejected","441","Test Takeover Fails with Empty OTP","functional-tests.tests.takeover","2026-10-08","passed","2026-10-08","","test_debtor_takeover","",""
"","1017","Auth endpoint returns valid token","functional-tests.tests.availability","2026-10-08","passed","2026-10-08","","test_availability_CBI","",""
"","872","Get paginated list of OPT_OUT payees consents successfully","functional-tests.tests.service_registry","2026-10-08","passed","2026-10-08","","test_get_payees_consents","",""
"Reject a message whose target URI cannot be canonicalized.","1","test_verify_srtp_message_rejects_an_invalid_target_uri[mailto:callback@example.com]","functional-tests.tests.qsealc","2026-10-08","passed","2026-10-08","","test_srtp_signature_verification","",""
"","943","Failed v2 document callback for invalid RTP transition - DS-document RJCT compliant","functional-tests.tests.callbacks_v2","2026-10-08","failed","2026-10-08","","test_RTP_callback_DS_document_rjct","",""
"","1009","An ALAC status update transitions SENT to USER_ACCEPTED","functional-tests.tests.callbacks_v2","2026-10-08","failed","2026-10-08","","test_RTP_status_update_callback","",""
"
Test RFC callback DS12N with wrong certificate identity.

Flow:
1. Activate payer
2. Send an RTP via GPD message (CREATE VALID)
3. Cancel the RTP via GPD message (DELETE) → RTP to RFC_SENT
4. Send DS12N callback with assignee_bic='FAKESP01' (doesn't match certificate identity MOCKSP04)
5. Verify callback is rejected with 403 (certificate mismatch)
","2225","Unauthorized RFC callback due to wrong certificate serial","functional-tests.tests.callbacks","2026-10-08","passed","2026-10-08","","test_RTP_callback_DS_12N","",""
"","952","A debtor with foreign fiscal code is activated successfully","functional-tests.tests.activation","2026-10-08","passed","2026-10-08","","test_debtor_activation_create","",""
"The ownership check fails the same way whether the target spId belongs to someone else
or doesn't exist in the registry at all - NOEXIT00 is not a real Service Provider ID.","453","Activation is forbidden with the same error code for a Service Provider ID absent from the registry","functional-tests.tests.activation","2026-10-08","passed","2026-10-08","","test_debtor_activation_create","",""
"No `Sts.Conf` confirmation is present (minimal JSON without Sts), so only CANCEL_RTP is triggered and the RTP stays in RFC_SENT.","17527","Cancelling an RTP - EPC v4 mock happy path scenario: minimal_json","functional-tests.tests.cancel_rtp","2026-10-08","failed","2026-10-08","","test_RTP_cancel_MOCK_V2","",""
"Test sending an UPDATE after CREATE VALID + DELETE with different statuses","1757","An UPDATE message with status PARTIALLY_PAID after CREATE VALID and DELETE","functional-tests.tests.process_messages_sender","2026-10-08","passed","2026-10-08","","test_RTP_process_sender_UPDATE","",""
"","1585","Failed callback for non existing Service Provider - DS-08N negative compliant","functional-tests.tests.callbacks_v2","2026-10-08","failed","2026-10-08","","test_RTP_callback_DS_08N_negative","",""
"Reject digest algorithms outside the supported set.","0","test_sign_srtp_message_rejects_unsupported_digest_algorithms","functional-tests.tests.qsealc","2026-10-08","passed","2026-10-08","","test_srtp_signature","",""
"Reject a signer chain whose issuer omits a mandatory CA constraint.","0","test_verify_srtp_message_rejects_an_issuer_without_ca_constraints[missing-basic-constraints]","functional-tests.tests.qsealc","2026-10-08","passed","2026-10-08","","test_srtp_signature_verification","",""
"
Test RFC callback DS12P with non-existing service provider, cancel via REST Web API.

Flow:
1. Activate payer
2. Send an RTP via GPD message (CREATE VALID)
3. Cancel the RTP via REST cancel endpoint with cancel_reason → RTP to RFC_SENT
4. Send DS12P callback with non-existing BIC (MOCKSP99)
5. Verify callback is rejected with 400 (service provider not found)
","2331","Failed RFC callback for non existing Service Provider - DS-12P CNCL compliant - through Web API cancel","functional-tests.tests.callbacks","2026-10-08","passed","2026-10-08","","test_RTP_callback_DS_12P","",""
"Payer activated then deactivated by SP A → isActive must be false.","1333","A deactivated payer returns isActive false","functional-tests.tests.activation","2026-10-08","passed","2026-10-08","","test_debtor_activation_payer_status","",""
"","838","A debtor with foreign fiscal code is activated and retrieved by activation id","functional-tests.tests.activation","2026-10-08","passed","2026-10-08","","test_debtor_activation_get","",""
"Test sending a CREATE operation message with different statuses via GPD message API","811","A CREATE message with status PARTIALLY_PAID","functional-tests.tests.process_messages_sender","2026-10-08","passed","2026-10-08","","test_RTP_process_sender_CREATE","",""
"Generate a verifiable signature and all required transport headers.","1","test_sign_srtp_message_returns_a_verifiable_signature_and_headers","functional-tests.tests.qsealc","2026-10-08","passed","2026-10-08","","test_srtp_signature","",""
"Frame an empty body so headers and payloads remain distinguishable.","0","test_canonical_representation_frames_an_empty_body","functional-tests.tests.qsealc","2026-10-08","passed","2026-10-08","","test_srtp_message_signing","",""
"","844","A debtor with omocodia fiscal code is activated successfully","functional-tests.tests.activation","2026-10-08","passed","2026-10-08","","test_debtor_activation_create","",""
"","807","A status-update error is normalized without changing the RTP","functional-tests.tests.send_rtp","2026-10-08","failed","2026-10-08","","test_RTP_status_update_MOCK_V2","",""
"
Test RFC callback DS12P with CNCL status.

Flow:
1. Activate payer
2. Send an RTP via GPD message (CREATE VALID)
3. Cancel the RTP via GPD message (DELETE) → RTP to RFC_SENT
4. Send DS12P callback with CxlStsId CNCL (Cancelled As Per Request)
5. Verify callback is accepted (200)
6. Verify RTP status is CANCELLED
","2233","An RFC callback DS12P CNCL is successfully received and RTP status is CANCEL","functional-tests.tests.callbacks","2026-10-08","passed","2026-10-08","","test_RTP_callback_DS_12P","",""
"Test sending an UPDATE operation message with different statuses via GPD message API before a CREATE","823","An UPDATE message with status INVALID before CREATE","functional-tests.tests.process_messages_sender","2026-10-08","passed","2026-10-08","","test_RTP_process_sender_UPDATE_before_CREATE","",""
"
Test RFC callback DS12P with INVALID status, cancel via REST Web API.

Flow:
1. Activate payer
2. Send an RTP via GPD message (CREATE VALID)
3. Cancel the RTP via REST cancel endpoint with cancel_reason → RTP to RFC_SENT
4. Send DS12P callback with CxlStsId INVALID
5. Verify callback is rejected with 400
6. Verify RTP status is still RFC_SENT
","2563","An RFC callback DS12P INVALID is rejected with 400 - through Web API cancel","functional-tests.tests.callbacks","2026-10-08","passed","2026-10-08","","test_RTP_callback_DS_12P","",""
"Test sending a CREATE operation message with an omocodia fiscal code via GPD message API","1207","A CREATE message with omocodia fiscal code is successfully sent through GPD message API","functional-tests.tests.process_messages_sender","2026-10-08","passed","2026-10-08","","test_RTP_process_sender","",""
"","5786","An RTP callback is received with invalid status","functional-tests.tests.callbacks","2026-10-08","passed","2026-10-08","","test_RTP_callback_DS_08","",""
"Availability probe for takeover notification mock endpoint: expects 204 No Content","369","Test Takeover Notification Endpoint","functional-tests.tests.takeover","2026-10-08","passed","2026-10-08","","test_debtor_takeover","",""
"","1101","A status-update cancel error is normalized without changing the RTP","functional-tests.tests.send_rtp","2026-10-08","failed","2026-10-08","","test_RTP_status_update_cancel_MOCK_V2","",""
"Test sending an UPDATE operation message with different statuses via GPD message API after a CREATE","1845","An UPDATE message with status PUBLISHED after CREATE","functional-tests.tests.process_messages_sender","2026-10-08","passed","2026-10-08","","test_RTP_process_sender_UPDATE","",""
"Takeover with syntactically valid but nonsensical body should fail","1236","Test Takeover Fails with Nonsensical Body","functional-tests.tests.takeover","2026-10-08","passed","2026-10-08","","test_debtor_takeover","",""
"","815","An ARJR status update transitions SENT to REJECTED","functional-tests.tests.callbacks_v2","2026-10-08","failed","2026-10-08","","test_RTP_status_update_callback","",""
"","821","Deactivation returns 404 when the token subject does not own the activation's Service Provider ID","functional-tests.tests.activation","2026-10-08","passed","2026-10-08","","test_debtor_deactivation","",""
"
Test RFC callback DS12N with RJCR status applied twice on the same RTP.

Flow:
1. Activate payer
2. Send an RTP via GPD message (CREATE VALID)
3. Cancel the RTP via GPD message (DELETE) -> RTP to RFC_SENT
4. Send DS12N callback with CxlStsId RJCR (Rejected Cancellation Request) -> RTP to ERROR_CANCEL
5. Send the same DS12N RJCR callback again on the already transitioned RTP
6. Verify the second callback is rejected (400) since the transition is no longer valid
7. Verify RTP status remains ERROR_CANCEL
","3544","Failed RFC callback for invalid RTP transition - DS-12N RJCR compliant","functional-tests.tests.callbacks","2026-10-08","passed","2026-10-08","","test_RTP_callback_DS_12N","",""
"
Tests sending an RTP payload to the POSTE endpoint with valid data and authentication.

:param debtor_sp_mock_cert_key: Certificate and key tuple for mutual TLS authentication.
:type debtor_sp_mock_cert_key: Tuple[str, str]
","133285","An RTP is sent through POSTE API","functional-tests.tests.availability","2026-10-08","broken","2026-10-08","","test_availability_POSTE","",""
"","3386","RTP cancellation fails with an invalid reason - V2","functional-tests.tests.cancel_rtp","2026-10-08","passed","2026-10-08","","test_RTP_cancel","",""
"
Test RFC callback DS12P with INVALID status, cancel via REST Web API.

Flow:
1. Activate payer
2. Send an RTP via GPD message (CREATE VALID)
3. Cancel the RTP via REST cancel endpoint with cancel_reason → RTP to RFC_SENT
4. Send DS12P callback with CxlStsId INVALID
5. Verify callback is rejected with 400
6. Verify RTP status is still RFC_SENT
","2154","An RFC callback DS12P INVALID is rejected with 400 - through Web API cancel","functional-tests.tests.callbacks","2026-10-08","passed","2026-10-08","","test_RTP_callback_DS_12P","",""
"","2930","An RTP callback with invalid status is received and processed with success without affecting the RTP status","functional-tests.tests.callbacks","2026-10-08","passed","2026-10-08","","test_RTP_callback_DS_05","",""
"","401","malformed rtp_id → 400 Bad Request","functional-tests.tests.get_rtp","2026-10-08","passed","2026-10-08","","test_RTP_get","",""
"
Test v2 RFC callback DS12N with non-existing service provider.

Flow:
1. Activate payer
2. Send an RTP via GPD message v2 (CREATE VALID)
3. Cancel the RTP via GPD message v2 (DELETE) -> RTP to RFC_SENT
4. Send DS12N callback with non-existing BIC (MOCKSP99)
5. Verify callback is rejected with 400 (service provider not found)
6. Verify RTP status is still RFC_SENT
","810","Failed v2 RFC callback for non existing Service Provider - DS-12N negative compliant","functional-tests.tests.callbacks_v2","2026-10-08","failed","2026-10-08","","test_RTP_callback_DS_12N_negative","",""
"DS_08N RJCT callback sent directly on a SENT RTP (no prior DS_05 ACTC callback).

The RTP is expected to transition from SENT to REJECTED.
","827","A v2 RTP callback with status RJCT is successfully received","functional-tests.tests.callbacks_v2","2026-10-08","failed","2026-10-08","","test_RTP_callback_DS_08N_negative","",""
"Each entry in ``INVALID_PAYER_IDS`` must be rejected with 400.

The ``description`` parameter appears in pytest output to identify which
case failed without having to inspect the raw value.
","406","Querying activation status with an invalid payerId format returns 400","functional-tests.tests.activation","2026-10-08","passed","2026-10-08","","test_debtor_activation_payer_status","",""
"","368","Get payees with invalid authorization","functional-tests.tests.service_registry","2026-10-08","passed","2026-10-08","","test_service_registry_service_providers","",""
"","1285","Cannot send RTP with expired date","functional-tests.tests.availability","2026-10-08","passed","2026-10-08","","test_availability_CBI","",""
"Test sending an UPDATE operation message with different statuses via GPD message API after a CREATE","2444","An UPDATE message with status VALID after CREATE","functional-tests.tests.process_messages_sender","2026-10-08","passed","2026-10-08","","test_RTP_process_sender_UPDATE","",""
"","931","A status-update response maps to the expected RTP result","functional-tests.tests.send_rtp","2026-10-08","failed","2026-10-08","","test_RTP_status_update_MOCK_V2","",""
"","16556","Failed v2 redirect callback for invalid RTP transition - DS-05 ACTC compliant","functional-tests.tests.callbacks_v2","2026-10-08","failed","2026-10-08","","test_RTP_callback_DS_05_redirect","",""
"","509","Unauthorized callback due to wrong certificate serial","functional-tests.tests.callbacks","2026-10-08","passed","2026-10-08","","test_RTP_callback_DS_04","",""
"No `Sts.Conf` confirmation is present (Sts block omitted entirely), so only CANCEL_RTP is triggered and the RTP stays in RFC_SENT.","812","Cancelling an RTP - EPC v4 mock happy path scenario: no_sts_block","functional-tests.tests.cancel_rtp","2026-10-08","failed","2026-10-08","","test_RTP_cancel_MOCK_V2","",""
"","436","Retrieving non-existent activation returns 404","functional-tests.tests.activation","2026-10-08","passed","2026-10-08","","test_debtor_activation_get","",""
"","916","An RTP is sent to a CBI service with activated fiscal code","functional-tests.tests.send_rtp","2026-10-08","passed","2026-10-08","","test_RTP_send_CBI","",""
"","84411","Repeating a status update is idempotent","functional-tests.tests.send_rtp","2026-10-08","failed","2026-10-08","","test_RTP_status_update_MOCK_V2","",""
"Each entry in ``INVALID_PAYER_IDS`` must be rejected with 400.

The ``description`` parameter appears in pytest output to identify which
case failed without having to inspect the raw value.
","394","Querying activation status with an invalid payerId format returns 400","functional-tests.tests.activation","2026-10-08","passed","2026-10-08","","test_debtor_activation_payer_status","",""
"UPDATE VALID before any CREATE creates a new RTP; the RTP must be retrievable from the database","1363","An UPDATE VALID before CREATE creates the RTP in the database","functional-tests.tests.process_messages_sender","2026-10-08","passed","2026-10-08","","test_RTP_process_sender_UPDATE_before_CREATE","",""
"Test sending an UPDATE operation message with different statuses via GPD message API before a CREATE","829","An UPDATE message with status PARTIALLY_PAID before CREATE","functional-tests.tests.process_messages_sender","2026-10-08","passed","2026-10-08","","test_RTP_process_sender_UPDATE_before_CREATE","",""
"","825","Deactivation fails for activation by another service provider","functional-tests.tests.activation","2026-10-08","passed","2026-10-08","","test_debtor_deactivation","",""
"Active payer with omocodia fiscal code (digit substitution) → isActive must be true.","820","An active payer with omocodia fiscal code returns isActive true","functional-tests.tests.activation","2026-10-08","passed","2026-10-08","","test_debtor_activation_payer_status","",""
"Reject a valid signature whose certificate chain is untrusted.","0","test_verify_srtp_message_rejects_an_untrusted_certificate_chain","functional-tests.tests.qsealc","2026-10-08","passed","2026-10-08","","test_srtp_signature_verification","",""
"","18488","An RTP sent when EPC response omits _links is in status ACCEPTED - through Web API V2","functional-tests.tests.send_rtp","2026-10-08","passed","2026-10-08","","test_RTP_send_MOCK","",""
"
Verify that a debt position can be deleted successfully.
","2426","Happy path: a debt position is deleted in UAT environment","functional-tests.tests.gpd_availability","2026-10-08","passed","2026-10-08","","test_availability_GPD","",""
"","2062","An RTP is sent to ICCREA service with activated fiscal code","functional-tests.tests.send_rtp","2026-10-08","failed","2026-10-08","","test_RTP_send_ICCREA","",""
"","4077","An RTP callback is successfully received with status RJCT","functional-tests.tests.callbacks","2026-10-08","passed","2026-10-08","","test_RTP_callback_DS_08","",""
"Normalize each supported HTTP method to uppercase.","0","test_canonical_representation_emits_an_uppercase_method[get]","functional-tests.tests.qsealc","2026-10-08","passed","2026-10-08","","test_srtp_message_signing","",""
"","1985","DS_12N negative RFC v2 callback with Version header returns 400","functional-tests.tests.callbacks_v2","2026-10-08","failed","2026-10-08","","test_RTP_callback_with_version_header","",""
"Test sending a CREATE operation message via GPD message API","1154","A CREATE message is successfully sent through GPD message API","functional-tests.tests.process_messages_sender","2026-10-08","passed","2026-10-08","","test_RTP_process_sender","",""
"Test sending an UPDATE operation message with different statuses via GPD message API before a CREATE","808","An UPDATE message with status DRAFT before CREATE","functional-tests.tests.process_messages_sender","2026-10-08","passed","2026-10-08","","test_RTP_process_sender_UPDATE_before_CREATE","",""
"
DS_04b callback sent with the Version header must be rejected with 400.
The RTP state must be unchanged.

Flow:
1. Activate payer and send an RTP → resource_id
2. Capture current RTP status
3. Build a valid DS_04b payload referencing the RTP
4. POST to callback endpoint WITH Version header
5. Verify 400 is returned with the expected error body
6. Verify RTP status is unchanged
","3866","DS_04b callback with Version header returns 400","functional-tests.tests.callbacks","2026-10-08","passed","2026-10-08","","test_RTP_callback_with_version_header","",""
"Test sending an UPDATE operation message with different statuses via GPD message API after a CREATE","1409","An UPDATE message with status INVALID after CREATE","functional-tests.tests.process_messages_sender","2026-10-08","passed","2026-10-08","","test_RTP_process_sender_UPDATE","",""
"MOCKSP04 owns MOCKSP01 as well as its own spId; activation must be allowed on either.","913","A debtor is activated using a Service Provider ID the token subject owns but does not itself represent","functional-tests.tests.activation","2026-10-08","passed","2026-10-08","","test_debtor_activation_create","",""
"","17247","Sending an RTP when EPC returns an unexpected status code error (RTP_05.CHK.A0007) returns 500 - through Web API V2","functional-tests.tests.send_rtp","2026-10-08","passed","2026-10-08","","test_RTP_send_MOCK","",""
"","393","RTP cancellation fails if resource ID does not exist - V2","functional-tests.tests.cancel_rtp","2026-10-08","failed","2026-10-08","","test_RTP_cancel","",""
"","484","The service returns the mocked server error","functional-tests.tests.availability","2026-10-08","passed","2026-10-08","","test_availability_MOCK","",""
"
Test RFC callback DS12N with INVALID status, cancel via REST Web API.

Flow:
1. Activate payer
2. Send an RTP via GPD message (CREATE VALID)
3. Cancel the RTP via REST cancel endpoint with cancel_reason → RTP to RFC_SENT
4. Send DS12N callback with CxlStsId INVALID
5. Verify callback is rejected with 400
6. Verify RTP status is still RFC_SENT
","2171","An RFC callback DS12N INVALID is rejected with 400 - through Web API cancel","functional-tests.tests.callbacks","2026-10-08","passed","2026-10-08","","test_RTP_callback_DS_12N","",""
"
Verify that a debt position can be updated successfully.
","378","Happy path: a debt position is updated in DEV environment","functional-tests.tests.gpd_availability","2026-10-08","failed","2026-10-08","","test_availability_GPD","",""
"","787","An RTP sent with synchronous acceptance is in status ACCEPTED - DS-05 ACTC - through Web API V2","functional-tests.tests.send_rtp","2026-10-08","failed","2026-10-08","","test_RTP_send_MOCK","",""
"DS_08N RJCT callback sent twice on the same RTP (direct SENT -> REJECTED).

The second callback must be rejected with 400 since the transition is no
longer valid once the RTP is already REJECTED.
","797","Failed v2 callback for invalid RTP transition - DS-08N negative compliant","functional-tests.tests.callbacks_v2","2026-10-08","failed","2026-10-08","","test_RTP_callback_DS_08N_negative","",""
"Test sending a DELETE operation message via GPD message API after a standalone UPDATE (no prior CREATE)","1205","A DELETE message after standalone UPDATE PUBLISHED","functional-tests.tests.process_messages_sender","2026-10-08","passed","2026-10-08","","test_RTP_process_sender_DELETE","",""
"Test sending a DELETE operation message via GPD message API after a CREATE","1223","A DELETE message after CREATE PARTIALLY_PAID","functional-tests.tests.process_messages_sender","2026-10-08","passed","2026-10-08","","test_RTP_process_sender_DELETE","",""
"","4317","RTP is successfully cancelled with reason PAID","functional-tests.tests.cancel_rtp","2026-10-08","passed","2026-10-08","","test_RTP_cancel","",""
"Reject target values that are not valid HTTP URIs.","0","test_canonical_representation_requires_a_complete_target_uri[https://example.com:70000/path]","functional-tests.tests.qsealc","2026-10-08","passed","2026-10-08","","test_srtp_message_signing","",""
"","3037","An RTP callback with status ACWC is successfully received","functional-tests.tests.callbacks","2026-10-08","passed","2026-10-08","","test_RTP_callback_DS_08","",""
"","3418","RTP is successfully cancelled with reason MODT","functional-tests.tests.cancel_rtp","2026-10-08","passed","2026-10-08","","test_RTP_cancel","",""
"","1404","An RTP sent when EPC response contains an unknown field is ignored and remains in status SENT - through Web API","functional-tests.tests.send_rtp","2026-10-08","passed","2026-10-08","","test_RTP_send_MOCK","",""
"","821","Get paginated list of payees successfully","functional-tests.tests.service_registry","2026-10-08","passed","2026-10-08","","test_service_registry_payees_registry","",""
"Reject a signature when the revocation checker reports revoked.","1","test_verify_srtp_message_rejects_a_revoked_certificate","functional-tests.tests.qsealc","2026-10-08","passed","2026-10-08","","test_srtp_signature_verification","",""
"Each entry in ``INVALID_PAYER_IDS`` (see dataset docstring) must be rejected with 400.","747","The activation request must contain a validly formatted fiscal code","functional-tests.tests.activation","2026-10-08","passed","2026-10-08","","test_debtor_activation_create","",""
"Each entry in ``INVALID_PAYER_IDS`` must be rejected with 400.

The ``description`` parameter appears in pytest output to identify which
case failed without having to inspect the raw value.
","410","Querying activation status with an invalid payerId format returns 400","functional-tests.tests.activation","2026-10-08","failed","2026-10-08","","test_debtor_activation_payer_status","",""
"Test sending a CREATE operation message with an Italian VAT number via GPD message API","912","A CREATE message with VAT number (Partita IVA) is successfully sent through GPD message API","functional-tests.tests.process_messages_sender","2026-10-08","passed","2026-10-08","","test_RTP_process_sender","",""
"Match EPC headers regardless of their input casing.","0","test_canonical_representation_matches_epc_headers_case_insensitively","functional-tests.tests.qsealc","2026-10-08","passed","2026-10-08","","test_srtp_message_signing","",""
"Test sending a CREATE operation message with different statuses via GPD message API","1505","A CREATE message with status PAID","functional-tests.tests.process_messages_sender","2026-10-08","passed","2026-10-08","","test_RTP_process_sender_CREATE","",""
"Test that takeover fails when an invalid OTP is provided","1227","Test Takeover Fails with Invalid OTP","functional-tests.tests.takeover","2026-10-08","passed","2026-10-08","","test_debtor_takeover","",""
"","898","Sending an RTP when EPC returns an unexpected status code error (RTP_05.CHK.A0007) returns 500 - through Web API","functional-tests.tests.send_rtp","2026-10-08","passed","2026-10-08","","test_RTP_send_MOCK","",""
"","1490","An RTP is sent to Poste service with activated fiscal code","functional-tests.tests.send_rtp","2026-10-08","passed","2026-10-08","","test_RTP_send_POSTE","",""
"Test sending a DELETE operation message via GPD message API after a standalone UPDATE (no prior CREATE)","1221","A DELETE message after standalone UPDATE EXPIRED","functional-tests.tests.process_messages_sender","2026-10-08","passed","2026-10-08","","test_RTP_process_sender_DELETE","",""
"","394","Missing Version header returns 200","functional-tests.tests.activation","2026-10-08","passed","2026-10-08","","test_debtor_activation_list","",""
"","395","Retrieving activation with invalid UUID returns 400","functional-tests.tests.activation","2026-10-08","passed","2026-10-08","","test_debtor_activation_get","",""
"UPDATE VALID with an ec_tax_code that does not exist in GPD returns 422 Payee not found","826","An UPDATE VALID message with a non-existent ec_tax_code is rejected","functional-tests.tests.process_messages_sender","2026-10-08","passed","2026-10-08","","test_RTP_process_sender_UPDATE","",""
"Test sending an UPDATE operation message with different statuses via GPD message API after a CREATE","1849","An UPDATE message with status PAID after CREATE","functional-tests.tests.process_messages_sender","2026-10-08","passed","2026-10-08","","test_RTP_process_sender_UPDATE","",""
"Each entry in ``INVALID_PAYER_IDS`` (see dataset docstring) must be rejected with 400.","397","The activation request must contain a validly formatted fiscal code","functional-tests.tests.activation","2026-10-08","passed","2026-10-08","","test_debtor_activation_create","",""
"","827","Sending a GPD message with null id returns 400","functional-tests.tests.send_rtp","2026-10-08","passed","2026-10-08","","test_RTP_send_MOCK","",""
"Reject a signature after the canonicalized body has changed.","2","test_verify_srtp_message_rejects_a_signature_for_changed_body","functional-tests.tests.qsealc","2026-10-08","passed","2026-10-08","","test_srtp_signature_verification","",""
"","451","Sending to non-activated debtor returns 422 - through Web API V2","functional-tests.tests.send_rtp","2026-10-08","passed","2026-10-08","","test_RTP_send_MOCK","",""
"","1621","An RTP is sent to ICCREA service with activated fiscal code - through Web API","functional-tests.tests.send_rtp","2026-10-08","failed","2026-10-08","","test_RTP_send_ICCREA","",""
"","839","A status-update cancel error is normalized without changing the RTP","functional-tests.tests.send_rtp","2026-10-08","failed","2026-10-08","","test_RTP_status_update_cancel_MOCK_V2","",""
"","388","The activation request must contain a validly formatted Service Provider ID","functional-tests.tests.activation","2026-10-08","passed","2026-10-08","","test_debtor_activation_create","",""
"","2468","Failed callback for non compliant DS-04b payload","functional-tests.tests.callbacks","2026-10-08","passed","2026-10-08","","test_RTP_callback_DS_04","",""
"
Test RFC callback DS12P with wrong certificate identity, cancel via REST Web API.

Flow:
1. Activate payer
2. Send an RTP via GPD message (CREATE VALID)
3. Cancel the RTP via REST cancel endpoint with cancel_reason → RTP to RFC_SENT
4. Send DS12P callback with assignee_bic='FAKESP01' (doesn't match certificate identity MOCKSP04)
5. Verify callback is rejected with 403 (certificate mismatch)
","1737","Unauthorized RFC callback due to wrong certificate serial - through Web API cancel","functional-tests.tests.callbacks","2026-10-08","passed","2026-10-08","","test_RTP_callback_DS_12P","",""
"","396","Get payees consents with wrong token type returns 403","functional-tests.tests.service_registry","2026-10-08","passed","2026-10-08","","test_get_payees_consents","",""
"The response body is not a recognizable cancellation confirmation (quoted plain string), so the RTP stays in RFC_SENT.","20715","Cancelling an RTP - EPC v4 mock happy path scenario: plain_string","functional-tests.tests.cancel_rtp","2026-10-08","failed","2026-10-08","","test_RTP_cancel_MOCK_V2","",""
"`Sts.Conf = ""CNCL""` triggers CANCEL_RTP -> CONFIRM_RFC -> CANCEL_RTP_ACCR, ending in CANCELLED_ACCR.","34754","Cancelling an RTP - EPC v4 mock happy path scenario: cncl_confirmed","functional-tests.tests.cancel_rtp","2026-10-08","passed","2026-10-08","","test_RTP_cancel_MOCK_V2","",""
"","396","Find by payer id request must contain lower case fiscal code","functional-tests.tests.activation","2026-10-08","passed","2026-10-08","","test_debtor_activation_create","",""
"Encode the leaf certificate as DER and the chain as PEM.","1","test_sign_srtp_message_encodes_leaf_der_and_chain_pem","functional-tests.tests.qsealc","2026-10-08","passed","2026-10-08","","test_srtp_signature","",""
"
Test RFC callback DS12P with CNCL status applied twice on the same RTP.

Flow:
1. Activate payer
2. Send an RTP via GPD message (CREATE VALID)
3. Cancel the RTP via GPD message (DELETE) -> RTP to RFC_SENT
4. Send DS12P callback with CxlStsId CNCL (Cancelled As Per Request) -> RTP to CANCELLED
5. Send the same DS12P CNCL callback again on the already cancelled RTP
6. Verify the second callback is rejected (400) since the transition is no longer valid
7. Verify RTP status remains CANCELLED
","2965","Failed RFC callback for invalid RTP transition - DS-12P CNCL compliant","functional-tests.tests.callbacks","2026-10-08","passed","2026-10-08","","test_RTP_callback_DS_12P","",""
"","805","A status-update cancel error is normalized without changing the RTP","functional-tests.tests.send_rtp","2026-10-08","failed","2026-10-08","","test_RTP_status_update_cancel_MOCK_V2","",""
"Reusing the same OTP after a successful takeover should fail","1682","Test Takeover Fails with Reused OTP","functional-tests.tests.takeover","2026-10-08","passed","2026-10-08","","test_debtor_takeover","",""
"MOCKSP04 owns both its own spId and MOCKSP01; redeeming an OTP scoped to MOCKSP01 must
assign MOCKSP01 to the new activation, not MOCKSP04 (the redeemer's own tspId).","2866","Test Takeover Redemption Assigns the OTP's Owned Service Provider ID","functional-tests.tests.takeover","2026-10-08","passed","2026-10-08","","test_debtor_takeover","",""
"","392","Non-integer size returns 400","functional-tests.tests.activation","2026-10-08","passed","2026-10-08","","test_debtor_activation_list","",""
"Each entry in ``INVALID_PAYER_IDS`` must be rejected with 400.

The ``description`` parameter appears in pytest output to identify which
case failed without having to inspect the raw value.
","403","Querying activation status with an invalid payerId format returns 400","functional-tests.tests.activation","2026-10-08","passed","2026-10-08","","test_debtor_activation_payer_status","",""
"Each entry in ``INVALID_PAYER_IDS`` (see dataset docstring) must be rejected with 400.","393","The activation request must contain a validly formatted fiscal code","functional-tests.tests.activation","2026-10-08","passed","2026-10-08","","test_debtor_activation_create","",""
"","810","A status-update error is normalized without changing the RTP","functional-tests.tests.send_rtp","2026-10-08","failed","2026-10-08","","test_RTP_status_update_MOCK_V2","",""
"","807","A status-update error is normalized without changing the RTP","functional-tests.tests.send_rtp","2026-10-08","failed","2026-10-08","","test_RTP_status_update_MOCK_V2","",""
"","884","An invalid status transition is rejected","functional-tests.tests.send_rtp","2026-10-08","failed","2026-10-08","","test_RTP_status_update_MOCK_V2","",""
"Test sending a DELETE operation message via GPD message API after a CREATE","1221","A DELETE message after CREATE PAID","functional-tests.tests.process_messages_sender","2026-10-08","passed","2026-10-08","","test_RTP_process_sender_DELETE","",""
"","18488","An RTP sent with synchronous rejection is in status REJECTED - DS-08P N - through Web API V2","functional-tests.tests.send_rtp","2026-10-08","passed","2026-10-08","","test_RTP_send_MOCK","",""
"","372","Unauthorized request returns 401","functional-tests.tests.activation","2026-10-08","passed","2026-10-08","","test_debtor_activation_list","",""
"","38373","A status-update response maps to the expected RTP result","functional-tests.tests.send_rtp","2026-10-08","passed","2026-10-08","","test_RTP_status_update_MOCK_V2","",""
"","398","Get payees consents with invalid date format returns 400","functional-tests.tests.service_registry","2026-10-08","passed","2026-10-08","","test_get_payees_consents","",""
"Same privacy rule as the cross-SP case: no explicit error, isActive is just false.","836","Get payer status returns isActive false when the token subject does not own the activation's Service Provider ID","functional-tests.tests.activation","2026-10-08","passed","2026-10-08","","test_debtor_activation_payer_status","",""
"","17777","An RTP sent when EPC response contains an unknown field is ignored and remains in status SENT - through Web API V2","functional-tests.tests.send_rtp","2026-10-08","passed","2026-10-08","","test_RTP_send_MOCK","",""
"","17230","An RTP is sent to Poste service with activated fiscal code - through Web API V2","functional-tests.tests.send_rtp","2026-10-08","failed","2026-10-08","","test_RTP_send_POSTE","",""
"Each entry in ``INVALID_PAYER_IDS`` must be rejected with 400.

The ``description`` parameter appears in pytest output to identify which
case failed without having to inspect the raw value.
","392","Querying activation status with an invalid payerId format returns 400","functional-tests.tests.activation","2026-10-08","passed","2026-10-08","","test_debtor_activation_payer_status","",""
"FAKESP01 does not own MOCKSP01, a Service Provider ID owned by another tspId.","402","Activation is forbidden for a Service Provider ID not owned by the token subject","functional-tests.tests.activation","2026-10-08","passed","2026-10-08","","test_debtor_activation_create","",""
"","819","Unauthorized callback due to wrong certificate serial","functional-tests.tests.callbacks_v2","2026-10-08","failed","2026-10-08","","test_RTP_callback_DS_08P_positive","",""
"
Test RFC callback DS12N with INVALID status, cancel via REST Web API.

Flow:
1. Activate payer
2. Send an RTP via GPD message (CREATE VALID)
3. Cancel the RTP via REST cancel endpoint with cancel_reason → RTP to RFC_SENT
4. Send DS12N callback with CxlStsId INVALID
5. Verify callback is rejected with 400
6. Verify RTP status is still RFC_SENT
","2149","An RFC callback DS12N INVALID is rejected with 400 - through Web API cancel","functional-tests.tests.callbacks","2026-10-08","passed","2026-10-08","","test_RTP_callback_DS_12N","",""
"","4220","An RTP callback is successfully received","functional-tests.tests.callbacks","2026-10-08","passed","2026-10-08","","test_RTP_callback_DS_04","",""
"Each entry in ``INVALID_PAYER_IDS`` must be rejected with 400.

The ``description`` parameter appears in pytest output to identify which
case failed without having to inspect the raw value.
","396","Querying activation status with an invalid payerId format returns 400","functional-tests.tests.activation","2026-10-08","passed","2026-10-08","","test_debtor_activation_payer_status","",""
"","18507","An RTP sent with synchronous rejection and missing _links results in status REJECTED - through Web API V2","functional-tests.tests.send_rtp","2026-10-08","passed","2026-10-08","","test_RTP_send_MOCK","",""
"","416","Unauthorized callback due to wrong certificate serial","functional-tests.tests.callbacks","2026-10-08","passed","2026-10-08","","test_RTP_callback_DS_08","",""
"","824","An RCNR status update cancel records RFC_NOT_RECEIVED and keeps the RTP in RFC_SENT","functional-tests.tests.send_rtp","2026-10-08","failed","2026-10-08","","test_RTP_status_update_cancel_MOCK_V2","",""
"Test sending a DELETE operation message via GPD message API after a CREATE VALID + UPDATE","1735","A DELETE message after CREATE VALID + UPDATE PUBLISHED","functional-tests.tests.process_messages_sender","2026-10-08","passed","2026-10-08","","test_RTP_process_sender_DELETE","",""
"Test sending a DELETE operation message via GPD message API after a standalone UPDATE (no prior CREATE)","1243","A DELETE message after standalone UPDATE PARTIALLY_PAID","functional-tests.tests.process_messages_sender","2026-10-08","passed","2026-10-08","","test_RTP_process_sender_DELETE","",""
"","415","Non-existent NextActivationId returns 200 with empty body","functional-tests.tests.activation","2026-10-08","passed","2026-10-08","","test_debtor_activation_list","",""
"
Verify that a debt position can be created and published successfully.
","386","Happy path: a debt position is created and published in DEV environment","functional-tests.tests.gpd_availability","2026-10-08","failed","2026-10-08","","test_availability_GPD","",""
"","4343","An RTP callback is successfully received with status ACCP","functional-tests.tests.callbacks","2026-10-08","passed","2026-10-08","","test_RTP_callback_DS_08","",""
"Each entry in ``INVALID_PAYER_IDS`` (see dataset docstring) must be rejected with 400.","394","The activation request must contain a validly formatted fiscal code","functional-tests.tests.activation","2026-10-08","passed","2026-10-08","","test_debtor_activation_create","",""
"The PSP synchronously rejects the cancellation request with 422 (per standard behaviour for the EPC 401 Unauthorized scenario). The RTP then transitions to ERROR_CANCEL via ERROR_CANCEL_RTP.","817","Cancelling an RTP - EPC v4 mock unhappy path scenario: epc_401","functional-tests.tests.cancel_rtp","2026-10-08","failed","2026-10-08","","test_RTP_cancel_MOCK_V2","",""
"Test sending a CREATE operation message with different statuses via GPD message API","805","A CREATE message with status PUBLISHED","functional-tests.tests.process_messages_sender","2026-10-08","passed","2026-10-08","","test_RTP_process_sender_CREATE","",""
"","644","Get list of service providers successfully","functional-tests.tests.service_registry","2026-10-08","passed","2026-10-08","","test_service_registry_service_providers","",""
"","414","Requesting a status update cancel for an unknown RTP returns not found","functional-tests.tests.send_rtp","2026-10-08","failed","2026-10-08","","test_RTP_status_update_cancel_MOCK_V2","",""
"","944","A status-update cancel error is normalized without changing the RTP","functional-tests.tests.send_rtp","2026-10-08","failed","2026-10-08","","test_RTP_status_update_cancel_MOCK_V2","",""
"","1883","An RTP sent with synchronous rejection and missing _links results in status REJECTED","functional-tests.tests.send_rtp","2026-10-08","passed","2026-10-08","","test_RTP_send_MOCK","",""
"","445","Invalid pagination parameters returns 400","functional-tests.tests.activation","2026-10-08","passed","2026-10-08","","test_debtor_activation_list","",""
"Each entry in ``INVALID_PAYER_IDS`` must be rejected with 400.

The ``description`` parameter appears in pytest output to identify which
case failed without having to inspect the raw value.
","848","Querying activation status with an invalid payerId format returns 400","functional-tests.tests.activation","2026-10-08","passed","2026-10-08","","test_debtor_activation_payer_status","",""
"
Payer activated under SP A.
Token with read_rtp_all can read across all Service Providers:
the admin client sub does not match SP A, yet isActive must be true.
","1387","read_rtp_all role returns isActive true for a payer on any Service Provider","functional-tests.tests.activation","2026-10-08","passed","2026-10-08","","test_debtor_activation_payer_status","",""
"MOCKSP04 owns MOCKSP01 as well as its own spId; status must reflect the activation either way.","885","An active payer returns isActive true when activated under an owned but distinct Service Provider ID","functional-tests.tests.activation","2026-10-08","passed","2026-10-08","","test_debtor_activation_payer_status","",""
"DS_08P ACCP callback sent twice on the same RTP (direct SENT -> USER_ACCEPTED).

The second callback must be rejected with 400 since the transition is no
longer valid once the RTP is already USER_ACCEPTED.
","18624","Failed v2 callback for invalid RTP transition - DS-08P positive compliant","functional-tests.tests.callbacks_v2","2026-10-08","passed","2026-10-08","","test_RTP_callback_DS_08P_positive","",""
"Querying activation status with an empty payerId must be rejected with 404.","378","Querying activation status with an empty payerId returns 404","functional-tests.tests.activation","2026-10-08","passed","2026-10-08","","test_debtor_activation_payer_status","",""
"
Tests the retrieval of an access token from the POSTE authentication endpoint using client credentials and mutual TLS.

:param debtor_sp_mock_cert_key: Certificate and key tuple for mutual TLS authentication.
:type debtor_sp_mock_cert_key: Tuple[str, str]
","371","Auth endpoint returns valid token","functional-tests.tests.availability","2026-10-08","passed","2026-10-08","","test_availability_POSTE","",""
"Each entry in ``INVALID_PAYER_IDS`` (see dataset docstring) must be rejected with 400.","390","The activation request must contain a validly formatted fiscal code","functional-tests.tests.activation","2026-10-08","passed","2026-10-08","","test_debtor_activation_create","",""
"","825","Find by payer id returns 404 when the token subject does not own the activation's Service Provider ID","functional-tests.tests.activation","2026-10-08","passed","2026-10-08","","test_debtor_activation_get","",""
"","17174","Sending an RTP when EPC returns a malformed/invalid response body returns 500 - through Web API V2","functional-tests.tests.send_rtp","2026-10-08","passed","2026-10-08","","test_RTP_send_MOCK","",""
"Each entry in ``INVALID_PAYER_IDS`` (see dataset docstring) must be rejected with 400.","401","The activation request must contain a validly formatted fiscal code","functional-tests.tests.activation","2026-10-08","passed","2026-10-08","","test_debtor_activation_create","",""
"","804","A status-update cancel error is normalized without changing the RTP","functional-tests.tests.send_rtp","2026-10-08","failed","2026-10-08","","test_RTP_status_update_cancel_MOCK_V2","",""
"Reject target values that are not valid HTTP URIs.","1","test_canonical_representation_requires_a_complete_target_uri[/v1/resource]","functional-tests.tests.qsealc","2026-10-08","passed","2026-10-08","","test_srtp_message_signing","",""
"Each entry in ``INVALID_PAYER_IDS`` (see dataset docstring) must be rejected with 400.","400","The activation request must contain a validly formatted fiscal code","functional-tests.tests.activation","2026-10-08","passed","2026-10-08","","test_debtor_activation_create","",""
"Normalize each supported HTTP method to uppercase.","0","test_canonical_representation_emits_an_uppercase_method[patch]","functional-tests.tests.qsealc","2026-10-08","passed","2026-10-08","","test_srtp_message_signing","",""
"","803","A v2 RTP callback with status ACCP is successfully received","functional-tests.tests.callbacks_v2","2026-10-08","failed","2026-10-08","","test_RTP_callback_DS_08P_positive","",""
"","798","A status-update error is normalized without changing the RTP","functional-tests.tests.send_rtp","2026-10-08","failed","2026-10-08","","test_RTP_status_update_MOCK_V2","",""
"Test sending an UPDATE operation message with different statuses via GPD message API after a CREATE","1343","An UPDATE message with status DRAFT after CREATE","functional-tests.tests.process_messages_sender","2026-10-08","passed","2026-10-08","","test_RTP_process_sender_UPDATE","",""
"Each entry in ``INVALID_PAYER_IDS`` must be rejected with 400.

The ``description`` parameter appears in pytest output to identify which
case failed without having to inspect the raw value.
","397","Querying activation status with an invalid payerId format returns 400","functional-tests.tests.activation","2026-10-08","passed","2026-10-08","","test_debtor_activation_payer_status","",""
"
Verify that a debt position can be deleted successfully.
","382","Happy path: a debt position is deleted in DEV environment","functional-tests.tests.gpd_availability","2026-10-08","failed","2026-10-08","","test_availability_GPD","",""
"Each entry in ``INVALID_PAYER_IDS`` must be rejected with 400.

The ``description`` parameter appears in pytest output to identify which
case failed without having to inspect the raw value.
","820","Querying activation status with an invalid payerId format returns 400","functional-tests.tests.activation","2026-10-08","passed","2026-10-08","","test_debtor_activation_payer_status","",""
"","1321","An RTP sent when EPC response omits _links is in status ACCEPTED - through Web API","functional-tests.tests.send_rtp","2026-10-08","passed","2026-10-08","","test_RTP_send_MOCK","",""
"Each entry in ``INVALID_PAYER_IDS`` (see dataset docstring) must be rejected with 400.","727","The activation request must contain a validly formatted fiscal code","functional-tests.tests.activation","2026-10-08","passed","2026-10-08","","test_debtor_activation_create","",""
"Each entry in ``INVALID_PAYER_IDS`` (see dataset docstring) must be rejected with 400.","397","The activation request must contain a validly formatted fiscal code","functional-tests.tests.activation","2026-10-08","passed","2026-10-08","","test_debtor_activation_create","",""
"Each entry in ``INVALID_PAYER_IDS`` (see dataset docstring) must be rejected with 400.","407","The activation request must contain a validly formatted fiscal code","functional-tests.tests.activation","2026-10-08","passed","2026-10-08","","test_debtor_activation_create","",""
"
DS_05 ACTC callback sent with the Version header must be rejected with 400.
The RTP must remain in SENT (transition to ACCEPTED must not happen).

Flow:
1. Activate payer and send an RTP → resource_id
2. Build a valid DS_05 ACTC payload referencing the RTP
3. POST to callback endpoint WITH Version header
4. Verify 400 is returned with the expected error body
5. Verify RTP status is still SENT
","1678","DS_05 ACTC callback with Version header returns 400","functional-tests.tests.callbacks","2026-10-08","passed","2026-10-08","","test_RTP_callback_with_version_header","",""
"","825","A status-update error is normalized without changing the RTP","functional-tests.tests.send_rtp","2026-10-08","failed","2026-10-08","","test_RTP_status_update_MOCK_V2","",""
"","841","A v2 document RTP callback with invalid status is rejected without affecting the RTP status","functional-tests.tests.callbacks_v2","2026-10-08","failed","2026-10-08","","test_RTP_callback_DS_document_rjct","",""
"","2967","Failed callback for invalid RTP transition - DS-08P ACCP compliant","functional-tests.tests.callbacks","2026-10-08","passed","2026-10-08","","test_RTP_callback_DS_08","",""
"","1402","A status-update cancel response maps to the expected RTP result","functional-tests.tests.send_rtp","2026-10-08","failed","2026-10-08","","test_RTP_status_update_cancel_MOCK_V2","",""
"","817","A status update cancel on an RTP not in RFC_SENT is rejected","functional-tests.tests.send_rtp","2026-10-08","failed","2026-10-08","","test_RTP_status_update_cancel_MOCK_V2","",""
"","397","Deactivation fails for non-existing activation","functional-tests.tests.activation","2026-10-08","passed","2026-10-08","","test_debtor_deactivation","",""
"
Test RFC callback DS12P with wrong certificate identity.

Flow:
1. Activate payer
2. Send an RTP via GPD message (CREATE VALID)
3. Cancel the RTP via GPD message (DELETE) → RTP to RFC_SENT
4. Send DS12P callback with assignee_bic='FAKESP01' (doesn't match certificate identity MOCKSP04)
5. Verify callback is rejected with 403 (certificate mismatch)
","1794","Unauthorized RFC callback due to wrong certificate serial","functional-tests.tests.callbacks","2026-10-08","passed","2026-10-08","","test_RTP_callback_DS_12P","",""
"UPDATE PAID with psp_tax_code=None (invalid PSP) results in RTP state RFC_SENT","1368","An UPDATE PAID message with an invalid PSP results in RFC_SENT state","functional-tests.tests.process_messages_sender","2026-10-08","passed","2026-10-08","","test_RTP_process_sender_UPDATE","",""
"
Test v2 RFC callback DS12N with RJCR status.

Flow:
1. Activate payer
2. Send an RTP via GPD message v2 (CREATE VALID)
3. Cancel the RTP via GPD message v2 (DELETE) -> RTP to RFC_SENT
4. Send DS12N callback with CxlStsId RJCR (Rejected Cancellation Request)
5. Verify callback is accepted (200)
6. Verify RTP status is CANCELLED_REJECTED
","4275","A v2 RFC callback DS12N RJCR is successfully received and RTP status is CANCELLED_REJECTED","functional-tests.tests.callbacks_v2","2026-10-08","failed","2026-10-08","","test_RTP_callback_DS_12N_negative","",""
"Reject a signer chain whose issuer omits a mandatory CA constraint.","0","test_verify_srtp_message_rejects_an_issuer_without_ca_constraints[missing-key-usage]","functional-tests.tests.qsealc","2026-10-08","passed","2026-10-08","","test_srtp_signature_verification","",""
"Each entry in ``INVALID_PAYER_IDS`` (see dataset docstring) must be rejected with 400.","503","The activation request must contain a validly formatted fiscal code","functional-tests.tests.activation","2026-10-08","passed","2026-10-08","","test_debtor_activation_create","",""
"","2551","An RTP callback with status REJECTED is successfully received","functional-tests.tests.callbacks","2026-10-08","passed","2026-10-08","","test_RTP_callback_DS_08","",""
"","1035","DS_05 redirect v2 callback with Version header returns 400","functional-tests.tests.callbacks_v2","2026-10-08","failed","2026-10-08","","test_RTP_callback_with_version_header","",""
"","563","Sending to non-activated debtor returns 422","functional-tests.tests.send_rtp","2026-10-08","passed","2026-10-08","","test_RTP_send_MOCK","",""
"","395","A debtor service provider fails activation due to wrong service provider id","functional-tests.tests.activation","2026-10-08","passed","2026-10-08","","test_debtor_activation_list","",""
"Each entry in ``INVALID_PAYER_IDS`` (see dataset docstring) must be rejected with 400.","502","The activation request must contain a validly formatted fiscal code","functional-tests.tests.activation","2026-10-08","passed","2026-10-08","","test_debtor_activation_create","",""
"
Test v2 RFC callback DS12N with INVALID status.

Flow:
1. Activate payer
2. Send an RTP via GPD message v2 (CREATE VALID)
3. Cancel the RTP via GPD message v2 (DELETE) -> RTP to RFC_SENT
4. Send DS12N callback with CxlStsId INVALID
5. Verify callback is rejected with 400
6. Verify RTP status is still RFC_SENT
","1495","A v2 RFC callback DS12N INVALID is rejected with 400","functional-tests.tests.callbacks_v2","2026-10-08","failed","2026-10-08","","test_RTP_callback_DS_12N_negative","",""
"Normalize each supported HTTP method to uppercase.","0","test_canonical_representation_emits_an_uppercase_method[trace]","functional-tests.tests.qsealc","2026-10-08","passed","2026-10-08","","test_srtp_message_signing","",""
"Normalize each supported HTTP method to uppercase.","0","test_canonical_representation_emits_an_uppercase_method[delete]","functional-tests.tests.qsealc","2026-10-08","passed","2026-10-08","","test_srtp_message_signing","",""
"","402","A Service Provider with invalid client secret is not authenticated on Keycloak","functional-tests.tests.auth","2026-10-08","passed","2026-10-08","","test_auth","",""
"","22313","A status update without StsRsnInf is rejected","functional-tests.tests.callbacks_v2","2026-10-08","passed","2026-10-08","","test_RTP_status_update_callback","",""
"","1184","A status-update cancel error is normalized without changing the RTP","functional-tests.tests.send_rtp","2026-10-08","failed","2026-10-08","","test_RTP_status_update_cancel_MOCK_V2","",""
"","412","Get payees consents with negative page number returns 400","functional-tests.tests.service_registry","2026-10-08","passed","2026-10-08","","test_get_payees_consents","",""
"Normalize each supported HTTP method to uppercase.","0","test_canonical_representation_emits_an_uppercase_method[head]","functional-tests.tests.qsealc","2026-10-08","passed","2026-10-08","","test_srtp_message_signing","",""
"Preserve binary payload bytes when no headers are present.","0","test_canonical_representation_preserves_body_bytes_without_headers","functional-tests.tests.qsealc","2026-10-08","passed","2026-10-08","","test_srtp_message_signing","",""
"Test that takeover fails when the service provider is unauthenticated","1236","Test Takeover Fails with Unauthenticated SP","functional-tests.tests.takeover","2026-10-08","passed","2026-10-08","","test_debtor_takeover","",""
"","814","A status-update error is normalized without changing the RTP","functional-tests.tests.send_rtp","2026-10-08","failed","2026-10-08","","test_RTP_status_update_MOCK_V2","",""
"","2321","An RTP callback is received with invalid status","functional-tests.tests.callbacks","2026-10-08","passed","2026-10-08","","test_RTP_callback_DS_08","",""
