"DESCRIPTION","DURATION IN MS","NAME","PARENT SUITE","START TIME","STATUS","STOP TIME","SUB SUITE","SUITE","TEST CLASS","TEST METHOD"
"","2544","An RTP sent when EPC response omits _links is in status ACCEPTED - through Web API V2","functional-tests.tests.send_rtp","2026-08-31","passed","2026-08-31","","test_RTP_send_MOCK","",""
"","1040","An RTP is sent to Poste service with activated fiscal code - through Web API V2","functional-tests.tests.send_rtp","2026-08-31","failed","2026-08-31","","test_RTP_send_POSTE","",""
"Test sending an UPDATE after CREATE VALID + DELETE with different statuses","2469","An UPDATE message with status PARTIALLY_PAID after CREATE VALID and DELETE","functional-tests.tests.process_messages_sender","2026-08-31","passed","2026-08-31","","test_RTP_process_sender_UPDATE","",""
"","2726","RTP form cancellation with reason PAID","ux-tests.tests","2026-08-31","passed","2026-08-31","","test_RTP_cancel_v4","",""
"","1141","Whitespaces is allowed in description and company name field","ux-tests.tests","2026-08-31","passed","2026-08-31","","test_RTP_submission_v4","",""
"Test sending a CREATE operation message with different statuses via GPD message API","1143","A CREATE message with status INVALID","functional-tests.tests.process_messages_sender","2026-08-31","passed","2026-08-31","","test_RTP_process_sender_CREATE","",""
"Each entry in ``INVALID_PAYER_IDS`` must be rejected with 400.

The ``description`` parameter appears in pytest output to identify which
case failed without having to inspect the raw value.
","569","Querying activation status with an invalid payerId format returns 400","functional-tests.tests.activation","2026-08-31","passed","2026-08-31","","test_debtor_activation_payer_status","",""
"`Sts.Conf = ""CNCL""` triggers CANCEL_RTP -> CONFIRM_RFC -> CANCEL_RTP_ACCR, ending in CANCELLED_ACCR.","3264","Cancelling an RTP - EPC v4 mock happy path scenario: cncl_confirmed","functional-tests.tests.cancel_rtp","2026-08-31","passed","2026-08-31","","test_RTP_cancel_MOCK_V2","",""
"
DS_08N callback sent with the Version header must be rejected with 400.
The RTP must remain in SENT (transition to REJECTED must not happen).

Flow:
1. Activate payer and send an RTP → resource_id
2. Build a valid DS_08N payload referencing the RTP
3. POST to callback endpoint WITH Version header
4. Verify 400 is returned with the expected error body
5. Verify RTP status is still SENT
","3351","DS_08N callback with Version header returns 400","functional-tests.tests.callbacks","2026-08-31","passed","2026-08-31","","test_RTP_callback_with_version_header","",""
"","3148","Unauthorized callback due to wrong certificate serial","functional-tests.tests.callbacks_v2","2026-08-31","passed","2026-08-31","","test_RTP_callback_DS_08N_negative","",""
"","629","Sending to non-activated debtor returns 422 - through Web API V2","functional-tests.tests.send_rtp","2026-08-31","passed","2026-08-31","","test_RTP_send_MOCK","",""
"","540","Get payees with invalid authorization","functional-tests.tests.service_registry","2026-08-31","passed","2026-08-31","","test_service_registry_service_providers","",""
"","2452","An RTP is sent to ICCREA service with activated fiscal code - through Web API","functional-tests.tests.send_rtp","2026-08-31","failed","2026-08-31","","test_RTP_send_ICCREA","",""
"","569","All auth fixtures expose a valid Bearer token format","functional-tests.tests.auth","2026-08-31","passed","2026-08-31","","test_auth","",""
"","2713","RTP form is filled and submitted","ux-tests.tests","2026-08-31","passed","2026-08-31","","test_RTP_cancel_v4","",""
"","2422","An RTP callback is received with invalid status","functional-tests.tests.callbacks","2026-08-31","passed","2026-08-31","","test_RTP_callback_DS_08","",""
"","578","All auth fixtures expose a valid Bearer token format","functional-tests.tests.auth","2026-08-31","passed","2026-08-31","","test_auth","",""
"
Test RFC callback DS12P with CNCL status, cancel triggered via REST Web API with explicit reason.

Flow:
1. Activate payer
2. Send an RTP via GPD message (CREATE VALID)
3. Cancel the RTP via REST cancel endpoint with cancel_reason → RTP to RFC_SENT
4. Send DS12P callback with CxlStsId CNCL (Cancelled As Per Request)
5. Verify callback is accepted (200)
6. Verify RTP status is CANCELLED
","3130","An RFC callback DS12P CNCL is successfully received and RTP status is CANCEL - through Web API cancel","functional-tests.tests.callbacks","2026-08-31","passed","2026-08-31","","test_RTP_callback_DS_12P","",""
"Availability probe for takeover notification mock endpoint: expects 204 No Content","537","Test Takeover Notification Endpoint","functional-tests.tests.takeover","2026-08-31","passed","2026-08-31","","test_debtor_takeover","",""
"
DS_12P CNCL RFC callback sent with the Version header must be rejected with 400.
The RTP must remain in RFC_SENT (transition to CANCELLED must not happen).

Flow:
1. Activate payer, send RTP, trigger cancel via GPD DELETE → RFC_SENT
2. Build a valid DS_12P CNCL payload
3. POST to RFC callback endpoint WITH Version header
4. Verify 400 is returned with the expected error body
5. Verify RTP status is still RFC_SENT
","3361","DS_12P CNCL RFC callback with Version header returns 400","functional-tests.tests.callbacks","2026-08-31","passed","2026-08-31","","test_RTP_callback_with_version_header","",""
"","2345","A debtor Service Provider tries to activates a debtor 2 times, failing the second attempt","bdd-tests","2026-08-31","passed","2026-08-31","Debtor_Activation","RTP","",""
"MOCKSP04 owns MOCKSP01 and triggers the OTP; FAKESP01, which owns neither, must be rejected
with an explicit ownership error, not merely a generic 403.","1772","Test Takeover Fails when Redeemer Does Not Own the OTP's Service Provider ID","functional-tests.tests.takeover","2026-08-31","passed","2026-08-31","","test_debtor_takeover","",""
"","3059","DS_document RJCT v2 callback with Version header returns 400","functional-tests.tests.callbacks_v2","2026-08-31","passed","2026-08-31","","test_RTP_callback_with_version_header","",""
"","3491","Failed callback for non compliant DS-04b payload","functional-tests.tests.callbacks","2026-08-31","passed","2026-08-31","","test_RTP_callback_DS_04","",""
"Takeover with syntactically valid but nonsensical body should fail","1745","Test Takeover Fails with Nonsensical Body","functional-tests.tests.takeover","2026-08-31","passed","2026-08-31","","test_debtor_takeover","",""
"","2475","An RTP sent with synchronous rejection and missing _links results in status REJECTED","functional-tests.tests.send_rtp","2026-08-31","passed","2026-08-31","","test_RTP_send_MOCK","",""
"","1538","An authenticated Service Provider cannot send an RTP to an unactivated debtor","bdd-tests","2026-08-31","passed","2026-08-31","RTP_Sending","RTP","",""
"Each entry in ``INVALID_PAYER_IDS`` must be rejected with 400.

The ``description`` parameter appears in pytest output to identify which
case failed without having to inspect the raw value.
","561","Querying activation status with an invalid payerId format returns 400","functional-tests.tests.activation","2026-08-31","passed","2026-08-31","","test_debtor_activation_payer_status","",""
"","1338","All auth fixtures expose a valid Bearer token format","functional-tests.tests.auth","2026-08-31","passed","2026-08-31","","test_auth","",""
"","1153","A debtor activated with an owned but distinct Service Provider ID is retrieved by payer id","functional-tests.tests.activation","2026-08-31","passed","2026-08-31","","test_debtor_activation_get","",""
"Each entry in ``INVALID_PAYER_IDS`` must be rejected with 400.

The ``description`` parameter appears in pytest output to identify which
case failed without having to inspect the raw value.
","560","Querying activation status with an invalid payerId format returns 400","functional-tests.tests.activation","2026-08-31","passed","2026-08-31","","test_debtor_activation_payer_status","",""
"
DS_12N RJCR RFC callback sent with the Version header must be rejected with 400.
The RTP must remain in RFC_SENT (transition to ERROR_CANCEL must not happen).

Flow:
1. Activate payer, send RTP, trigger cancel via GPD DELETE → RFC_SENT
2. Build a valid DS_12N RJCR payload
3. POST to RFC callback endpoint WITH Version header
4. Verify 400 is returned with the expected error body
5. Verify RTP status is still RFC_SENT
","3328","DS_12N RJCR RFC callback with Version header returns 400","functional-tests.tests.callbacks","2026-08-31","passed","2026-08-31","","test_RTP_callback_with_version_header","",""
"","540","Get payees with invalid authorization","functional-tests.tests.service_registry","2026-08-31","passed","2026-08-31","","test_service_registry_payees_registry","",""
"Test sending a DELETE operation message via GPD message API after a standalone UPDATE (no prior CREATE)","2509","A DELETE message after standalone UPDATE PAID","functional-tests.tests.process_messages_sender","2026-08-31","passed","2026-08-31","","test_RTP_process_sender_DELETE","",""
"DS_08N RJCT callback sent directly on a SENT RTP (no prior DS_05 ACTC callback).

The RTP is expected to transition from SENT to REJECTED.
","4136","A v2 RTP callback with status RJCT is successfully received","functional-tests.tests.callbacks_v2","2026-08-31","passed","2026-08-31","","test_RTP_callback_DS_08N_negative","",""
"Each entry in ``INVALID_PAYER_IDS`` must be rejected with 400.

The ``description`` parameter appears in pytest output to identify which
case failed without having to inspect the raw value.
","566","Querying activation status with an invalid payerId format returns 400","functional-tests.tests.activation","2026-08-31","passed","2026-08-31","","test_debtor_activation_payer_status","",""
"","2363","An RTP sent with synchronous rejection is in status REJECTED - DS-08P N - through Web API","functional-tests.tests.send_rtp","2026-08-31","passed","2026-08-31","","test_RTP_send_MOCK","",""
"Authenticated but not authorized: token of SP A tries to use OTP issued for SP B","1738","Test Takeover Fails with Wrong SP Token","functional-tests.tests.takeover","2026-08-31","passed","2026-08-31","","test_debtor_takeover","",""
"","1268","An RTP is sent to a CBI service with activated fiscal code","functional-tests.tests.send_rtp","2026-08-31","passed","2026-08-31","","test_RTP_send_CBI","",""
"","1268","A second service provider triggers takeover when debtor is already active on another service provider","functional-tests.tests.activation","2026-08-31","passed","2026-08-31","","test_debtor_activation_create","",""
"Test sending a DELETE operation message via GPD message API after a CREATE","1748","A DELETE message after CREATE DRAFT","functional-tests.tests.process_messages_sender","2026-08-31","passed","2026-08-31","","test_RTP_process_sender_DELETE","",""
"","1172","Sending a GPD message with null operation returns 400","functional-tests.tests.send_rtp","2026-08-31","passed","2026-08-31","","test_RTP_send_MOCK","",""
"","2566","Takeover fails with invalid OTP","bdd-tests","2026-08-31","passed","2026-08-31","Debtor_Activation_Takeover","RTP","",""
"FAKESP01 does not own MOCKSP01, a Service Provider ID owned by another tspId.","573","Activation is forbidden for a Service Provider ID not owned by the token subject","functional-tests.tests.activation","2026-08-31","passed","2026-08-31","","test_debtor_activation_create","",""
"Querying activation status with an empty payerId must be rejected with 404.","537","Querying activation status with an empty payerId returns 404","functional-tests.tests.activation","2026-08-31","passed","2026-08-31","","test_debtor_activation_payer_status","",""
"","3042","A v2 RTP callback with invalid status is rejected without affecting the RTP status","functional-tests.tests.callbacks_v2","2026-08-31","passed","2026-08-31","","test_RTP_callback_DS_08N_negative","",""
"","1255","Sending an RTP when EPC returns a malformed/invalid response body returns 500","functional-tests.tests.send_rtp","2026-08-31","passed","2026-08-31","","test_RTP_send_MOCK","",""
"","1","Successful login","bdd-tests","2026-08-31","passed","2026-08-31","RTP_Web_Sending","RTP","",""
"","1924","RTP is successfully cancelled with reason MODT - V2","functional-tests.tests.cancel_rtp","2026-08-31","passed","2026-08-31","","test_RTP_cancel","",""
"
Given a noticeNumber that does not correspond to any RTP in the database,
when the payee queries the delivery-status endpoint,
then the response must be HTTP 200 with status=PD_RTP_NOT_DELIVERED and
processingDate absent or null.
","631","Non-existent noticeNumber → PD_RTP_NOT_DELIVERED","functional-tests.tests.get_rtp","2026-08-31","passed","2026-08-31","","test_RTP_get_delivery_status","",""
"Test sending a DELETE operation message via GPD message API after a CREATE VALID + UPDATE","2781","A DELETE message after CREATE VALID + UPDATE DRAFT","functional-tests.tests.process_messages_sender","2026-08-31","passed","2026-08-31","","test_RTP_process_sender_DELETE","",""
"","1230","A debtor is activated by an authenticated service provider","functional-tests.tests.activation","2026-08-31","passed","2026-08-31","","test_debtor_activation_create","",""
"Test sending a DELETE operation message via GPD message API after a standalone UPDATE (no prior CREATE)","2017","A DELETE message after standalone UPDATE DRAFT","functional-tests.tests.process_messages_sender","2026-08-31","passed","2026-08-31","","test_RTP_process_sender_DELETE","",""
"","1310","Sending an RTP when EPC returns an unexpected status code error (RTP_05.CHK.A0007) returns 500 - through Web API V2","functional-tests.tests.send_rtp","2026-08-31","passed","2026-08-31","","test_RTP_send_MOCK","",""
"Each entry in ``INVALID_PAYER_IDS`` (see dataset docstring) must be rejected with 400.","563","The activation request must contain a validly formatted fiscal code","functional-tests.tests.activation","2026-08-31","passed","2026-08-31","","test_debtor_activation_create","",""
"Payer that has never been activated → isActive must be false.","601","test_get_activation_status_not_active_payer","functional-tests.tests.activation","2026-08-31","passed","2026-08-31","","test_debtor_activation_payer_status","",""
"
Tests that sending an RTP payload with an amount over the POSTE limit results in a 400 Bad Request response.

:param debtor_sp_mock_cert_key: Certificate and key tuple for mutual TLS authentication.
:type debtor_sp_mock_cert_key: Tuple[str, str]
","1393","Cannot send RTP with an amount over the POSTE limit","functional-tests.tests.availability","2026-08-31","failed","2026-08-31","","test_availability_POSTE","",""
"","563","Failed callback for non existing Service Provider - DS-04b compliant","functional-tests.tests.callbacks","2026-08-31","passed","2026-08-31","","test_RTP_callback_DS_04","",""
"Test sending a CREATE operation message with an Italian VAT number via GPD message API","1257","A CREATE message with VAT number (Partita IVA) is successfully sent through GPD message API","functional-tests.tests.process_messages_sender","2026-08-31","passed","2026-08-31","","test_RTP_process_sender","",""
"The PSP synchronously rejects the cancellation request with 422 (per standard behaviour for the EPC 410 Gone scenario). The RTP then transitions to ERROR_CANCEL via ERROR_CANCEL_RTP.","3598","Cancelling an RTP - EPC v4 mock unhappy path scenario: epc_410","functional-tests.tests.cancel_rtp","2026-08-31","passed","2026-08-31","","test_RTP_cancel_MOCK_V2","",""
"
Tests that sending an RTP payload with an invalid amount to the POSTE endpoint results in a 400 Bad Request response.

:param debtor_sp_mock_cert_key: Certificate and key tuple for mutual TLS authentication.
:type debtor_sp_mock_cert_key: Tuple[str, str]
","1211","Cannot send RTP with invalid amount","functional-tests.tests.availability","2026-08-31","passed","2026-08-31","","test_availability_POSTE","",""
"Each entry in ``INVALID_PAYER_IDS`` (see dataset docstring) must be rejected with 400.","563","The activation request must contain a validly formatted fiscal code","functional-tests.tests.activation","2026-08-31","passed","2026-08-31","","test_debtor_activation_create","",""
"","563","All auth fixtures expose a valid Bearer token format","functional-tests.tests.auth","2026-08-31","passed","2026-08-31","","test_auth","",""
"","572","Invalid pagination parameters returns 400","functional-tests.tests.activation","2026-08-31","passed","2026-08-31","","test_debtor_activation_list","",""
"","3302","A v2 document RTP callback with invalid status is rejected without affecting the RTP status","functional-tests.tests.callbacks_v2","2026-08-31","passed","2026-08-31","","test_RTP_callback_DS_document_rjct","",""
"DS_08N RJCT callback sent after a prior DS_05 ACTC callback.

The RTP is expected to transition from SENT to ACCEPTED, then to USER_REJECTED.
","5860","A v2 RTP callback with status RJCT after DS_05 transitions the RTP to USER_REJECTED","functional-tests.tests.callbacks_v2","2026-08-31","passed","2026-08-31","","test_RTP_callback_DS_08N_negative","",""
"","576","Retrieving non-existent activation returns 404","functional-tests.tests.activation","2026-08-31","passed","2026-08-31","","test_debtor_activation_get","",""
"
Test RFC callback DS12P with INVALID status, cancel via REST Web API.

Flow:
1. Activate payer
2. Send an RTP via GPD message (CREATE VALID)
3. Cancel the RTP via REST cancel endpoint with cancel_reason → RTP to RFC_SENT
4. Send DS12P callback with CxlStsId INVALID
5. Verify callback is rejected with 400
6. Verify RTP status is still RFC_SENT
","3013","An RFC callback DS12P INVALID is rejected with 400 - through Web API cancel","functional-tests.tests.callbacks","2026-08-31","passed","2026-08-31","","test_RTP_callback_DS_12P","",""
"","2416","An RTP callback with status ACTC is successfully received","functional-tests.tests.callbacks","2026-08-31","passed","2026-08-31","","test_RTP_callback_DS_05","",""
"","2464","Failed callback for non existing Service Provider - DS-document RJCT compliant","functional-tests.tests.callbacks_v2","2026-08-31","passed","2026-08-31","","test_RTP_callback_DS_document_rjct","",""
"","1815","An RTP sent when EPC response omits _links is in status ACCEPTED","functional-tests.tests.send_rtp","2026-08-31","passed","2026-08-31","","test_RTP_send_MOCK","",""
"","3672","A v2 RTP callback with status ACCP is successfully received","functional-tests.tests.callbacks_v2","2026-08-31","passed","2026-08-31","","test_RTP_callback_DS_08P_positive","",""
"","1162","A debtor cannot be activated more than once by the same service provider","functional-tests.tests.activation","2026-08-31","passed","2026-08-31","","test_debtor_activation_create","",""
"","584","Invalid pagination parameters returns 400","functional-tests.tests.activation","2026-08-31","passed","2026-08-31","","test_debtor_activation_list","",""
"
Test RFC callback DS12P with CNCL status applied twice on the same RTP.

Flow:
1. Activate payer
2. Send an RTP via GPD message (CREATE VALID)
3. Cancel the RTP via GPD message (DELETE) -> RTP to RFC_SENT
4. Send DS12P callback with CxlStsId CNCL (Cancelled As Per Request) -> RTP to CANCELLED
5. Send the same DS12P CNCL callback again on the already cancelled RTP
6. Verify the second callback is rejected (400) since the transition is no longer valid
7. Verify RTP status remains CANCELLED
","4161","Failed RFC callback for invalid RTP transition - DS-12P CNCL compliant","functional-tests.tests.callbacks","2026-08-31","passed","2026-08-31","","test_RTP_callback_DS_12P","",""
"","589","A Service Provider with invalid client ID is not authenticated on Keycloak","functional-tests.tests.auth","2026-08-31","passed","2026-08-31","","test_auth","",""
"","3714","Attempt to cancel an already cancelled RTP","bdd-tests","2026-08-31","passed","2026-08-31","RTP_Cancellation","RTP","",""
"Test sending an UPDATE operation message with different statuses via GPD message API before a CREATE","1407","An UPDATE message with status PARTIALLY_PAID before CREATE","functional-tests.tests.process_messages_sender","2026-08-31","passed","2026-08-31","","test_RTP_process_sender_UPDATE_before_CREATE","",""
"
Test RFC callback DS12P with non-existing service provider.

Flow:
1. Activate payer
2. Send an RTP via GPD message (CREATE VALID)
3. Cancel the RTP via GPD message (DELETE) → RTP to RFC_SENT
4. Send DS12P callback with non-existing BIC (MOCKSP99)
5. Verify callback is rejected with 400 (service provider not found)
","2452","Failed RFC callback for non existing Service Provider - DS-12P CNCL compliant","functional-tests.tests.callbacks","2026-08-31","passed","2026-08-31","","test_RTP_callback_DS_12P","",""
"","5982","RTP form is filled and submitted","ux-tests.tests","2026-08-31","passed","2026-08-31","","test_RTP_cancel_v3","",""
"
Test RFC callback DS12P with wrong certificate identity.

Flow:
1. Activate payer
2. Send an RTP via GPD message (CREATE VALID)
3. Cancel the RTP via GPD message (DELETE) → RTP to RFC_SENT
4. Send DS12P callback with assignee_bic='FAKESP01' (doesn't match certificate identity MOCKSP04)
5. Verify callback is rejected with 403 (certificate mismatch)
","2448","Unauthorized RFC callback due to wrong certificate serial","functional-tests.tests.callbacks","2026-08-31","passed","2026-08-31","","test_RTP_callback_DS_12P","",""
"","569","Deactivation fails for non-existing activation","functional-tests.tests.activation","2026-08-31","passed","2026-08-31","","test_debtor_deactivation","",""
"","1156","A debtor with VAT number (Partita IVA) is activated successfully","functional-tests.tests.activation","2026-08-31","passed","2026-08-31","","test_debtor_activation_create","",""
"","1681","An RTP is sent to a CBI service with activated fiscal code - through Web API V2","functional-tests.tests.send_rtp","2026-08-31","failed","2026-08-31","","test_RTP_send_CBI","",""
"","2516","An RTP sent with synchronous rejection and missing _links results in status REJECTED - through Web API V2","functional-tests.tests.send_rtp","2026-08-31","passed","2026-08-31","","test_RTP_send_MOCK","",""
"","1177","Deactivation returns 404 when the token subject does not own the activation's Service Provider ID","functional-tests.tests.activation","2026-08-31","passed","2026-08-31","","test_debtor_deactivation","",""
"","2486","Failed callback for non existing Service Provider - DS-08N negative compliant","functional-tests.tests.callbacks_v2","2026-08-31","passed","2026-08-31","","test_RTP_callback_DS_08N_negative","",""
"Test sending a DELETE operation message via GPD message API after a CREATE","1855","A DELETE message after CREATE VALID","functional-tests.tests.process_messages_sender","2026-08-31","passed","2026-08-31","","test_RTP_process_sender_DELETE","",""
"DS_08P ACCP callback sent directly on a SENT RTP (no prior DS_05 ACTC callback).

The RTP is expected to transition straight from SENT to USER_ACCEPTED.
","4209","A v2 RTP callback with status ACCP is successfully received without a prior DS_05 callback","functional-tests.tests.callbacks_v2","2026-08-31","passed","2026-08-31","","test_RTP_callback_DS_08P_positive","",""
"`Sts.Conf = ""RJCR""` triggers CANCEL_RTP -> CONFIRM_RFC -> CANCEL_RTP_REJECTED, ending in CANCELLED_REJECTED.","3885","Cancelling an RTP - EPC v4 mock happy path scenario: rjcr_rejected","functional-tests.tests.cancel_rtp","2026-08-31","passed","2026-08-31","","test_RTP_cancel_MOCK_V2","",""
"Each entry in ``INVALID_PAYER_IDS`` (see dataset docstring) must be rejected with 400.","571","The activation request must contain a validly formatted fiscal code","functional-tests.tests.activation","2026-08-31","passed","2026-08-31","","test_debtor_activation_create","",""
"","2402","An RTP is sent through API - through Web API V2","functional-tests.tests.send_rtp","2026-08-31","passed","2026-08-31","","test_RTP_send_MOCK","",""
"Parametrized contract test generated from the Activation API OpenAPI spec.

Schemathesis derives one test case per endpoint defined in the spec, generating
request data (path params, query params, body) that is valid according to the schema.
Each case is executed against the live API and the response is validated with
CONTRACT_CHECKS.
","81036","test_activation_contract[GET /activations/payer]","contract-tests.tests","2026-08-31","passed","2026-08-31","","test_activation","",""
"","4230","Successfully cancel a Request to Pay","bdd-tests","2026-08-31","passed","2026-08-31","RTP_Cancellation","RTP","",""
"","1821","RTP cancellation fails with an invalid reason","functional-tests.tests.cancel_rtp","2026-08-31","passed","2026-08-31","","test_RTP_cancel","",""
"Test sending a DELETE operation message via GPD message API after a standalone UPDATE (no prior CREATE)","1786","A DELETE message after standalone UPDATE INVALID","functional-tests.tests.process_messages_sender","2026-08-31","passed","2026-08-31","","test_RTP_process_sender_DELETE","",""
"","3509","RTP is successfully retrieved","functional-tests.tests.get_rtp","2026-08-31","passed","2026-08-31","","test_RTP_get","",""
"The response body is not a recognizable cancellation confirmation (quoted plain string), so the RTP stays in RFC_SENT.","3305","Cancelling an RTP - EPC v4 mock happy path scenario: plain_string","functional-tests.tests.cancel_rtp","2026-08-31","passed","2026-08-31","","test_RTP_cancel_MOCK_V2","",""
"","574","Retrieving non-existent activation by payer id returns 404","functional-tests.tests.activation","2026-08-31","passed","2026-08-31","","test_debtor_activation_get","",""
"","1901","An RTP is sent through ICCREA API","functional-tests.tests.availability","2026-08-31","passed","2026-08-31","","test_availability_ICCREA","",""
"","2565","Cannot send RTP with expired date","functional-tests.tests.availability","2026-08-31","passed","2026-08-31","","test_availability_CBI","",""
"","594","RTP cancellation fails if resource ID does not exist","functional-tests.tests.cancel_rtp","2026-08-31","passed","2026-08-31","","test_RTP_cancel","",""
"Test sending a DELETE operation message via GPD message API after a CREATE VALID + UPDATE","2561","A DELETE message after CREATE VALID + UPDATE VALID","functional-tests.tests.process_messages_sender","2026-08-31","passed","2026-08-31","","test_RTP_process_sender_DELETE","",""
"
Payer activated under SP A.
Token with read_rtp_all can read across all Service Providers:
the admin client sub does not match SP A, yet isActive must be true.
","1157","read_rtp_all role returns isActive true for a payer on any Service Provider","functional-tests.tests.activation","2026-08-31","passed","2026-08-31","","test_debtor_activation_payer_status","",""
"No `Sts.Conf` confirmation is present (minimal JSON without Sts), so only CANCEL_RTP is triggered and the RTP stays in RFC_SENT.","3205","Cancelling an RTP - EPC v4 mock happy path scenario: minimal_json","functional-tests.tests.cancel_rtp","2026-08-31","passed","2026-08-31","","test_RTP_cancel_MOCK_V2","",""
"","1176","SP_ACTIVATIONS_READ_ALL can retrieve activation by Activation ID created by SP_A","functional-tests.tests.activation","2026-08-31","passed","2026-08-31","","test_RTP_activation_security","",""
"","1021","An RTP is sent to Poste service with activated fiscal code - through Web API","functional-tests.tests.send_rtp","2026-08-31","passed","2026-08-31","","test_RTP_send_POSTE","",""
"Each entry in ``INVALID_PAYER_IDS`` (see dataset docstring) must be rejected with 400.","557","The activation request must contain a validly formatted fiscal code","functional-tests.tests.activation","2026-08-31","passed","2026-08-31","","test_debtor_activation_create","",""
"","540","Unauthorized request returns 401","functional-tests.tests.activation","2026-08-31","passed","2026-08-31","","test_debtor_activation_list","",""
"Test sending an UPDATE after CREATE VALID + DELETE with different statuses","2555","An UPDATE message with status EXPIRED after CREATE VALID and DELETE","functional-tests.tests.process_messages_sender","2026-08-31","passed","2026-08-31","","test_RTP_process_sender_UPDATE","",""
"","2495","An authenticated creditor Service Provider can send an RTP to an activated debtor","bdd-tests","2026-08-31","passed","2026-08-31","RTP_Sending","RTP","",""
"","2366","An RTP sent when EPC response contains an unknown field is ignored and remains in status SENT - through Web API V2","functional-tests.tests.send_rtp","2026-08-31","passed","2026-08-31","","test_RTP_send_MOCK","",""
"Test sending a CREATE operation message with a foreign fiscal code via GPD message API","1259","A CREATE message with foreign fiscal code is successfully sent through GPD message API","functional-tests.tests.process_messages_sender","2026-08-31","passed","2026-08-31","","test_RTP_process_sender","",""
"","594","A Service Provider tries to activates a debtor without having the correct credentials","bdd-tests","2026-08-31","passed","2026-08-31","Debtor_Activation","RTP","",""
"Each entry in ``INVALID_PAYER_IDS`` must be rejected with 400.

The ``description`` parameter appears in pytest output to identify which
case failed without having to inspect the raw value.
","561","Querying activation status with an invalid payerId format returns 400","functional-tests.tests.activation","2026-08-31","passed","2026-08-31","","test_debtor_activation_payer_status","",""
"","2926","A debtor Service Provider activates a debtor","bdd-tests","2026-08-31","passed","2026-08-31","Debtor_Activation","RTP","",""
"Test sending a DELETE operation message via GPD message API after a CREATE","1725","A DELETE message after CREATE PARTIALLY_PAID","functional-tests.tests.process_messages_sender","2026-08-31","passed","2026-08-31","","test_RTP_process_sender_DELETE","",""
"
Test RFC callback DS12N with wrong certificate identity, cancel via REST Web API.

Flow:
1. Activate payer
2. Send an RTP via GPD message (CREATE VALID)
3. Cancel the RTP via REST cancel endpoint with cancel_reason → RTP to RFC_SENT
4. Send DS12N callback with assignee_bic='FAKESP01' (doesn't match certificate identity MOCKSP04)
5. Verify callback is rejected with 403 (certificate mismatch)
","2443","Unauthorized RFC callback due to wrong certificate serial - through Web API cancel","functional-tests.tests.callbacks","2026-08-31","passed","2026-08-31","","test_RTP_callback_DS_12N","",""
"","2414","An RTP sent with synchronous rejection is in status REJECTED - DS-08P N","functional-tests.tests.send_rtp","2026-08-31","passed","2026-08-31","","test_RTP_send_MOCK","",""
"
Tests the retrieval of an access token from the POSTE authentication endpoint using client credentials and mutual TLS.

:param debtor_sp_mock_cert_key: Certificate and key tuple for mutual TLS authentication.
:type debtor_sp_mock_cert_key: Tuple[str, str]
","222","Auth endpoint returns valid token","functional-tests.tests.availability","2026-08-31","passed","2026-08-31","","test_availability_POSTE","",""
"","4718","Failed callback for invalid RTP transition - DS-08P RJCT compliant","functional-tests.tests.callbacks","2026-08-31","passed","2026-08-31","","test_RTP_callback_DS_08","",""
"","3094","An RTP callback with status REJECTED is successfully received","functional-tests.tests.callbacks","2026-08-31","passed","2026-08-31","","test_RTP_callback_DS_08","",""
"
Test RFC callback DS12P with wrong certificate identity, cancel via REST Web API.

Flow:
1. Activate payer
2. Send an RTP via GPD message (CREATE VALID)
3. Cancel the RTP via REST cancel endpoint with cancel_reason → RTP to RFC_SENT
4. Send DS12P callback with assignee_bic='FAKESP01' (doesn't match certificate identity MOCKSP04)
5. Verify callback is rejected with 403 (certificate mismatch)
","2431","Unauthorized RFC callback due to wrong certificate serial - through Web API cancel","functional-tests.tests.callbacks","2026-08-31","passed","2026-08-31","","test_RTP_callback_DS_12P","",""
"Each entry in ``INVALID_PAYER_IDS`` (see dataset docstring) must be rejected with 400.","578","The activation request must contain a validly formatted fiscal code","functional-tests.tests.activation","2026-08-31","failed","2026-08-31","","test_debtor_activation_create","",""
"","566","All auth fixtures expose a valid Bearer token format","functional-tests.tests.auth","2026-08-31","passed","2026-08-31","","test_auth","",""
"No `Sts.Conf` confirmation is present (empty JSON object), so only CANCEL_RTP is triggered and the RTP stays in RFC_SENT.","3081","Cancelling an RTP - EPC v4 mock happy path scenario: empty_json_object","functional-tests.tests.cancel_rtp","2026-08-31","passed","2026-08-31","","test_RTP_cancel_MOCK_V2","",""
"","5143","An RTP callback is successfully received with status RJCT","functional-tests.tests.callbacks","2026-08-31","passed","2026-08-31","","test_RTP_callback_DS_08","",""
"The ownership check fails the same way whether the target spId belongs to someone else
or doesn't exist in the registry at all - NOEXIT00 is not a real Service Provider ID.","569","Activation is forbidden with the same error code for a Service Provider ID absent from the registry","functional-tests.tests.activation","2026-08-31","passed","2026-08-31","","test_debtor_activation_create","",""
"
Test RFC callback DS12P with non-existing service provider, cancel via REST Web API.

Flow:
1. Activate payer
2. Send an RTP via GPD message (CREATE VALID)
3. Cancel the RTP via REST cancel endpoint with cancel_reason → RTP to RFC_SENT
4. Send DS12P callback with non-existing BIC (MOCKSP99)
5. Verify callback is rejected with 400 (service provider not found)
","2466","Failed RFC callback for non existing Service Provider - DS-12P CNCL compliant - through Web API cancel","functional-tests.tests.callbacks","2026-08-31","passed","2026-08-31","","test_RTP_callback_DS_12P","",""
"","1163","A debtor with foreign fiscal code is activated and retrieved by activation id","functional-tests.tests.activation","2026-08-31","passed","2026-08-31","","test_debtor_activation_get","",""
"
DS_08P ACCP callback sent with the Version header must be rejected with 400.
The RTP must remain in ACCEPTED (transition to USER_ACCEPTED must not happen).

Flow:
1. Activate payer, send RTP, advance to ACCEPTED via DS_05 (without header)
2. Build a valid DS_08P ACCP payload
3. POST WITH Version header
4. Verify 400 is returned with the expected error body
5. Verify RTP status is still ACCEPTED
","2996","DS_08P ACCP callback with Version header returns 400","functional-tests.tests.callbacks","2026-08-31","passed","2026-08-31","","test_RTP_callback_with_version_header","",""
"","577","Non-integer size returns 400","functional-tests.tests.activation","2026-08-31","passed","2026-08-31","","test_debtor_activation_list","",""
"","1866","RTP form is filled and submitted","ux-tests.tests","2026-08-31","passed","2026-08-31","","test_RTP_submission_v4","",""
"","1811","An RTP sent when EPC response contains an unknown field is ignored and remains in status SENT - through Web API","functional-tests.tests.send_rtp","2026-08-31","passed","2026-08-31","","test_RTP_send_MOCK","",""
"
DS_04b callback sent with the Version header must be rejected with 400.
The RTP state must be unchanged.

Flow:
1. Activate payer and send an RTP → resource_id
2. Capture current RTP status
3. Build a valid DS_04b payload referencing the RTP
4. POST to callback endpoint WITH Version header
5. Verify 400 is returned with the expected error body
6. Verify RTP status is unchanged
","2941","DS_04b callback with Version header returns 400","functional-tests.tests.callbacks","2026-08-31","passed","2026-08-31","","test_RTP_callback_with_version_header","",""
"","1778","Sending an RTP when EPC returns a malformed/invalid response body returns 500 - through Web API","functional-tests.tests.send_rtp","2026-08-31","passed","2026-08-31","","test_RTP_send_MOCK","",""
"Each entry in ``INVALID_PAYER_IDS`` must be rejected with 400.

The ``description`` parameter appears in pytest output to identify which
case failed without having to inspect the raw value.
","571","Querying activation status with an invalid payerId format returns 400","functional-tests.tests.activation","2026-08-31","passed","2026-08-31","","test_debtor_activation_payer_status","",""
"Test sending a DELETE operation message via GPD message API after a standalone UPDATE (no prior CREATE)","1865","A DELETE message after standalone UPDATE PUBLISHED","functional-tests.tests.process_messages_sender","2026-08-31","passed","2026-08-31","","test_RTP_process_sender_DELETE","",""
"","1201","Auth endpoint returns valid token","functional-tests.tests.availability","2026-08-31","passed","2026-08-31","","test_availability_CBI","",""
"The PSP synchronously rejects the cancellation request with 422 (per standard behaviour for the EPC 400 Bad Request scenario). The RTP then transitions to ERROR_CANCEL via ERROR_CANCEL_RTP.","3345","Cancelling an RTP - EPC v4 mock unhappy path scenario: epc_400","functional-tests.tests.cancel_rtp","2026-08-31","passed","2026-08-31","","test_RTP_cancel_MOCK_V2","",""
"","1198","A debtor activated with an owned but distinct Service Provider ID is deactivated","functional-tests.tests.activation","2026-08-31","passed","2026-08-31","","test_debtor_deactivation","",""
"Test sending a DELETE operation message via GPD message API after a CREATE","1776","A DELETE message after CREATE PUBLISHED","functional-tests.tests.process_messages_sender","2026-08-31","passed","2026-08-31","","test_RTP_process_sender_DELETE","",""
"","1953","RTP is successfully cancelled with reason PAID - V2","functional-tests.tests.cancel_rtp","2026-08-31","passed","2026-08-31","","test_RTP_cancel","",""
"Each entry in ``INVALID_PAYER_IDS`` (see dataset docstring) must be rejected with 400.","567","The activation request must contain a validly formatted fiscal code","functional-tests.tests.activation","2026-08-31","passed","2026-08-31","","test_debtor_activation_create","",""
"","2431","Unauthorized callback due to wrong certificate serial","functional-tests.tests.callbacks_v2","2026-08-31","passed","2026-08-31","","test_RTP_callback_DS_document_rjct","",""
"Test sending an UPDATE after CREATE VALID + DELETE with different statuses","2454","An UPDATE message with status PUBLISHED after CREATE VALID and DELETE","functional-tests.tests.process_messages_sender","2026-08-31","passed","2026-08-31","","test_RTP_process_sender_UPDATE","",""
"Test sending an UPDATE operation message with different statuses via GPD message API before a CREATE","1160","An UPDATE message with status PAID before CREATE","functional-tests.tests.process_messages_sender","2026-08-31","passed","2026-08-31","","test_RTP_process_sender_UPDATE_before_CREATE","",""
"","2449","Failed callback for non existing Service Provider - DS-08P positive compliant","functional-tests.tests.callbacks_v2","2026-08-31","passed","2026-08-31","","test_RTP_callback_DS_08P_positive","",""
"","1101","Get paginated list of payees successfully","functional-tests.tests.service_registry","2026-08-31","passed","2026-08-31","","test_service_registry_payees_registry","",""
"","4033","A debtor Service Provider successfully takes over an activation from another provider","bdd-tests","2026-08-31","passed","2026-08-31","Debtor_Activation_Takeover","RTP","",""
"
Test RFC callback DS12N with INVALID status, cancel via REST Web API.

Flow:
1. Activate payer
2. Send an RTP via GPD message (CREATE VALID)
3. Cancel the RTP via REST cancel endpoint with cancel_reason → RTP to RFC_SENT
4. Send DS12N callback with CxlStsId INVALID
5. Verify callback is rejected with 400
6. Verify RTP status is still RFC_SENT
","3034","An RFC callback DS12N INVALID is rejected with 400 - through Web API cancel","functional-tests.tests.callbacks","2026-08-31","passed","2026-08-31","","test_RTP_callback_DS_12N","",""
"Payer activated then deactivated by SP A → isActive must be false.","1838","A deactivated payer returns isActive false","functional-tests.tests.activation","2026-08-31","passed","2026-08-31","","test_debtor_activation_payer_status","",""
"","726","The service returns the mocked server error","functional-tests.tests.availability","2026-08-31","passed","2026-08-31","","test_availability_MOCK","",""
"","2459","SP_B cannot retrieve activation by Fiscal Code created by SP_A","functional-tests.tests.activation","2026-08-31","passed","2026-08-31","","test_RTP_activation_security","",""
"
Test v2 RFC callback DS12P with CNCL status.

Flow:
1. Activate payer
2. Send an RTP via GPD message v2 (CREATE VALID)
3. Cancel the RTP via GPD message v2 (DELETE) -> RTP to RFC_SENT
4. Send DS12P callback with CxlStsId CNCL (Cancelled As Per Request)
5. Verify callback is accepted (200)
6. Verify RTP status is CANCELLED
","3214","A v2 RFC callback DS12P CNCL is successfully received and RTP status is CANCELLED","functional-tests.tests.callbacks_v2","2026-08-31","passed","2026-08-31","","test_RTP_callback_DS_12P_positive","",""
"
Verify that a debt position can be updated successfully.
","6766","Happy path: a debt position is updated in UAT environment","functional-tests.tests.gpd_availability","2026-08-31","passed","2026-08-31","","test_availability_GPD","",""
"
Verify that a debt position can be created and published successfully.
","618","Happy path: a debt position is created and published in UAT environment","functional-tests.tests.gpd_availability","2026-08-31","passed","2026-08-31","","test_availability_GPD","",""
"Test sending an UPDATE operation message with different statuses via GPD message API after a CREATE","1845","An UPDATE message with status PUBLISHED after CREATE","functional-tests.tests.process_messages_sender","2026-08-31","passed","2026-08-31","","test_RTP_process_sender_UPDATE","",""
"","3034","DS_08P positive v2 callback with Version header returns 400","functional-tests.tests.callbacks_v2","2026-08-31","passed","2026-08-31","","test_RTP_callback_with_version_header","",""
"The PSP synchronously rejects the cancellation request with 422 (per standard behaviour for the EPC 404 Not Found scenario). The RTP then transitions to ERROR_CANCEL via ERROR_CANCEL_RTP.","3122","Cancelling an RTP - EPC v4 mock unhappy path scenario: epc_404","functional-tests.tests.cancel_rtp","2026-08-31","passed","2026-08-31","","test_RTP_cancel_MOCK_V2","",""
"","1330","SP_ACTIVATIONS_READ_ALL can retrieve activation by Fiscal Code created by SP_A","functional-tests.tests.activation","2026-08-31","passed","2026-08-31","","test_RTP_activation_security","",""
"Each entry in ``INVALID_PAYER_IDS`` must be rejected with 400.

The ``description`` parameter appears in pytest output to identify which
case failed without having to inspect the raw value.
","569","Querying activation status with an invalid payerId format returns 400","functional-tests.tests.activation","2026-08-31","passed","2026-08-31","","test_debtor_activation_payer_status","",""
"MOCKSP04 owns MOCKSP01 as well as its own spId; status must reflect the activation either way.","1184","An active payer returns isActive true when activated under an owned but distinct Service Provider ID","functional-tests.tests.activation","2026-08-31","passed","2026-08-31","","test_debtor_activation_payer_status","",""
"","1390","SP_B cannot retrieve activation by Activation ID created by SP_A","functional-tests.tests.activation","2026-08-31","passed","2026-08-31","","test_RTP_activation_security","",""
"","1228","Sending an RTP when EPC returns an unexpected status code error (RTP_05.CHK.A0007) returns 500 - through Web API","functional-tests.tests.send_rtp","2026-08-31","passed","2026-08-31","","test_RTP_send_MOCK","",""
"The PSP synchronously rejects the cancellation request with 422 (per standard behaviour for the EPC 401 Unauthorized scenario). The RTP then transitions to ERROR_CANCEL via ERROR_CANCEL_RTP.","3073","Cancelling an RTP - EPC v4 mock unhappy path scenario: epc_401","functional-tests.tests.cancel_rtp","2026-08-31","passed","2026-08-31","","test_RTP_cancel_MOCK_V2","",""
"Test sending an UPDATE operation message with different statuses via GPD message API after a CREATE","2372","An UPDATE message with status PAID after CREATE","functional-tests.tests.process_messages_sender","2026-08-31","passed","2026-08-31","","test_RTP_process_sender_UPDATE","",""
"","4150","RTP form is filled and submitted","ux-tests.tests","2026-08-31","passed","2026-08-31","","test_RTP_submission_v3","",""
"","3147","Attempt to cancel a non-existing RTP","bdd-tests","2026-08-31","passed","2026-08-31","RTP_Cancellation","RTP","",""
"
Test RFC callback DS12N with non-existing service provider.

Flow:
1. Activate payer
2. Send an RTP via GPD message (CREATE VALID)
3. Cancel the RTP via GPD message (DELETE) → RTP to RFC_SENT
4. Send DS12N callback with non-existing BIC (MOCKSP99)
5. Verify callback is rejected with 400 (service provider not found)
","2465","Failed RFC callback for non existing Service Provider - DS-12N RJCR compliant","functional-tests.tests.callbacks","2026-08-31","passed","2026-08-31","","test_RTP_callback_DS_12N","",""
"DS_08N RJCT callback sent twice on the same RTP (direct SENT -> REJECTED).

The second callback must be rejected with 400 since the transition is no
longer valid once the RTP is already REJECTED.
","4210","Failed v2 callback for invalid RTP transition - DS-08N negative compliant","functional-tests.tests.callbacks_v2","2026-08-31","passed","2026-08-31","","test_RTP_callback_DS_08N_negative","",""
"Test sending an UPDATE after CREATE VALID + DELETE with different statuses","2450","An UPDATE message with status DRAFT after CREATE VALID and DELETE","functional-tests.tests.process_messages_sender","2026-08-31","passed","2026-08-31","","test_RTP_process_sender_UPDATE","",""
"","1332","Get a page of activations","functional-tests.tests.activation","2026-08-31","passed","2026-08-31","","test_debtor_activation_list","",""
"","2416","An RTP sent with synchronous rejection containing extra fields results in status REJECTED","functional-tests.tests.send_rtp","2026-08-31","passed","2026-08-31","","test_RTP_send_MOCK","",""
"
Test RFC callback DS12P with CNCL status, cancel triggered via REST Web API with explicit reason.

Flow:
1. Activate payer
2. Send an RTP via GPD message (CREATE VALID)
3. Cancel the RTP via REST cancel endpoint with cancel_reason → RTP to RFC_SENT
4. Send DS12P callback with CxlStsId CNCL (Cancelled As Per Request)
5. Verify callback is accepted (200)
6. Verify RTP status is CANCELLED
","3037","An RFC callback DS12P CNCL is successfully received and RTP status is CANCEL - through Web API cancel","functional-tests.tests.callbacks","2026-08-31","passed","2026-08-31","","test_RTP_callback_DS_12P","",""
"","4147","Failed v2 redirect callback for invalid RTP transition - DS-05 ACTC compliant","functional-tests.tests.callbacks_v2","2026-08-31","passed","2026-08-31","","test_RTP_callback_DS_05_redirect","",""
"Test sending an UPDATE operation message with different statuses via GPD message API after a CREATE","2412","An UPDATE message with status DRAFT after CREATE","functional-tests.tests.process_messages_sender","2026-08-31","passed","2026-08-31","","test_RTP_process_sender_UPDATE","",""
"","592","Get payees consents with extreme page size returns 400","functional-tests.tests.service_registry","2026-08-31","passed","2026-08-31","","test_get_payees_consents","",""
"
Test RFC callback DS12N with wrong certificate identity, cancel via REST Web API.

Flow:
1. Activate payer
2. Send an RTP via GPD message (CREATE VALID)
3. Cancel the RTP via REST cancel endpoint with cancel_reason → RTP to RFC_SENT
4. Send DS12N callback with assignee_bic='FAKESP01' (doesn't match certificate identity MOCKSP04)
5. Verify callback is rejected with 403 (certificate mismatch)
","2430","Unauthorized RFC callback due to wrong certificate serial - through Web API cancel","functional-tests.tests.callbacks","2026-08-31","passed","2026-08-31","","test_RTP_callback_DS_12N","",""
"
Tests sending an RTP payload to the POSTE endpoint with valid data and authentication.

:param debtor_sp_mock_cert_key: Certificate and key tuple for mutual TLS authentication.
:type debtor_sp_mock_cert_key: Tuple[str, str]
","1329","An RTP is sent through POSTE API","functional-tests.tests.availability","2026-08-31","passed","2026-08-31","","test_availability_POSTE","",""
"
Test v2 RFC callback DS12P with wrong certificate identity.

Flow:
1. Activate payer
2. Send an RTP via GPD message v2 (CREATE VALID)
3. Cancel the RTP via GPD message v2 (DELETE) -> RTP to RFC_SENT
4. Send DS12P callback with assignee_bic='FAKESP01' (doesn't match certificate identity)
5. Verify callback is rejected with 403 (certificate mismatch)
6. Verify RTP status is still RFC_SENT
","3169","Unauthorized v2 RFC callback due to wrong certificate serial","functional-tests.tests.callbacks_v2","2026-08-31","passed","2026-08-31","","test_RTP_callback_DS_12P_positive","",""
"Each entry in ``INVALID_PAYER_IDS`` (see dataset docstring) must be rejected with 400.","575","The activation request must contain a validly formatted fiscal code","functional-tests.tests.activation","2026-08-31","passed","2026-08-31","","test_debtor_activation_create","",""
"
Verify that a debt position can be deleted successfully.
","2797","Happy path: a debt position is deleted in UAT environment","functional-tests.tests.gpd_availability","2026-08-31","passed","2026-08-31","","test_availability_GPD","",""
"Each entry in ``INVALID_PAYER_IDS`` must be rejected with 400.

The ``description`` parameter appears in pytest output to identify which
case failed without having to inspect the raw value.
","562","Querying activation status with an invalid payerId format returns 400","functional-tests.tests.activation","2026-08-31","passed","2026-08-31","","test_debtor_activation_payer_status","",""
"","3610","An RTP callback is successfully received with status ACCP","functional-tests.tests.callbacks","2026-08-31","passed","2026-08-31","","test_RTP_callback_DS_08","",""
"","1167","Deactivation fails for activation by another service provider","functional-tests.tests.activation","2026-08-31","passed","2026-08-31","","test_debtor_deactivation","",""
"
Test RFC callback DS12N with RJCR status.

Flow:
1. Activate payer
2. Send an RTP via GPD message (CREATE VALID)
3. Cancel the RTP via GPD message (DELETE) → RTP to RFC_SENT
4. Send DS12N callback with CxlStsId RJCR (Rejected Cancellation Request)
5. Verify callback is accepted (200)
6. Verify RTP status is ERROR_CANCEL
","4293","An RFC callback DS12N RJCR is successfully received and RTP status is ERROR_CANCEL","functional-tests.tests.callbacks","2026-08-31","passed","2026-08-31","","test_RTP_callback_DS_12N","",""
"MOCKSP04 owns both its own spId and MOCKSP01; redeeming an OTP scoped to MOCKSP01 must
assign MOCKSP01 to the new activation, not MOCKSP04 (the redeemer's own tspId).","3379","Test Takeover Redemption Assigns the OTP's Owned Service Provider ID","functional-tests.tests.takeover","2026-08-31","passed","2026-08-31","","test_debtor_takeover","",""
"Test sending a CREATE operation message via GPD message API","1252","A CREATE message is successfully sent through GPD message API","functional-tests.tests.process_messages_sender","2026-08-31","passed","2026-08-31","","test_RTP_process_sender","",""
"Each entry in ``INVALID_PAYER_IDS`` (see dataset docstring) must be rejected with 400.","572","The activation request must contain a validly formatted fiscal code","functional-tests.tests.activation","2026-08-31","passed","2026-08-31","","test_debtor_activation_create","",""
"Each entry in ``INVALID_PAYER_IDS`` (see dataset docstring) must be rejected with 400.","571","The activation request must contain a validly formatted fiscal code","functional-tests.tests.activation","2026-08-31","passed","2026-08-31","","test_debtor_activation_create","",""
"Active payer with omocodia fiscal code (digit substitution) → isActive must be true.","1155","An active payer with omocodia fiscal code returns isActive true","functional-tests.tests.activation","2026-08-31","passed","2026-08-31","","test_debtor_activation_payer_status","",""
"DS_08P ACCP callback sent twice on the same RTP (direct SENT -> USER_ACCEPTED).

The second callback must be rejected with 400 since the transition is no
longer valid once the RTP is already USER_ACCEPTED.
","3697","Failed v2 callback for invalid RTP transition - DS-08P positive compliant","functional-tests.tests.callbacks_v2","2026-08-31","passed","2026-08-31","","test_RTP_callback_DS_08P_positive","",""
"","4182","Failed callback for invalid RTP transition - DS-08P ACCP compliant","functional-tests.tests.callbacks","2026-08-31","passed","2026-08-31","","test_RTP_callback_DS_08","",""
"Test sending an UPDATE after CREATE VALID + DELETE with different statuses","2449","An UPDATE message with status VALID after CREATE VALID and DELETE","functional-tests.tests.process_messages_sender","2026-08-31","passed","2026-08-31","","test_RTP_process_sender_UPDATE","",""
"Each entry in ``INVALID_PAYER_IDS`` must be rejected with 400.

The ``description`` parameter appears in pytest output to identify which
case failed without having to inspect the raw value.
","572","Querying activation status with an invalid payerId format returns 400","functional-tests.tests.activation","2026-08-31","passed","2026-08-31","","test_debtor_activation_payer_status","",""
"","3009","Unauthorized callback due to wrong certificate serial","functional-tests.tests.callbacks_v2","2026-08-31","passed","2026-08-31","","test_RTP_callback_DS_05_redirect","",""
"","3630","Failed callback for invalid RTP transition - DS-05 ACTC compliant","functional-tests.tests.callbacks","2026-08-31","passed","2026-08-31","","test_RTP_callback_DS_05","",""
"No `Sts.Conf` confirmation is present (Sts block omitted entirely), so only CANCEL_RTP is triggered and the RTP stays in RFC_SENT.","2587","Cancelling an RTP - EPC v4 mock happy path scenario: no_sts_block","functional-tests.tests.cancel_rtp","2026-08-31","passed","2026-08-31","","test_RTP_cancel_MOCK_V2","",""
"","4447","DS_08N negative v2 callback with Version header returns 400","functional-tests.tests.callbacks_v2","2026-08-31","passed","2026-08-31","","test_RTP_callback_with_version_header","",""
"Each entry in ``INVALID_PAYER_IDS`` (see dataset docstring) must be rejected with 400.","574","The activation request must contain a validly formatted fiscal code","functional-tests.tests.activation","2026-08-31","passed","2026-08-31","","test_debtor_activation_create","",""
"Each entry in ``INVALID_PAYER_IDS`` (see dataset docstring) must be rejected with 400.","571","The activation request must contain a validly formatted fiscal code","functional-tests.tests.activation","2026-08-31","passed","2026-08-31","","test_debtor_activation_create","",""
"","563","Retrieving activation without valid token returns 401","functional-tests.tests.activation","2026-08-31","passed","2026-08-31","","test_debtor_activation_get","",""
"","1846","An RTP sent when EPC response omits _links is in status ACCEPTED - through Web API","functional-tests.tests.send_rtp","2026-08-31","passed","2026-08-31","","test_RTP_send_MOCK","",""
"
Given an RTP is sent successfully (status SENT) for a given noticeNumber + payeeId,
when the payee queries the delivery-status endpoint with the correct noticeNumber
but a different payeeId,
then the response must be HTTP 200 with status=PD_RTP_NOT_DELIVERED, verifying
that the endpoint filters on both fields.
","7504","Existing noticeNumber with wrong payeeId → PD_RTP_NOT_DELIVERED","functional-tests.tests.get_rtp","2026-08-31","passed","2026-08-31","","test_RTP_get_delivery_status","",""
"Test sending an UPDATE operation message with different statuses via GPD message API after a CREATE","2156","An UPDATE message with status INVALID after CREATE","functional-tests.tests.process_messages_sender","2026-08-31","passed","2026-08-31","","test_RTP_process_sender_UPDATE","",""
"Test the takeover flow where a user changes service provider","3980","Test Takeover Flow","functional-tests.tests.takeover","2026-08-31","passed","2026-08-31","","test_debtor_takeover","",""
"Same privacy rule as the cross-SP case: no explicit error, isActive is just false.","1176","Get payer status returns isActive false when the token subject does not own the activation's Service Provider ID","functional-tests.tests.activation","2026-08-31","passed","2026-08-31","","test_debtor_activation_payer_status","",""
"","1927","Get paginated list of OPT_OUT payees consents successfully","functional-tests.tests.service_registry","2026-08-31","passed","2026-08-31","","test_get_payees_consents","",""
"","578","Invalid NextActivationId format returns 400","functional-tests.tests.activation","2026-08-31","passed","2026-08-31","","test_debtor_activation_list","",""
"
Test RFC callback DS12N with non-existing service provider, cancel via REST Web API.

Flow:
1. Activate payer
2. Send an RTP via GPD message (CREATE VALID)
3. Cancel the RTP via REST cancel endpoint with cancel_reason → RTP to RFC_SENT
4. Send DS12N callback with non-existing BIC (MOCKSP99)
5. Verify callback is rejected with 400 (service provider not found)
","2565","Failed RFC callback for non existing Service Provider - DS-12N RJCR compliant - through Web API cancel","functional-tests.tests.callbacks","2026-08-31","passed","2026-08-31","","test_RTP_callback_DS_12N","",""
"
DS_05 ACTC callback sent with the Version header must be rejected with 400.
The RTP must remain in SENT (transition to ACCEPTED must not happen).

Flow:
1. Activate payer and send an RTP → resource_id
2. Build a valid DS_05 ACTC payload referencing the RTP
3. POST to callback endpoint WITH Version header
4. Verify 400 is returned with the expected error body
5. Verify RTP status is still SENT
","2353","DS_05 ACTC callback with Version header returns 400","functional-tests.tests.callbacks","2026-08-31","passed","2026-08-31","","test_RTP_callback_with_version_header","",""
"","1141","Whitespaces is allowed in description and company name field","ux-tests.tests","2026-08-31","passed","2026-08-31","","test_RTP_submission_v3","",""
"Test sending an UPDATE operation message with different statuses via GPD message API before a CREATE","1157","An UPDATE message with status INVALID before CREATE","functional-tests.tests.process_messages_sender","2026-08-31","passed","2026-08-31","","test_RTP_process_sender_UPDATE_before_CREATE","",""
"","566","Get payees consents with invalid consent value returns 400","functional-tests.tests.service_registry","2026-08-31","passed","2026-08-31","","test_get_payees_consents","",""
"","561","missing token → 401 Unauthorized","functional-tests.tests.get_rtp","2026-08-31","passed","2026-08-31","","test_RTP_get","",""
"Test sending a CREATE operation message with different statuses via GPD message API","1166","A CREATE message with status PARTIALLY_PAID","functional-tests.tests.process_messages_sender","2026-08-31","passed","2026-08-31","","test_RTP_process_sender_CREATE","",""
"","1809","An RTP sent with synchronous acceptance is in status ACCEPTED - DS-05 ACTC","functional-tests.tests.send_rtp","2026-08-31","passed","2026-08-31","","test_RTP_send_MOCK","",""
"","897","Get payees consents with invalid date format returns 400","functional-tests.tests.service_registry","2026-08-31","passed","2026-08-31","","test_get_payees_consents","",""
"","1245","An RTP is sent through GPD message API","functional-tests.tests.send_rtp","2026-08-31","passed","2026-08-31","","test_RTP_send_MOCK","",""
"The PSP synchronously rejects the cancellation request with 422 (per standard behaviour for the EPC 429 Too Many Requests scenario). The RTP then transitions to ERROR_CANCEL via ERROR_CANCEL_RTP.","11663","Cancelling an RTP - EPC v4 mock unhappy path scenario: epc_429","functional-tests.tests.cancel_rtp","2026-08-31","passed","2026-08-31","","test_RTP_cancel_MOCK_V2","",""
"","3808","A v2 redirect RTP callback with status ACTC is successfully received","functional-tests.tests.callbacks_v2","2026-08-31","passed","2026-08-31","","test_RTP_callback_DS_05_redirect","",""
"Each entry in ``INVALID_PAYER_IDS`` must be rejected with 400.

The ``description`` parameter appears in pytest output to identify which
case failed without having to inspect the raw value.
","566","Querying activation status with an invalid payerId format returns 400","functional-tests.tests.activation","2026-08-31","passed","2026-08-31","","test_debtor_activation_payer_status","",""
"","1149","A debtor with omocodia fiscal code is activated successfully","functional-tests.tests.activation","2026-08-31","passed","2026-08-31","","test_debtor_activation_create","",""
"Empty OTP should be rejected","577","Test Takeover Fails with Empty OTP","functional-tests.tests.takeover","2026-08-31","passed","2026-08-31","","test_debtor_takeover","",""
"Each entry in ``INVALID_PAYER_IDS`` (see dataset docstring) must be rejected with 400.","561","The activation request must contain a validly formatted fiscal code","functional-tests.tests.activation","2026-08-31","passed","2026-08-31","","test_debtor_activation_create","",""
"","3841","A v2 redirect RTP callback with invalid status is rejected without affecting the RTP status","functional-tests.tests.callbacks_v2","2026-08-31","passed","2026-08-31","","test_RTP_callback_DS_05_redirect","",""
"Each entry in ``INVALID_PAYER_IDS`` must be rejected with 400.

The ``description`` parameter appears in pytest output to identify which
case failed without having to inspect the raw value.
","571","Querying activation status with an invalid payerId format returns 400","functional-tests.tests.activation","2026-08-31","passed","2026-08-31","","test_debtor_activation_payer_status","",""
"","2723","An RTP sent with synchronous acceptance is in status ACCEPTED - DS-05 ACTC - through Web API V2","functional-tests.tests.send_rtp","2026-08-31","passed","2026-08-31","","test_RTP_send_MOCK","",""
"","2786","RTP form cancellation with reason MODT","ux-tests.tests","2026-08-31","passed","2026-08-31","","test_RTP_cancel_v4","",""
"","569","Find by payer id request must contain lower case fiscal code","functional-tests.tests.activation","2026-08-31","passed","2026-08-31","","test_debtor_activation_create","",""
"
Test v2 RFC callback DS12N with non-existing service provider.

Flow:
1. Activate payer
2. Send an RTP via GPD message v2 (CREATE VALID)
3. Cancel the RTP via GPD message v2 (DELETE) -> RTP to RFC_SENT
4. Send DS12N callback with non-existing BIC (MOCKSP99)
5. Verify callback is rejected with 400 (service provider not found)
6. Verify RTP status is still RFC_SENT
","3138","Failed v2 RFC callback for non existing Service Provider - DS-12N negative compliant","functional-tests.tests.callbacks_v2","2026-08-31","passed","2026-08-31","","test_RTP_callback_DS_12N_negative","",""
"","4158","Failed callback for invalid RTP transition - DS-08N compliant","functional-tests.tests.callbacks","2026-08-31","passed","2026-08-31","","test_RTP_callback_DS_08","",""
"Test sending a DELETE operation message via GPD message API after a standalone UPDATE (no prior CREATE)","2051","A DELETE message after standalone UPDATE VALID","functional-tests.tests.process_messages_sender","2026-08-31","passed","2026-08-31","","test_RTP_process_sender_DELETE","",""
"Test sending a DELETE operation message via GPD message API after a CREATE VALID + UPDATE","3120","A DELETE message after CREATE VALID + UPDATE EXPIRED","functional-tests.tests.process_messages_sender","2026-08-31","passed","2026-08-31","","test_RTP_process_sender_DELETE","",""
"
Test v2 RFC callback DS12N with RJCR status applied twice on the same RTP.

Flow:
1. Activate payer
2. Send an RTP via GPD message v2 (CREATE VALID)
3. Cancel the RTP via GPD message v2 (DELETE) -> RTP to RFC_SENT
4. Send DS12N callback with CxlStsId RJCR (Rejected Cancellation Request) -> RTP to CANCELLED_REJECTED
5. Send the same DS12N RJCR callback again on the already transitioned RTP
6. Verify the second callback is rejected (400) since the transition is no longer valid
7. Verify RTP status remains CANCELLED_REJECTED
","4899","Failed v2 RFC callback for invalid RTP transition - DS-12N negative compliant","functional-tests.tests.callbacks_v2","2026-08-31","passed","2026-08-31","","test_RTP_callback_DS_12N_negative","",""
"","1595","Cannot send RTP with invalid amount","functional-tests.tests.availability","2026-08-31","passed","2026-08-31","","test_availability_CBI","",""
"","2439","An RTP sent with synchronous rejection is in status REJECTED - DS-08P N - through Web API V2","functional-tests.tests.send_rtp","2026-08-31","passed","2026-08-31","","test_RTP_send_MOCK","",""
"
Test RFC callback DS12P with INVALID status, cancel via REST Web API.

Flow:
1. Activate payer
2. Send an RTP via GPD message (CREATE VALID)
3. Cancel the RTP via REST cancel endpoint with cancel_reason → RTP to RFC_SENT
4. Send DS12P callback with CxlStsId INVALID
5. Verify callback is rejected with 400
6. Verify RTP status is still RFC_SENT
","3037","An RFC callback DS12P INVALID is rejected with 400 - through Web API cancel","functional-tests.tests.callbacks","2026-08-31","passed","2026-08-31","","test_RTP_callback_DS_12P","",""
"UPDATE PAID with psp_tax_code=None (invalid PSP) results in RTP state RFC_SENT","1873","An UPDATE PAID message with an invalid PSP results in RFC_SENT state","functional-tests.tests.process_messages_sender","2026-08-31","passed","2026-08-31","","test_RTP_process_sender_UPDATE","",""
"
Send the same CREATE VALID message twice.

Because send_gpd_message derives the Idempotency-Key deterministically from
the message id (msg_id), reusing the same payload reuses the same key.

Expectations:
- Both calls return HTTP 200 (idempotent, not an error).
- The resourceId in both responses is identical, proving the API returned
  the cached response and did not process the message twice.
- Querying by notice number returns exactly one RTP, confirming that only
  one record was written to the database.
","2865","Two CREATE VALID messages with the same Idempotency-Key both succeed but only one RTP is stored","functional-tests.tests.process_messages_sender","2026-08-31","passed","2026-08-31","","test_RTP_process_sender_IDEMPOTENCY","",""
"The mock policy falls back to its default `{}` response when no notice number matches, so the RTP stays in RFC_SENT.","2724","Cancelling an RTP - EPC v4 mock happy path scenario: no_match_fallback","functional-tests.tests.cancel_rtp","2026-08-31","passed","2026-08-31","","test_RTP_cancel_MOCK_V2","",""
"
Test RFC callback DS12P with CNCL status.

Flow:
1. Activate payer
2. Send an RTP via GPD message (CREATE VALID)
3. Cancel the RTP via GPD message (DELETE) → RTP to RFC_SENT
4. Send DS12P callback with CxlStsId CNCL (Cancelled As Per Request)
5. Verify callback is accepted (200)
6. Verify RTP status is CANCELLED
","3048","An RFC callback DS12P CNCL is successfully received and RTP status is CANCEL","functional-tests.tests.callbacks","2026-08-31","passed","2026-08-31","","test_RTP_callback_DS_12P","",""
"","1821","An RTP sent when EPC response contains an unknown field is ignored and remains in status SENT","functional-tests.tests.send_rtp","2026-08-31","passed","2026-08-31","","test_RTP_send_MOCK","",""
"","5535","An RTP callback is successfully received","functional-tests.tests.callbacks","2026-08-31","passed","2026-08-31","","test_RTP_callback_DS_04","",""
"","5499","An RTP is sent through CBI API","functional-tests.tests.availability","2026-08-31","passed","2026-08-31","","test_availability_CBI","",""
"","1230","All auth fixtures expose a valid Bearer token format","functional-tests.tests.auth","2026-08-31","passed","2026-08-31","","test_auth","",""
"Test sending a DELETE operation message via GPD message API after a CREATE VALID + UPDATE","3234","A DELETE message after CREATE VALID + UPDATE PUBLISHED","functional-tests.tests.process_messages_sender","2026-08-31","passed","2026-08-31","","test_RTP_process_sender_DELETE","",""
"","610","Sending to non-activated debtor returns 422 - through Web API","functional-tests.tests.send_rtp","2026-08-31","passed","2026-08-31","","test_RTP_send_MOCK","",""
"
Given a debtor is activated and a GPD message (CREATE) is sent via POST /gpd/message,
when the rtp-sender processes it and the RTP reaches status SENT,
when the payee queries the delivery-status endpoint with the correct noticeNumber
(nav) and payeeId (ec_tax_code),
then the response body must contain status=PD_RTP_DELIVERED, a non-null processingDate
in ISO 8601 format, and processingDate must match the SEND_RTP event timestamp from
the GPD message response (truncated to millisecond precision).
","6833","GPD message sent → RTP SENT → PD_RTP_DELIVERED with processingDate","functional-tests.tests.get_rtp","2026-08-31","passed","2026-08-31","","test_RTP_get_delivery_status","",""
"Each entry in ``INVALID_PAYER_IDS`` must be rejected with 400.

The ``description`` parameter appears in pytest output to identify which
case failed without having to inspect the raw value.
","579","Querying activation status with an invalid payerId format returns 400","functional-tests.tests.activation","2026-08-31","passed","2026-08-31","","test_debtor_activation_payer_status","",""
"
Test v2 RFC callback DS12P with non-existing service provider.

Flow:
1. Activate payer
2. Send an RTP via GPD message v2 (CREATE VALID)
3. Cancel the RTP via GPD message v2 (DELETE) -> RTP to RFC_SENT
4. Send DS12P callback with non-existing BIC (MOCKSP99)
5. Verify callback is rejected with 400 (service provider not found)
6. Verify RTP status is still RFC_SENT
","3094","Failed v2 RFC callback for non existing Service Provider - DS-12P positive compliant","functional-tests.tests.callbacks_v2","2026-08-31","passed","2026-08-31","","test_RTP_callback_DS_12P_positive","",""
"Parametrized contract test generated from the Send API OpenAPI spec.

Schemathesis derives one test case per endpoint defined in the spec, generating
request data (path params, query params, body) that is valid according to the schema.
Each case is executed against the live API and the response is validated with
CONTRACT_CHECKS.

An additional assertion verifies that the Location header is present on 201 responses
from POST /rtps, as required by the spec.
","177720","test_send_api_contract[POST /gpd/message]","contract-tests.tests","2026-08-31","passed","2026-08-31","","test_api_send_rtp","",""
"Active payer identified by an 11-digit Partita IVA → isActive must be true.","1154","An active payer with VAT number (Partita IVA) returns isActive true","functional-tests.tests.activation","2026-08-31","passed","2026-08-31","","test_debtor_activation_payer_status","",""
"","1249","Sending an RTP when EPC returns an unexpected status code error (RTP_05.CHK.A0007) returns 500","functional-tests.tests.send_rtp","2026-08-31","passed","2026-08-31","","test_RTP_send_MOCK","",""
"Each entry in ``INVALID_PAYER_IDS`` (see dataset docstring) must be rejected with 400.","564","The activation request must contain a validly formatted fiscal code","functional-tests.tests.activation","2026-08-31","passed","2026-08-31","","test_debtor_activation_create","",""
"UPDATE VALID with an ec_tax_code that does not exist in GPD returns 422 Payee not found","1155","An UPDATE VALID message with a non-existent ec_tax_code is rejected","functional-tests.tests.process_messages_sender","2026-08-31","passed","2026-08-31","","test_RTP_process_sender_UPDATE","",""
"","3057","DS_05 redirect v2 callback with Version header returns 400","functional-tests.tests.callbacks_v2","2026-08-31","passed","2026-08-31","","test_RTP_callback_with_version_header","",""
"","1177","A debtor is activated and retrieved by activation id","functional-tests.tests.activation","2026-08-31","passed","2026-08-31","","test_debtor_activation_get","",""
"","579","malformed rtp_id → 400 Bad Request","functional-tests.tests.get_rtp","2026-08-31","passed","2026-08-31","","test_RTP_get","",""
"","708","The service returns the mocked server error","functional-tests.tests.availability","2026-08-31","passed","2026-08-31","","test_availability_MOCK","",""
"Test sending a CREATE operation message with an omocodia fiscal code via GPD message API","1335","A CREATE message with omocodia fiscal code is successfully sent through GPD message API","functional-tests.tests.process_messages_sender","2026-08-31","passed","2026-08-31","","test_RTP_process_sender","",""
"
Test RFC callback DS12N with RJCR status applied twice on the same RTP.

Flow:
1. Activate payer
2. Send an RTP via GPD message (CREATE VALID)
3. Cancel the RTP via GPD message (DELETE) -> RTP to RFC_SENT
4. Send DS12N callback with CxlStsId RJCR (Rejected Cancellation Request) -> RTP to ERROR_CANCEL
5. Send the same DS12N RJCR callback again on the already transitioned RTP
6. Verify the second callback is rejected (400) since the transition is no longer valid
7. Verify RTP status remains ERROR_CANCEL
","4737","Failed RFC callback for invalid RTP transition - DS-12N RJCR compliant","functional-tests.tests.callbacks","2026-08-31","passed","2026-08-31","","test_RTP_callback_DS_12N","",""
"Each entry in ``INVALID_PAYER_IDS`` (see dataset docstring) must be rejected with 400.","573","The activation request must contain a validly formatted fiscal code","functional-tests.tests.activation","2026-08-31","passed","2026-08-31","","test_debtor_activation_create","",""
"Each entry in ``INVALID_PAYER_IDS`` (see dataset docstring) must be rejected with 400.","563","The activation request must contain a validly formatted fiscal code","functional-tests.tests.activation","2026-08-31","passed","2026-08-31","","test_debtor_activation_create","",""
"Test sending an UPDATE operation message with different statuses via GPD message API after a CREATE","2215","An UPDATE message with status VALID after CREATE","functional-tests.tests.process_messages_sender","2026-08-31","passed","2026-08-31","","test_RTP_process_sender_UPDATE","",""
"Test sending a CREATE operation message with different statuses via GPD message API","2941","A CREATE message with status EXPIRED","functional-tests.tests.process_messages_sender","2026-08-31","passed","2026-08-31","","test_RTP_process_sender_CREATE","",""
"An EPC response containing fields not declared in the OpenAPI spec is treated as an invalid message and is NOT tolerated for accept/reject purposes (confirmed with rtp-sender-v2 maintainers, PR #26). The extra `invalid-field` property invalidates the whole response, so the RJCR confirmation is not processed and the RTP stays in RFC_SENT.","3177","Cancelling an RTP - EPC v4 mock unhappy path scenario: rjcr_extra_field","functional-tests.tests.cancel_rtp","2026-08-31","passed","2026-08-31","","test_RTP_cancel_MOCK_V2","",""
"The PSP synchronously rejects the cancellation request with 422 (per standard behaviour for the EPC 406 Not Acceptable scenario). The RTP then transitions to ERROR_CANCEL via ERROR_CANCEL_RTP.","3084","Cancelling an RTP - EPC v4 mock unhappy path scenario: epc_406","functional-tests.tests.cancel_rtp","2026-08-31","passed","2026-08-31","","test_RTP_cancel_MOCK_V2","",""
"Test sending a DELETE operation message via GPD message API after a standalone UPDATE (no prior CREATE)","2492","A DELETE message after standalone UPDATE EXPIRED","functional-tests.tests.process_messages_sender","2026-08-31","passed","2026-08-31","","test_RTP_process_sender_DELETE","",""
"","1165","A debtor with VAT number is activated and retrieved by activation id","functional-tests.tests.activation","2026-08-31","passed","2026-08-31","","test_debtor_activation_get","",""
"","2178","RTP cancellation fails with an invalid reason - V2","functional-tests.tests.cancel_rtp","2026-08-31","passed","2026-08-31","","test_RTP_cancel","",""
"","564","The activation request must contain a validly formatted Service Provider ID","functional-tests.tests.activation","2026-08-31","passed","2026-08-31","","test_debtor_activation_create","",""
"
Verify that a debt position can be created and published successfully.
","1203","Happy path: a debt position is created and published in DEV environment","functional-tests.tests.gpd_availability","2026-08-31","passed","2026-08-31","","test_availability_GPD","",""
"Each entry in ``INVALID_PAYER_IDS`` must be rejected with 400.

The ``description`` parameter appears in pytest output to identify which
case failed without having to inspect the raw value.
","564","Querying activation status with an invalid payerId format returns 400","functional-tests.tests.activation","2026-08-31","passed","2026-08-31","","test_debtor_activation_payer_status","",""
"
Payer activated under SP A.
- SP B (read_rtp_activations): isActive must be false - privacy rule hides cross-SP activation.
- Admin (read_rtp_all): isActive must be true - role grants visibility across all SPs.
Same payer, same endpoint, different roles → different results.
","1734","read_rtp_all role returns isActive true while read_rtp_activations returns false for the same cross-SP payer","functional-tests.tests.activation","2026-08-31","passed","2026-08-31","","test_debtor_activation_payer_status","",""
"","560","Retrieving activation with malformed payer id returns 400","functional-tests.tests.activation","2026-08-31","passed","2026-08-31","","test_debtor_activation_get","",""
"","1358","Get list of service providers successfully","functional-tests.tests.service_registry","2026-08-31","passed","2026-08-31","","test_service_registry_service_providers","",""
"
Given a debtor is activated with the mock fiscal code that makes the debtor
service provider mock reply with a server error, when a GPD message (CREATE)
is sent via POST /gpd/message, then the rtp-sender fails to deliver the RTP
and records an ERROR_SEND_RTP event (RTP status becomes ERROR_SEND). RTPs in
ERROR_SEND status are purged from both Cosmos and ADX, so querying by
noticeNumber returns an empty list. When the payee then queries the
delivery-status endpoint with the matching noticeNumber and payeeId, the
response must still be HTTP 200 with status=PD_RTP_NOT_DELIVERED and
processingDate absent or null.
","9043","RTP with ERROR_SEND_RTP event → PD_RTP_NOT_DELIVERED","functional-tests.tests.get_rtp","2026-08-31","passed","2026-08-31","","test_RTP_get_delivery_status","",""
"","1147","Sending a GPD message with null id returns 400","functional-tests.tests.send_rtp","2026-08-31","passed","2026-08-31","","test_RTP_send_MOCK","",""
"Test sending an UPDATE operation message with different statuses via GPD message API before a CREATE","2093","An UPDATE message with status DRAFT before CREATE","functional-tests.tests.process_messages_sender","2026-08-31","passed","2026-08-31","","test_RTP_process_sender_UPDATE_before_CREATE","",""
"","578","A Service Provider with invalid client secret is not authenticated on Keycloak","functional-tests.tests.auth","2026-08-31","passed","2026-08-31","","test_auth","",""
"Test sending an UPDATE operation message with different statuses via GPD message API before a CREATE","1272","An UPDATE message with status VALID before CREATE","functional-tests.tests.process_messages_sender","2026-08-31","passed","2026-08-31","","test_RTP_process_sender_UPDATE_before_CREATE","",""
"","597","A debtor service provider fails activation due to wrong service provider id","functional-tests.tests.activation","2026-08-31","passed","2026-08-31","","test_debtor_activation_list","",""
"Each entry in ``INVALID_PAYER_IDS`` must be rejected with 400.

The ``description`` parameter appears in pytest output to identify which
case failed without having to inspect the raw value.
","601","Querying activation status with an invalid payerId format returns 400","functional-tests.tests.activation","2026-08-31","failed","2026-08-31","","test_debtor_activation_payer_status","",""
"OTP bound to payer1 should not work for payer2","1751","Test Takeover Fails with OTP Bound to Different Payer","functional-tests.tests.takeover","2026-08-31","passed","2026-08-31","","test_debtor_takeover","",""
"","748","The RTP web page is reachable","functional-tests.tests.availability","2026-08-31","passed","2026-08-31","","test_availability_RTP_webform","",""
"Takeover without a previously issued OTP should fail","1148","Test Takeover Fails without Prior OTP","functional-tests.tests.takeover","2026-08-31","passed","2026-08-31","","test_debtor_takeover","",""
"Test sending an UPDATE after CREATE VALID + DELETE with different statuses","2464","An UPDATE message with status INVALID after CREATE VALID and DELETE","functional-tests.tests.process_messages_sender","2026-08-31","passed","2026-08-31","","test_RTP_process_sender_UPDATE","",""
"Test sending an UPDATE operation message with different statuses via GPD message API after a CREATE","2568","An UPDATE message with status EXPIRED after CREATE","functional-tests.tests.process_messages_sender","2026-08-31","passed","2026-08-31","","test_RTP_process_sender_UPDATE","",""
"
Test v2 RFC callback DS12P with INVALID status.

Flow:
1. Activate payer
2. Send an RTP via GPD message v2 (CREATE VALID)
3. Cancel the RTP via GPD message v2 (DELETE) -> RTP to RFC_SENT
4. Send DS12P callback with CxlStsId INVALID
5. Verify callback is rejected with 400
6. Verify RTP status is still RFC_SENT
","3162","A v2 RFC callback DS12P INVALID is rejected with 400","functional-tests.tests.callbacks_v2","2026-08-31","passed","2026-08-31","","test_RTP_callback_DS_12P_positive","",""
"Test sending a DELETE operation message via GPD message API after a CREATE VALID + UPDATE","3034","A DELETE message after CREATE VALID + UPDATE PAID","functional-tests.tests.process_messages_sender","2026-08-31","passed","2026-08-31","","test_RTP_process_sender_DELETE","",""
"","563","Get payees consents with negative page size returns 400","functional-tests.tests.service_registry","2026-08-31","passed","2026-08-31","","test_get_payees_consents","",""
"Each entry in ``INVALID_PAYER_IDS`` must be rejected with 400.

The ``description`` parameter appears in pytest output to identify which
case failed without having to inspect the raw value.
","566","Querying activation status with an invalid payerId format returns 400","functional-tests.tests.activation","2026-08-31","passed","2026-08-31","","test_debtor_activation_payer_status","",""
"","566","RTP cancellation fails if resource ID does not exist - V2","functional-tests.tests.cancel_rtp","2026-08-31","passed","2026-08-31","","test_RTP_cancel","",""
"Active payer with a foreign-country fiscal code (Z + 3 digits municipality) → isActive must be true.","1155","An active payer with foreign fiscal code returns isActive true","functional-tests.tests.activation","2026-08-31","passed","2026-08-31","","test_debtor_activation_payer_status","",""
"","1914","An RTP sent with synchronous rejection containing extra fields results in status SENT - through Web API V2","functional-tests.tests.send_rtp","2026-08-31","passed","2026-08-31","","test_RTP_send_MOCK","",""
"The response cannot be parsed as a cancellation confirmation (malformed, unquoted string), so the RTP stays in RFC_SENT rather than erroring out.","3359","Cancelling an RTP - EPC v4 mock unhappy path scenario: malformed_string","functional-tests.tests.cancel_rtp","2026-08-31","passed","2026-08-31","","test_RTP_cancel_MOCK_V2","",""
"","2591","RTP is successfully cancelled with reason PAID","functional-tests.tests.cancel_rtp","2026-08-31","passed","2026-08-31","","test_RTP_cancel","",""
"","1279","An RTP is sent through API - through Web API","functional-tests.tests.send_rtp","2026-08-31","passed","2026-08-31","","test_RTP_send_MOCK","",""
"Each entry in ``INVALID_PAYER_IDS`` (see dataset docstring) must be rejected with 400.","565","The activation request must contain a validly formatted fiscal code","functional-tests.tests.activation","2026-08-31","passed","2026-08-31","","test_debtor_activation_create","",""
"","1176","Find by payer id returns 404 when the token subject does not own the activation's Service Provider ID","functional-tests.tests.activation","2026-08-31","passed","2026-08-31","","test_debtor_activation_get","",""
"Each entry in ``INVALID_PAYER_IDS`` (see dataset docstring) must be rejected with 400.","566","The activation request must contain a validly formatted fiscal code","functional-tests.tests.activation","2026-08-31","passed","2026-08-31","","test_debtor_activation_create","",""
"","1290","Sending an RTP when EPC returns a malformed/invalid response body returns 500 - through Web API V2","functional-tests.tests.send_rtp","2026-08-31","passed","2026-08-31","","test_RTP_send_MOCK","",""
"","1858","RTP is successfully cancelled with reason MODT","functional-tests.tests.cancel_rtp","2026-08-31","passed","2026-08-31","","test_RTP_cancel","",""
"Each entry in ``INVALID_PAYER_IDS`` must be rejected with 400.

The ``description`` parameter appears in pytest output to identify which
case failed without having to inspect the raw value.
","578","Querying activation status with an invalid payerId format returns 400","functional-tests.tests.activation","2026-08-31","passed","2026-08-31","","test_debtor_activation_payer_status","",""
"","1169","Get by activation id returns 404 when the token subject does not own the activation's Service Provider ID","functional-tests.tests.activation","2026-08-31","passed","2026-08-31","","test_debtor_activation_get","",""
"Test that takeover fails when an invalid OTP is provided","1739","Test Takeover Fails with Invalid OTP","functional-tests.tests.takeover","2026-08-31","passed","2026-08-31","","test_debtor_takeover","",""
"
Test v2 RFC callback DS12N with INVALID status.

Flow:
1. Activate payer
2. Send an RTP via GPD message v2 (CREATE VALID)
3. Cancel the RTP via GPD message v2 (DELETE) -> RTP to RFC_SENT
4. Send DS12N callback with CxlStsId INVALID
5. Verify callback is rejected with 400
6. Verify RTP status is still RFC_SENT
","3117","A v2 RFC callback DS12N INVALID is rejected with 400","functional-tests.tests.callbacks_v2","2026-08-31","passed","2026-08-31","","test_RTP_callback_DS_12N_negative","",""
"","3009","An RTP callback with invalid status is received and processed with success without affecting the RTP status","functional-tests.tests.callbacks","2026-08-31","passed","2026-08-31","","test_RTP_callback_DS_05","",""
"Each entry in ``INVALID_PAYER_IDS`` must be rejected with 400.

The ``description`` parameter appears in pytest output to identify which
case failed without having to inspect the raw value.
","568","Querying activation status with an invalid payerId format returns 400","functional-tests.tests.activation","2026-08-31","passed","2026-08-31","","test_debtor_activation_payer_status","",""
"
Verify that a debt position can be deleted successfully.
","2786","Happy path: a debt position is deleted in DEV environment","functional-tests.tests.gpd_availability","2026-08-31","passed","2026-08-31","","test_availability_GPD","",""
"","3149","An RTP callback with status ACWC is successfully received","functional-tests.tests.callbacks","2026-08-31","passed","2026-08-31","","test_RTP_callback_DS_08","",""
"","4296","RTP form cancellation with reason MODT","ux-tests.tests","2026-08-31","passed","2026-08-31","","test_RTP_cancel_v3","",""
"
SP A activates the payer.
SP B queries the status → must get isActive=false to avoid disclosing
that the payer is registered under a competitor SP.
","1162","A payer active on a different Service Provider returns isActive false (privacy)","functional-tests.tests.activation","2026-08-31","passed","2026-08-31","","test_debtor_activation_payer_status","",""
"","1823","An RTP sent with synchronous acceptance is in status ACCEPTED - DS-05 ACTC - through Web API","functional-tests.tests.send_rtp","2026-08-31","passed","2026-08-31","","test_RTP_send_MOCK","",""
"","596","inexistent RTP -> empty body","functional-tests.tests.get_rtp","2026-08-31","passed","2026-08-31","","test_RTP_get","",""
"Test sending an UPDATE after CREATE VALID + DELETE with different statuses","2457","An UPDATE message with status PAID after CREATE VALID and DELETE","functional-tests.tests.process_messages_sender","2026-08-31","passed","2026-08-31","","test_RTP_process_sender_UPDATE","",""
"CREATE VALID with an ec_tax_code that does not exist in GPD returns 422 Payee not found","1499","A CREATE VALID message with a non-existent ec_tax_code is rejected","functional-tests.tests.process_messages_sender","2026-08-31","passed","2026-08-31","","test_RTP_process_sender_CREATE","",""
"","1213","A debtor is deactivated by an authenticated service provider","functional-tests.tests.activation","2026-08-31","passed","2026-08-31","","test_debtor_deactivation","",""
"","616","Sending to non-activated debtor returns 422","functional-tests.tests.send_rtp","2026-08-31","passed","2026-08-31","","test_RTP_send_MOCK","",""
"Each entry in ``INVALID_PAYER_IDS`` (see dataset docstring) must be rejected with 400.","570","The activation request must contain a validly formatted fiscal code","functional-tests.tests.activation","2026-08-31","passed","2026-08-31","","test_debtor_activation_create","",""
"","1161","A debtor with omocodia fiscal code is activated and retrieved by activation id","functional-tests.tests.activation","2026-08-31","passed","2026-08-31","","test_debtor_activation_get","",""
"
Test RFC callback DS12P with non-existing service provider, cancel via REST Web API.

Flow:
1. Activate payer
2. Send an RTP via GPD message (CREATE VALID)
3. Cancel the RTP via REST cancel endpoint with cancel_reason → RTP to RFC_SENT
4. Send DS12P callback with non-existing BIC (MOCKSP99)
5. Verify callback is rejected with 400 (service provider not found)
","2422","Failed RFC callback for non existing Service Provider - DS-12P CNCL compliant - through Web API cancel","functional-tests.tests.callbacks","2026-08-31","passed","2026-08-31","","test_RTP_callback_DS_12P","",""
"
Test v2 RFC callback DS12P with CNCL status applied twice on the same RTP.

Flow:
1. Activate payer
2. Send an RTP via GPD message v2 (CREATE VALID)
3. Cancel the RTP via GPD message v2 (DELETE) -> RTP to RFC_SENT
4. Send DS12P callback with CxlStsId CNCL (Cancelled As Per Request) -> RTP to CANCELLED
5. Send the same DS12P CNCL callback again on the already cancelled RTP
6. Verify the second callback is rejected (400) since the transition is no longer valid
7. Verify RTP status remains CANCELLED
","4305","Failed v2 RFC callback for invalid RTP transition - DS-12P positive compliant","functional-tests.tests.callbacks_v2","2026-08-31","passed","2026-08-31","","test_RTP_callback_DS_12P_positive","",""
"Test sending a DELETE operation message via GPD message API after a CREATE VALID + UPDATE","2477","A DELETE message after CREATE VALID + UPDATE INVALID","functional-tests.tests.process_messages_sender","2026-08-31","passed","2026-08-31","","test_RTP_process_sender_DELETE","",""
"Test sending a DELETE operation message via GPD message API after a standalone UPDATE (no prior CREATE)","1730","A DELETE message after standalone UPDATE PARTIALLY_PAID","functional-tests.tests.process_messages_sender","2026-08-31","passed","2026-08-31","","test_RTP_process_sender_DELETE","",""
"A valid token that carries neither read_rtp_activations nor read_rtp_all must be rejected with 403.","574","Token without read_rtp_activations or read_rtp_all role returns 403 Forbidden","functional-tests.tests.activation","2026-08-31","passed","2026-08-31","","test_debtor_activation_payer_status","",""
"","585","Non-existent NextActivationId returns 200 with empty body","functional-tests.tests.activation","2026-08-31","passed","2026-08-31","","test_debtor_activation_list","",""
"Payer activated under SP A queried by SP A → isActive must be true.","1456","An active payer returns isActive true for the same Service Provider","functional-tests.tests.activation","2026-08-31","passed","2026-08-31","","test_debtor_activation_payer_status","",""
"","2095","Takeover fails without authentication","bdd-tests","2026-08-31","passed","2026-08-31","Debtor_Activation_Takeover","RTP","",""
"Each entry in ``INVALID_PAYER_IDS`` (see dataset docstring) must be rejected with 400.","575","The activation request must contain a validly formatted fiscal code","functional-tests.tests.activation","2026-08-31","passed","2026-08-31","","test_debtor_activation_create","",""
"Each entry in ``INVALID_PAYER_IDS`` (see dataset docstring) must be rejected with 400.","562","The activation request must contain a validly formatted fiscal code","functional-tests.tests.activation","2026-08-31","passed","2026-08-31","","test_debtor_activation_create","",""
"","581","Unauthorized callback due to wrong certificate serial","functional-tests.tests.callbacks","2026-08-31","passed","2026-08-31","","test_RTP_callback_DS_04","",""
"
Test v2 RFC callback DS12N with wrong certificate identity.

Flow:
1. Activate payer
2. Send an RTP via GPD message v2 (CREATE VALID)
3. Cancel the RTP via GPD message v2 (DELETE) -> RTP to RFC_SENT
4. Send DS12N callback with assignee_bic='FAKESP01' (doesn't match certificate identity)
5. Verify callback is rejected with 403 (certificate mismatch)
6. Verify RTP status is still RFC_SENT
","3649","Unauthorized v2 RFC callback due to wrong certificate serial","functional-tests.tests.callbacks_v2","2026-08-31","passed","2026-08-31","","test_RTP_callback_DS_12N_negative","",""
"
Test RFC callback DS12N with non-existing service provider, cancel via REST Web API.

Flow:
1. Activate payer
2. Send an RTP via GPD message (CREATE VALID)
3. Cancel the RTP via REST cancel endpoint with cancel_reason → RTP to RFC_SENT
4. Send DS12N callback with non-existing BIC (MOCKSP99)
5. Verify callback is rejected with 400 (service provider not found)
","2442","Failed RFC callback for non existing Service Provider - DS-12N RJCR compliant - through Web API cancel","functional-tests.tests.callbacks","2026-08-31","passed","2026-08-31","","test_RTP_callback_DS_12N","",""
"
Test RFC callback DS12N with RJCR status, cancel triggered via REST Web API with explicit reason.

Flow:
1. Activate payer
2. Send an RTP via GPD message (CREATE VALID)
3. Cancel the RTP via REST cancel endpoint with cancel_reason → RTP to RFC_SENT
4. Send DS12N callback with CxlStsId RJCR (Rejected Cancellation Request)
5. Verify callback is accepted (200)
6. Verify RTP status is ERROR_CANCEL
","3595","An RFC callback DS12N RJCR is successfully received and RTP status is ERROR_CANCEL - through Web API cancel","functional-tests.tests.callbacks","2026-08-31","passed","2026-08-31","","test_RTP_callback_DS_12N","",""
"Reusing the same OTP after a successful takeover should fail","2782","Test Takeover Fails with Reused OTP","functional-tests.tests.takeover","2026-08-31","passed","2026-08-31","","test_debtor_takeover","",""
"
Test RFC callback DS12N with INVALID status.

Flow:
1. Activate payer
2. Send an RTP via GPD message (CREATE VALID)
3. Cancel the RTP via GPD message (DELETE) → RTP to RFC_SENT
4. Send DS12N callback with CxlStsId INVALID
5. Verify callback is rejected with 400
6. Verify RTP status is still RFC_SENT
","3729","An RFC callback DS12N INVALID is rejected with 400","functional-tests.tests.callbacks","2026-08-31","passed","2026-08-31","","test_RTP_callback_DS_12N","",""
"Missing or invalid Bearer token → the endpoint must return 401.","540","Querying activation status without a valid token returns 401","functional-tests.tests.activation","2026-08-31","passed","2026-08-31","","test_debtor_activation_payer_status","",""
"Test sending a CREATE operation message with different statuses via GPD message API","1269","A CREATE message with status VALID","functional-tests.tests.process_messages_sender","2026-08-31","passed","2026-08-31","","test_RTP_process_sender_CREATE","",""
"Test sending an UPDATE operation message with different statuses via GPD message API after a CREATE","2598","An UPDATE message with status PARTIALLY_PAID after CREATE","functional-tests.tests.process_messages_sender","2026-08-31","passed","2026-08-31","","test_RTP_process_sender_UPDATE","",""
"","592","All auth fixtures expose a valid Bearer token format","functional-tests.tests.auth","2026-08-31","passed","2026-08-31","","test_auth","",""
"
Test v2 RFC callback DS12N with RJCR status.

Flow:
1. Activate payer
2. Send an RTP via GPD message v2 (CREATE VALID)
3. Cancel the RTP via GPD message v2 (DELETE) -> RTP to RFC_SENT
4. Send DS12N callback with CxlStsId RJCR (Rejected Cancellation Request)
5. Verify callback is accepted (200)
6. Verify RTP status is CANCELLED_REJECTED
","3675","A v2 RFC callback DS12N RJCR is successfully received and RTP status is CANCELLED_REJECTED","functional-tests.tests.callbacks_v2","2026-08-31","passed","2026-08-31","","test_RTP_callback_DS_12N_negative","",""
"","1405","An RTP is sent to Poste service with activated fiscal code","functional-tests.tests.send_rtp","2026-08-31","passed","2026-08-31","","test_RTP_send_POSTE","",""
"","3585","A v2 document RTP callback with status RJCT is successfully received","functional-tests.tests.callbacks_v2","2026-08-31","passed","2026-08-31","","test_RTP_callback_DS_document_rjct","",""
"The PSP synchronously rejects the cancellation request with 422 (per standard behaviour for the EPC 415 Unsupported Media Type scenario). The RTP then transitions to ERROR_CANCEL via ERROR_CANCEL_RTP.","3114","Cancelling an RTP - EPC v4 mock unhappy path scenario: epc_415","functional-tests.tests.cancel_rtp","2026-08-31","passed","2026-08-31","","test_RTP_cancel_MOCK_V2","",""
"Each entry in ``INVALID_PAYER_IDS`` must be rejected with 400.

The ``description`` parameter appears in pytest output to identify which
case failed without having to inspect the raw value.
","560","Querying activation status with an invalid payerId format returns 400","functional-tests.tests.activation","2026-08-31","passed","2026-08-31","","test_debtor_activation_payer_status","",""
"","564","Unauthorized callback due to wrong certificate serial","functional-tests.tests.callbacks","2026-08-31","passed","2026-08-31","","test_RTP_callback_DS_08","",""
"","574","Get payees consents with wrong token type returns 403","functional-tests.tests.service_registry","2026-08-31","passed","2026-08-31","","test_get_payees_consents","",""
"","2492","An RTP sent with synchronous rejection and missing _links results in status REJECTED - through Web API","functional-tests.tests.send_rtp","2026-08-31","passed","2026-08-31","","test_RTP_send_MOCK","",""
"Test sending a DELETE operation message via GPD message API after a CREATE VALID + UPDATE","2464","A DELETE message after CREATE VALID + UPDATE PARTIALLY_PAID","functional-tests.tests.process_messages_sender","2026-08-31","passed","2026-08-31","","test_RTP_process_sender_DELETE","",""
"Test sending a DELETE operation message via GPD message API after a CREATE","1757","A DELETE message after CREATE PAID","functional-tests.tests.process_messages_sender","2026-08-31","passed","2026-08-31","","test_RTP_process_sender_DELETE","",""
"","1040","Get payees consents with negative page number returns 400","functional-tests.tests.service_registry","2026-08-31","passed","2026-08-31","","test_get_payees_consents","",""
"","2570","Failed callback for non existing Service Provider - DS-05 redirect compliant","functional-tests.tests.callbacks_v2","2026-08-31","passed","2026-08-31","","test_RTP_callback_DS_05_redirect","",""
"MOCKSP04 owns MOCKSP01 as well as its own spId; activation must be allowed on either.","1163","A debtor is activated using a Service Provider ID the token subject owns but does not itself represent","functional-tests.tests.activation","2026-08-31","passed","2026-08-31","","test_debtor_activation_create","",""
"Each entry in ``INVALID_PAYER_IDS`` must be rejected with 400.

The ``description`` parameter appears in pytest output to identify which
case failed without having to inspect the raw value.
","559","Querying activation status with an invalid payerId format returns 400","functional-tests.tests.activation","2026-08-31","passed","2026-08-31","","test_debtor_activation_payer_status","",""
"","3791","DS_12P positive RFC v2 callback with Version header returns 400","functional-tests.tests.callbacks_v2","2026-08-31","passed","2026-08-31","","test_RTP_callback_with_version_header","",""
"","4259","Failed v2 document callback for invalid RTP transition - DS-document RJCT compliant","functional-tests.tests.callbacks_v2","2026-08-31","passed","2026-08-31","","test_RTP_callback_DS_document_rjct","",""
"","2488","An authenticated Service Provider cannot send an RTP to an activated debtor","bdd-tests","2026-08-31","passed","2026-08-31","RTP_Sending","RTP","",""
"
Test RFC callback DS12N with RJCR status, cancel triggered via REST Web API with explicit reason.

Flow:
1. Activate payer
2. Send an RTP via GPD message (CREATE VALID)
3. Cancel the RTP via REST cancel endpoint with cancel_reason → RTP to RFC_SENT
4. Send DS12N callback with CxlStsId RJCR (Rejected Cancellation Request)
5. Verify callback is accepted (200)
6. Verify RTP status is ERROR_CANCEL
","4203","An RFC callback DS12N RJCR is successfully received and RTP status is ERROR_CANCEL - through Web API cancel","functional-tests.tests.callbacks","2026-08-31","passed","2026-08-31","","test_RTP_callback_DS_12N","",""
"Test sending a CREATE operation message with different statuses via GPD message API","1160","A CREATE message with status DRAFT","functional-tests.tests.process_messages_sender","2026-08-31","passed","2026-08-31","","test_RTP_process_sender_CREATE","",""
"","540","Get payees consents with invalid authorization returns 401","functional-tests.tests.service_registry","2026-08-31","passed","2026-08-31","","test_get_payees_consents","",""
"Test sending a DELETE operation message via GPD message API after a CREATE","1774","A DELETE message after CREATE INVALID","functional-tests.tests.process_messages_sender","2026-08-31","passed","2026-08-31","","test_RTP_process_sender_DELETE","",""
"","2787","A debtor Service Provider cannot send an RTP","bdd-tests","2026-08-31","passed","2026-08-31","RTP_Sending","RTP","",""
"","575","The activation request must contain a Service Provider ID of valid length","functional-tests.tests.activation","2026-08-31","passed","2026-08-31","","test_debtor_activation_create","",""
"Test sending a DELETE operation message via GPD message API after a CREATE","1742","A DELETE message after CREATE EXPIRED","functional-tests.tests.process_messages_sender","2026-08-31","passed","2026-08-31","","test_RTP_process_sender_DELETE","",""
"","1209","An RTP is sent to ICCREA service with activated fiscal code - through Web API V2","functional-tests.tests.send_rtp","2026-08-31","failed","2026-08-31","","test_RTP_send_ICCREA","",""
"Test sending an UPDATE operation message with different statuses via GPD message API before a CREATE","2092","An UPDATE message with status PUBLISHED before CREATE","functional-tests.tests.process_messages_sender","2026-08-31","passed","2026-08-31","","test_RTP_process_sender_UPDATE_before_CREATE","",""
"
Test RFC callback DS12N with wrong certificate identity.

Flow:
1. Activate payer
2. Send an RTP via GPD message (CREATE VALID)
3. Cancel the RTP via GPD message (DELETE) → RTP to RFC_SENT
4. Send DS12N callback with assignee_bic='FAKESP01' (doesn't match certificate identity MOCKSP04)
5. Verify callback is rejected with 403 (certificate mismatch)
","2446","Unauthorized RFC callback due to wrong certificate serial","functional-tests.tests.callbacks","2026-08-31","passed","2026-08-31","","test_RTP_callback_DS_12N","",""
"The PSP synchronously rejects the cancellation request with 422 (per standard behaviour for the EPC 422 Unprocessable Entity scenario). The RTP then transitions to ERROR_CANCEL via ERROR_CANCEL_RTP.","3107","Cancelling an RTP - EPC v4 mock unhappy path scenario: epc_422","functional-tests.tests.cancel_rtp","2026-08-31","passed","2026-08-31","","test_RTP_cancel_MOCK_V2","",""
"","2384","An RTP sent with synchronous rejection containing extra fields results in status REJECTED - through Web API","functional-tests.tests.send_rtp","2026-08-31","passed","2026-08-31","","test_RTP_send_MOCK","",""
"","2499","RTP form cancellation with reason PAID","ux-tests.tests","2026-08-31","passed","2026-08-31","","test_RTP_cancel_v3","",""
"","545","Missing Version header returns 200","functional-tests.tests.activation","2026-08-31","passed","2026-08-31","","test_debtor_activation_list","",""
"Each entry in ``INVALID_PAYER_IDS`` must be rejected with 400.

The ``description`` parameter appears in pytest output to identify which
case failed without having to inspect the raw value.
","1442","Querying activation status with an invalid payerId format returns 400","functional-tests.tests.activation","2026-08-31","passed","2026-08-31","","test_debtor_activation_payer_status","",""
"
Test RFC callback DS12N with INVALID status, cancel via REST Web API.

Flow:
1. Activate payer
2. Send an RTP via GPD message (CREATE VALID)
3. Cancel the RTP via REST cancel endpoint with cancel_reason → RTP to RFC_SENT
4. Send DS12N callback with CxlStsId INVALID
5. Verify callback is rejected with 400
6. Verify RTP status is still RFC_SENT
","3584","An RFC callback DS12N INVALID is rejected with 400 - through Web API cancel","functional-tests.tests.callbacks","2026-08-31","passed","2026-08-31","","test_RTP_callback_DS_12N","",""
"","573","Failed callback for non existing Service Provider - DS-08P compliant","functional-tests.tests.callbacks","2026-08-31","passed","2026-08-31","","test_RTP_callback_DS_08","",""
"UPDATE VALID before any CREATE creates a new RTP; the RTP must be retrievable from the database","1875","An UPDATE VALID before CREATE creates the RTP in the database","functional-tests.tests.process_messages_sender","2026-08-31","passed","2026-08-31","","test_RTP_process_sender_UPDATE_before_CREATE","",""
"","0","A Service Provider is authenticated","functional-tests.tests.auth","2026-08-31","passed","2026-08-31","","test_auth","",""
"Test sending a CREATE operation message with different statuses via GPD message API","1201","A CREATE message with status PAID","functional-tests.tests.process_messages_sender","2026-08-31","passed","2026-08-31","","test_RTP_process_sender_CREATE","",""
"
Test RFC callback DS12P with INVALID status.

Flow:
1. Activate payer
2. Send an RTP via GPD message (CREATE VALID)
3. Cancel the RTP via GPD message (DELETE) → RTP to RFC_SENT
4. Send DS12P callback with CxlStsId INVALID
5. Verify callback is rejected with 400
6. Verify RTP status is still RFC_SENT
","3053","An RFC callback DS12P INVALID is rejected with 400","functional-tests.tests.callbacks","2026-08-31","passed","2026-08-31","","test_RTP_callback_DS_12P","",""
"
Verify that a debt position can be updated successfully.
","6735","Happy path: a debt position is updated in DEV environment","functional-tests.tests.gpd_availability","2026-08-31","passed","2026-08-31","","test_availability_GPD","",""
"
Test RFC callback DS12P with wrong certificate identity, cancel via REST Web API.

Flow:
1. Activate payer
2. Send an RTP via GPD message (CREATE VALID)
3. Cancel the RTP via REST cancel endpoint with cancel_reason → RTP to RFC_SENT
4. Send DS12P callback with assignee_bic='FAKESP01' (doesn't match certificate identity MOCKSP04)
5. Verify callback is rejected with 403 (certificate mismatch)
","2441","Unauthorized RFC callback due to wrong certificate serial - through Web API cancel","functional-tests.tests.callbacks","2026-08-31","passed","2026-08-31","","test_RTP_callback_DS_12P","",""
"","3738","DS_12N negative RFC v2 callback with Version header returns 400","functional-tests.tests.callbacks_v2","2026-08-31","passed","2026-08-31","","test_RTP_callback_with_version_header","",""
"Test sending a CREATE operation message with different statuses via GPD message API","1594","A CREATE message with status PUBLISHED","functional-tests.tests.process_messages_sender","2026-08-31","passed","2026-08-31","","test_RTP_process_sender_CREATE","",""
"
Tests that sending an RTP payload with an expired date to the POSTE endpoint results in a 400 Bad Request response.

:param debtor_sp_mock_cert_key: Certificate and key tuple for mutual TLS authentication.
:type debtor_sp_mock_cert_key: Tuple[str, str]
","1175","Cannot send RTP with expired date","functional-tests.tests.availability","2026-08-31","failed","2026-08-31","","test_availability_POSTE","",""
"","3067","A v2 RTP callback with invalid status is rejected without affecting the RTP status","functional-tests.tests.callbacks_v2","2026-08-31","passed","2026-08-31","","test_RTP_callback_DS_08P_positive","",""
"","4529","Unauthorized callback due to wrong certificate serial","functional-tests.tests.callbacks_v2","2026-08-31","passed","2026-08-31","","test_RTP_callback_DS_08P_positive","",""
"Test that takeover fails when the service provider is unauthenticated","1702","Test Takeover Fails with Unauthenticated SP","functional-tests.tests.takeover","2026-08-31","passed","2026-08-31","","test_debtor_takeover","",""
"","1173","An RTP is sent to ICCREA service with activated fiscal code","functional-tests.tests.send_rtp","2026-08-31","passed","2026-08-31","","test_RTP_send_ICCREA","",""
"","3058","An RTP callback is received with invalid status","functional-tests.tests.callbacks","2026-08-31","passed","2026-08-31","","test_RTP_callback_DS_08","",""
"Each entry in ``INVALID_PAYER_IDS`` must be rejected with 400.

The ``description`` parameter appears in pytest output to identify which
case failed without having to inspect the raw value.
","580","Querying activation status with an invalid payerId format returns 400","functional-tests.tests.activation","2026-08-31","passed","2026-08-31","","test_debtor_activation_payer_status","",""
"","566","Retrieving activation with invalid UUID returns 400","functional-tests.tests.activation","2026-08-31","passed","2026-08-31","","test_debtor_activation_get","",""
"","1173","A debtor activated with an owned but distinct Service Provider ID is retrieved by activation id","functional-tests.tests.activation","2026-08-31","passed","2026-08-31","","test_debtor_activation_get","",""
"","1202","A debtor with foreign fiscal code is activated successfully","functional-tests.tests.activation","2026-08-31","passed","2026-08-31","","test_debtor_activation_create","",""
"An EPC response containing fields not declared in the OpenAPI spec is treated as an invalid message and is NOT tolerated for accept/reject purposes (confirmed with rtp-sender-v2 maintainers, PR #26). The extra `invalid-field` property invalidates the whole response, so the CNCL confirmation is not processed and the RTP stays in RFC_SENT.","2624","Cancelling an RTP - EPC v4 mock unhappy path scenario: cncl_extra_field","functional-tests.tests.cancel_rtp","2026-08-31","passed","2026-08-31","","test_RTP_cancel_MOCK_V2","",""
"Test sending an UPDATE operation message with different statuses via GPD message API before a CREATE","1276","An UPDATE message with status EXPIRED before CREATE","functional-tests.tests.process_messages_sender","2026-08-31","passed","2026-08-31","","test_RTP_process_sender_UPDATE_before_CREATE","",""
"","1979","An RTP is sent to a CBI service with activated fiscal code - through Web API","functional-tests.tests.send_rtp","2026-08-31","failed","2026-08-31","","test_RTP_send_CBI","",""
"Each entry in ``INVALID_PAYER_IDS`` (see dataset docstring) must be rejected with 400.","564","The activation request must contain a validly formatted fiscal code","functional-tests.tests.activation","2026-08-31","passed","2026-08-31","","test_debtor_activation_create","",""
