"DESCRIPTION","DURATION IN MS","NAME","PARENT SUITE","START TIME","STATUS","STOP TIME","SUB SUITE","SUITE","TEST CLASS","TEST METHOD"
"Each entry in ``INVALID_PAYER_IDS`` (see dataset docstring) must be rejected with 400.","634","The activation request must contain a validly formatted fiscal code","functional-tests.tests.activation","2026-08-03","passed","2026-08-03","","test_debtor_activation_create","",""
"","630","inexistent RTP -> empty body","functional-tests.tests.get_rtp","2026-08-03","passed","2026-08-03","","test_RTP_get","",""
"","1241","A debtor activated with an owned but distinct Service Provider ID is retrieved by payer id","functional-tests.tests.activation","2026-08-03","passed","2026-08-03","","test_debtor_activation_get","",""
"Test that takeover fails when an invalid OTP is provided","1890","Test Takeover Fails with Invalid OTP","functional-tests.tests.takeover","2026-08-03","passed","2026-08-03","","test_debtor_takeover","",""
"A valid token that carries neither read_rtp_activations nor read_rtp_all must be rejected with 403.","609","Token without read_rtp_activations or read_rtp_all role returns 403 Forbidden","functional-tests.tests.activation","2026-08-03","passed","2026-08-03","","test_debtor_activation_payer_status","",""
"No `Sts.Conf` confirmation is present (empty JSON object), so only CANCEL_RTP is triggered and the RTP stays in RFC_SENT.","2922","Cancelling an RTP - EPC v4 mock happy path scenario: empty_json_object","functional-tests.tests.cancel_rtp","2026-08-03","passed","2026-08-03","","test_RTP_cancel_MOCK_V2","",""
"","1404","A debtor with VAT number (Partita IVA) is activated successfully","functional-tests.tests.activation","2026-08-03","passed","2026-08-03","","test_debtor_activation_create","",""
"","1135","Whitespaces is allowed in description and company name field","ux-tests.tests","2026-08-03","passed","2026-08-03","","test_RTP_submission_v3","",""
"Test sending a DELETE operation message via GPD message API after a CREATE","1867","A DELETE message after CREATE EXPIRED","functional-tests.tests.process_messages_sender","2026-08-03","passed","2026-08-03","","test_RTP_process_sender_DELETE","",""
"","4717","Attempt to cancel an already cancelled RTP","bdd-tests","2026-08-03","passed","2026-08-03","RTP_Cancellation","RTP","",""
"
Test v2 RFC callback DS12N with RJCR status.

Flow:
1. Activate payer
2. Send an RTP via GPD message v2 (CREATE VALID)
3. Cancel the RTP via GPD message v2 (DELETE) -> RTP to RFC_SENT
4. Send DS12N callback with CxlStsId RJCR (Rejected Cancellation Request)
5. Verify callback is accepted (200)
6. Verify RTP status is CANCELLED_REJECTED
","3993","A v2 RFC callback DS12N RJCR is successfully received and RTP status is CANCELLED_REJECTED","functional-tests.tests.callbacks_v2","2026-08-03","passed","2026-08-03","","test_RTP_callback_DS_12N_negative","",""
"","1351","An RTP is sent through GPD message API","functional-tests.tests.send_rtp","2026-08-03","passed","2026-08-03","","test_RTP_send_MOCK","",""
"Test sending an UPDATE after CREATE VALID + DELETE with different statuses","3439","An UPDATE message with status INVALID after CREATE VALID and DELETE","functional-tests.tests.process_messages_sender","2026-08-03","passed","2026-08-03","","test_RTP_process_sender_UPDATE","",""
"","1856","RTP form is filled and submitted","ux-tests.tests","2026-08-03","passed","2026-08-03","","test_RTP_submission_v3","",""
"Active payer identified by an 11-digit Partita IVA → isActive must be true.","1648","An active payer with VAT number (Partita IVA) returns isActive true","functional-tests.tests.activation","2026-08-03","passed","2026-08-03","","test_debtor_activation_payer_status","",""
"Each entry in ``INVALID_PAYER_IDS`` must be rejected with 400.

The ``description`` parameter appears in pytest output to identify which
case failed without having to inspect the raw value.
","609","Querying activation status with an invalid payerId format returns 400","functional-tests.tests.activation","2026-08-03","passed","2026-08-03","","test_debtor_activation_payer_status","",""
"","1261","A debtor with foreign fiscal code is activated successfully","functional-tests.tests.activation","2026-08-03","passed","2026-08-03","","test_debtor_activation_create","",""
"Test the takeover flow where a user changes service provider","4210","Test Takeover Flow","functional-tests.tests.takeover","2026-08-03","passed","2026-08-03","","test_debtor_takeover","",""
"`Sts.Conf = ""RJCR""` triggers CANCEL_RTP -> CONFIRM_RFC -> CANCEL_RTP_REJECTED, ending in CANCELLED_REJECTED.","3294","Cancelling an RTP - EPC v4 mock happy path scenario: rjcr_rejected","functional-tests.tests.cancel_rtp","2026-08-03","passed","2026-08-03","","test_RTP_cancel_MOCK_V2","",""
"Test that takeover fails when the service provider is unauthenticated","1828","Test Takeover Fails with Unauthenticated SP","functional-tests.tests.takeover","2026-08-03","passed","2026-08-03","","test_debtor_takeover","",""
"","608","Get payees consents with invalid date format returns 400","functional-tests.tests.service_registry","2026-08-03","passed","2026-08-03","","test_get_payees_consents","",""
"Test sending a DELETE operation message via GPD message API after a CREATE VALID + UPDATE","3609","A DELETE message after CREATE VALID + UPDATE VALID","functional-tests.tests.process_messages_sender","2026-08-03","passed","2026-08-03","","test_RTP_process_sender_DELETE","",""
"
Test RFC callback DS12P with wrong certificate identity.

Flow:
1. Activate payer
2. Send an RTP via GPD message (CREATE VALID)
3. Cancel the RTP via GPD message (DELETE) → RTP to RFC_SENT
4. Send DS12P callback with assignee_bic='FAKESP01' (doesn't match certificate identity MOCKSP04)
5. Verify callback is rejected with 403 (certificate mismatch)
","2793","Unauthorized RFC callback due to wrong certificate serial","functional-tests.tests.callbacks","2026-08-03","passed","2026-08-03","","test_RTP_callback_DS_12P","",""
"Each entry in ``INVALID_PAYER_IDS`` (see dataset docstring) must be rejected with 400.","601","The activation request must contain a validly formatted fiscal code","functional-tests.tests.activation","2026-08-03","passed","2026-08-03","","test_debtor_activation_create","",""
"MOCKSP04 owns MOCKSP01 as well as its own spId; activation must be allowed on either.","1265","A debtor is activated using a Service Provider ID the token subject owns but does not itself represent","functional-tests.tests.activation","2026-08-03","passed","2026-08-03","","test_debtor_activation_create","",""
"","2002","An RTP sent when EPC response contains an unknown field is ignored and remains in status SENT - through Web API V2","functional-tests.tests.send_rtp","2026-08-03","passed","2026-08-03","","test_RTP_send_MOCK","",""
"","1488","Failed callback for non existing Service Provider - DS-04b compliant","functional-tests.tests.callbacks","2026-08-03","passed","2026-08-03","","test_RTP_callback_DS_04","",""
"Test sending a DELETE operation message via GPD message API after a standalone UPDATE (no prior CREATE)","1887","A DELETE message after standalone UPDATE PAID","functional-tests.tests.process_messages_sender","2026-08-03","passed","2026-08-03","","test_RTP_process_sender_DELETE","",""
"","1246","A debtor with VAT number is activated and retrieved by activation id","functional-tests.tests.activation","2026-08-03","passed","2026-08-03","","test_debtor_activation_get","",""
"","611","All auth fixtures expose a valid Bearer token format","functional-tests.tests.auth","2026-08-03","passed","2026-08-03","","test_auth","",""
"","3240","A v2 redirect RTP callback with invalid status is rejected without affecting the RTP status","functional-tests.tests.callbacks_v2","2026-08-03","passed","2026-08-03","","test_RTP_callback_DS_05_redirect","",""
"Test sending a DELETE operation message via GPD message API after a standalone UPDATE (no prior CREATE)","2165","A DELETE message after standalone UPDATE VALID","functional-tests.tests.process_messages_sender","2026-08-03","passed","2026-08-03","","test_RTP_process_sender_DELETE","",""
"","2353","Cannot send RTP with invalid amount","functional-tests.tests.availability","2026-08-03","passed","2026-08-03","","test_availability_CBI","",""
"
Test RFC callback DS12N with INVALID status.

Flow:
1. Activate payer
2. Send an RTP via GPD message (CREATE VALID)
3. Cancel the RTP via GPD message (DELETE) → RTP to RFC_SENT
4. Send DS12N callback with CxlStsId INVALID
5. Verify callback is rejected with 400
6. Verify RTP status is still RFC_SENT
","3262","An RFC callback DS12N INVALID is rejected with 400","functional-tests.tests.callbacks","2026-08-03","passed","2026-08-03","","test_RTP_callback_DS_12N","",""
"","605","RTP cancellation fails if resource ID does not exist - V2","functional-tests.tests.cancel_rtp","2026-08-03","passed","2026-08-03","","test_RTP_cancel","",""
"
Test RFC callback DS12N with wrong certificate identity.

Flow:
1. Activate payer
2. Send an RTP via GPD message (CREATE VALID)
3. Cancel the RTP via GPD message (DELETE) → RTP to RFC_SENT
4. Send DS12N callback with assignee_bic='FAKESP01' (doesn't match certificate identity MOCKSP04)
5. Verify callback is rejected with 403 (certificate mismatch)
","2628","Unauthorized RFC callback due to wrong certificate serial","functional-tests.tests.callbacks","2026-08-03","passed","2026-08-03","","test_RTP_callback_DS_12N","",""
"The ownership check fails the same way whether the target spId belongs to someone else
or doesn't exist in the registry at all - NOEXIT00 is not a real Service Provider ID.","613","Activation is forbidden with the same error code for a Service Provider ID absent from the registry","functional-tests.tests.activation","2026-08-03","passed","2026-08-03","","test_debtor_activation_create","",""
"","2088","An RTP sent when EPC response omits _links is in status ACCEPTED - through Web API V2","functional-tests.tests.send_rtp","2026-08-03","passed","2026-08-03","","test_RTP_send_MOCK","",""
"","2610","Failed callback for non existing Service Provider - DS-08P positive compliant","functional-tests.tests.callbacks_v2","2026-08-03","passed","2026-08-03","","test_RTP_callback_DS_08P_positive","",""
"Test sending a DELETE operation message via GPD message API after a standalone UPDATE (no prior CREATE)","1855","A DELETE message after standalone UPDATE PARTIALLY_PAID","functional-tests.tests.process_messages_sender","2026-08-03","passed","2026-08-03","","test_RTP_process_sender_DELETE","",""
"","3859","Attempt to cancel a non-existing RTP","bdd-tests","2026-08-03","passed","2026-08-03","RTP_Cancellation","RTP","",""
"","622","Retrieving non-existent activation returns 404","functional-tests.tests.activation","2026-08-03","passed","2026-08-03","","test_debtor_activation_get","",""
"Test sending a DELETE operation message via GPD message API after a CREATE VALID + UPDATE","3841","A DELETE message after CREATE VALID + UPDATE INVALID","functional-tests.tests.process_messages_sender","2026-08-03","passed","2026-08-03","","test_RTP_process_sender_DELETE","",""
"","606","A Service Provider with invalid client ID is not authenticated on Keycloak","functional-tests.tests.auth","2026-08-03","passed","2026-08-03","","test_auth","",""
"","1934","RTP is successfully retrieved","functional-tests.tests.get_rtp","2026-08-03","passed","2026-08-03","","test_RTP_get","",""
"","1286","A second service provider triggers takeover when debtor is already active on another service provider","functional-tests.tests.activation","2026-08-03","passed","2026-08-03","","test_debtor_activation_create","",""
"","1979","A debtor with omocodia fiscal code is activated and retrieved by activation id","functional-tests.tests.activation","2026-08-03","passed","2026-08-03","","test_debtor_activation_get","",""
"Each entry in ``INVALID_PAYER_IDS`` must be rejected with 400.

The ``description`` parameter appears in pytest output to identify which
case failed without having to inspect the raw value.
","788","Querying activation status with an invalid payerId format returns 400","functional-tests.tests.activation","2026-08-03","passed","2026-08-03","","test_debtor_activation_payer_status","",""
"
Test RFC callback DS12P with non-existing service provider, cancel via REST Web API.

Flow:
1. Activate payer
2. Send an RTP via GPD message (CREATE VALID)
3. Cancel the RTP via REST cancel endpoint with cancel_reason → RTP to RFC_SENT
4. Send DS12P callback with non-existing BIC (MOCKSP99)
5. Verify callback is rejected with 400 (service provider not found)
","2624","Failed RFC callback for non existing Service Provider - DS-12P CNCL compliant - through Web API cancel","functional-tests.tests.callbacks","2026-08-03","passed","2026-08-03","","test_RTP_callback_DS_12P","",""
"","2269","RTP is successfully cancelled with reason MODT","functional-tests.tests.cancel_rtp","2026-08-03","passed","2026-08-03","","test_RTP_cancel","",""
"
Test RFC callback DS12P with non-existing service provider, cancel via REST Web API.

Flow:
1. Activate payer
2. Send an RTP via GPD message (CREATE VALID)
3. Cancel the RTP via REST cancel endpoint with cancel_reason → RTP to RFC_SENT
4. Send DS12P callback with non-existing BIC (MOCKSP99)
5. Verify callback is rejected with 400 (service provider not found)
","2600","Failed RFC callback for non existing Service Provider - DS-12P CNCL compliant - through Web API cancel","functional-tests.tests.callbacks","2026-08-03","passed","2026-08-03","","test_RTP_callback_DS_12P","",""
"","1202","Sending to non-activated debtor returns 422","functional-tests.tests.send_rtp","2026-08-03","passed","2026-08-03","","test_RTP_send_MOCK","",""
"","601","Find by payer id request must contain lower case fiscal code","functional-tests.tests.activation","2026-08-03","passed","2026-08-03","","test_debtor_activation_create","",""
"
DS_12P CNCL RFC callback sent with the Version header must be rejected with 400.
The RTP must remain in RFC_SENT (transition to CANCELLED must not happen).

Flow:
1. Activate payer, send RTP, trigger cancel via GPD DELETE → RFC_SENT
2. Build a valid DS_12P CNCL payload
3. POST to RFC callback endpoint WITH Version header
4. Verify 400 is returned with the expected error body
5. Verify RTP status is still RFC_SENT
","3417","DS_12P CNCL RFC callback with Version header returns 400","functional-tests.tests.callbacks","2026-08-03","passed","2026-08-03","","test_RTP_callback_with_version_header","",""
"Test sending a DELETE operation message via GPD message API after a CREATE","2179","A DELETE message after CREATE DRAFT","functional-tests.tests.process_messages_sender","2026-08-03","passed","2026-08-03","","test_RTP_process_sender_DELETE","",""
"Parametrized contract test generated from the Activation API OpenAPI spec.

Schemathesis derives one test case per endpoint defined in the spec, generating
request data (path params, query params, body) that is valid according to the schema.
Each case is executed against the live API and the response is validated with
CONTRACT_CHECKS.
","88245","test_activation_contract[GET /activations/payer]","contract-tests.tests","2026-08-03","passed","2026-08-03","","test_activation","",""
"The PSP synchronously rejects the cancellation request with 422 (per standard behaviour for the EPC 422 Unprocessable Entity scenario). The RTP then transitions to ERROR_CANCEL via ERROR_CANCEL_RTP.","2676","Cancelling an RTP - EPC v4 mock unhappy path scenario: epc_422","functional-tests.tests.cancel_rtp","2026-08-03","failed","2026-08-03","","test_RTP_cancel_MOCK_V2","",""
"
Test RFC callback DS12P with wrong certificate identity, cancel via REST Web API.

Flow:
1. Activate payer
2. Send an RTP via GPD message (CREATE VALID)
3. Cancel the RTP via REST cancel endpoint with cancel_reason → RTP to RFC_SENT
4. Send DS12P callback with assignee_bic='FAKESP01' (doesn't match certificate identity MOCKSP04)
5. Verify callback is rejected with 403 (certificate mismatch)
","2811","Unauthorized RFC callback due to wrong certificate serial - through Web API cancel","functional-tests.tests.callbacks","2026-08-03","passed","2026-08-03","","test_RTP_callback_DS_12P","",""
"","690","Non-existent NextActivationId returns 200 with empty body","functional-tests.tests.activation","2026-08-03","passed","2026-08-03","","test_debtor_activation_list","",""
"","2293","An RTP sent when EPC response contains an unknown field is ignored and remains in status SENT - through Web API","functional-tests.tests.send_rtp","2026-08-03","passed","2026-08-03","","test_RTP_send_MOCK","",""
"","3133","Unauthorized callback due to wrong certificate serial","functional-tests.tests.callbacks_v2","2026-08-03","passed","2026-08-03","","test_RTP_callback_DS_08P_positive","",""
"
Given an RTP is sent successfully (status SENT) for a given noticeNumber + payeeId,
when the payee queries the delivery-status endpoint with the correct noticeNumber
but a different payeeId,
then the response must be HTTP 200 with status=PD_RTP_NOT_DELIVERED, verifying
that the endpoint filters on both fields.
","7828","Existing noticeNumber with wrong payeeId → PD_RTP_NOT_DELIVERED","functional-tests.tests.get_rtp","2026-08-03","passed","2026-08-03","","test_RTP_get_delivery_status","",""
"","2594","An RTP is sent to ICCREA service with activated fiscal code - through Web API","functional-tests.tests.send_rtp","2026-08-03","failed","2026-08-03","","test_RTP_send_ICCREA","",""
"","577","The service returns the mocked server error","functional-tests.tests.availability","2026-08-03","passed","2026-08-03","","test_availability_MOCK","",""
"Test sending a DELETE operation message via GPD message API after a CREATE VALID + UPDATE","2704","A DELETE message after CREATE VALID + UPDATE PARTIALLY_PAID","functional-tests.tests.process_messages_sender","2026-08-03","passed","2026-08-03","","test_RTP_process_sender_DELETE","",""
"Each entry in ``INVALID_PAYER_IDS`` must be rejected with 400.

The ``description`` parameter appears in pytest output to identify which
case failed without having to inspect the raw value.
","616","Querying activation status with an invalid payerId format returns 400","functional-tests.tests.activation","2026-08-03","passed","2026-08-03","","test_debtor_activation_payer_status","",""
"Each entry in ``INVALID_PAYER_IDS`` must be rejected with 400.

The ``description`` parameter appears in pytest output to identify which
case failed without having to inspect the raw value.
","611","Querying activation status with an invalid payerId format returns 400","functional-tests.tests.activation","2026-08-03","passed","2026-08-03","","test_debtor_activation_payer_status","",""
"","1908","An authenticated Service Provider cannot send an RTP to an unactivated debtor","bdd-tests","2026-08-03","passed","2026-08-03","RTP_Sending","RTP","",""
"","609","Invalid NextActivationId format returns 400","functional-tests.tests.activation","2026-08-03","passed","2026-08-03","","test_debtor_activation_list","",""
"
Test RFC callback DS12P with INVALID status, cancel via REST Web API.

Flow:
1. Activate payer
2. Send an RTP via GPD message (CREATE VALID)
3. Cancel the RTP via REST cancel endpoint with cancel_reason → RTP to RFC_SENT
4. Send DS12P callback with CxlStsId INVALID
5. Verify callback is rejected with 400
6. Verify RTP status is still RFC_SENT
","3414","An RFC callback DS12P INVALID is rejected with 400 - through Web API cancel","functional-tests.tests.callbacks","2026-08-03","passed","2026-08-03","","test_RTP_callback_DS_12P","",""
"The PSP synchronously rejects the cancellation request with 422 (per standard behaviour for the EPC 404 Not Found scenario). The RTP then transitions to ERROR_CANCEL via ERROR_CANCEL_RTP.","3440","Cancelling an RTP - EPC v4 mock unhappy path scenario: epc_404","functional-tests.tests.cancel_rtp","2026-08-03","failed","2026-08-03","","test_RTP_cancel_MOCK_V2","",""
"","1270","A debtor is activated and retrieved by activation id","functional-tests.tests.activation","2026-08-03","passed","2026-08-03","","test_debtor_activation_get","",""
"","2960","RTP is successfully cancelled with reason PAID","functional-tests.tests.cancel_rtp","2026-08-03","passed","2026-08-03","","test_RTP_cancel","",""
"","1305","All auth fixtures expose a valid Bearer token format","functional-tests.tests.auth","2026-08-03","passed","2026-08-03","","test_auth","",""
"","2563","An RTP callback is received with invalid status","functional-tests.tests.callbacks","2026-08-03","passed","2026-08-03","","test_RTP_callback_DS_08","",""
"
Test RFC callback DS12P with INVALID status, cancel via REST Web API.

Flow:
1. Activate payer
2. Send an RTP via GPD message (CREATE VALID)
3. Cancel the RTP via REST cancel endpoint with cancel_reason → RTP to RFC_SENT
4. Send DS12P callback with CxlStsId INVALID
5. Verify callback is rejected with 400
6. Verify RTP status is still RFC_SENT
","3212","An RFC callback DS12P INVALID is rejected with 400 - through Web API cancel","functional-tests.tests.callbacks","2026-08-03","passed","2026-08-03","","test_RTP_callback_DS_12P","",""
"UPDATE VALID with an ec_tax_code that does not exist in GPD returns 422 Payee not found","1260","An UPDATE VALID message with a non-existent ec_tax_code is rejected","functional-tests.tests.process_messages_sender","2026-08-03","passed","2026-08-03","","test_RTP_process_sender_UPDATE","",""
"
Test RFC callback DS12N with wrong certificate identity, cancel via REST Web API.

Flow:
1. Activate payer
2. Send an RTP via GPD message (CREATE VALID)
3. Cancel the RTP via REST cancel endpoint with cancel_reason → RTP to RFC_SENT
4. Send DS12N callback with assignee_bic='FAKESP01' (doesn't match certificate identity MOCKSP04)
5. Verify callback is rejected with 403 (certificate mismatch)
","2673","Unauthorized RFC callback due to wrong certificate serial - through Web API cancel","functional-tests.tests.callbacks","2026-08-03","passed","2026-08-03","","test_RTP_callback_DS_12N","",""
"
Test RFC callback DS12N with non-existing service provider.

Flow:
1. Activate payer
2. Send an RTP via GPD message (CREATE VALID)
3. Cancel the RTP via GPD message (DELETE) → RTP to RFC_SENT
4. Send DS12N callback with non-existing BIC (MOCKSP99)
5. Verify callback is rejected with 400 (service provider not found)
","2570","Failed RFC callback for non existing Service Provider - DS-12N RJCR compliant","functional-tests.tests.callbacks","2026-08-03","passed","2026-08-03","","test_RTP_callback_DS_12N","",""
"
Payer activated under SP A.
- SP B (read_rtp_activations): isActive must be false - privacy rule hides cross-SP activation.
- Admin (read_rtp_all): isActive must be true - role grants visibility across all SPs.
Same payer, same endpoint, different roles → different results.
","1850","read_rtp_all role returns isActive true while read_rtp_activations returns false for the same cross-SP payer","functional-tests.tests.activation","2026-08-03","passed","2026-08-03","","test_debtor_activation_payer_status","",""
"
Test v2 RFC callback DS12P with CNCL status.

Flow:
1. Activate payer
2. Send an RTP via GPD message v2 (CREATE VALID)
3. Cancel the RTP via GPD message v2 (DELETE) -> RTP to RFC_SENT
4. Send DS12P callback with CxlStsId CNCL (Cancelled As Per Request)
5. Verify callback is accepted (200)
6. Verify RTP status is CANCELLED
","4151","A v2 RFC callback DS12P CNCL is successfully received and RTP status is CANCELLED","functional-tests.tests.callbacks_v2","2026-08-03","passed","2026-08-03","","test_RTP_callback_DS_12P_positive","",""
"Each entry in ``INVALID_PAYER_IDS`` must be rejected with 400.

The ``description`` parameter appears in pytest output to identify which
case failed without having to inspect the raw value.
","600","Querying activation status with an invalid payerId format returns 400","functional-tests.tests.activation","2026-08-03","passed","2026-08-03","","test_debtor_activation_payer_status","",""
"","3224","A v2 document RTP callback with invalid status is rejected without affecting the RTP status","functional-tests.tests.callbacks_v2","2026-08-03","passed","2026-08-03","","test_RTP_callback_DS_document_rjct","",""
"","2512","An RTP sent with synchronous rejection is in status REJECTED - DS-08P N - through Web API","functional-tests.tests.send_rtp","2026-08-03","passed","2026-08-03","","test_RTP_send_MOCK","",""
"Test sending an UPDATE operation message with different statuses via GPD message API after a CREATE","2001","An UPDATE message with status DRAFT after CREATE","functional-tests.tests.process_messages_sender","2026-08-03","passed","2026-08-03","","test_RTP_process_sender_UPDATE","",""
"Test sending an UPDATE operation message with different statuses via GPD message API after a CREATE","2416","An UPDATE message with status PARTIALLY_PAID after CREATE","functional-tests.tests.process_messages_sender","2026-08-03","passed","2026-08-03","","test_RTP_process_sender_UPDATE","",""
"FAKESP01 does not own MOCKSP01, a Service Provider ID owned by another tspId.","616","Activation is forbidden for a Service Provider ID not owned by the token subject","functional-tests.tests.activation","2026-08-03","passed","2026-08-03","","test_debtor_activation_create","",""
"","848","Get list of service providers successfully","functional-tests.tests.service_registry","2026-08-03","passed","2026-08-03","","test_service_registry_service_providers","",""
"Test sending an UPDATE operation message with different statuses via GPD message API before a CREATE","1250","An UPDATE message with status PAID before CREATE","functional-tests.tests.process_messages_sender","2026-08-03","passed","2026-08-03","","test_RTP_process_sender_UPDATE_before_CREATE","",""
"Test sending a CREATE operation message with different statuses via GPD message API","1340","A CREATE message with status VALID","functional-tests.tests.process_messages_sender","2026-08-03","passed","2026-08-03","","test_RTP_process_sender_CREATE","",""
"","2642","An RTP sent with synchronous rejection is in status REJECTED - DS-08P N","functional-tests.tests.send_rtp","2026-08-03","passed","2026-08-03","","test_RTP_send_MOCK","",""
"MOCKSP04 owns MOCKSP01 as well as its own spId; status must reflect the activation either way.","1342","An active payer returns isActive true when activated under an owned but distinct Service Provider ID","functional-tests.tests.activation","2026-08-03","passed","2026-08-03","","test_debtor_activation_payer_status","",""
"","610","Invalid pagination parameters returns 400","functional-tests.tests.activation","2026-08-03","passed","2026-08-03","","test_debtor_activation_list","",""
"The PSP synchronously rejects the cancellation request with 422 (per standard behaviour for the EPC 406 Not Acceptable scenario). The RTP then transitions to ERROR_CANCEL via ERROR_CANCEL_RTP.","3530","Cancelling an RTP - EPC v4 mock unhappy path scenario: epc_406","functional-tests.tests.cancel_rtp","2026-08-03","failed","2026-08-03","","test_RTP_cancel_MOCK_V2","",""
"","1439","A debtor is activated by an authenticated service provider","functional-tests.tests.activation","2026-08-03","passed","2026-08-03","","test_debtor_activation_create","",""
"The PSP synchronously rejects the cancellation request with 422 (per standard behaviour for the EPC 400 Bad Request scenario). The RTP then transitions to ERROR_CANCEL via ERROR_CANCEL_RTP.","2903","Cancelling an RTP - EPC v4 mock unhappy path scenario: epc_400","functional-tests.tests.cancel_rtp","2026-08-03","failed","2026-08-03","","test_RTP_cancel_MOCK_V2","",""
"","3197","An RTP callback with invalid status is received and processed with success without affecting the RTP status","functional-tests.tests.callbacks","2026-08-03","passed","2026-08-03","","test_RTP_callback_DS_05","",""
"
Given a noticeNumber that does not correspond to any RTP in the database,
when the payee queries the delivery-status endpoint,
then the response must be HTTP 200 with status=PD_RTP_NOT_DELIVERED and
processingDate absent or null.
","632","Non-existent noticeNumber → PD_RTP_NOT_DELIVERED","functional-tests.tests.get_rtp","2026-08-03","passed","2026-08-03","","test_RTP_get_delivery_status","",""
"","2286","An RTP sent when EPC response omits _links is in status ACCEPTED - through Web API","functional-tests.tests.send_rtp","2026-08-03","passed","2026-08-03","","test_RTP_send_MOCK","",""
"
Test v2 RFC callback DS12N with INVALID status.

Flow:
1. Activate payer
2. Send an RTP via GPD message v2 (CREATE VALID)
3. Cancel the RTP via GPD message v2 (DELETE) -> RTP to RFC_SENT
4. Send DS12N callback with CxlStsId INVALID
5. Verify callback is rejected with 400
6. Verify RTP status is still RFC_SENT
","4577","A v2 RFC callback DS12N INVALID is rejected with 400","functional-tests.tests.callbacks_v2","2026-08-03","passed","2026-08-03","","test_RTP_callback_DS_12N_negative","",""
"
Tests the retrieval of an access token from the POSTE authentication endpoint using client credentials and mutual TLS.

:param debtor_sp_mock_cert_key: Certificate and key tuple for mutual TLS authentication.
:type debtor_sp_mock_cert_key: Tuple[str, str]
","418","Auth endpoint returns valid token","functional-tests.tests.availability","2026-08-03","passed","2026-08-03","","test_availability_POSTE","",""
"","2865","An RTP sent with synchronous rejection and missing _links results in status REJECTED - through Web API","functional-tests.tests.send_rtp","2026-08-03","passed","2026-08-03","","test_RTP_send_MOCK","",""
"Test sending a CREATE operation message with an omocodia fiscal code via GPD message API","1327","A CREATE message with omocodia fiscal code is successfully sent through GPD message API","functional-tests.tests.process_messages_sender","2026-08-03","passed","2026-08-03","","test_RTP_process_sender","",""
"Test sending an UPDATE after CREATE VALID + DELETE with different statuses","2591","An UPDATE message with status PARTIALLY_PAID after CREATE VALID and DELETE","functional-tests.tests.process_messages_sender","2026-08-03","passed","2026-08-03","","test_RTP_process_sender_UPDATE","",""
"
Test RFC callback DS12N with RJCR status, cancel triggered via REST Web API with explicit reason.

Flow:
1. Activate payer
2. Send an RTP via GPD message (CREATE VALID)
3. Cancel the RTP via REST cancel endpoint with cancel_reason → RTP to RFC_SENT
4. Send DS12N callback with CxlStsId RJCR (Rejected Cancellation Request)
5. Verify callback is accepted (200)
6. Verify RTP status is ERROR_CANCEL
","3775","An RFC callback DS12N RJCR is successfully received and RTP status is ERROR_CANCEL - through Web API cancel","functional-tests.tests.callbacks","2026-08-03","passed","2026-08-03","","test_RTP_callback_DS_12N","",""
"","611","The activation request must contain a validly formatted Service Provider ID","functional-tests.tests.activation","2026-08-03","passed","2026-08-03","","test_debtor_activation_create","",""
"Test sending a CREATE operation message with different statuses via GPD message API","1235","A CREATE message with status EXPIRED","functional-tests.tests.process_messages_sender","2026-08-03","passed","2026-08-03","","test_RTP_process_sender_CREATE","",""
"
Tests that sending an RTP payload with an amount over the POSTE limit results in a 400 Bad Request response.

:param debtor_sp_mock_cert_key: Certificate and key tuple for mutual TLS authentication.
:type debtor_sp_mock_cert_key: Tuple[str, str]
","1272","Cannot send RTP with an amount over the POSTE limit","functional-tests.tests.availability","2026-08-03","passed","2026-08-03","","test_availability_POSTE","",""
"","3110","Failed callback for non existing Service Provider - DS-05 redirect compliant","functional-tests.tests.callbacks_v2","2026-08-03","passed","2026-08-03","","test_RTP_callback_DS_05_redirect","",""
"","3266","A v2 RTP callback with invalid status is rejected without affecting the RTP status","functional-tests.tests.callbacks_v2","2026-08-03","passed","2026-08-03","","test_RTP_callback_DS_08N_negative","",""
"","2156","RTP cancellation fails with an invalid reason","functional-tests.tests.cancel_rtp","2026-08-03","passed","2026-08-03","","test_RTP_cancel","",""
"","4475","Unauthorized callback due to wrong certificate serial","functional-tests.tests.callbacks_v2","2026-08-03","passed","2026-08-03","","test_RTP_callback_DS_05_redirect","",""
"","1052","An RTP is sent to ICCREA service with activated fiscal code","functional-tests.tests.send_rtp","2026-08-03","passed","2026-08-03","","test_RTP_send_ICCREA","",""
"
DS_05 ACTC callback sent with the Version header must be rejected with 400.
The RTP must remain in SENT (transition to ACCEPTED must not happen).

Flow:
1. Activate payer and send an RTP → resource_id
2. Build a valid DS_05 ACTC payload referencing the RTP
3. POST to callback endpoint WITH Version header
4. Verify 400 is returned with the expected error body
5. Verify RTP status is still SENT
","2541","DS_05 ACTC callback with Version header returns 400","functional-tests.tests.callbacks","2026-08-03","passed","2026-08-03","","test_RTP_callback_with_version_header","",""
"Each entry in ``INVALID_PAYER_IDS`` (see dataset docstring) must be rejected with 400.","599","The activation request must contain a validly formatted fiscal code","functional-tests.tests.activation","2026-08-03","passed","2026-08-03","","test_debtor_activation_create","",""
"","1267","A debtor is deactivated by an authenticated service provider","functional-tests.tests.activation","2026-08-03","passed","2026-08-03","","test_debtor_deactivation","",""
"Each entry in ``INVALID_PAYER_IDS`` must be rejected with 400.

The ``description`` parameter appears in pytest output to identify which
case failed without having to inspect the raw value.
","609","Querying activation status with an invalid payerId format returns 400","functional-tests.tests.activation","2026-08-03","passed","2026-08-03","","test_debtor_activation_payer_status","",""
"","9473","RTP form cancellation with reason PAID","ux-tests.tests","2026-08-03","failed","2026-08-03","","test_RTP_cancel_v3","",""
"Authenticated but not authorized: token of SP A tries to use OTP issued for SP B","1872","Test Takeover Fails with Wrong SP Token","functional-tests.tests.takeover","2026-08-03","passed","2026-08-03","","test_debtor_takeover","",""
"Test sending a CREATE operation message via GPD message API","1337","A CREATE message is successfully sent through GPD message API","functional-tests.tests.process_messages_sender","2026-08-03","passed","2026-08-03","","test_RTP_process_sender","",""
"","3347","SP_B cannot retrieve activation by Fiscal Code created by SP_A","functional-tests.tests.activation","2026-08-03","passed","2026-08-03","","test_RTP_activation_security","",""
"","671","Sending to non-activated debtor returns 422 - through Web API","functional-tests.tests.send_rtp","2026-08-03","passed","2026-08-03","","test_RTP_send_MOCK","",""
"
Verify that a debt position can be updated successfully.
","6861","Happy path: a debt position is updated in UAT environment","functional-tests.tests.gpd_availability","2026-08-03","passed","2026-08-03","","test_availability_GPD","",""
"
Tests that sending an RTP payload with an expired date to the POSTE endpoint results in a 400 Bad Request response.

:param debtor_sp_mock_cert_key: Certificate and key tuple for mutual TLS authentication.
:type debtor_sp_mock_cert_key: Tuple[str, str]
","2060","Cannot send RTP with expired date","functional-tests.tests.availability","2026-08-03","failed","2026-08-03","","test_availability_POSTE","",""
"","1538","An RTP is sent to a CBI service with activated fiscal code - through Web API V2","functional-tests.tests.send_rtp","2026-08-03","failed","2026-08-03","","test_RTP_send_CBI","",""
"","3127","An RTP callback with status REJECTED is successfully received","functional-tests.tests.callbacks","2026-08-03","passed","2026-08-03","","test_RTP_callback_DS_08","",""
"Test sending an UPDATE operation message with different statuses via GPD message API before a CREATE","1479","An UPDATE message with status PUBLISHED before CREATE","functional-tests.tests.process_messages_sender","2026-08-03","passed","2026-08-03","","test_RTP_process_sender_UPDATE_before_CREATE","",""
"","1","Successful login","bdd-tests","2026-08-03","passed","2026-08-03","RTP_Web_Sending","RTP","",""
"
Verify that a debt position can be updated successfully.
","6893","Happy path: a debt position is updated in DEV environment","functional-tests.tests.gpd_availability","2026-08-03","passed","2026-08-03","","test_availability_GPD","",""
"","602","missing token → 401 Unauthorized","functional-tests.tests.get_rtp","2026-08-03","passed","2026-08-03","","test_RTP_get","",""
"
SP A activates the payer.
SP B queries the status → must get isActive=false to avoid disclosing
that the payer is registered under a competitor SP.
","1238","A payer active on a different Service Provider returns isActive false (privacy)","functional-tests.tests.activation","2026-08-03","passed","2026-08-03","","test_debtor_activation_payer_status","",""
"Querying activation status with an empty payerId must be rejected with 404.","592","Querying activation status with an empty payerId returns 404","functional-tests.tests.activation","2026-08-03","passed","2026-08-03","","test_debtor_activation_payer_status","",""
"","609","Get payees consents with wrong token type returns 403","functional-tests.tests.service_registry","2026-08-03","passed","2026-08-03","","test_get_payees_consents","",""
"","611","A debtor service provider fails activation due to wrong service provider id","functional-tests.tests.activation","2026-08-03","passed","2026-08-03","","test_debtor_activation_list","",""
"Each entry in ``INVALID_PAYER_IDS`` (see dataset docstring) must be rejected with 400.","598","The activation request must contain a validly formatted fiscal code","functional-tests.tests.activation","2026-08-03","passed","2026-08-03","","test_debtor_activation_create","",""
"","612","All auth fixtures expose a valid Bearer token format","functional-tests.tests.auth","2026-08-03","passed","2026-08-03","","test_auth","",""
"
Send the same CREATE VALID message twice.

Because send_gpd_message derives the Idempotency-Key deterministically from
the message id (msg_id), reusing the same payload reuses the same key.

Expectations:
- Both calls return HTTP 200 (idempotent, not an error).
- The resourceId in both responses is identical, proving the API returned
  the cached response and did not process the message twice.
- Querying by notice number returns exactly one RTP, confirming that only
  one record was written to the database.
","3860","Two CREATE VALID messages with the same Idempotency-Key both succeed but only one RTP is stored","functional-tests.tests.process_messages_sender","2026-08-03","passed","2026-08-03","","test_RTP_process_sender_IDEMPOTENCY","",""
"","1733","Get a page of activations","functional-tests.tests.activation","2026-08-03","passed","2026-08-03","","test_debtor_activation_list","",""
"","7559","RTP form cancellation with reason MODT","ux-tests.tests","2026-08-03","failed","2026-08-03","","test_RTP_cancel_v4","",""
"","2219","RTP is successfully cancelled with reason PAID - V2","functional-tests.tests.cancel_rtp","2026-08-03","passed","2026-08-03","","test_RTP_cancel","",""
"An EPC response containing fields not declared in the OpenAPI spec is treated as an invalid message and is NOT tolerated for accept/reject purposes (confirmed with rtp-sender-v2 maintainers, PR #26). The extra `invalid-field` property invalidates the whole response, so the CNCL confirmation is not processed and the RTP stays in RFC_SENT.","2874","Cancelling an RTP - EPC v4 mock unhappy path scenario: cncl_extra_field","functional-tests.tests.cancel_rtp","2026-08-03","passed","2026-08-03","","test_RTP_cancel_MOCK_V2","",""
"","1244","Sending a GPD message with null operation returns 400","functional-tests.tests.send_rtp","2026-08-03","passed","2026-08-03","","test_RTP_send_MOCK","",""
"Each entry in ``INVALID_PAYER_IDS`` must be rejected with 400.

The ``description`` parameter appears in pytest output to identify which
case failed without having to inspect the raw value.
","775","Querying activation status with an invalid payerId format returns 400","functional-tests.tests.activation","2026-08-03","passed","2026-08-03","","test_debtor_activation_payer_status","",""
"Test sending a DELETE operation message via GPD message API after a CREATE","2014","A DELETE message after CREATE INVALID","functional-tests.tests.process_messages_sender","2026-08-03","passed","2026-08-03","","test_RTP_process_sender_DELETE","",""
"","2045","RTP is successfully cancelled with reason MODT - V2","functional-tests.tests.cancel_rtp","2026-08-03","passed","2026-08-03","","test_RTP_cancel","",""
"
Test RFC callback DS12N with non-existing service provider, cancel via REST Web API.

Flow:
1. Activate payer
2. Send an RTP via GPD message (CREATE VALID)
3. Cancel the RTP via REST cancel endpoint with cancel_reason → RTP to RFC_SENT
4. Send DS12N callback with non-existing BIC (MOCKSP99)
5. Verify callback is rejected with 400 (service provider not found)
","2616","Failed RFC callback for non existing Service Provider - DS-12N RJCR compliant - through Web API cancel","functional-tests.tests.callbacks","2026-08-03","passed","2026-08-03","","test_RTP_callback_DS_12N","",""
"","3622","An RTP sent with synchronous rejection containing extra fields results in status REJECTED - through Web API","functional-tests.tests.send_rtp","2026-08-03","passed","2026-08-03","","test_RTP_send_MOCK","",""
"Active payer with a foreign-country fiscal code (Z + 3 digits municipality) → isActive must be true.","2045","An active payer with foreign fiscal code returns isActive true","functional-tests.tests.activation","2026-08-03","passed","2026-08-03","","test_debtor_activation_payer_status","",""
"","4302","DS_12N negative RFC v2 callback with Version header returns 400","functional-tests.tests.callbacks_v2","2026-08-03","passed","2026-08-03","","test_RTP_callback_with_version_header","",""
"","611","malformed rtp_id → 400 Bad Request","functional-tests.tests.get_rtp","2026-08-03","passed","2026-08-03","","test_RTP_get","",""
"","2592","Unauthorized callback due to wrong certificate serial","functional-tests.tests.callbacks_v2","2026-08-03","passed","2026-08-03","","test_RTP_callback_DS_08N_negative","",""
"","7722","A v2 redirect RTP callback with status ACTC is successfully received","functional-tests.tests.callbacks_v2","2026-08-03","passed","2026-08-03","","test_RTP_callback_DS_05_redirect","",""
"","1951","An RTP sent when EPC response omits _links is in status ACCEPTED","functional-tests.tests.send_rtp","2026-08-03","passed","2026-08-03","","test_RTP_send_MOCK","",""
"Test sending an UPDATE operation message with different statuses via GPD message API after a CREATE","2448","An UPDATE message with status VALID after CREATE","functional-tests.tests.process_messages_sender","2026-08-03","passed","2026-08-03","","test_RTP_process_sender_UPDATE","",""
"
Test v2 RFC callback DS12P with non-existing service provider.

Flow:
1. Activate payer
2. Send an RTP via GPD message v2 (CREATE VALID)
3. Cancel the RTP via GPD message v2 (DELETE) -> RTP to RFC_SENT
4. Send DS12P callback with non-existing BIC (MOCKSP99)
5. Verify callback is rejected with 400 (service provider not found)
6. Verify RTP status is still RFC_SENT
","3329","Failed v2 RFC callback for non existing Service Provider - DS-12P positive compliant","functional-tests.tests.callbacks_v2","2026-08-03","passed","2026-08-03","","test_RTP_callback_DS_12P_positive","",""
"","2522","An RTP sent when EPC response contains an unknown field is ignored and remains in status SENT","functional-tests.tests.send_rtp","2026-08-03","passed","2026-08-03","","test_RTP_send_MOCK","",""
"DS_08P ACCP callback sent directly on a SENT RTP (no prior DS_05 ACTC callback).

The RTP is expected to transition straight from SENT to USER_ACCEPTED.
","3281","A v2 RTP callback with status ACCP is successfully received without a prior DS_05 callback","functional-tests.tests.callbacks_v2","2026-08-03","passed","2026-08-03","","test_RTP_callback_DS_08P_positive","",""
"MOCKSP04 owns both its own spId and MOCKSP01; redeeming an OTP scoped to MOCKSP01 must
assign MOCKSP01 to the new activation, not MOCKSP04 (the redeemer's own tspId).","3870","Test Takeover Redemption Assigns the OTP's Owned Service Provider ID","functional-tests.tests.takeover","2026-08-03","passed","2026-08-03","","test_debtor_takeover","",""
"Test sending an UPDATE operation message with different statuses via GPD message API before a CREATE","1592","An UPDATE message with status DRAFT before CREATE","functional-tests.tests.process_messages_sender","2026-08-03","passed","2026-08-03","","test_RTP_process_sender_UPDATE_before_CREATE","",""
"Takeover with syntactically valid but nonsensical body should fail","1871","Test Takeover Fails with Nonsensical Body","functional-tests.tests.takeover","2026-08-03","passed","2026-08-03","","test_debtor_takeover","",""
"Test sending a CREATE operation message with an Italian VAT number via GPD message API","1332","A CREATE message with VAT number (Partita IVA) is successfully sent through GPD message API","functional-tests.tests.process_messages_sender","2026-08-03","passed","2026-08-03","","test_RTP_process_sender","",""
"","1248","An RTP is sent to Poste service with activated fiscal code - through Web API V2","functional-tests.tests.send_rtp","2026-08-03","passed","2026-08-03","","test_RTP_send_POSTE","",""
"","2622","Failed callback for non existing Service Provider - DS-document RJCT compliant","functional-tests.tests.callbacks_v2","2026-08-03","passed","2026-08-03","","test_RTP_callback_DS_document_rjct","",""
"Test sending a CREATE operation message with different statuses via GPD message API","1238","A CREATE message with status DRAFT","functional-tests.tests.process_messages_sender","2026-08-03","passed","2026-08-03","","test_RTP_process_sender_CREATE","",""
"Same privacy rule as the cross-SP case: no explicit error, isActive is just false.","1252","Get payer status returns isActive false when the token subject does not own the activation's Service Provider ID","functional-tests.tests.activation","2026-08-03","passed","2026-08-03","","test_debtor_activation_payer_status","",""
"Empty OTP should be rejected","632","Test Takeover Fails with Empty OTP","functional-tests.tests.takeover","2026-08-03","passed","2026-08-03","","test_debtor_takeover","",""
"Each entry in ``INVALID_PAYER_IDS`` (see dataset docstring) must be rejected with 400.","612","The activation request must contain a validly formatted fiscal code","functional-tests.tests.activation","2026-08-03","passed","2026-08-03","","test_debtor_activation_create","",""
"","610","Deactivation fails for non-existing activation","functional-tests.tests.activation","2026-08-03","passed","2026-08-03","","test_debtor_deactivation","",""
"","74","The RTP web page is reachable","functional-tests.tests.availability","2026-08-03","passed","2026-08-03","","test_availability_RTP_webform","",""
"","3255","An RTP callback with status ACWC is successfully received","functional-tests.tests.callbacks","2026-08-03","passed","2026-08-03","","test_RTP_callback_DS_08","",""
"Each entry in ``INVALID_PAYER_IDS`` must be rejected with 400.

The ``description`` parameter appears in pytest output to identify which
case failed without having to inspect the raw value.
","859","Querying activation status with an invalid payerId format returns 400","functional-tests.tests.activation","2026-08-03","passed","2026-08-03","","test_debtor_activation_payer_status","",""
"","1279","Find by payer id returns 404 when the token subject does not own the activation's Service Provider ID","functional-tests.tests.activation","2026-08-03","passed","2026-08-03","","test_debtor_activation_get","",""
"Test sending a DELETE operation message via GPD message API after a CREATE VALID + UPDATE","2601","A DELETE message after CREATE VALID + UPDATE PUBLISHED","functional-tests.tests.process_messages_sender","2026-08-03","passed","2026-08-03","","test_RTP_process_sender_DELETE","",""
"","2588","A debtor Service Provider tries to activates a debtor 2 times, failing the second attempt","bdd-tests","2026-08-03","passed","2026-08-03","Debtor_Activation","RTP","",""
"Parametrized contract test generated from the Send API OpenAPI spec.

Schemathesis derives one test case per endpoint defined in the spec, generating
request data (path params, query params, body) that is valid according to the schema.
Each case is executed against the live API and the response is validated with
CONTRACT_CHECKS.

An additional assertion verifies that the Location header is present on 201 responses
from POST /rtps, as required by the spec.
","188135","test_send_api_contract[POST /gpd/message]","contract-tests.tests","2026-08-03","passed","2026-08-03","","test_api_send_rtp","",""
"","1261","SP_ACTIVATIONS_READ_ALL can retrieve activation by Fiscal Code created by SP_A","functional-tests.tests.activation","2026-08-03","passed","2026-08-03","","test_RTP_activation_security","",""
"The PSP synchronously rejects the cancellation request with 422 (per standard behaviour for the EPC 401 Unauthorized scenario). The RTP then transitions to ERROR_CANCEL via ERROR_CANCEL_RTP.","2662","Cancelling an RTP - EPC v4 mock unhappy path scenario: epc_401","functional-tests.tests.cancel_rtp","2026-08-03","failed","2026-08-03","","test_RTP_cancel_MOCK_V2","",""
"","1179","Get paginated list of payees successfully","functional-tests.tests.service_registry","2026-08-03","passed","2026-08-03","","test_service_registry_payees_registry","",""
"","3259","An authenticated creditor Service Provider can send an RTP to an activated debtor","bdd-tests","2026-08-03","passed","2026-08-03","RTP_Sending","RTP","",""
"Each entry in ``INVALID_PAYER_IDS`` must be rejected with 400.

The ``description`` parameter appears in pytest output to identify which
case failed without having to inspect the raw value.
","611","Querying activation status with an invalid payerId format returns 400","functional-tests.tests.activation","2026-08-03","passed","2026-08-03","","test_debtor_activation_payer_status","",""
"The PSP synchronously rejects the cancellation request with 422 (per standard behaviour for the EPC 410 Gone scenario). The RTP then transitions to ERROR_CANCEL via ERROR_CANCEL_RTP.","2894","Cancelling an RTP - EPC v4 mock unhappy path scenario: epc_410","functional-tests.tests.cancel_rtp","2026-08-03","failed","2026-08-03","","test_RTP_cancel_MOCK_V2","",""
"","613","All auth fixtures expose a valid Bearer token format","functional-tests.tests.auth","2026-08-03","passed","2026-08-03","","test_auth","",""
"
Test RFC callback DS12P with CNCL status, cancel triggered via REST Web API with explicit reason.

Flow:
1. Activate payer
2. Send an RTP via GPD message (CREATE VALID)
3. Cancel the RTP via REST cancel endpoint with cancel_reason → RTP to RFC_SENT
4. Send DS12P callback with CxlStsId CNCL (Cancelled As Per Request)
5. Verify callback is accepted (200)
6. Verify RTP status is CANCELLED
","3266","An RFC callback DS12P CNCL is successfully received and RTP status is CANCEL - through Web API cancel","functional-tests.tests.callbacks","2026-08-03","passed","2026-08-03","","test_RTP_callback_DS_12P","",""
"
Test RFC callback DS12P with INVALID status.

Flow:
1. Activate payer
2. Send an RTP via GPD message (CREATE VALID)
3. Cancel the RTP via GPD message (DELETE) → RTP to RFC_SENT
4. Send DS12P callback with CxlStsId INVALID
5. Verify callback is rejected with 400
6. Verify RTP status is still RFC_SENT
","3222","An RFC callback DS12P INVALID is rejected with 400","functional-tests.tests.callbacks","2026-08-03","passed","2026-08-03","","test_RTP_callback_DS_12P","",""
"Each entry in ``INVALID_PAYER_IDS`` must be rejected with 400.

The ``description`` parameter appears in pytest output to identify which
case failed without having to inspect the raw value.
","626","Querying activation status with an invalid payerId format returns 400","functional-tests.tests.activation","2026-08-03","passed","2026-08-03","","test_debtor_activation_payer_status","",""
"Each entry in ``INVALID_PAYER_IDS`` (see dataset docstring) must be rejected with 400.","607","The activation request must contain a validly formatted fiscal code","functional-tests.tests.activation","2026-08-03","passed","2026-08-03","","test_debtor_activation_create","",""
"Reusing the same OTP after a successful takeover should fail","2556","Test Takeover Fails with Reused OTP","functional-tests.tests.takeover","2026-08-03","passed","2026-08-03","","test_debtor_takeover","",""
"Test sending a DELETE operation message via GPD message API after a CREATE VALID + UPDATE","2607","A DELETE message after CREATE VALID + UPDATE DRAFT","functional-tests.tests.process_messages_sender","2026-08-03","passed","2026-08-03","","test_RTP_process_sender_DELETE","",""
"","1506","An RTP is sent to Poste service with activated fiscal code","functional-tests.tests.send_rtp","2026-08-03","passed","2026-08-03","","test_RTP_send_POSTE","",""
"","4115","An RTP sent with synchronous rejection and missing _links results in status REJECTED - through Web API V2","functional-tests.tests.send_rtp","2026-08-03","passed","2026-08-03","","test_RTP_send_MOCK","",""
"","1239","A debtor with foreign fiscal code is activated and retrieved by activation id","functional-tests.tests.activation","2026-08-03","passed","2026-08-03","","test_debtor_activation_get","",""
"
Test v2 RFC callback DS12P with wrong certificate identity.

Flow:
1. Activate payer
2. Send an RTP via GPD message v2 (CREATE VALID)
3. Cancel the RTP via GPD message v2 (DELETE) -> RTP to RFC_SENT
4. Send DS12P callback with assignee_bic='FAKESP01' (doesn't match certificate identity)
5. Verify callback is rejected with 403 (certificate mismatch)
6. Verify RTP status is still RFC_SENT
","3898","Unauthorized v2 RFC callback due to wrong certificate serial","functional-tests.tests.callbacks_v2","2026-08-03","passed","2026-08-03","","test_RTP_callback_DS_12P_positive","",""
"Each entry in ``INVALID_PAYER_IDS`` (see dataset docstring) must be rejected with 400.","609","The activation request must contain a validly formatted fiscal code","functional-tests.tests.activation","2026-08-03","failed","2026-08-03","","test_debtor_activation_create","",""
"Test sending an UPDATE operation message with different statuses via GPD message API after a CREATE","2490","An UPDATE message with status PAID after CREATE","functional-tests.tests.process_messages_sender","2026-08-03","passed","2026-08-03","","test_RTP_process_sender_UPDATE","",""
"","3277","DS_08P positive v2 callback with Version header returns 400","functional-tests.tests.callbacks_v2","2026-08-03","passed","2026-08-03","","test_RTP_callback_with_version_header","",""
"","589","Get payees with invalid authorization","functional-tests.tests.service_registry","2026-08-03","passed","2026-08-03","","test_service_registry_service_providers","",""
"","612","Non-integer size returns 400","functional-tests.tests.activation","2026-08-03","passed","2026-08-03","","test_debtor_activation_list","",""
"
Test RFC callback DS12N with INVALID status, cancel via REST Web API.

Flow:
1. Activate payer
2. Send an RTP via GPD message (CREATE VALID)
3. Cancel the RTP via REST cancel endpoint with cancel_reason → RTP to RFC_SENT
4. Send DS12N callback with CxlStsId INVALID
5. Verify callback is rejected with 400
6. Verify RTP status is still RFC_SENT
","3208","An RFC callback DS12N INVALID is rejected with 400 - through Web API cancel","functional-tests.tests.callbacks","2026-08-03","passed","2026-08-03","","test_RTP_callback_DS_12N","",""
"Missing or invalid Bearer token → the endpoint must return 401.","763","Querying activation status without a valid token returns 401","functional-tests.tests.activation","2026-08-03","passed","2026-08-03","","test_debtor_activation_payer_status","",""
"","2576","An RTP sent with synchronous rejection is in status REJECTED - DS-08P N - through Web API V2","functional-tests.tests.send_rtp","2026-08-03","passed","2026-08-03","","test_RTP_send_MOCK","",""
"","2658","Unauthorized callback due to wrong certificate serial","functional-tests.tests.callbacks_v2","2026-08-03","passed","2026-08-03","","test_RTP_callback_DS_document_rjct","",""
"","1641","An RTP is sent to Poste service with activated fiscal code - through Web API","functional-tests.tests.send_rtp","2026-08-03","passed","2026-08-03","","test_RTP_send_POSTE","",""
"","1999","An RTP is sent to a CBI service with activated fiscal code","functional-tests.tests.send_rtp","2026-08-03","passed","2026-08-03","","test_RTP_send_CBI","",""
"
Verify that a debt position can be created and published successfully.
","670","Happy path: a debt position is created and published in UAT environment","functional-tests.tests.gpd_availability","2026-08-03","passed","2026-08-03","","test_availability_GPD","",""
"","3225","DS_document RJCT v2 callback with Version header returns 400","functional-tests.tests.callbacks_v2","2026-08-03","passed","2026-08-03","","test_RTP_callback_with_version_header","",""
"","5503","A debtor Service Provider successfully takes over an activation from another provider","bdd-tests","2026-08-03","passed","2026-08-03","Debtor_Activation_Takeover","RTP","",""
"","623","Get payees consents with extreme page size returns 400","functional-tests.tests.service_registry","2026-08-03","passed","2026-08-03","","test_get_payees_consents","",""
"
Test RFC callback DS12N with INVALID status, cancel via REST Web API.

Flow:
1. Activate payer
2. Send an RTP via GPD message (CREATE VALID)
3. Cancel the RTP via REST cancel endpoint with cancel_reason → RTP to RFC_SENT
4. Send DS12N callback with CxlStsId INVALID
5. Verify callback is rejected with 400
6. Verify RTP status is still RFC_SENT
","4053","An RFC callback DS12N INVALID is rejected with 400 - through Web API cancel","functional-tests.tests.callbacks","2026-08-03","passed","2026-08-03","","test_RTP_callback_DS_12N","",""
"
Test RFC callback DS12P with CNCL status, cancel triggered via REST Web API with explicit reason.

Flow:
1. Activate payer
2. Send an RTP via GPD message (CREATE VALID)
3. Cancel the RTP via REST cancel endpoint with cancel_reason → RTP to RFC_SENT
4. Send DS12P callback with CxlStsId CNCL (Cancelled As Per Request)
5. Verify callback is accepted (200)
6. Verify RTP status is CANCELLED
","3453","An RFC callback DS12P CNCL is successfully received and RTP status is CANCEL - through Web API cancel","functional-tests.tests.callbacks","2026-08-03","passed","2026-08-03","","test_RTP_callback_DS_12P","",""
"","1244","Sending a GPD message with null id returns 400","functional-tests.tests.send_rtp","2026-08-03","passed","2026-08-03","","test_RTP_send_MOCK","",""
"Test sending an UPDATE operation message with different statuses via GPD message API before a CREATE","1243","An UPDATE message with status EXPIRED before CREATE","functional-tests.tests.process_messages_sender","2026-08-03","passed","2026-08-03","","test_RTP_process_sender_UPDATE_before_CREATE","",""
"
Given a debtor is activated with the mock fiscal code that makes the debtor
service provider mock reply with a server error, when a GPD message (CREATE)
is sent via POST /gpd/message, then the rtp-sender fails to deliver the RTP
and records an ERROR_SEND_RTP event (RTP status becomes ERROR_SEND). When the
payee then queries the delivery-status endpoint with the matching noticeNumber
and payeeId, the response must be HTTP 200 with status=PD_RTP_NOT_DELIVERED
and processingDate absent or null.
","8858","RTP with ERROR_SEND_RTP event → PD_RTP_NOT_DELIVERED","functional-tests.tests.get_rtp","2026-08-03","failed","2026-08-03","","test_RTP_get_delivery_status","",""
"Test sending a DELETE operation message via GPD message API after a CREATE","1992","A DELETE message after CREATE VALID","functional-tests.tests.process_messages_sender","2026-08-03","passed","2026-08-03","","test_RTP_process_sender_DELETE","",""
"","4650","Successfully cancel a Request to Pay","bdd-tests","2026-08-03","passed","2026-08-03","RTP_Cancellation","RTP","",""
"","576","Missing Version header returns 200","functional-tests.tests.activation","2026-08-03","passed","2026-08-03","","test_debtor_activation_list","",""
"Test sending an UPDATE after CREATE VALID + DELETE with different statuses","3139","An UPDATE message with status VALID after CREATE VALID and DELETE","functional-tests.tests.process_messages_sender","2026-08-03","passed","2026-08-03","","test_RTP_process_sender_UPDATE","",""
"","1417","A debtor with omocodia fiscal code is activated successfully","functional-tests.tests.activation","2026-08-03","passed","2026-08-03","","test_debtor_activation_create","",""
"Test sending an UPDATE after CREATE VALID + DELETE with different statuses","3273","An UPDATE message with status EXPIRED after CREATE VALID and DELETE","functional-tests.tests.process_messages_sender","2026-08-03","passed","2026-08-03","","test_RTP_process_sender_UPDATE","",""
"","1954","RTP cancellation fails with an invalid reason - V2","functional-tests.tests.cancel_rtp","2026-08-03","passed","2026-08-03","","test_RTP_cancel","",""
"","2490","An RTP sent with synchronous rejection and missing _links results in status REJECTED","functional-tests.tests.send_rtp","2026-08-03","passed","2026-08-03","","test_RTP_send_MOCK","",""
"Takeover without a previously issued OTP should fail","3592","Test Takeover Fails without Prior OTP","functional-tests.tests.takeover","2026-08-03","passed","2026-08-03","","test_debtor_takeover","",""
"","2684","Failed callback for non existing Service Provider - DS-08N negative compliant","functional-tests.tests.callbacks_v2","2026-08-03","passed","2026-08-03","","test_RTP_callback_DS_08N_negative","",""
"Test sending a CREATE operation message with different statuses via GPD message API","1245","A CREATE message with status PARTIALLY_PAID","functional-tests.tests.process_messages_sender","2026-08-03","passed","2026-08-03","","test_RTP_process_sender_CREATE","",""
"","1305","All auth fixtures expose a valid Bearer token format","functional-tests.tests.auth","2026-08-03","passed","2026-08-03","","test_auth","",""
"","1961","An RTP sent with synchronous acceptance is in status ACCEPTED - DS-05 ACTC","functional-tests.tests.send_rtp","2026-08-03","passed","2026-08-03","","test_RTP_send_MOCK","",""
"","2211","An RTP sent with synchronous acceptance is in status ACCEPTED - DS-05 ACTC - through Web API V2","functional-tests.tests.send_rtp","2026-08-03","passed","2026-08-03","","test_RTP_send_MOCK","",""
"","1670","SP_B cannot retrieve activation by Activation ID created by SP_A","functional-tests.tests.activation","2026-08-03","passed","2026-08-03","","test_RTP_activation_security","",""
"Test sending an UPDATE after CREATE VALID + DELETE with different statuses","2598","An UPDATE message with status PAID after CREATE VALID and DELETE","functional-tests.tests.process_messages_sender","2026-08-03","passed","2026-08-03","","test_RTP_process_sender_UPDATE","",""
"The mock policy falls back to its default `{}` response when no notice number matches, so the RTP stays in RFC_SENT.","2705","Cancelling an RTP - EPC v4 mock happy path scenario: no_match_fallback","functional-tests.tests.cancel_rtp","2026-08-03","passed","2026-08-03","","test_RTP_cancel_MOCK_V2","",""
"","1848","An RTP is sent through API - through Web API V2","functional-tests.tests.send_rtp","2026-08-03","passed","2026-08-03","","test_RTP_send_MOCK","",""
"","611","All auth fixtures expose a valid Bearer token format","functional-tests.tests.auth","2026-08-03","passed","2026-08-03","","test_auth","",""
"
DS_08P ACCP callback sent with the Version header must be rejected with 400.
The RTP must remain in ACCEPTED (transition to USER_ACCEPTED must not happen).

Flow:
1. Activate payer, send RTP, advance to ACCEPTED via DS_05 (without header)
2. Build a valid DS_08P ACCP payload
3. POST WITH Version header
4. Verify 400 is returned with the expected error body
5. Verify RTP status is still ACCEPTED
","3157","DS_08P ACCP callback with Version header returns 400","functional-tests.tests.callbacks","2026-08-03","passed","2026-08-03","","test_RTP_callback_with_version_header","",""
"No `Sts.Conf` confirmation is present (Sts block omitted entirely), so only CANCEL_RTP is triggered and the RTP stays in RFC_SENT.","2725","Cancelling an RTP - EPC v4 mock happy path scenario: no_sts_block","functional-tests.tests.cancel_rtp","2026-08-03","passed","2026-08-03","","test_RTP_cancel_MOCK_V2","",""
"
Test RFC callback DS12N with wrong certificate identity, cancel via REST Web API.

Flow:
1. Activate payer
2. Send an RTP via GPD message (CREATE VALID)
3. Cancel the RTP via REST cancel endpoint with cancel_reason → RTP to RFC_SENT
4. Send DS12N callback with assignee_bic='FAKESP01' (doesn't match certificate identity MOCKSP04)
5. Verify callback is rejected with 403 (certificate mismatch)
","2593","Unauthorized RFC callback due to wrong certificate serial - through Web API cancel","functional-tests.tests.callbacks","2026-08-03","passed","2026-08-03","","test_RTP_callback_DS_12N","",""
"
Test RFC callback DS12N with non-existing service provider, cancel via REST Web API.

Flow:
1. Activate payer
2. Send an RTP via GPD message (CREATE VALID)
3. Cancel the RTP via REST cancel endpoint with cancel_reason → RTP to RFC_SENT
4. Send DS12N callback with non-existing BIC (MOCKSP99)
5. Verify callback is rejected with 400 (service provider not found)
","2596","Failed RFC callback for non existing Service Provider - DS-12N RJCR compliant - through Web API cancel","functional-tests.tests.callbacks","2026-08-03","passed","2026-08-03","","test_RTP_callback_DS_12N","",""
"","1350","Get paginated list of OPT_OUT payees consents successfully","functional-tests.tests.service_registry","2026-08-03","passed","2026-08-03","","test_get_payees_consents","",""
"","588","Get payees consents with invalid authorization returns 401","functional-tests.tests.service_registry","2026-08-03","passed","2026-08-03","","test_get_payees_consents","",""
"","1261","A debtor activated with an owned but distinct Service Provider ID is retrieved by activation id","functional-tests.tests.activation","2026-08-03","passed","2026-08-03","","test_debtor_activation_get","",""
"","5304","RTP form is filled and submitted","ux-tests.tests","2026-08-03","passed","2026-08-03","","test_RTP_cancel_v3","",""
"","610","Failed callback for non existing Service Provider - DS-08P compliant","functional-tests.tests.callbacks","2026-08-03","passed","2026-08-03","","test_RTP_callback_DS_08","",""
"","2464","Cannot send RTP with expired date","functional-tests.tests.availability","2026-08-03","passed","2026-08-03","","test_availability_CBI","",""
"Test sending an UPDATE operation message with different statuses via GPD message API before a CREATE","1240","An UPDATE message with status INVALID before CREATE","functional-tests.tests.process_messages_sender","2026-08-03","passed","2026-08-03","","test_RTP_process_sender_UPDATE_before_CREATE","",""
"
DS_08N callback sent with the Version header must be rejected with 400.
The RTP must remain in SENT (transition to REJECTED must not happen).

Flow:
1. Activate payer and send an RTP → resource_id
2. Build a valid DS_08N payload referencing the RTP
3. POST to callback endpoint WITH Version header
4. Verify 400 is returned with the expected error body
5. Verify RTP status is still SENT
","2592","DS_08N callback with Version header returns 400","functional-tests.tests.callbacks","2026-08-03","passed","2026-08-03","","test_RTP_callback_with_version_header","",""
"
Tests that sending an RTP payload with an invalid amount to the POSTE endpoint results in a 400 Bad Request response.

:param debtor_sp_mock_cert_key: Certificate and key tuple for mutual TLS authentication.
:type debtor_sp_mock_cert_key: Tuple[str, str]
","1505","Cannot send RTP with invalid amount","functional-tests.tests.availability","2026-08-03","passed","2026-08-03","","test_availability_POSTE","",""
"Each entry in ``INVALID_PAYER_IDS`` (see dataset docstring) must be rejected with 400.","601","The activation request must contain a validly formatted fiscal code","functional-tests.tests.activation","2026-08-03","passed","2026-08-03","","test_debtor_activation_create","",""
"","3367","A v2 RTP callback with invalid status is rejected without affecting the RTP status","functional-tests.tests.callbacks_v2","2026-08-03","passed","2026-08-03","","test_RTP_callback_DS_08P_positive","",""
"","1396","An RTP sent with synchronous rejection containing extra fields results in status REJECTED - through Web API V2","functional-tests.tests.send_rtp","2026-08-03","failed","2026-08-03","","test_RTP_send_MOCK","",""
"Test sending a CREATE operation message with different statuses via GPD message API","1604","A CREATE message with status PAID","functional-tests.tests.process_messages_sender","2026-08-03","passed","2026-08-03","","test_RTP_process_sender_CREATE","",""
"Payer activated then deactivated by SP A → isActive must be false.","1936","A deactivated payer returns isActive false","functional-tests.tests.activation","2026-08-03","passed","2026-08-03","","test_debtor_activation_payer_status","",""
"Test sending a CREATE operation message with different statuses via GPD message API","1243","A CREATE message with status PUBLISHED","functional-tests.tests.process_messages_sender","2026-08-03","passed","2026-08-03","","test_RTP_process_sender_CREATE","",""
"","602","Unauthorized callback due to wrong certificate serial","functional-tests.tests.callbacks","2026-08-03","passed","2026-08-03","","test_RTP_callback_DS_08","",""
"
Test v2 RFC callback DS12N with non-existing service provider.

Flow:
1. Activate payer
2. Send an RTP via GPD message v2 (CREATE VALID)
3. Cancel the RTP via GPD message v2 (DELETE) -> RTP to RFC_SENT
4. Send DS12N callback with non-existing BIC (MOCKSP99)
5. Verify callback is rejected with 400 (service provider not found)
6. Verify RTP status is still RFC_SENT
","3811","Failed v2 RFC callback for non existing Service Provider - DS-12N negative compliant","functional-tests.tests.callbacks_v2","2026-08-03","passed","2026-08-03","","test_RTP_callback_DS_12N_negative","",""
"Each entry in ``INVALID_PAYER_IDS`` must be rejected with 400.

The ``description`` parameter appears in pytest output to identify which
case failed without having to inspect the raw value.
","766","Querying activation status with an invalid payerId format returns 400","functional-tests.tests.activation","2026-08-03","passed","2026-08-03","","test_debtor_activation_payer_status","",""
"
Payer activated under SP A.
Token with read_rtp_all can read across all Service Providers:
the admin client sub does not match SP A, yet isActive must be true.
","2082","read_rtp_all role returns isActive true for a payer on any Service Provider","functional-tests.tests.activation","2026-08-03","passed","2026-08-03","","test_debtor_activation_payer_status","",""
"Each entry in ``INVALID_PAYER_IDS`` (see dataset docstring) must be rejected with 400.","630","The activation request must contain a validly formatted fiscal code","functional-tests.tests.activation","2026-08-03","passed","2026-08-03","","test_debtor_activation_create","",""
"","3144","Takeover fails with invalid OTP","bdd-tests","2026-08-03","passed","2026-08-03","Debtor_Activation_Takeover","RTP","",""
"","7032","RTP form cancellation with reason MODT","ux-tests.tests","2026-08-03","failed","2026-08-03","","test_RTP_cancel_v3","",""
"","623","RTP cancellation fails if resource ID does not exist","functional-tests.tests.cancel_rtp","2026-08-03","passed","2026-08-03","","test_RTP_cancel","",""
"
Test RFC callback DS12N with RJCR status.

Flow:
1. Activate payer
2. Send an RTP via GPD message (CREATE VALID)
3. Cancel the RTP via GPD message (DELETE) → RTP to RFC_SENT
4. Send DS12N callback with CxlStsId RJCR (Rejected Cancellation Request)
5. Verify callback is accepted (200)
6. Verify RTP status is ERROR_CANCEL
","4142","An RFC callback DS12N RJCR is successfully received and RTP status is ERROR_CANCEL","functional-tests.tests.callbacks","2026-08-03","passed","2026-08-03","","test_RTP_callback_DS_12N","",""
"","0","A Service Provider is authenticated","functional-tests.tests.auth","2026-08-03","passed","2026-08-03","","test_auth","",""
"","2596","Takeover fails without authentication","bdd-tests","2026-08-03","passed","2026-08-03","Debtor_Activation_Takeover","RTP","",""
"Active payer with omocodia fiscal code (digit substitution) → isActive must be true.","1400","An active payer with omocodia fiscal code returns isActive true","functional-tests.tests.activation","2026-08-03","passed","2026-08-03","","test_debtor_activation_payer_status","",""
"Each entry in ``INVALID_PAYER_IDS`` (see dataset docstring) must be rejected with 400.","612","The activation request must contain a validly formatted fiscal code","functional-tests.tests.activation","2026-08-03","passed","2026-08-03","","test_debtor_activation_create","",""
"
Given a debtor is activated and a GPD message (CREATE) is sent via POST /gpd/message,
when the rtp-sender processes it and the RTP reaches status SENT,
when the payee queries the delivery-status endpoint with the correct noticeNumber
(nav) and payeeId (ec_tax_code),
then the response body must contain status=PD_RTP_DELIVERED, a non-null processingDate
in ISO 8601 format, and processingDate must match the SEND_RTP event timestamp from
the GPD message response (truncated to millisecond precision).
","7250","GPD message sent → RTP SENT → PD_RTP_DELIVERED with processingDate","functional-tests.tests.get_rtp","2026-08-03","failed","2026-08-03","","test_RTP_get_delivery_status","",""
"","6146","An RTP is sent through CBI API","functional-tests.tests.availability","2026-08-03","passed","2026-08-03","","test_availability_CBI","",""
"UPDATE PAID with psp_tax_code=None (invalid PSP) results in RTP state RFC_SENT","2007","An UPDATE PAID message with an invalid PSP results in RFC_SENT state","functional-tests.tests.process_messages_sender","2026-08-03","passed","2026-08-03","","test_RTP_process_sender_UPDATE","",""
"CREATE VALID with an ec_tax_code that does not exist in GPD returns 422 Payee not found","1238","A CREATE VALID message with a non-existent ec_tax_code is rejected","functional-tests.tests.process_messages_sender","2026-08-03","passed","2026-08-03","","test_RTP_process_sender_CREATE","",""
"DS_08N RJCT callback sent directly on a SENT RTP (no prior DS_05 ACTC callback).

The RTP is expected to transition from SENT to REJECTED.
","6270","A v2 RTP callback with status RJCT is successfully received","functional-tests.tests.callbacks_v2","2026-08-03","passed","2026-08-03","","test_RTP_callback_DS_08N_negative","",""
"UPDATE VALID before any CREATE creates a new RTP; the RTP must be retrievable from the database","1956","An UPDATE VALID before CREATE creates the RTP in the database","functional-tests.tests.process_messages_sender","2026-08-03","passed","2026-08-03","","test_RTP_process_sender_UPDATE_before_CREATE","",""
"The PSP synchronously rejects the cancellation request with 422 (per standard behaviour for the EPC 429 Too Many Requests scenario). The RTP then transitions to ERROR_CANCEL via ERROR_CANCEL_RTP.","11394","Cancelling an RTP - EPC v4 mock unhappy path scenario: epc_429","functional-tests.tests.cancel_rtp","2026-08-03","failed","2026-08-03","","test_RTP_cancel_MOCK_V2","",""
"","675","Sending to non-activated debtor returns 422 - through Web API V2","functional-tests.tests.send_rtp","2026-08-03","passed","2026-08-03","","test_RTP_send_MOCK","",""
"Test sending an UPDATE after CREATE VALID + DELETE with different statuses","3089","An UPDATE message with status DRAFT after CREATE VALID and DELETE","functional-tests.tests.process_messages_sender","2026-08-03","passed","2026-08-03","","test_RTP_process_sender_UPDATE","",""
"Each entry in ``INVALID_PAYER_IDS`` must be rejected with 400.

The ``description`` parameter appears in pytest output to identify which
case failed without having to inspect the raw value.
","626","Querying activation status with an invalid payerId format returns 400","functional-tests.tests.activation","2026-08-03","failed","2026-08-03","","test_debtor_activation_payer_status","",""
"","6560","DS_12P positive RFC v2 callback with Version header returns 400","functional-tests.tests.callbacks_v2","2026-08-03","passed","2026-08-03","","test_RTP_callback_with_version_header","",""
"Test sending a DELETE operation message via GPD message API after a CREATE","2898","A DELETE message after CREATE PUBLISHED","functional-tests.tests.process_messages_sender","2026-08-03","passed","2026-08-03","","test_RTP_process_sender_DELETE","",""
"Test sending a DELETE operation message via GPD message API after a standalone UPDATE (no prior CREATE)","1856","A DELETE message after standalone UPDATE EXPIRED","functional-tests.tests.process_messages_sender","2026-08-03","passed","2026-08-03","","test_RTP_process_sender_DELETE","",""
"","3200","DS_08N negative v2 callback with Version header returns 400","functional-tests.tests.callbacks_v2","2026-08-03","passed","2026-08-03","","test_RTP_callback_with_version_header","",""
"
Tests sending an RTP payload to the POSTE endpoint with valid data and authentication.

:param debtor_sp_mock_cert_key: Certificate and key tuple for mutual TLS authentication.
:type debtor_sp_mock_cert_key: Tuple[str, str]
","2125","An RTP is sent through POSTE API","functional-tests.tests.availability","2026-08-03","passed","2026-08-03","","test_availability_POSTE","",""
"","1279","A debtor activated with an owned but distinct Service Provider ID is deactivated","functional-tests.tests.activation","2026-08-03","passed","2026-08-03","","test_debtor_deactivation","",""
"Test sending an UPDATE operation message with different statuses via GPD message API after a CREATE","2015","An UPDATE message with status EXPIRED after CREATE","functional-tests.tests.process_messages_sender","2026-08-03","passed","2026-08-03","","test_RTP_process_sender_UPDATE","",""
"
DS_12N RJCR RFC callback sent with the Version header must be rejected with 400.
The RTP must remain in RFC_SENT (transition to ERROR_CANCEL must not happen).

Flow:
1. Activate payer, send RTP, trigger cancel via GPD DELETE → RFC_SENT
2. Build a valid DS_12N RJCR payload
3. POST to RFC callback endpoint WITH Version header
4. Verify 400 is returned with the expected error body
5. Verify RTP status is still RFC_SENT
","3185","DS_12N RJCR RFC callback with Version header returns 400","functional-tests.tests.callbacks","2026-08-03","passed","2026-08-03","","test_RTP_callback_with_version_header","",""
"Test sending an UPDATE operation message with different statuses via GPD message API after a CREATE","3705","An UPDATE message with status PUBLISHED after CREATE","functional-tests.tests.process_messages_sender","2026-08-03","passed","2026-08-03","","test_RTP_process_sender_UPDATE","",""
"","609","Retrieving activation with invalid UUID returns 400","functional-tests.tests.activation","2026-08-03","passed","2026-08-03","","test_debtor_activation_get","",""
"","4343","A v2 document RTP callback with status RJCT is successfully received","functional-tests.tests.callbacks_v2","2026-08-03","passed","2026-08-03","","test_RTP_callback_DS_document_rjct","",""
"","592","Get payees with invalid authorization","functional-tests.tests.service_registry","2026-08-03","passed","2026-08-03","","test_service_registry_payees_registry","",""
"","3124","A debtor Service Provider activates a debtor","bdd-tests","2026-08-03","passed","2026-08-03","Debtor_Activation","RTP","",""
"","2512","A debtor Service Provider cannot send an RTP","bdd-tests","2026-08-03","passed","2026-08-03","RTP_Sending","RTP","",""
"Each entry in ``INVALID_PAYER_IDS`` must be rejected with 400.

The ``description`` parameter appears in pytest output to identify which
case failed without having to inspect the raw value.
","610","Querying activation status with an invalid payerId format returns 400","functional-tests.tests.activation","2026-08-03","passed","2026-08-03","","test_debtor_activation_payer_status","",""
"","1511","Auth endpoint returns valid token","functional-tests.tests.availability","2026-08-03","passed","2026-08-03","","test_availability_CBI","",""
"","613","The activation request must contain a Service Provider ID of valid length","functional-tests.tests.activation","2026-08-03","passed","2026-08-03","","test_debtor_activation_create","",""
"Each entry in ``INVALID_PAYER_IDS`` must be rejected with 400.

The ``description`` parameter appears in pytest output to identify which
case failed without having to inspect the raw value.
","609","Querying activation status with an invalid payerId format returns 400","functional-tests.tests.activation","2026-08-03","passed","2026-08-03","","test_debtor_activation_payer_status","",""
"","616","Retrieving activation with malformed payer id returns 400","functional-tests.tests.activation","2026-08-03","passed","2026-08-03","","test_debtor_activation_get","",""
"","1246","Get by activation id returns 404 when the token subject does not own the activation's Service Provider ID","functional-tests.tests.activation","2026-08-03","passed","2026-08-03","","test_debtor_activation_get","",""
"","762","The service returns the mocked server error","functional-tests.tests.availability","2026-08-03","passed","2026-08-03","","test_availability_MOCK","",""
"Test sending an UPDATE operation message with different statuses via GPD message API after a CREATE","2378","An UPDATE message with status INVALID after CREATE","functional-tests.tests.process_messages_sender","2026-08-03","passed","2026-08-03","","test_RTP_process_sender_UPDATE","",""
"
DS_04b callback sent with the Version header must be rejected with 400.
The RTP state must be unchanged.

Flow:
1. Activate payer and send an RTP → resource_id
2. Capture current RTP status
3. Build a valid DS_04b payload referencing the RTP
4. POST to callback endpoint WITH Version header
5. Verify 400 is returned with the expected error body
6. Verify RTP status is unchanged
","3162","DS_04b callback with Version header returns 400","functional-tests.tests.callbacks","2026-08-03","passed","2026-08-03","","test_RTP_callback_with_version_header","",""
"","602","Get payees consents with invalid consent value returns 400","functional-tests.tests.service_registry","2026-08-03","passed","2026-08-03","","test_get_payees_consents","",""
"","1497","SP_ACTIVATIONS_READ_ALL can retrieve activation by Activation ID created by SP_A","functional-tests.tests.activation","2026-08-03","passed","2026-08-03","","test_RTP_activation_security","",""
"Each entry in ``INVALID_PAYER_IDS`` (see dataset docstring) must be rejected with 400.","610","The activation request must contain a validly formatted fiscal code","functional-tests.tests.activation","2026-08-03","passed","2026-08-03","","test_debtor_activation_create","",""
"Each entry in ``INVALID_PAYER_IDS`` must be rejected with 400.

The ``description`` parameter appears in pytest output to identify which
case failed without having to inspect the raw value.
","1342","Querying activation status with an invalid payerId format returns 400","functional-tests.tests.activation","2026-08-03","passed","2026-08-03","","test_debtor_activation_payer_status","",""
"MOCKSP04 owns MOCKSP01 and triggers the OTP; FAKESP01, which owns neither, must be rejected
with an explicit ownership error, not merely a generic 403.","1867","Test Takeover Fails when Redeemer Does Not Own the OTP's Service Provider ID","functional-tests.tests.takeover","2026-08-03","passed","2026-08-03","","test_debtor_takeover","",""
"Each entry in ``INVALID_PAYER_IDS`` (see dataset docstring) must be rejected with 400.","609","The activation request must contain a validly formatted fiscal code","functional-tests.tests.activation","2026-08-03","passed","2026-08-03","","test_debtor_activation_create","",""
"
Test RFC callback DS12P with non-existing service provider.

Flow:
1. Activate payer
2. Send an RTP via GPD message (CREATE VALID)
3. Cancel the RTP via GPD message (DELETE) → RTP to RFC_SENT
4. Send DS12P callback with non-existing BIC (MOCKSP99)
5. Verify callback is rejected with 400 (service provider not found)
","2589","Failed RFC callback for non existing Service Provider - DS-12P CNCL compliant","functional-tests.tests.callbacks","2026-08-03","passed","2026-08-03","","test_RTP_callback_DS_12P","",""
"","3066","An RTP callback is received with invalid status","functional-tests.tests.callbacks","2026-08-03","passed","2026-08-03","","test_RTP_callback_DS_08","",""
"
Verify that a debt position can be deleted successfully.
","3051","Happy path: a debt position is deleted in DEV environment","functional-tests.tests.gpd_availability","2026-08-03","passed","2026-08-03","","test_availability_GPD","",""
"","2187","An RTP is sent through ICCREA API","functional-tests.tests.availability","2026-08-03","passed","2026-08-03","","test_availability_ICCREA","",""
"
Test RFC callback DS12N with RJCR status, cancel triggered via REST Web API with explicit reason.

Flow:
1. Activate payer
2. Send an RTP via GPD message (CREATE VALID)
3. Cancel the RTP via REST cancel endpoint with cancel_reason → RTP to RFC_SENT
4. Send DS12N callback with CxlStsId RJCR (Rejected Cancellation Request)
5. Verify callback is accepted (200)
6. Verify RTP status is ERROR_CANCEL
","3776","An RFC callback DS12N RJCR is successfully received and RTP status is ERROR_CANCEL - through Web API cancel","functional-tests.tests.callbacks","2026-08-03","passed","2026-08-03","","test_RTP_callback_DS_12N","",""
"
Verify that a debt position can be created and published successfully.
","1530","Happy path: a debt position is created and published in DEV environment","functional-tests.tests.gpd_availability","2026-08-03","passed","2026-08-03","","test_availability_GPD","",""
"","1240","Deactivation fails for activation by another service provider","functional-tests.tests.activation","2026-08-03","passed","2026-08-03","","test_debtor_deactivation","",""
"Each entry in ``INVALID_PAYER_IDS`` must be rejected with 400.

The ``description`` parameter appears in pytest output to identify which
case failed without having to inspect the raw value.
","897","Querying activation status with an invalid payerId format returns 400","functional-tests.tests.activation","2026-08-03","passed","2026-08-03","","test_debtor_activation_payer_status","",""
"`Sts.Conf = ""CNCL""` triggers CANCEL_RTP -> CONFIRM_RFC -> CANCEL_RTP_ACCR, ending in CANCELLED_ACCR.","3506","Cancelling an RTP - EPC v4 mock happy path scenario: cncl_confirmed","functional-tests.tests.cancel_rtp","2026-08-03","passed","2026-08-03","","test_RTP_cancel_MOCK_V2","",""
"","7335","An RTP is sent to a CBI service with activated fiscal code - through Web API","functional-tests.tests.send_rtp","2026-08-03","passed","2026-08-03","","test_RTP_send_CBI","",""
"","1829","RTP form is filled and submitted","ux-tests.tests","2026-08-03","passed","2026-08-03","","test_RTP_submission_v4","",""
"","3218","Failed callback for non compliant DS-04b payload","functional-tests.tests.callbacks","2026-08-03","passed","2026-08-03","","test_RTP_callback_DS_04","",""
"","620","Unauthorized callback due to wrong certificate serial","functional-tests.tests.callbacks","2026-08-03","passed","2026-08-03","","test_RTP_callback_DS_04","",""
"Payer that has never been activated → isActive must be false.","604","test_get_activation_status_not_active_payer","functional-tests.tests.activation","2026-08-03","passed","2026-08-03","","test_debtor_activation_payer_status","",""
"","4779","An RTP callback is successfully received with status RJCT","functional-tests.tests.callbacks","2026-08-03","passed","2026-08-03","","test_RTP_callback_DS_08","",""
"The response cannot be parsed as a cancellation confirmation (malformed, unquoted string), so the RTP stays in RFC_SENT rather than erroring out.","2725","Cancelling an RTP - EPC v4 mock unhappy path scenario: malformed_string","functional-tests.tests.cancel_rtp","2026-08-03","passed","2026-08-03","","test_RTP_cancel_MOCK_V2","",""
"","614","Get payees consents with negative page number returns 400","functional-tests.tests.service_registry","2026-08-03","passed","2026-08-03","","test_get_payees_consents","",""
"","1150","Whitespaces is allowed in description and company name field","ux-tests.tests","2026-08-03","passed","2026-08-03","","test_RTP_submission_v4","",""
"","7075","RTP form cancellation with reason PAID","ux-tests.tests","2026-08-03","failed","2026-08-03","","test_RTP_cancel_v4","",""
"Each entry in ``INVALID_PAYER_IDS`` must be rejected with 400.

The ``description`` parameter appears in pytest output to identify which
case failed without having to inspect the raw value.
","609","Querying activation status with an invalid payerId format returns 400","functional-tests.tests.activation","2026-08-03","passed","2026-08-03","","test_debtor_activation_payer_status","",""
"Each entry in ``INVALID_PAYER_IDS`` must be rejected with 400.

The ``description`` parameter appears in pytest output to identify which
case failed without having to inspect the raw value.
","610","Querying activation status with an invalid payerId format returns 400","functional-tests.tests.activation","2026-08-03","passed","2026-08-03","","test_debtor_activation_payer_status","",""
"","644","Invalid pagination parameters returns 400","functional-tests.tests.activation","2026-08-03","passed","2026-08-03","","test_debtor_activation_list","",""
"","1179","An RTP is sent to ICCREA service with activated fiscal code - through Web API V2","functional-tests.tests.send_rtp","2026-08-03","failed","2026-08-03","","test_RTP_send_ICCREA","",""
"Test sending an UPDATE operation message with different statuses via GPD message API before a CREATE","1334","An UPDATE message with status VALID before CREATE","functional-tests.tests.process_messages_sender","2026-08-03","passed","2026-08-03","","test_RTP_process_sender_UPDATE_before_CREATE","",""
"DS_08N RJCT callback sent after a prior DS_05 ACTC callback.

The RTP is expected to transition from SENT to ACCEPTED, then to USER_REJECTED.
","5412","A v2 RTP callback with status RJCT after DS_05 transitions the RTP to USER_REJECTED","functional-tests.tests.callbacks_v2","2026-08-03","passed","2026-08-03","","test_RTP_callback_DS_08N_negative","",""
"Each entry in ``INVALID_PAYER_IDS`` (see dataset docstring) must be rejected with 400.","600","The activation request must contain a validly formatted fiscal code","functional-tests.tests.activation","2026-08-03","passed","2026-08-03","","test_debtor_activation_create","",""
"","2083","Deactivation returns 404 when the token subject does not own the activation's Service Provider ID","functional-tests.tests.activation","2026-08-03","passed","2026-08-03","","test_debtor_deactivation","",""
"","605","Retrieving non-existent activation by payer id returns 404","functional-tests.tests.activation","2026-08-03","passed","2026-08-03","","test_debtor_activation_get","",""
"Test sending a CREATE operation message with different statuses via GPD message API","1318","A CREATE message with status INVALID","functional-tests.tests.process_messages_sender","2026-08-03","passed","2026-08-03","","test_RTP_process_sender_CREATE","",""
"Availability probe for takeover notification mock endpoint: expects 204 No Content","576","Test Takeover Notification Endpoint","functional-tests.tests.takeover","2026-08-03","passed","2026-08-03","","test_debtor_takeover","",""
"Each entry in ``INVALID_PAYER_IDS`` must be rejected with 400.

The ``description`` parameter appears in pytest output to identify which
case failed without having to inspect the raw value.
","769","Querying activation status with an invalid payerId format returns 400","functional-tests.tests.activation","2026-08-03","passed","2026-08-03","","test_debtor_activation_payer_status","",""
"Each entry in ``INVALID_PAYER_IDS`` (see dataset docstring) must be rejected with 400.","599","The activation request must contain a validly formatted fiscal code","functional-tests.tests.activation","2026-08-03","passed","2026-08-03","","test_debtor_activation_create","",""
"","625","Retrieving activation without valid token returns 401","functional-tests.tests.activation","2026-08-03","passed","2026-08-03","","test_debtor_activation_get","",""
"Test sending a DELETE operation message via GPD message API after a CREATE","2539","A DELETE message after CREATE PARTIALLY_PAID","functional-tests.tests.process_messages_sender","2026-08-03","passed","2026-08-03","","test_RTP_process_sender_DELETE","",""
"","619","All auth fixtures expose a valid Bearer token format","functional-tests.tests.auth","2026-08-03","passed","2026-08-03","","test_auth","",""
"Test sending a CREATE operation message with a foreign fiscal code via GPD message API","1323","A CREATE message with foreign fiscal code is successfully sent through GPD message API","functional-tests.tests.process_messages_sender","2026-08-03","passed","2026-08-03","","test_RTP_process_sender","",""
"","3182","An authenticated Service Provider cannot send an RTP to an activated debtor","bdd-tests","2026-08-03","passed","2026-08-03","RTP_Sending","RTP","",""
"OTP bound to payer1 should not work for payer2","1859","Test Takeover Fails with OTP Bound to Different Payer","functional-tests.tests.takeover","2026-08-03","passed","2026-08-03","","test_debtor_takeover","",""
"Test sending a DELETE operation message via GPD message API after a standalone UPDATE (no prior CREATE)","1847","A DELETE message after standalone UPDATE PUBLISHED","functional-tests.tests.process_messages_sender","2026-08-03","passed","2026-08-03","","test_RTP_process_sender_DELETE","",""
"","1227","Get payees consents with negative page size returns 400","functional-tests.tests.service_registry","2026-08-03","passed","2026-08-03","","test_get_payees_consents","",""
"Test sending a DELETE operation message via GPD message API after a CREATE","1858","A DELETE message after CREATE PAID","functional-tests.tests.process_messages_sender","2026-08-03","passed","2026-08-03","","test_RTP_process_sender_DELETE","",""
"","3826","Failed callback for invalid RTP transition - DS-05 ACTC compliant","functional-tests.tests.callbacks","2026-08-03","passed","2026-08-03","","test_RTP_callback_DS_05","",""
"","5872","An RTP callback is successfully received","functional-tests.tests.callbacks","2026-08-03","passed","2026-08-03","","test_RTP_callback_DS_04","",""
"","2526","An RTP sent with synchronous rejection containing extra fields results in status REJECTED","functional-tests.tests.send_rtp","2026-08-03","passed","2026-08-03","","test_RTP_send_MOCK","",""
"","1249","A debtor cannot be activated more than once by the same service provider","functional-tests.tests.activation","2026-08-03","passed","2026-08-03","","test_debtor_activation_create","",""
"Each entry in ``INVALID_PAYER_IDS`` (see dataset docstring) must be rejected with 400.","679","The activation request must contain a validly formatted fiscal code","functional-tests.tests.activation","2026-08-03","passed","2026-08-03","","test_debtor_activation_create","",""
"
Test v2 RFC callback DS12N with wrong certificate identity.

Flow:
1. Activate payer
2. Send an RTP via GPD message v2 (CREATE VALID)
3. Cancel the RTP via GPD message v2 (DELETE) -> RTP to RFC_SENT
4. Send DS12N callback with assignee_bic='FAKESP01' (doesn't match certificate identity)
5. Verify callback is rejected with 403 (certificate mismatch)
6. Verify RTP status is still RFC_SENT
","3307","Unauthorized v2 RFC callback due to wrong certificate serial","functional-tests.tests.callbacks_v2","2026-08-03","passed","2026-08-03","","test_RTP_callback_DS_12N_negative","",""
"","3220","DS_05 redirect v2 callback with Version header returns 400","functional-tests.tests.callbacks_v2","2026-08-03","passed","2026-08-03","","test_RTP_callback_with_version_header","",""
"","2585","An RTP callback with status ACTC is successfully received","functional-tests.tests.callbacks","2026-08-03","passed","2026-08-03","","test_RTP_callback_DS_05","",""
"","608","A Service Provider with invalid client secret is not authenticated on Keycloak","functional-tests.tests.auth","2026-08-03","passed","2026-08-03","","test_auth","",""
"Test sending a DELETE operation message via GPD message API after a CREATE VALID + UPDATE","3199","A DELETE message after CREATE VALID + UPDATE PAID","functional-tests.tests.process_messages_sender","2026-08-03","passed","2026-08-03","","test_RTP_process_sender_DELETE","",""
"","591","A Service Provider tries to activates a debtor without having the correct credentials","bdd-tests","2026-08-03","passed","2026-08-03","Debtor_Activation","RTP","",""
"Each entry in ``INVALID_PAYER_IDS`` (see dataset docstring) must be rejected with 400.","609","The activation request must contain a validly formatted fiscal code","functional-tests.tests.activation","2026-08-03","passed","2026-08-03","","test_debtor_activation_create","",""
"
Verify that a debt position can be deleted successfully.
","2967","Happy path: a debt position is deleted in UAT environment","functional-tests.tests.gpd_availability","2026-08-03","passed","2026-08-03","","test_availability_GPD","",""
"Test sending a DELETE operation message via GPD message API after a standalone UPDATE (no prior CREATE)","1870","A DELETE message after standalone UPDATE INVALID","functional-tests.tests.process_messages_sender","2026-08-03","passed","2026-08-03","","test_RTP_process_sender_DELETE","",""
"The response body is not a recognizable cancellation confirmation (quoted plain string), so the RTP stays in RFC_SENT.","2797","Cancelling an RTP - EPC v4 mock happy path scenario: plain_string","functional-tests.tests.cancel_rtp","2026-08-03","passed","2026-08-03","","test_RTP_cancel_MOCK_V2","",""
"","1333","An RTP is sent through API - through Web API","functional-tests.tests.send_rtp","2026-08-03","passed","2026-08-03","","test_RTP_send_MOCK","",""
"","2264","RTP form is filled and submitted","ux-tests.tests","2026-08-03","passed","2026-08-03","","test_RTP_cancel_v4","",""
"Test sending an UPDATE operation message with different statuses via GPD message API before a CREATE","1306","An UPDATE message with status PARTIALLY_PAID before CREATE","functional-tests.tests.process_messages_sender","2026-08-03","passed","2026-08-03","","test_RTP_process_sender_UPDATE_before_CREATE","",""
"Test sending a DELETE operation message via GPD message API after a CREATE VALID + UPDATE","2618","A DELETE message after CREATE VALID + UPDATE EXPIRED","functional-tests.tests.process_messages_sender","2026-08-03","passed","2026-08-03","","test_RTP_process_sender_DELETE","",""
"Test sending an UPDATE after CREATE VALID + DELETE with different statuses","2697","An UPDATE message with status PUBLISHED after CREATE VALID and DELETE","functional-tests.tests.process_messages_sender","2026-08-03","passed","2026-08-03","","test_RTP_process_sender_UPDATE","",""
"The PSP synchronously rejects the cancellation request with 422 (per standard behaviour for the EPC 415 Unsupported Media Type scenario). The RTP then transitions to ERROR_CANCEL via ERROR_CANCEL_RTP.","2839","Cancelling an RTP - EPC v4 mock unhappy path scenario: epc_415","functional-tests.tests.cancel_rtp","2026-08-03","failed","2026-08-03","","test_RTP_cancel_MOCK_V2","",""
"No `Sts.Conf` confirmation is present (minimal JSON without Sts), so only CANCEL_RTP is triggered and the RTP stays in RFC_SENT.","2975","Cancelling an RTP - EPC v4 mock happy path scenario: minimal_json","functional-tests.tests.cancel_rtp","2026-08-03","passed","2026-08-03","","test_RTP_cancel_MOCK_V2","",""
"","3807","An RTP callback is successfully received with status ACCP","functional-tests.tests.callbacks","2026-08-03","passed","2026-08-03","","test_RTP_callback_DS_08","",""
"
Test v2 RFC callback DS12P with INVALID status.

Flow:
1. Activate payer
2. Send an RTP via GPD message v2 (CREATE VALID)
3. Cancel the RTP via GPD message v2 (DELETE) -> RTP to RFC_SENT
4. Send DS12P callback with CxlStsId INVALID
5. Verify callback is rejected with 400
6. Verify RTP status is still RFC_SENT
","3355","A v2 RFC callback DS12P INVALID is rejected with 400","functional-tests.tests.callbacks_v2","2026-08-03","passed","2026-08-03","","test_RTP_callback_DS_12P_positive","",""
"Each entry in ``INVALID_PAYER_IDS`` (see dataset docstring) must be rejected with 400.","619","The activation request must contain a validly formatted fiscal code","functional-tests.tests.activation","2026-08-03","passed","2026-08-03","","test_debtor_activation_create","",""
"Test sending a DELETE operation message via GPD message API after a standalone UPDATE (no prior CREATE)","2658","A DELETE message after standalone UPDATE DRAFT","functional-tests.tests.process_messages_sender","2026-08-03","passed","2026-08-03","","test_RTP_process_sender_DELETE","",""
"","592","Unauthorized request returns 401","functional-tests.tests.activation","2026-08-03","passed","2026-08-03","","test_debtor_activation_list","",""
"Each entry in ``INVALID_PAYER_IDS`` must be rejected with 400.

The ``description`` parameter appears in pytest output to identify which
case failed without having to inspect the raw value.
","612","Querying activation status with an invalid payerId format returns 400","functional-tests.tests.activation","2026-08-03","passed","2026-08-03","","test_debtor_activation_payer_status","",""
"
Test RFC callback DS12P with CNCL status.

Flow:
1. Activate payer
2. Send an RTP via GPD message (CREATE VALID)
3. Cancel the RTP via GPD message (DELETE) → RTP to RFC_SENT
4. Send DS12P callback with CxlStsId CNCL (Cancelled As Per Request)
5. Verify callback is accepted (200)
6. Verify RTP status is CANCELLED
","3290","An RFC callback DS12P CNCL is successfully received and RTP status is CANCEL","functional-tests.tests.callbacks","2026-08-03","passed","2026-08-03","","test_RTP_callback_DS_12P","",""
"Each entry in ``INVALID_PAYER_IDS`` must be rejected with 400.

The ``description`` parameter appears in pytest output to identify which
case failed without having to inspect the raw value.
","1709","Querying activation status with an invalid payerId format returns 400","functional-tests.tests.activation","2026-08-03","passed","2026-08-03","","test_debtor_activation_payer_status","",""
"
Test RFC callback DS12P with wrong certificate identity, cancel via REST Web API.

Flow:
1. Activate payer
2. Send an RTP via GPD message (CREATE VALID)
3. Cancel the RTP via REST cancel endpoint with cancel_reason → RTP to RFC_SENT
4. Send DS12P callback with assignee_bic='FAKESP01' (doesn't match certificate identity MOCKSP04)
5. Verify callback is rejected with 403 (certificate mismatch)
","2607","Unauthorized RFC callback due to wrong certificate serial - through Web API cancel","functional-tests.tests.callbacks","2026-08-03","passed","2026-08-03","","test_RTP_callback_DS_12P","",""
"An EPC response containing fields not declared in the OpenAPI spec is treated as an invalid message and is NOT tolerated for accept/reject purposes (confirmed with rtp-sender-v2 maintainers, PR #26). The extra `invalid-field` property invalidates the whole response, so the RJCR confirmation is not processed and the RTP stays in RFC_SENT.","2822","Cancelling an RTP - EPC v4 mock unhappy path scenario: rjcr_extra_field","functional-tests.tests.cancel_rtp","2026-08-03","passed","2026-08-03","","test_RTP_cancel_MOCK_V2","",""
"Each entry in ``INVALID_PAYER_IDS`` (see dataset docstring) must be rejected with 400.","609","The activation request must contain a validly formatted fiscal code","functional-tests.tests.activation","2026-08-03","passed","2026-08-03","","test_debtor_activation_create","",""
"Payer activated under SP A queried by SP A → isActive must be true.","1265","An active payer returns isActive true for the same Service Provider","functional-tests.tests.activation","2026-08-03","passed","2026-08-03","","test_debtor_activation_payer_status","",""
"","2562","An RTP sent with synchronous acceptance is in status ACCEPTED - DS-05 ACTC - through Web API","functional-tests.tests.send_rtp","2026-08-03","passed","2026-08-03","","test_RTP_send_MOCK","",""
"Each entry in ``INVALID_PAYER_IDS`` (see dataset docstring) must be rejected with 400.","611","The activation request must contain a validly formatted fiscal code","functional-tests.tests.activation","2026-08-03","passed","2026-08-03","","test_debtor_activation_create","",""
"Each entry in ``INVALID_PAYER_IDS`` (see dataset docstring) must be rejected with 400.","618","The activation request must contain a validly formatted fiscal code","functional-tests.tests.activation","2026-08-03","passed","2026-08-03","","test_debtor_activation_create","",""
"Each entry in ``INVALID_PAYER_IDS`` (see dataset docstring) must be rejected with 400.","609","The activation request must contain a validly formatted fiscal code","functional-tests.tests.activation","2026-08-03","passed","2026-08-03","","test_debtor_activation_create","",""
"","4318","A v2 RTP callback with status ACCP is successfully received","functional-tests.tests.callbacks_v2","2026-08-03","passed","2026-08-03","","test_RTP_callback_DS_08P_positive","",""
