"DESCRIPTION","DURATION IN MS","NAME","PARENT SUITE","START TIME","STATUS","STOP TIME","SUB SUITE","SUITE","TEST CLASS","TEST METHOD"
"","441","All auth fixtures expose a valid Bearer token format","functional-tests.tests.auth","2026-08-06","passed","2026-08-06","","test_auth","",""
"Test sending a CREATE operation message with different statuses via GPD message API","892","A CREATE message with status INVALID","functional-tests.tests.process_messages_sender","2026-08-06","passed","2026-08-06","","test_RTP_process_sender_CREATE","",""
"
Test RFC callback DS12N with wrong certificate identity, cancel via REST Web API.

Flow:
1. Activate payer
2. Send an RTP via GPD message (CREATE VALID)
3. Cancel the RTP via REST cancel endpoint with cancel_reason → RTP to RFC_SENT
4. Send DS12N callback with assignee_bic='FAKESP01' (doesn't match certificate identity MOCKSP04)
5. Verify callback is rejected with 403 (certificate mismatch)
","1916","Unauthorized RFC callback due to wrong certificate serial - through Web API cancel","functional-tests.tests.callbacks","2026-08-06","passed","2026-08-06","","test_RTP_callback_DS_12N","",""
"DS_08P ACCP callback sent twice on the same RTP (direct SENT -> USER_ACCEPTED).

The second callback must be rejected with 400 since the transition is no
longer valid once the RTP is already USER_ACCEPTED.
","2775","Failed v2 callback for invalid RTP transition - DS-08P positive compliant","functional-tests.tests.callbacks_v2","2026-08-06","passed","2026-08-06","","test_RTP_callback_DS_08P_positive","",""
"","1002","Sending to non-activated debtor returns 422 - through Web API","functional-tests.tests.send_rtp","2026-08-06","passed","2026-08-06","","test_RTP_send_MOCK","",""
"Test that takeover fails when the service provider is unauthenticated","1316","Test Takeover Fails with Unauthenticated SP","functional-tests.tests.takeover","2026-08-06","passed","2026-08-06","","test_debtor_takeover","",""
"","2729","An RTP sent with synchronous rejection is in status REJECTED - DS-08P N","functional-tests.tests.send_rtp","2026-08-06","passed","2026-08-06","","test_RTP_send_MOCK","",""
"MOCKSP04 owns MOCKSP01 as well as its own spId; status must reflect the activation either way.","897","An active payer returns isActive true when activated under an owned but distinct Service Provider ID","functional-tests.tests.activation","2026-08-06","passed","2026-08-06","","test_debtor_activation_payer_status","",""
"Each entry in ``INVALID_PAYER_IDS`` (see dataset docstring) must be rejected with 400.","434","The activation request must contain a validly formatted fiscal code","functional-tests.tests.activation","2026-08-06","passed","2026-08-06","","test_debtor_activation_create","",""
"","419","Missing Version header returns 200","functional-tests.tests.activation","2026-08-06","passed","2026-08-06","","test_debtor_activation_list","",""
"","1519","RTP is successfully cancelled with reason PAID - V2","functional-tests.tests.cancel_rtp","2026-08-06","passed","2026-08-06","","test_RTP_cancel","",""
"Active payer with a foreign-country fiscal code (Z + 3 digits municipality) → isActive must be true.","899","An active payer with foreign fiscal code returns isActive true","functional-tests.tests.activation","2026-08-06","passed","2026-08-06","","test_debtor_activation_payer_status","",""
"Test sending an UPDATE after CREATE VALID + DELETE with different statuses","2218","An UPDATE message with status EXPIRED after CREATE VALID and DELETE","functional-tests.tests.process_messages_sender","2026-08-06","passed","2026-08-06","","test_RTP_process_sender_UPDATE","",""
"","895","A debtor with VAT number is activated and retrieved by activation id","functional-tests.tests.activation","2026-08-06","passed","2026-08-06","","test_debtor_activation_get","",""
"
Given a debtor is activated and a GPD message (CREATE) is sent via POST /gpd/message,
when the rtp-sender processes it and the RTP reaches status SENT,
when the payee queries the delivery-status endpoint with the correct noticeNumber
(nav) and payeeId (ec_tax_code),
then the response body must contain status=PD_RTP_DELIVERED, a non-null processingDate
in ISO 8601 format, and processingDate must match the SEND_RTP event timestamp from
the GPD message response (truncated to millisecond precision).
","6626","GPD message sent → RTP SENT → PD_RTP_DELIVERED with processingDate","functional-tests.tests.get_rtp","2026-08-06","passed","2026-08-06","","test_RTP_get_delivery_status","",""
"Test sending a CREATE operation message with an Italian VAT number via GPD message API","977","A CREATE message with VAT number (Partita IVA) is successfully sent through GPD message API","functional-tests.tests.process_messages_sender","2026-08-06","passed","2026-08-06","","test_RTP_process_sender","",""
"Test sending an UPDATE operation message with different statuses via GPD message API before a CREATE","903","An UPDATE message with status EXPIRED before CREATE","functional-tests.tests.process_messages_sender","2026-08-06","passed","2026-08-06","","test_RTP_process_sender_UPDATE_before_CREATE","",""
"Missing or invalid Bearer token → the endpoint must return 401.","408","Querying activation status without a valid token returns 401","functional-tests.tests.activation","2026-08-06","passed","2026-08-06","","test_debtor_activation_payer_status","",""
"","903","A debtor with foreign fiscal code is activated and retrieved by activation id","functional-tests.tests.activation","2026-08-06","passed","2026-08-06","","test_debtor_activation_get","",""
"","422","Get payees consents with invalid consent value returns 400","functional-tests.tests.service_registry","2026-08-06","passed","2026-08-06","","test_get_payees_consents","",""
"","1469","An RTP sent when EPC response omits _links is in status ACCEPTED - through Web API V2","functional-tests.tests.send_rtp","2026-08-06","passed","2026-08-06","","test_RTP_send_MOCK","",""
"","1241","A debtor is deactivated by an authenticated service provider","functional-tests.tests.activation","2026-08-06","passed","2026-08-06","","test_debtor_deactivation","",""
"","926","An RTP is sent to ICCREA service with activated fiscal code - through Web API V2","functional-tests.tests.send_rtp","2026-08-06","failed","2026-08-06","","test_RTP_send_ICCREA","",""
"","430","Non-integer size returns 400","functional-tests.tests.activation","2026-08-06","passed","2026-08-06","","test_debtor_activation_list","",""
"","3218","Failed callback for invalid RTP transition - DS-08P ACCP compliant","functional-tests.tests.callbacks","2026-08-06","passed","2026-08-06","","test_RTP_callback_DS_08","",""
"The mock policy falls back to its default `{}` response when no notice number matches, so the RTP stays in RFC_SENT.","2233","Cancelling an RTP - EPC v4 mock happy path scenario: no_match_fallback","functional-tests.tests.cancel_rtp","2026-08-06","passed","2026-08-06","","test_RTP_cancel_MOCK_V2","",""
"","560","The activation request must contain a validly formatted Service Provider ID","functional-tests.tests.activation","2026-08-06","passed","2026-08-06","","test_debtor_activation_create","",""
"Each entry in ``INVALID_PAYER_IDS`` must be rejected with 400.

The ``description`` parameter appears in pytest output to identify which
case failed without having to inspect the raw value.
","429","Querying activation status with an invalid payerId format returns 400","functional-tests.tests.activation","2026-08-06","passed","2026-08-06","","test_debtor_activation_payer_status","",""
"Test sending an UPDATE operation message with different statuses via GPD message API before a CREATE","1004","An UPDATE message with status INVALID before CREATE","functional-tests.tests.process_messages_sender","2026-08-06","passed","2026-08-06","","test_RTP_process_sender_UPDATE_before_CREATE","",""
"
Test RFC callback DS12P with CNCL status, cancel triggered via REST Web API with explicit reason.

Flow:
1. Activate payer
2. Send an RTP via GPD message (CREATE VALID)
3. Cancel the RTP via REST cancel endpoint with cancel_reason → RTP to RFC_SENT
4. Send DS12P callback with CxlStsId CNCL (Cancelled As Per Request)
5. Verify callback is accepted (200)
6. Verify RTP status is CANCELLED
","2427","An RFC callback DS12P CNCL is successfully received and RTP status is CANCEL - through Web API cancel","functional-tests.tests.callbacks","2026-08-06","passed","2026-08-06","","test_RTP_callback_DS_12P","",""
"Test the takeover flow where a user changes service provider","3894","Test Takeover Flow","functional-tests.tests.takeover","2026-08-06","passed","2026-08-06","","test_debtor_takeover","",""
"Each entry in ``INVALID_PAYER_IDS`` must be rejected with 400.

The ``description`` parameter appears in pytest output to identify which
case failed without having to inspect the raw value.
","428","Querying activation status with an invalid payerId format returns 400","functional-tests.tests.activation","2026-08-06","passed","2026-08-06","","test_debtor_activation_payer_status","",""
"Test sending a DELETE operation message via GPD message API after a CREATE","1339","A DELETE message after CREATE PAID","functional-tests.tests.process_messages_sender","2026-08-06","passed","2026-08-06","","test_RTP_process_sender_DELETE","",""
"Test sending a DELETE operation message via GPD message API after a CREATE","1644","A DELETE message after CREATE EXPIRED","functional-tests.tests.process_messages_sender","2026-08-06","passed","2026-08-06","","test_RTP_process_sender_DELETE","",""
"","448","Deactivation fails for non-existing activation","functional-tests.tests.activation","2026-08-06","passed","2026-08-06","","test_debtor_deactivation","",""
"","3034","An RTP callback is successfully received with status ACCP","functional-tests.tests.callbacks","2026-08-06","passed","2026-08-06","","test_RTP_callback_DS_08","",""
"Test sending an UPDATE operation message with different statuses via GPD message API before a CREATE","999","An UPDATE message with status DRAFT before CREATE","functional-tests.tests.process_messages_sender","2026-08-06","passed","2026-08-06","","test_RTP_process_sender_UPDATE_before_CREATE","",""
"Each entry in ``INVALID_PAYER_IDS`` must be rejected with 400.

The ``description`` parameter appears in pytest output to identify which
case failed without having to inspect the raw value.
","441","Querying activation status with an invalid payerId format returns 400","functional-tests.tests.activation","2026-08-06","passed","2026-08-06","","test_debtor_activation_payer_status","",""
"Test sending a CREATE operation message with different statuses via GPD message API","883","A CREATE message with status PAID","functional-tests.tests.process_messages_sender","2026-08-06","passed","2026-08-06","","test_RTP_process_sender_CREATE","",""
"
Test RFC callback DS12P with INVALID status, cancel via REST Web API.

Flow:
1. Activate payer
2. Send an RTP via GPD message (CREATE VALID)
3. Cancel the RTP via REST cancel endpoint with cancel_reason → RTP to RFC_SENT
4. Send DS12P callback with CxlStsId INVALID
5. Verify callback is rejected with 400
6. Verify RTP status is still RFC_SENT
","2326","An RFC callback DS12P INVALID is rejected with 400 - through Web API cancel","functional-tests.tests.callbacks","2026-08-06","passed","2026-08-06","","test_RTP_callback_DS_12P","",""
"Test sending an UPDATE operation message with different statuses via GPD message API before a CREATE","879","An UPDATE message with status PUBLISHED before CREATE","functional-tests.tests.process_messages_sender","2026-08-06","passed","2026-08-06","","test_RTP_process_sender_UPDATE_before_CREATE","",""
"","970","An RTP is sent to a CBI service with activated fiscal code","functional-tests.tests.send_rtp","2026-08-06","passed","2026-08-06","","test_RTP_send_CBI","",""
"","445","malformed rtp_id → 400 Bad Request","functional-tests.tests.get_rtp","2026-08-06","passed","2026-08-06","","test_RTP_get","",""
"Test sending a DELETE operation message via GPD message API after a standalone UPDATE (no prior CREATE)","1333","A DELETE message after standalone UPDATE EXPIRED","functional-tests.tests.process_messages_sender","2026-08-06","passed","2026-08-06","","test_RTP_process_sender_DELETE","",""
"","474","A Service Provider with invalid client ID is not authenticated on Keycloak","functional-tests.tests.auth","2026-08-06","passed","2026-08-06","","test_auth","",""
"","909","Sending a GPD message with null operation returns 400","functional-tests.tests.send_rtp","2026-08-06","passed","2026-08-06","","test_RTP_send_MOCK","",""
"","2184","RTP is successfully cancelled with reason PAID","functional-tests.tests.cancel_rtp","2026-08-06","passed","2026-08-06","","test_RTP_cancel","",""
"Test sending an UPDATE after CREATE VALID + DELETE with different statuses","1903","An UPDATE message with status PUBLISHED after CREATE VALID and DELETE","functional-tests.tests.process_messages_sender","2026-08-06","passed","2026-08-06","","test_RTP_process_sender_UPDATE","",""
"","893","Find by payer id returns 404 when the token subject does not own the activation's Service Provider ID","functional-tests.tests.activation","2026-08-06","passed","2026-08-06","","test_debtor_activation_get","",""
"Test sending a CREATE operation message via GPD message API","1007","A CREATE message is successfully sent through GPD message API","functional-tests.tests.process_messages_sender","2026-08-06","passed","2026-08-06","","test_RTP_process_sender","",""
"Test sending an UPDATE after CREATE VALID + DELETE with different statuses","1867","An UPDATE message with status PARTIALLY_PAID after CREATE VALID and DELETE","functional-tests.tests.process_messages_sender","2026-08-06","passed","2026-08-06","","test_RTP_process_sender_UPDATE","",""
"","2870","DS_12N negative RFC v2 callback with Version header returns 400","functional-tests.tests.callbacks_v2","2026-08-06","passed","2026-08-06","","test_RTP_callback_with_version_header","",""
"Test sending an UPDATE operation message with different statuses via GPD message API after a CREATE","1437","An UPDATE message with status INVALID after CREATE","functional-tests.tests.process_messages_sender","2026-08-06","passed","2026-08-06","","test_RTP_process_sender_UPDATE","",""
"Each entry in ``INVALID_PAYER_IDS`` (see dataset docstring) must be rejected with 400.","439","The activation request must contain a validly formatted fiscal code","functional-tests.tests.activation","2026-08-06","passed","2026-08-06","","test_debtor_activation_create","",""
"
Test v2 RFC callback DS12N with RJCR status applied twice on the same RTP.

Flow:
1. Activate payer
2. Send an RTP via GPD message v2 (CREATE VALID)
3. Cancel the RTP via GPD message v2 (DELETE) -> RTP to RFC_SENT
4. Send DS12N callback with CxlStsId RJCR (Rejected Cancellation Request) -> RTP to CANCELLED_REJECTED
5. Send the same DS12N RJCR callback again on the already transitioned RTP
6. Verify the second callback is rejected (400) since the transition is no longer valid
7. Verify RTP status remains CANCELLED_REJECTED
","3908","Failed v2 RFC callback for invalid RTP transition - DS-12N negative compliant","functional-tests.tests.callbacks_v2","2026-08-06","passed","2026-08-06","","test_RTP_callback_DS_12N_negative","",""
"","442","All auth fixtures expose a valid Bearer token format","functional-tests.tests.auth","2026-08-06","passed","2026-08-06","","test_auth","",""
"","2797","Failed v2 redirect callback for invalid RTP transition - DS-05 ACTC compliant","functional-tests.tests.callbacks_v2","2026-08-06","passed","2026-08-06","","test_RTP_callback_DS_05_redirect","",""
"","971","SP_ACTIVATIONS_READ_ALL can retrieve activation by Activation ID created by SP_A","functional-tests.tests.activation","2026-08-06","passed","2026-08-06","","test_RTP_activation_security","",""
"","2304","DS_08P positive v2 callback with Version header returns 400","functional-tests.tests.callbacks_v2","2026-08-06","passed","2026-08-06","","test_RTP_callback_with_version_header","",""
"Test sending an UPDATE operation message with different statuses via GPD message API before a CREATE","979","An UPDATE message with status VALID before CREATE","functional-tests.tests.process_messages_sender","2026-08-06","passed","2026-08-06","","test_RTP_process_sender_UPDATE_before_CREATE","",""
"","426","A debtor service provider fails activation due to wrong service provider id","functional-tests.tests.activation","2026-08-06","passed","2026-08-06","","test_debtor_activation_list","",""
"
Test v2 RFC callback DS12P with non-existing service provider.

Flow:
1. Activate payer
2. Send an RTP via GPD message v2 (CREATE VALID)
3. Cancel the RTP via GPD message v2 (DELETE) -> RTP to RFC_SENT
4. Send DS12P callback with non-existing BIC (MOCKSP99)
5. Verify callback is rejected with 400 (service provider not found)
6. Verify RTP status is still RFC_SENT
","2406","Failed v2 RFC callback for non existing Service Provider - DS-12P positive compliant","functional-tests.tests.callbacks_v2","2026-08-06","passed","2026-08-06","","test_RTP_callback_DS_12P_positive","",""
"","1944","An RTP callback with status ACTC is successfully received","functional-tests.tests.callbacks","2026-08-06","passed","2026-08-06","","test_RTP_callback_DS_05","",""
"Each entry in ``INVALID_PAYER_IDS`` (see dataset docstring) must be rejected with 400.","439","The activation request must contain a validly formatted fiscal code","functional-tests.tests.activation","2026-08-06","passed","2026-08-06","","test_debtor_activation_create","",""
"The response cannot be parsed as a cancellation confirmation (malformed, unquoted string), so the RTP stays in RFC_SENT rather than erroring out.","2070","Cancelling an RTP - EPC v4 mock unhappy path scenario: malformed_string","functional-tests.tests.cancel_rtp","2026-08-06","passed","2026-08-06","","test_RTP_cancel_MOCK_V2","",""
"","1049","An RTP sent when EPC response contains an unknown field is ignored and remains in status SENT - through Web API V2","functional-tests.tests.send_rtp","2026-08-06","failed","2026-08-06","","test_RTP_send_MOCK","",""
"","435","Get payees consents with extreme page size returns 400","functional-tests.tests.service_registry","2026-08-06","passed","2026-08-06","","test_get_payees_consents","",""
"Each entry in ``INVALID_PAYER_IDS`` (see dataset docstring) must be rejected with 400.","542","The activation request must contain a validly formatted fiscal code","functional-tests.tests.activation","2026-08-06","passed","2026-08-06","","test_debtor_activation_create","",""
"No `Sts.Conf` confirmation is present (empty JSON object), so only CANCEL_RTP is triggered and the RTP stays in RFC_SENT.","2107","Cancelling an RTP - EPC v4 mock happy path scenario: empty_json_object","functional-tests.tests.cancel_rtp","2026-08-06","passed","2026-08-06","","test_RTP_cancel_MOCK_V2","",""
"Test sending a CREATE operation message with different statuses via GPD message API","881","A CREATE message with status DRAFT","functional-tests.tests.process_messages_sender","2026-08-06","passed","2026-08-06","","test_RTP_process_sender_CREATE","",""
"Each entry in ``INVALID_PAYER_IDS`` must be rejected with 400.

The ``description`` parameter appears in pytest output to identify which
case failed without having to inspect the raw value.
","429","Querying activation status with an invalid payerId format returns 400","functional-tests.tests.activation","2026-08-06","passed","2026-08-06","","test_debtor_activation_payer_status","",""
"Each entry in ``INVALID_PAYER_IDS`` must be rejected with 400.

The ``description`` parameter appears in pytest output to identify which
case failed without having to inspect the raw value.
","1156","Querying activation status with an invalid payerId format returns 400","functional-tests.tests.activation","2026-08-06","passed","2026-08-06","","test_debtor_activation_payer_status","",""
"","441","Retrieving activation with malformed payer id returns 400","functional-tests.tests.activation","2026-08-06","passed","2026-08-06","","test_debtor_activation_get","",""
"","908","Deactivation fails for activation by another service provider","functional-tests.tests.activation","2026-08-06","passed","2026-08-06","","test_debtor_deactivation","",""
"
Given an RTP is sent successfully (status SENT) for a given noticeNumber + payeeId,
when the payee queries the delivery-status endpoint with the correct noticeNumber
but a different payeeId,
then the response must be HTTP 200 with status=PD_RTP_NOT_DELIVERED, verifying
that the endpoint filters on both fields.
","6507","Existing noticeNumber with wrong payeeId → PD_RTP_NOT_DELIVERED","functional-tests.tests.get_rtp","2026-08-06","passed","2026-08-06","","test_RTP_get_delivery_status","",""
"
Test RFC callback DS12N with wrong certificate identity.

Flow:
1. Activate payer
2. Send an RTP via GPD message (CREATE VALID)
3. Cancel the RTP via GPD message (DELETE) → RTP to RFC_SENT
4. Send DS12N callback with assignee_bic='FAKESP01' (doesn't match certificate identity MOCKSP04)
5. Verify callback is rejected with 403 (certificate mismatch)
","2164","Unauthorized RFC callback due to wrong certificate serial","functional-tests.tests.callbacks","2026-08-06","passed","2026-08-06","","test_RTP_callback_DS_12N","",""
"","1842","An RTP callback is received with invalid status","functional-tests.tests.callbacks","2026-08-06","passed","2026-08-06","","test_RTP_callback_DS_08","",""
"","430","All auth fixtures expose a valid Bearer token format","functional-tests.tests.auth","2026-08-06","passed","2026-08-06","","test_auth","",""
"
Tests that sending an RTP payload with an amount over the POSTE limit results in a 400 Bad Request response.

:param debtor_sp_mock_cert_key: Certificate and key tuple for mutual TLS authentication.
:type debtor_sp_mock_cert_key: Tuple[str, str]
","898","Cannot send RTP with an amount over the POSTE limit","functional-tests.tests.availability","2026-08-06","failed","2026-08-06","","test_availability_POSTE","",""
"Active payer identified by an 11-digit Partita IVA → isActive must be true.","904","An active payer with VAT number (Partita IVA) returns isActive true","functional-tests.tests.activation","2026-08-06","passed","2026-08-06","","test_debtor_activation_payer_status","",""
"
Verify that a debt position can be created and published successfully.
","527","Happy path: a debt position is created and published in UAT environment","functional-tests.tests.gpd_availability","2026-08-06","passed","2026-08-06","","test_availability_GPD","",""
"","450","Get payees consents with invalid date format returns 400","functional-tests.tests.service_registry","2026-08-06","passed","2026-08-06","","test_get_payees_consents","",""
"","2223","An RTP sent with synchronous rejection is in status REJECTED - DS-08P N - through Web API V2","functional-tests.tests.send_rtp","2026-08-06","failed","2026-08-06","","test_RTP_send_MOCK","",""
"Test sending an UPDATE after CREATE VALID + DELETE with different statuses","1931","An UPDATE message with status PAID after CREATE VALID and DELETE","functional-tests.tests.process_messages_sender","2026-08-06","passed","2026-08-06","","test_RTP_process_sender_UPDATE","",""
"
Send the same CREATE VALID message twice.

Because send_gpd_message derives the Idempotency-Key deterministically from
the message id (msg_id), reusing the same payload reuses the same key.

Expectations:
- Both calls return HTTP 200 (idempotent, not an error).
- The resourceId in both responses is identical, proving the API returned
  the cached response and did not process the message twice.
- Querying by notice number returns exactly one RTP, confirming that only
  one record was written to the database.
","2317","Two CREATE VALID messages with the same Idempotency-Key both succeed but only one RTP is stored","functional-tests.tests.process_messages_sender","2026-08-06","passed","2026-08-06","","test_RTP_process_sender_IDEMPOTENCY","",""
"Each entry in ``INVALID_PAYER_IDS`` (see dataset docstring) must be rejected with 400.","439","The activation request must contain a validly formatted fiscal code","functional-tests.tests.activation","2026-08-06","failed","2026-08-06","","test_debtor_activation_create","",""
"
Test RFC callback DS12N with non-existing service provider, cancel via REST Web API.

Flow:
1. Activate payer
2. Send an RTP via GPD message (CREATE VALID)
3. Cancel the RTP via REST cancel endpoint with cancel_reason → RTP to RFC_SENT
4. Send DS12N callback with non-existing BIC (MOCKSP99)
5. Verify callback is rejected with 400 (service provider not found)
","1971","Failed RFC callback for non existing Service Provider - DS-12N RJCR compliant - through Web API cancel","functional-tests.tests.callbacks","2026-08-06","passed","2026-08-06","","test_RTP_callback_DS_12N","",""
"Test sending a DELETE operation message via GPD message API after a CREATE VALID + UPDATE","1919","A DELETE message after CREATE VALID + UPDATE PARTIALLY_PAID","functional-tests.tests.process_messages_sender","2026-08-06","passed","2026-08-06","","test_RTP_process_sender_DELETE","",""
"
DS_08N callback sent with the Version header must be rejected with 400.
The RTP must remain in SENT (transition to REJECTED must not happen).

Flow:
1. Activate payer and send an RTP → resource_id
2. Build a valid DS_08N payload referencing the RTP
3. POST to callback endpoint WITH Version header
4. Verify 400 is returned with the expected error body
5. Verify RTP status is still SENT
","2749","DS_08N callback with Version header returns 400","functional-tests.tests.callbacks","2026-08-06","passed","2026-08-06","","test_RTP_callback_with_version_header","",""
"","1922","Failed callback for non existing Service Provider - DS-document RJCT compliant","functional-tests.tests.callbacks_v2","2026-08-06","passed","2026-08-06","","test_RTP_callback_DS_document_rjct","",""
"Test sending a DELETE operation message via GPD message API after a CREATE","1351","A DELETE message after CREATE PARTIALLY_PAID","functional-tests.tests.process_messages_sender","2026-08-06","passed","2026-08-06","","test_RTP_process_sender_DELETE","",""
"","918","A debtor cannot be activated more than once by the same service provider","functional-tests.tests.activation","2026-08-06","passed","2026-08-06","","test_debtor_activation_create","",""
"","2941","An RTP callback is successfully received","functional-tests.tests.callbacks","2026-08-06","passed","2026-08-06","","test_RTP_callback_DS_04","",""
"","499","Sending to non-activated debtor returns 422 - through Web API V2","functional-tests.tests.send_rtp","2026-08-06","passed","2026-08-06","","test_RTP_send_MOCK","",""
"The PSP synchronously rejects the cancellation request with 422 (per standard behaviour for the EPC 404 Not Found scenario). The RTP then transitions to ERROR_CANCEL via ERROR_CANCEL_RTP.","2160","Cancelling an RTP - EPC v4 mock unhappy path scenario: epc_404","functional-tests.tests.cancel_rtp","2026-08-06","failed","2026-08-06","","test_RTP_cancel_MOCK_V2","",""
"","3342","Failed callback for invalid RTP transition - DS-08N compliant","functional-tests.tests.callbacks","2026-08-06","passed","2026-08-06","","test_RTP_callback_DS_08","",""
"
DS_12P CNCL RFC callback sent with the Version header must be rejected with 400.
The RTP must remain in RFC_SENT (transition to CANCELLED must not happen).

Flow:
1. Activate payer, send RTP, trigger cancel via GPD DELETE → RFC_SENT
2. Build a valid DS_12P CNCL payload
3. POST to RFC callback endpoint WITH Version header
4. Verify 400 is returned with the expected error body
5. Verify RTP status is still RFC_SENT
","2320","DS_12P CNCL RFC callback with Version header returns 400","functional-tests.tests.callbacks","2026-08-06","passed","2026-08-06","","test_RTP_callback_with_version_header","",""
"Each entry in ``INVALID_PAYER_IDS`` must be rejected with 400.

The ``description`` parameter appears in pytest output to identify which
case failed without having to inspect the raw value.
","429","Querying activation status with an invalid payerId format returns 400","functional-tests.tests.activation","2026-08-06","passed","2026-08-06","","test_debtor_activation_payer_status","",""
"
Test RFC callback DS12P with CNCL status.

Flow:
1. Activate payer
2. Send an RTP via GPD message (CREATE VALID)
3. Cancel the RTP via GPD message (DELETE) → RTP to RFC_SENT
4. Send DS12P callback with CxlStsId CNCL (Cancelled As Per Request)
5. Verify callback is accepted (200)
6. Verify RTP status is CANCELLED
","3130","An RFC callback DS12P CNCL is successfully received and RTP status is CANCEL","functional-tests.tests.callbacks","2026-08-06","passed","2026-08-06","","test_RTP_callback_DS_12P","",""
"","1817","SP_B cannot retrieve activation by Fiscal Code created by SP_A","functional-tests.tests.activation","2026-08-06","passed","2026-08-06","","test_RTP_activation_security","",""
"","1400","Get list of service providers successfully","functional-tests.tests.service_registry","2026-08-06","passed","2026-08-06","","test_service_registry_service_providers","",""
"
Tests that sending an RTP payload with an invalid amount to the POSTE endpoint results in a 400 Bad Request response.

:param debtor_sp_mock_cert_key: Certificate and key tuple for mutual TLS authentication.
:type debtor_sp_mock_cert_key: Tuple[str, str]
","955","Cannot send RTP with invalid amount","functional-tests.tests.availability","2026-08-06","passed","2026-08-06","","test_availability_POSTE","",""
"
Verify that a debt position can be created and published successfully.
","489","Happy path: a debt position is created and published in DEV environment","functional-tests.tests.gpd_availability","2026-08-06","passed","2026-08-06","","test_availability_GPD","",""
"","1385","An RTP sent when EPC response contains an unknown field is ignored and remains in status SENT - through Web API","functional-tests.tests.send_rtp","2026-08-06","passed","2026-08-06","","test_RTP_send_MOCK","",""
"","440","Get payees consents with negative page size returns 400","functional-tests.tests.service_registry","2026-08-06","passed","2026-08-06","","test_get_payees_consents","",""
"Payer that has never been activated → isActive must be false.","434","test_get_activation_status_not_active_payer","functional-tests.tests.activation","2026-08-06","passed","2026-08-06","","test_debtor_activation_payer_status","",""
"","431","Invalid pagination parameters returns 400","functional-tests.tests.activation","2026-08-06","passed","2026-08-06","","test_debtor_activation_list","",""
"","2467","A v2 document RTP callback with status RJCT is successfully received","functional-tests.tests.callbacks_v2","2026-08-06","passed","2026-08-06","","test_RTP_callback_DS_document_rjct","",""
"Test sending an UPDATE operation message with different statuses via GPD message API after a CREATE","1409","An UPDATE message with status PUBLISHED after CREATE","functional-tests.tests.process_messages_sender","2026-08-06","passed","2026-08-06","","test_RTP_process_sender_UPDATE","",""
"No `Sts.Conf` confirmation is present (Sts block omitted entirely), so only CANCEL_RTP is triggered and the RTP stays in RFC_SENT.","2078","Cancelling an RTP - EPC v4 mock happy path scenario: no_sts_block","functional-tests.tests.cancel_rtp","2026-08-06","passed","2026-08-06","","test_RTP_cancel_MOCK_V2","",""
"CREATE VALID with an ec_tax_code that does not exist in GPD returns 422 Payee not found","878","A CREATE VALID message with a non-existent ec_tax_code is rejected","functional-tests.tests.process_messages_sender","2026-08-06","passed","2026-08-06","","test_RTP_process_sender_CREATE","",""
"Test sending a DELETE operation message via GPD message API after a CREATE","3020","A DELETE message after CREATE PUBLISHED","functional-tests.tests.process_messages_sender","2026-08-06","passed","2026-08-06","","test_RTP_process_sender_DELETE","",""
"Each entry in ``INVALID_PAYER_IDS`` (see dataset docstring) must be rejected with 400.","428","The activation request must contain a validly formatted fiscal code","functional-tests.tests.activation","2026-08-06","passed","2026-08-06","","test_debtor_activation_create","",""
"
Payer activated under SP A.
Token with read_rtp_all can read across all Service Providers:
the admin client sub does not match SP A, yet isActive must be true.
","902","read_rtp_all role returns isActive true for a payer on any Service Provider","functional-tests.tests.activation","2026-08-06","passed","2026-08-06","","test_debtor_activation_payer_status","",""
"UPDATE VALID before any CREATE creates a new RTP; the RTP must be retrievable from the database","1421","An UPDATE VALID before CREATE creates the RTP in the database","functional-tests.tests.process_messages_sender","2026-08-06","passed","2026-08-06","","test_RTP_process_sender_UPDATE_before_CREATE","",""
"","476","The service returns the mocked server error","functional-tests.tests.availability","2026-08-06","passed","2026-08-06","","test_availability_MOCK","",""
"","1951","An RTP sent with synchronous rejection containing extra fields results in status REJECTED","functional-tests.tests.send_rtp","2026-08-06","passed","2026-08-06","","test_RTP_send_MOCK","",""
"Each entry in ``INVALID_PAYER_IDS`` must be rejected with 400.

The ``description`` parameter appears in pytest output to identify which
case failed without having to inspect the raw value.
","428","Querying activation status with an invalid payerId format returns 400","functional-tests.tests.activation","2026-08-06","passed","2026-08-06","","test_debtor_activation_payer_status","",""
"
Tests the retrieval of an access token from the POSTE authentication endpoint using client credentials and mutual TLS.

:param debtor_sp_mock_cert_key: Certificate and key tuple for mutual TLS authentication.
:type debtor_sp_mock_cert_key: Tuple[str, str]
","377","Auth endpoint returns valid token","functional-tests.tests.availability","2026-08-06","passed","2026-08-06","","test_availability_POSTE","",""
"","429","Get payees consents with wrong token type returns 403","functional-tests.tests.service_registry","2026-08-06","passed","2026-08-06","","test_get_payees_consents","",""
"","1909","Unauthorized callback due to wrong certificate serial","functional-tests.tests.callbacks_v2","2026-08-06","passed","2026-08-06","","test_RTP_callback_DS_08N_negative","",""
"","2691","An RTP is sent to a CBI service with activated fiscal code - through Web API","functional-tests.tests.send_rtp","2026-08-06","passed","2026-08-06","","test_RTP_send_CBI","",""
"","1957","Unauthorized callback due to wrong certificate serial","functional-tests.tests.callbacks_v2","2026-08-06","passed","2026-08-06","","test_RTP_callback_DS_05_redirect","",""
"","1196","Get paginated list of payees successfully","functional-tests.tests.service_registry","2026-08-06","passed","2026-08-06","","test_service_registry_payees_registry","",""
"Test sending an UPDATE operation message with different statuses via GPD message API after a CREATE","1466","An UPDATE message with status EXPIRED after CREATE","functional-tests.tests.process_messages_sender","2026-08-06","passed","2026-08-06","","test_RTP_process_sender_UPDATE","",""
"Test sending a DELETE operation message via GPD message API after a standalone UPDATE (no prior CREATE)","1338","A DELETE message after standalone UPDATE PARTIALLY_PAID","functional-tests.tests.process_messages_sender","2026-08-06","passed","2026-08-06","","test_RTP_process_sender_DELETE","",""
"Test sending a DELETE operation message via GPD message API after a standalone UPDATE (no prior CREATE)","1306","A DELETE message after standalone UPDATE INVALID","functional-tests.tests.process_messages_sender","2026-08-06","passed","2026-08-06","","test_RTP_process_sender_DELETE","",""
"","1445","An RTP is sent to a CBI service with activated fiscal code - through Web API V2","functional-tests.tests.send_rtp","2026-08-06","failed","2026-08-06","","test_RTP_send_CBI","",""
"Test sending a DELETE operation message via GPD message API after a CREATE VALID + UPDATE","1871","A DELETE message after CREATE VALID + UPDATE PUBLISHED","functional-tests.tests.process_messages_sender","2026-08-06","passed","2026-08-06","","test_RTP_process_sender_DELETE","",""
"","406","The service returns the mocked server error","functional-tests.tests.availability","2026-08-06","passed","2026-08-06","","test_availability_MOCK","",""
"Test sending a CREATE operation message with different statuses via GPD message API","893","A CREATE message with status EXPIRED","functional-tests.tests.process_messages_sender","2026-08-06","passed","2026-08-06","","test_RTP_process_sender_CREATE","",""
"","1551","An RTP is sent to Poste service with activated fiscal code - through Web API","functional-tests.tests.send_rtp","2026-08-06","passed","2026-08-06","","test_RTP_send_POSTE","",""
"","3342","An RTP callback is successfully received with status RJCT","functional-tests.tests.callbacks","2026-08-06","passed","2026-08-06","","test_RTP_callback_DS_08","",""
"
Test RFC callback DS12P with CNCL status applied twice on the same RTP.

Flow:
1. Activate payer
2. Send an RTP via GPD message (CREATE VALID)
3. Cancel the RTP via GPD message (DELETE) -> RTP to RFC_SENT
4. Send DS12P callback with CxlStsId CNCL (Cancelled As Per Request) -> RTP to CANCELLED
5. Send the same DS12P CNCL callback again on the already cancelled RTP
6. Verify the second callback is rejected (400) since the transition is no longer valid
7. Verify RTP status remains CANCELLED
","3229","Failed RFC callback for invalid RTP transition - DS-12P CNCL compliant","functional-tests.tests.callbacks","2026-08-06","passed","2026-08-06","","test_RTP_callback_DS_12P","",""
"","2377","A v2 redirect RTP callback with invalid status is rejected without affecting the RTP status","functional-tests.tests.callbacks_v2","2026-08-06","passed","2026-08-06","","test_RTP_callback_DS_05_redirect","",""
"
Test RFC callback DS12N with non-existing service provider.

Flow:
1. Activate payer
2. Send an RTP via GPD message (CREATE VALID)
3. Cancel the RTP via GPD message (DELETE) → RTP to RFC_SENT
4. Send DS12N callback with non-existing BIC (MOCKSP99)
5. Verify callback is rejected with 400 (service provider not found)
","1887","Failed RFC callback for non existing Service Provider - DS-12N RJCR compliant","functional-tests.tests.callbacks","2026-08-06","passed","2026-08-06","","test_RTP_callback_DS_12N","",""
"","431","Get payees consents with negative page number returns 400","functional-tests.tests.service_registry","2026-08-06","passed","2026-08-06","","test_get_payees_consents","",""
"DS_08P ACCP callback sent directly on a SENT RTP (no prior DS_05 ACTC callback).

The RTP is expected to transition straight from SENT to USER_ACCEPTED.
","2494","A v2 RTP callback with status ACCP is successfully received without a prior DS_05 callback","functional-tests.tests.callbacks_v2","2026-08-06","passed","2026-08-06","","test_RTP_callback_DS_08P_positive","",""
"Test sending a DELETE operation message via GPD message API after a standalone UPDATE (no prior CREATE)","1477","A DELETE message after standalone UPDATE VALID","functional-tests.tests.process_messages_sender","2026-08-06","passed","2026-08-06","","test_RTP_process_sender_DELETE","",""
"Each entry in ``INVALID_PAYER_IDS`` (see dataset docstring) must be rejected with 400.","431","The activation request must contain a validly formatted fiscal code","functional-tests.tests.activation","2026-08-06","passed","2026-08-06","","test_debtor_activation_create","",""
"","2771","A v2 redirect RTP callback with status ACTC is successfully received","functional-tests.tests.callbacks_v2","2026-08-06","passed","2026-08-06","","test_RTP_callback_DS_05_redirect","",""
"","895","A debtor with omocodia fiscal code is activated successfully","functional-tests.tests.activation","2026-08-06","passed","2026-08-06","","test_debtor_activation_create","",""
"
Test v2 RFC callback DS12N with non-existing service provider.

Flow:
1. Activate payer
2. Send an RTP via GPD message v2 (CREATE VALID)
3. Cancel the RTP via GPD message v2 (DELETE) -> RTP to RFC_SENT
4. Send DS12N callback with non-existing BIC (MOCKSP99)
5. Verify callback is rejected with 400 (service provider not found)
6. Verify RTP status is still RFC_SENT
","2465","Failed v2 RFC callback for non existing Service Provider - DS-12N negative compliant","functional-tests.tests.callbacks_v2","2026-08-06","passed","2026-08-06","","test_RTP_callback_DS_12N_negative","",""
"
DS_08P ACCP callback sent with the Version header must be rejected with 400.
The RTP must remain in ACCEPTED (transition to USER_ACCEPTED must not happen).

Flow:
1. Activate payer, send RTP, advance to ACCEPTED via DS_05 (without header)
2. Build a valid DS_08P ACCP payload
3. POST WITH Version header
4. Verify 400 is returned with the expected error body
5. Verify RTP status is still ACCEPTED
","2272","DS_08P ACCP callback with Version header returns 400","functional-tests.tests.callbacks","2026-08-06","passed","2026-08-06","","test_RTP_callback_with_version_header","",""
"Test that takeover fails when an invalid OTP is provided","1313","Test Takeover Fails with Invalid OTP","functional-tests.tests.takeover","2026-08-06","passed","2026-08-06","","test_debtor_takeover","",""
"MOCKSP04 owns MOCKSP01 as well as its own spId; activation must be allowed on either.","913","A debtor is activated using a Service Provider ID the token subject owns but does not itself represent","functional-tests.tests.activation","2026-08-06","passed","2026-08-06","","test_debtor_activation_create","",""
"Each entry in ``INVALID_PAYER_IDS`` (see dataset docstring) must be rejected with 400.","439","The activation request must contain a validly formatted fiscal code","functional-tests.tests.activation","2026-08-06","passed","2026-08-06","","test_debtor_activation_create","",""
"","527","The RTP web page is reachable","functional-tests.tests.availability","2026-08-06","passed","2026-08-06","","test_availability_RTP_webform","",""
"
Test RFC callback DS12P with non-existing service provider, cancel via REST Web API.

Flow:
1. Activate payer
2. Send an RTP via GPD message (CREATE VALID)
3. Cancel the RTP via REST cancel endpoint with cancel_reason → RTP to RFC_SENT
4. Send DS12P callback with non-existing BIC (MOCKSP99)
5. Verify callback is rejected with 400 (service provider not found)
","1873","Failed RFC callback for non existing Service Provider - DS-12P CNCL compliant - through Web API cancel","functional-tests.tests.callbacks","2026-08-06","passed","2026-08-06","","test_RTP_callback_DS_12P","",""
"Each entry in ``INVALID_PAYER_IDS`` (see dataset docstring) must be rejected with 400.","553","The activation request must contain a validly formatted fiscal code","functional-tests.tests.activation","2026-08-06","passed","2026-08-06","","test_debtor_activation_create","",""
"
Given a noticeNumber that does not correspond to any RTP in the database,
when the payee queries the delivery-status endpoint,
then the response must be HTTP 200 with status=PD_RTP_NOT_DELIVERED and
processingDate absent or null.
","433","Non-existent noticeNumber → PD_RTP_NOT_DELIVERED","functional-tests.tests.get_rtp","2026-08-06","passed","2026-08-06","","test_RTP_get_delivery_status","",""
"","2179","An RTP is sent to ICCREA service with activated fiscal code - through Web API","functional-tests.tests.send_rtp","2026-08-06","failed","2026-08-06","","test_RTP_send_ICCREA","",""
"The PSP synchronously rejects the cancellation request with 422 (per standard behaviour for the EPC 410 Gone scenario). The RTP then transitions to ERROR_CANCEL via ERROR_CANCEL_RTP.","2145","Cancelling an RTP - EPC v4 mock unhappy path scenario: epc_410","functional-tests.tests.cancel_rtp","2026-08-06","failed","2026-08-06","","test_RTP_cancel_MOCK_V2","",""
"","2437","An RTP callback with status REJECTED is successfully received","functional-tests.tests.callbacks","2026-08-06","passed","2026-08-06","","test_RTP_callback_DS_08","",""
"","884","A debtor activated with an owned but distinct Service Provider ID is retrieved by payer id","functional-tests.tests.activation","2026-08-06","passed","2026-08-06","","test_debtor_activation_get","",""
"Querying activation status with an empty payerId must be rejected with 404.","1264","Querying activation status with an empty payerId returns 404","functional-tests.tests.activation","2026-08-06","passed","2026-08-06","","test_debtor_activation_payer_status","",""
"
Test RFC callback DS12N with RJCR status.

Flow:
1. Activate payer
2. Send an RTP via GPD message (CREATE VALID)
3. Cancel the RTP via GPD message (DELETE) → RTP to RFC_SENT
4. Send DS12N callback with CxlStsId RJCR (Rejected Cancellation Request)
5. Verify callback is accepted (200)
6. Verify RTP status is ERROR_CANCEL
","3105","An RFC callback DS12N RJCR is successfully received and RTP status is ERROR_CANCEL","functional-tests.tests.callbacks","2026-08-06","passed","2026-08-06","","test_RTP_callback_DS_12N","",""
"","980","An RTP is sent through API - through Web API","functional-tests.tests.send_rtp","2026-08-06","passed","2026-08-06","","test_RTP_send_MOCK","",""
"Each entry in ``INVALID_PAYER_IDS`` (see dataset docstring) must be rejected with 400.","456","The activation request must contain a validly formatted fiscal code","functional-tests.tests.activation","2026-08-06","passed","2026-08-06","","test_debtor_activation_create","",""
"
Test RFC callback DS12N with INVALID status.

Flow:
1. Activate payer
2. Send an RTP via GPD message (CREATE VALID)
3. Cancel the RTP via GPD message (DELETE) → RTP to RFC_SENT
4. Send DS12N callback with CxlStsId INVALID
5. Verify callback is rejected with 400
6. Verify RTP status is still RFC_SENT
","2393","An RFC callback DS12N INVALID is rejected with 400","functional-tests.tests.callbacks","2026-08-06","passed","2026-08-06","","test_RTP_callback_DS_12N","",""
"","1497","An RTP is sent through API - through Web API V2","functional-tests.tests.send_rtp","2026-08-06","passed","2026-08-06","","test_RTP_send_MOCK","",""
"Each entry in ``INVALID_PAYER_IDS`` (see dataset docstring) must be rejected with 400.","428","The activation request must contain a validly formatted fiscal code","functional-tests.tests.activation","2026-08-06","passed","2026-08-06","","test_debtor_activation_create","",""
"
Tests sending an RTP payload to the POSTE endpoint with valid data and authentication.

:param debtor_sp_mock_cert_key: Certificate and key tuple for mutual TLS authentication.
:type debtor_sp_mock_cert_key: Tuple[str, str]
","1059","An RTP is sent through POSTE API","functional-tests.tests.availability","2026-08-06","passed","2026-08-06","","test_availability_POSTE","",""
"Each entry in ``INVALID_PAYER_IDS`` (see dataset docstring) must be rejected with 400.","428","The activation request must contain a validly formatted fiscal code","functional-tests.tests.activation","2026-08-06","passed","2026-08-06","","test_debtor_activation_create","",""
"Test sending a DELETE operation message via GPD message API after a standalone UPDATE (no prior CREATE)","1327","A DELETE message after standalone UPDATE DRAFT","functional-tests.tests.process_messages_sender","2026-08-06","passed","2026-08-06","","test_RTP_process_sender_DELETE","",""
"Each entry in ``INVALID_PAYER_IDS`` must be rejected with 400.

The ``description`` parameter appears in pytest output to identify which
case failed without having to inspect the raw value.
","433","Querying activation status with an invalid payerId format returns 400","functional-tests.tests.activation","2026-08-06","passed","2026-08-06","","test_debtor_activation_payer_status","",""
"
Test v2 RFC callback DS12P with CNCL status.

Flow:
1. Activate payer
2. Send an RTP via GPD message v2 (CREATE VALID)
3. Cancel the RTP via GPD message v2 (DELETE) -> RTP to RFC_SENT
4. Send DS12P callback with CxlStsId CNCL (Cancelled As Per Request)
5. Verify callback is accepted (200)
6. Verify RTP status is CANCELLED
","2477","A v2 RFC callback DS12P CNCL is successfully received and RTP status is CANCELLED","functional-tests.tests.callbacks_v2","2026-08-06","passed","2026-08-06","","test_RTP_callback_DS_12P_positive","",""
"Takeover with syntactically valid but nonsensical body should fail","1318","Test Takeover Fails with Nonsensical Body","functional-tests.tests.takeover","2026-08-06","passed","2026-08-06","","test_debtor_takeover","",""
"","1405","RTP is successfully retrieved","functional-tests.tests.get_rtp","2026-08-06","passed","2026-08-06","","test_RTP_get","",""
"Each entry in ``INVALID_PAYER_IDS`` must be rejected with 400.

The ``description`` parameter appears in pytest output to identify which
case failed without having to inspect the raw value.
","429","Querying activation status with an invalid payerId format returns 400","functional-tests.tests.activation","2026-08-06","passed","2026-08-06","","test_debtor_activation_payer_status","",""
"","2833","A v2 RTP callback with status ACCP is successfully received","functional-tests.tests.callbacks_v2","2026-08-06","passed","2026-08-06","","test_RTP_callback_DS_08P_positive","",""
"","436","Invalid NextActivationId format returns 400","functional-tests.tests.activation","2026-08-06","passed","2026-08-06","","test_debtor_activation_list","",""
"","564","The activation request must contain a Service Provider ID of valid length","functional-tests.tests.activation","2026-08-06","passed","2026-08-06","","test_debtor_activation_create","",""
"Each entry in ``INVALID_PAYER_IDS`` must be rejected with 400.

The ``description`` parameter appears in pytest output to identify which
case failed without having to inspect the raw value.
","427","Querying activation status with an invalid payerId format returns 400","functional-tests.tests.activation","2026-08-06","passed","2026-08-06","","test_debtor_activation_payer_status","",""
"Test sending a DELETE operation message via GPD message API after a CREATE","2178","A DELETE message after CREATE INVALID","functional-tests.tests.process_messages_sender","2026-08-06","passed","2026-08-06","","test_RTP_process_sender_DELETE","",""
"","4421","An RTP is sent through CBI API","functional-tests.tests.availability","2026-08-06","passed","2026-08-06","","test_availability_CBI","",""
"","437","All auth fixtures expose a valid Bearer token format","functional-tests.tests.auth","2026-08-06","passed","2026-08-06","","test_auth","",""
"Each entry in ``INVALID_PAYER_IDS`` must be rejected with 400.

The ``description`` parameter appears in pytest output to identify which
case failed without having to inspect the raw value.
","429","Querying activation status with an invalid payerId format returns 400","functional-tests.tests.activation","2026-08-06","passed","2026-08-06","","test_debtor_activation_payer_status","",""
"Test sending an UPDATE after CREATE VALID + DELETE with different statuses","1883","An UPDATE message with status INVALID after CREATE VALID and DELETE","functional-tests.tests.process_messages_sender","2026-08-06","passed","2026-08-06","","test_RTP_process_sender_UPDATE","",""
"","1507","RTP is successfully cancelled with reason MODT - V2","functional-tests.tests.cancel_rtp","2026-08-06","passed","2026-08-06","","test_RTP_cancel","",""
"","1384","RTP cancellation fails with an invalid reason - V2","functional-tests.tests.cancel_rtp","2026-08-06","passed","2026-08-06","","test_RTP_cancel","",""
"
Test RFC callback DS12P with INVALID status.

Flow:
1. Activate payer
2. Send an RTP via GPD message (CREATE VALID)
3. Cancel the RTP via GPD message (DELETE) → RTP to RFC_SENT
4. Send DS12P callback with CxlStsId INVALID
5. Verify callback is rejected with 400
6. Verify RTP status is still RFC_SENT
","3151","An RFC callback DS12P INVALID is rejected with 400","functional-tests.tests.callbacks","2026-08-06","passed","2026-08-06","","test_RTP_callback_DS_12P","",""
"
Test v2 RFC callback DS12N with RJCR status.

Flow:
1. Activate payer
2. Send an RTP via GPD message v2 (CREATE VALID)
3. Cancel the RTP via GPD message v2 (DELETE) -> RTP to RFC_SENT
4. Send DS12N callback with CxlStsId RJCR (Rejected Cancellation Request)
5. Verify callback is accepted (200)
6. Verify RTP status is CANCELLED_REJECTED
","3208","A v2 RFC callback DS12N RJCR is successfully received and RTP status is CANCELLED_REJECTED","functional-tests.tests.callbacks_v2","2026-08-06","passed","2026-08-06","","test_RTP_callback_DS_12N_negative","",""
"Each entry in ``INVALID_PAYER_IDS`` must be rejected with 400.

The ``description`` parameter appears in pytest output to identify which
case failed without having to inspect the raw value.
","445","Querying activation status with an invalid payerId format returns 400","functional-tests.tests.activation","2026-08-06","passed","2026-08-06","","test_debtor_activation_payer_status","",""
"","411","Get payees with invalid authorization","functional-tests.tests.service_registry","2026-08-06","passed","2026-08-06","","test_service_registry_service_providers","",""
"
DS_12N RJCR RFC callback sent with the Version header must be rejected with 400.
The RTP must remain in RFC_SENT (transition to ERROR_CANCEL must not happen).

Flow:
1. Activate payer, send RTP, trigger cancel via GPD DELETE → RFC_SENT
2. Build a valid DS_12N RJCR payload
3. POST to RFC callback endpoint WITH Version header
4. Verify 400 is returned with the expected error body
5. Verify RTP status is still RFC_SENT
","2282","DS_12N RJCR RFC callback with Version header returns 400","functional-tests.tests.callbacks","2026-08-06","passed","2026-08-06","","test_RTP_callback_with_version_header","",""
"
Verify that a debt position can be updated successfully.
","6382","Happy path: a debt position is updated in UAT environment","functional-tests.tests.gpd_availability","2026-08-06","passed","2026-08-06","","test_availability_GPD","",""
"Payer activated then deactivated by SP A → isActive must be false.","1384","A deactivated payer returns isActive false","functional-tests.tests.activation","2026-08-06","passed","2026-08-06","","test_debtor_activation_payer_status","",""
"","426","RTP cancellation fails if resource ID does not exist","functional-tests.tests.cancel_rtp","2026-08-06","passed","2026-08-06","","test_RTP_cancel","",""
"","2115","An RTP sent with synchronous acceptance is in status ACCEPTED - DS-05 ACTC","functional-tests.tests.send_rtp","2026-08-06","passed","2026-08-06","","test_RTP_send_MOCK","",""
"","442","Retrieving non-existent activation returns 404","functional-tests.tests.activation","2026-08-06","passed","2026-08-06","","test_debtor_activation_get","",""
"Test sending a DELETE operation message via GPD message API after a CREATE VALID + UPDATE","2283","A DELETE message after CREATE VALID + UPDATE VALID","functional-tests.tests.process_messages_sender","2026-08-06","passed","2026-08-06","","test_RTP_process_sender_DELETE","",""
"Test sending a CREATE operation message with different statuses via GPD message API","883","A CREATE message with status PARTIALLY_PAID","functional-tests.tests.process_messages_sender","2026-08-06","passed","2026-08-06","","test_RTP_process_sender_CREATE","",""
"","2366","A v2 RTP callback with invalid status is rejected without affecting the RTP status","functional-tests.tests.callbacks_v2","2026-08-06","passed","2026-08-06","","test_RTP_callback_DS_08N_negative","",""
"Test sending a CREATE operation message with an omocodia fiscal code via GPD message API","1369","A CREATE message with omocodia fiscal code is successfully sent through GPD message API","functional-tests.tests.process_messages_sender","2026-08-06","passed","2026-08-06","","test_RTP_process_sender","",""
"
Payer activated under SP A.
- SP B (read_rtp_activations): isActive must be false - privacy rule hides cross-SP activation.
- Admin (read_rtp_all): isActive must be true - role grants visibility across all SPs.
Same payer, same endpoint, different roles → different results.
","1344","read_rtp_all role returns isActive true while read_rtp_activations returns false for the same cross-SP payer","functional-tests.tests.activation","2026-08-06","passed","2026-08-06","","test_debtor_activation_payer_status","",""
"","426","missing token → 401 Unauthorized","functional-tests.tests.get_rtp","2026-08-06","passed","2026-08-06","","test_RTP_get","",""
"","2301","DS_08N negative v2 callback with Version header returns 400","functional-tests.tests.callbacks_v2","2026-08-06","passed","2026-08-06","","test_RTP_callback_with_version_header","",""
"Test sending an UPDATE operation message with different statuses via GPD message API after a CREATE","1387","An UPDATE message with status PARTIALLY_PAID after CREATE","functional-tests.tests.process_messages_sender","2026-08-06","passed","2026-08-06","","test_RTP_process_sender_UPDATE","",""
"","571","Find by payer id request must contain lower case fiscal code","functional-tests.tests.activation","2026-08-06","passed","2026-08-06","","test_debtor_activation_create","",""
"Test sending an UPDATE operation message with different statuses via GPD message API after a CREATE","1568","An UPDATE message with status VALID after CREATE","functional-tests.tests.process_messages_sender","2026-08-06","passed","2026-08-06","","test_RTP_process_sender_UPDATE","",""
"","2368","An RTP callback with status ACWC is successfully received","functional-tests.tests.callbacks","2026-08-06","passed","2026-08-06","","test_RTP_callback_DS_08","",""
"","908","Get a page of activations","functional-tests.tests.activation","2026-08-06","passed","2026-08-06","","test_debtor_activation_list","",""
"
Test RFC callback DS12P with wrong certificate identity.

Flow:
1. Activate payer
2. Send an RTP via GPD message (CREATE VALID)
3. Cancel the RTP via GPD message (DELETE) → RTP to RFC_SENT
4. Send DS12P callback with assignee_bic='FAKESP01' (doesn't match certificate identity MOCKSP04)
5. Verify callback is rejected with 403 (certificate mismatch)
","1921","Unauthorized RFC callback due to wrong certificate serial","functional-tests.tests.callbacks","2026-08-06","passed","2026-08-06","","test_RTP_callback_DS_12P","",""
"Test sending a DELETE operation message via GPD message API after a standalone UPDATE (no prior CREATE)","2234","A DELETE message after standalone UPDATE PUBLISHED","functional-tests.tests.process_messages_sender","2026-08-06","passed","2026-08-06","","test_RTP_process_sender_DELETE","",""
"","2073","An RTP sent with synchronous rejection containing extra fields results in status REJECTED - through Web API","functional-tests.tests.send_rtp","2026-08-06","passed","2026-08-06","","test_RTP_send_MOCK","",""
"","1279","An RTP is sent to ICCREA service with activated fiscal code","functional-tests.tests.send_rtp","2026-08-06","passed","2026-08-06","","test_RTP_send_ICCREA","",""
"","926","A debtor activated with an owned but distinct Service Provider ID is deactivated","functional-tests.tests.activation","2026-08-06","passed","2026-08-06","","test_debtor_deactivation","",""
"
Test RFC callback DS12N with INVALID status, cancel via REST Web API.

Flow:
1. Activate payer
2. Send an RTP via GPD message (CREATE VALID)
3. Cancel the RTP via REST cancel endpoint with cancel_reason → RTP to RFC_SENT
4. Send DS12N callback with CxlStsId INVALID
5. Verify callback is rejected with 400
6. Verify RTP status is still RFC_SENT
","2349","An RFC callback DS12N INVALID is rejected with 400 - through Web API cancel","functional-tests.tests.callbacks","2026-08-06","passed","2026-08-06","","test_RTP_callback_DS_12N","",""
"","444","Failed callback for non existing Service Provider - DS-08P compliant","functional-tests.tests.callbacks","2026-08-06","passed","2026-08-06","","test_RTP_callback_DS_08","",""
"MOCKSP04 owns MOCKSP01 and triggers the OTP; FAKESP01, which owns neither, must be rejected
with an explicit ownership error, not merely a generic 403.","1347","Test Takeover Fails when Redeemer Does Not Own the OTP's Service Provider ID","functional-tests.tests.takeover","2026-08-06","passed","2026-08-06","","test_debtor_takeover","",""
"","889","A debtor with omocodia fiscal code is activated and retrieved by activation id","functional-tests.tests.activation","2026-08-06","passed","2026-08-06","","test_debtor_activation_get","",""
"","973","An RTP is sent through GPD message API","functional-tests.tests.send_rtp","2026-08-06","passed","2026-08-06","","test_RTP_send_MOCK","",""
"","445","Non-existent NextActivationId returns 200 with empty body","functional-tests.tests.activation","2026-08-06","passed","2026-08-06","","test_debtor_activation_list","",""
"
Tests that sending an RTP payload with an expired date to the POSTE endpoint results in a 400 Bad Request response.

:param debtor_sp_mock_cert_key: Certificate and key tuple for mutual TLS authentication.
:type debtor_sp_mock_cert_key: Tuple[str, str]
","1455","Cannot send RTP with expired date","functional-tests.tests.availability","2026-08-06","failed","2026-08-06","","test_availability_POSTE","",""
"Authenticated but not authorized: token of SP A tries to use OTP issued for SP B","1358","Test Takeover Fails with Wrong SP Token","functional-tests.tests.takeover","2026-08-06","passed","2026-08-06","","test_debtor_takeover","",""
"","474","Retrieving activation without valid token returns 401","functional-tests.tests.activation","2026-08-06","passed","2026-08-06","","test_debtor_activation_get","",""
"","427","Get payees with invalid authorization","functional-tests.tests.service_registry","2026-08-06","passed","2026-08-06","","test_service_registry_payees_registry","",""
"
Test RFC callback DS12N with RJCR status, cancel triggered via REST Web API with explicit reason.

Flow:
1. Activate payer
2. Send an RTP via GPD message (CREATE VALID)
3. Cancel the RTP via REST cancel endpoint with cancel_reason → RTP to RFC_SENT
4. Send DS12N callback with CxlStsId RJCR (Rejected Cancellation Request)
5. Verify callback is accepted (200)
6. Verify RTP status is ERROR_CANCEL
","2885","An RFC callback DS12N RJCR is successfully received and RTP status is ERROR_CANCEL - through Web API cancel","functional-tests.tests.callbacks","2026-08-06","passed","2026-08-06","","test_RTP_callback_DS_12N","",""
"","895","A debtor activated with an owned but distinct Service Provider ID is retrieved by activation id","functional-tests.tests.activation","2026-08-06","passed","2026-08-06","","test_debtor_activation_get","",""
"Each entry in ``INVALID_PAYER_IDS`` must be rejected with 400.

The ``description`` parameter appears in pytest output to identify which
case failed without having to inspect the raw value.
","441","Querying activation status with an invalid payerId format returns 400","functional-tests.tests.activation","2026-08-06","passed","2026-08-06","","test_debtor_activation_payer_status","",""
"","1141","Retrieving activation with invalid UUID returns 400","functional-tests.tests.activation","2026-08-06","passed","2026-08-06","","test_debtor_activation_get","",""
"","1206","SP_B cannot retrieve activation by Activation ID created by SP_A","functional-tests.tests.activation","2026-08-06","passed","2026-08-06","","test_RTP_activation_security","",""
"Each entry in ``INVALID_PAYER_IDS`` (see dataset docstring) must be rejected with 400.","420","The activation request must contain a validly formatted fiscal code","functional-tests.tests.activation","2026-08-06","passed","2026-08-06","","test_debtor_activation_create","",""
"Reusing the same OTP after a successful takeover should fail","1814","Test Takeover Fails with Reused OTP","functional-tests.tests.takeover","2026-08-06","passed","2026-08-06","","test_debtor_takeover","",""
"Each entry in ``INVALID_PAYER_IDS`` must be rejected with 400.

The ``description`` parameter appears in pytest output to identify which
case failed without having to inspect the raw value.
","443","Querying activation status with an invalid payerId format returns 400","functional-tests.tests.activation","2026-08-06","passed","2026-08-06","","test_debtor_activation_payer_status","",""
"","419","Get payees consents with invalid authorization returns 401","functional-tests.tests.service_registry","2026-08-06","passed","2026-08-06","","test_get_payees_consents","",""
"","1869","An RTP callback is received with invalid status","functional-tests.tests.callbacks","2026-08-06","passed","2026-08-06","","test_RTP_callback_DS_08","",""
"
Test RFC callback DS12N with INVALID status, cancel via REST Web API.

Flow:
1. Activate payer
2. Send an RTP via GPD message (CREATE VALID)
3. Cancel the RTP via REST cancel endpoint with cancel_reason → RTP to RFC_SENT
4. Send DS12N callback with CxlStsId INVALID
5. Verify callback is rejected with 400
6. Verify RTP status is still RFC_SENT
","2425","An RFC callback DS12N INVALID is rejected with 400 - through Web API cancel","functional-tests.tests.callbacks","2026-08-06","passed","2026-08-06","","test_RTP_callback_DS_12N","",""
"A valid token that carries neither read_rtp_activations nor read_rtp_all must be rejected with 403.","440","Token without read_rtp_activations or read_rtp_all role returns 403 Forbidden","functional-tests.tests.activation","2026-08-06","passed","2026-08-06","","test_debtor_activation_payer_status","",""
"
Test v2 RFC callback DS12N with INVALID status.

Flow:
1. Activate payer
2. Send an RTP via GPD message v2 (CREATE VALID)
3. Cancel the RTP via GPD message v2 (DELETE) -> RTP to RFC_SENT
4. Send DS12N callback with CxlStsId INVALID
5. Verify callback is rejected with 400
6. Verify RTP status is still RFC_SENT
","2419","A v2 RFC callback DS12N INVALID is rejected with 400","functional-tests.tests.callbacks_v2","2026-08-06","passed","2026-08-06","","test_RTP_callback_DS_12N_negative","",""
"
Test RFC callback DS12P with CNCL status, cancel triggered via REST Web API with explicit reason.

Flow:
1. Activate payer
2. Send an RTP via GPD message (CREATE VALID)
3. Cancel the RTP via REST cancel endpoint with cancel_reason → RTP to RFC_SENT
4. Send DS12P callback with CxlStsId CNCL (Cancelled As Per Request)
5. Verify callback is accepted (200)
6. Verify RTP status is CANCELLED
","3448","An RFC callback DS12P CNCL is successfully received and RTP status is CANCEL - through Web API cancel","functional-tests.tests.callbacks","2026-08-06","passed","2026-08-06","","test_RTP_callback_DS_12P","",""
"
Test v2 RFC callback DS12P with INVALID status.

Flow:
1. Activate payer
2. Send an RTP via GPD message v2 (CREATE VALID)
3. Cancel the RTP via GPD message v2 (DELETE) -> RTP to RFC_SENT
4. Send DS12P callback with CxlStsId INVALID
5. Verify callback is rejected with 400
6. Verify RTP status is still RFC_SENT
","2424","A v2 RFC callback DS12P INVALID is rejected with 400","functional-tests.tests.callbacks_v2","2026-08-06","passed","2026-08-06","","test_RTP_callback_DS_12P_positive","",""
"","2332","A v2 RTP callback with invalid status is rejected without affecting the RTP status","functional-tests.tests.callbacks_v2","2026-08-06","passed","2026-08-06","","test_RTP_callback_DS_08P_positive","",""
"Each entry in ``INVALID_PAYER_IDS`` must be rejected with 400.

The ``description`` parameter appears in pytest output to identify which
case failed without having to inspect the raw value.
","427","Querying activation status with an invalid payerId format returns 400","functional-tests.tests.activation","2026-08-06","passed","2026-08-06","","test_debtor_activation_payer_status","",""
"The PSP synchronously rejects the cancellation request with 422 (per standard behaviour for the EPC 400 Bad Request scenario). The RTP then transitions to ERROR_CANCEL via ERROR_CANCEL_RTP.","2986","Cancelling an RTP - EPC v4 mock unhappy path scenario: epc_400","functional-tests.tests.cancel_rtp","2026-08-06","failed","2026-08-06","","test_RTP_cancel_MOCK_V2","",""
"Test sending a DELETE operation message via GPD message API after a CREATE VALID + UPDATE","1886","A DELETE message after CREATE VALID + UPDATE EXPIRED","functional-tests.tests.process_messages_sender","2026-08-06","passed","2026-08-06","","test_RTP_process_sender_DELETE","",""
"","923","Get paginated list of OPT_OUT payees consents successfully","functional-tests.tests.service_registry","2026-08-06","passed","2026-08-06","","test_get_payees_consents","",""
"","2068","Cannot send RTP with expired date","functional-tests.tests.availability","2026-08-06","passed","2026-08-06","","test_availability_CBI","",""
"Availability probe for takeover notification mock endpoint: expects 204 No Content","420","Test Takeover Notification Endpoint","functional-tests.tests.takeover","2026-08-06","passed","2026-08-06","","test_debtor_takeover","",""
"The ownership check fails the same way whether the target spId belongs to someone else
or doesn't exist in the registry at all - NOEXIT00 is not a real Service Provider ID.","429","Activation is forbidden with the same error code for a Service Provider ID absent from the registry","functional-tests.tests.activation","2026-08-06","passed","2026-08-06","","test_debtor_activation_create","",""
"No `Sts.Conf` confirmation is present (minimal JSON without Sts), so only CANCEL_RTP is triggered and the RTP stays in RFC_SENT.","2030","Cancelling an RTP - EPC v4 mock happy path scenario: minimal_json","functional-tests.tests.cancel_rtp","2026-08-06","passed","2026-08-06","","test_RTP_cancel_MOCK_V2","",""
"","996","SP_ACTIVATIONS_READ_ALL can retrieve activation by Fiscal Code created by SP_A","functional-tests.tests.activation","2026-08-06","passed","2026-08-06","","test_RTP_activation_security","",""
"","840","inexistent RTP -> empty body","functional-tests.tests.get_rtp","2026-08-06","passed","2026-08-06","","test_RTP_get","",""
"","2981","An RTP sent with synchronous rejection and missing _links results in status REJECTED - through Web API V2","functional-tests.tests.send_rtp","2026-08-06","failed","2026-08-06","","test_RTP_send_MOCK","",""
"Each entry in ``INVALID_PAYER_IDS`` (see dataset docstring) must be rejected with 400.","547","The activation request must contain a validly formatted fiscal code","functional-tests.tests.activation","2026-08-06","passed","2026-08-06","","test_debtor_activation_create","",""
"","428","All auth fixtures expose a valid Bearer token format","functional-tests.tests.auth","2026-08-06","passed","2026-08-06","","test_auth","",""
"
Test RFC callback DS12P with wrong certificate identity, cancel via REST Web API.

Flow:
1. Activate payer
2. Send an RTP via GPD message (CREATE VALID)
3. Cancel the RTP via REST cancel endpoint with cancel_reason → RTP to RFC_SENT
4. Send DS12P callback with assignee_bic='FAKESP01' (doesn't match certificate identity MOCKSP04)
5. Verify callback is rejected with 403 (certificate mismatch)
","2023","Unauthorized RFC callback due to wrong certificate serial - through Web API cancel","functional-tests.tests.callbacks","2026-08-06","passed","2026-08-06","","test_RTP_callback_DS_12P","",""
"","874","Sending a GPD message with null id returns 400","functional-tests.tests.send_rtp","2026-08-06","passed","2026-08-06","","test_RTP_send_MOCK","",""
"","1894","Unauthorized callback due to wrong certificate serial","functional-tests.tests.callbacks_v2","2026-08-06","passed","2026-08-06","","test_RTP_callback_DS_08P_positive","",""
"
Test v2 RFC callback DS12P with CNCL status applied twice on the same RTP.

Flow:
1. Activate payer
2. Send an RTP via GPD message v2 (CREATE VALID)
3. Cancel the RTP via GPD message v2 (DELETE) -> RTP to RFC_SENT
4. Send DS12P callback with CxlStsId CNCL (Cancelled As Per Request) -> RTP to CANCELLED
5. Send the same DS12P CNCL callback again on the already cancelled RTP
6. Verify the second callback is rejected (400) since the transition is no longer valid
7. Verify RTP status remains CANCELLED
","3316","Failed v2 RFC callback for invalid RTP transition - DS-12P positive compliant","functional-tests.tests.callbacks_v2","2026-08-06","passed","2026-08-06","","test_RTP_callback_DS_12P_positive","",""
"","439","All auth fixtures expose a valid Bearer token format","functional-tests.tests.auth","2026-08-06","passed","2026-08-06","","test_auth","",""
"","2332","A v2 document RTP callback with invalid status is rejected without affecting the RTP status","functional-tests.tests.callbacks_v2","2026-08-06","passed","2026-08-06","","test_RTP_callback_DS_document_rjct","",""
"Test sending a DELETE operation message via GPD message API after a CREATE VALID + UPDATE","1870","A DELETE message after CREATE VALID + UPDATE INVALID","functional-tests.tests.process_messages_sender","2026-08-06","passed","2026-08-06","","test_RTP_process_sender_DELETE","",""
"
Test RFC callback DS12P with wrong certificate identity, cancel via REST Web API.

Flow:
1. Activate payer
2. Send an RTP via GPD message (CREATE VALID)
3. Cancel the RTP via REST cancel endpoint with cancel_reason → RTP to RFC_SENT
4. Send DS12P callback with assignee_bic='FAKESP01' (doesn't match certificate identity MOCKSP04)
5. Verify callback is rejected with 403 (certificate mismatch)
","2010","Unauthorized RFC callback due to wrong certificate serial - through Web API cancel","functional-tests.tests.callbacks","2026-08-06","passed","2026-08-06","","test_RTP_callback_DS_12P","",""
"
Test v2 RFC callback DS12N with wrong certificate identity.

Flow:
1. Activate payer
2. Send an RTP via GPD message v2 (CREATE VALID)
3. Cancel the RTP via GPD message v2 (DELETE) -> RTP to RFC_SENT
4. Send DS12N callback with assignee_bic='FAKESP01' (doesn't match certificate identity)
5. Verify callback is rejected with 403 (certificate mismatch)
6. Verify RTP status is still RFC_SENT
","2442","Unauthorized v2 RFC callback due to wrong certificate serial","functional-tests.tests.callbacks_v2","2026-08-06","passed","2026-08-06","","test_RTP_callback_DS_12N_negative","",""
"","431","Invalid pagination parameters returns 400","functional-tests.tests.activation","2026-08-06","passed","2026-08-06","","test_debtor_activation_list","",""
"Each entry in ``INVALID_PAYER_IDS`` (see dataset docstring) must be rejected with 400.","444","The activation request must contain a validly formatted fiscal code","functional-tests.tests.activation","2026-08-06","passed","2026-08-06","","test_debtor_activation_create","",""
"MOCKSP04 owns both its own spId and MOCKSP01; redeeming an OTP scoped to MOCKSP01 must
assign MOCKSP01 to the new activation, not MOCKSP04 (the redeemer's own tspId).","3737","Test Takeover Redemption Assigns the OTP's Owned Service Provider ID","functional-tests.tests.takeover","2026-08-06","passed","2026-08-06","","test_debtor_takeover","",""
"DS_08N RJCT callback sent after a prior DS_05 ACTC callback.

The RTP is expected to transition from SENT to ACCEPTED, then to USER_REJECTED.
","3459","A v2 RTP callback with status RJCT after DS_05 transitions the RTP to USER_REJECTED","functional-tests.tests.callbacks_v2","2026-08-06","passed","2026-08-06","","test_RTP_callback_DS_08N_negative","",""
"","408","Unauthorized request returns 401","functional-tests.tests.activation","2026-08-06","passed","2026-08-06","","test_debtor_activation_list","",""
"","426","A Service Provider with invalid client secret is not authenticated on Keycloak","functional-tests.tests.auth","2026-08-06","passed","2026-08-06","","test_auth","",""
"
Verify that a debt position can be deleted successfully.
","2370","Happy path: a debt position is deleted in UAT environment","functional-tests.tests.gpd_availability","2026-08-06","passed","2026-08-06","","test_availability_GPD","",""
"","915","A second service provider triggers takeover when debtor is already active on another service provider","functional-tests.tests.activation","2026-08-06","passed","2026-08-06","","test_debtor_activation_create","",""
"Each entry in ``INVALID_PAYER_IDS`` must be rejected with 400.

The ``description`` parameter appears in pytest output to identify which
case failed without having to inspect the raw value.
","440","Querying activation status with an invalid payerId format returns 400","functional-tests.tests.activation","2026-08-06","passed","2026-08-06","","test_debtor_activation_payer_status","",""
"","1837","Get by activation id returns 404 when the token subject does not own the activation's Service Provider ID","functional-tests.tests.activation","2026-08-06","passed","2026-08-06","","test_debtor_activation_get","",""
"Active payer with omocodia fiscal code (digit substitution) → isActive must be true.","902","An active payer with omocodia fiscal code returns isActive true","functional-tests.tests.activation","2026-08-06","passed","2026-08-06","","test_debtor_activation_payer_status","",""
"","2544","Failed callback for non compliant DS-04b payload","functional-tests.tests.callbacks","2026-08-06","passed","2026-08-06","","test_RTP_callback_DS_04","",""
"","1495","An RTP sent with synchronous acceptance is in status ACCEPTED - DS-05 ACTC - through Web API V2","functional-tests.tests.send_rtp","2026-08-06","passed","2026-08-06","","test_RTP_send_MOCK","",""
"","442","RTP cancellation fails if resource ID does not exist - V2","functional-tests.tests.cancel_rtp","2026-08-06","passed","2026-08-06","","test_RTP_cancel","",""
"","1548","An RTP sent when EPC response contains an unknown field is ignored and remains in status SENT","functional-tests.tests.send_rtp","2026-08-06","passed","2026-08-06","","test_RTP_send_MOCK","",""
"
Test RFC callback DS12P with non-existing service provider.

Flow:
1. Activate payer
2. Send an RTP via GPD message (CREATE VALID)
3. Cancel the RTP via GPD message (DELETE) → RTP to RFC_SENT
4. Send DS12P callback with non-existing BIC (MOCKSP99)
5. Verify callback is rejected with 400 (service provider not found)
","1877","Failed RFC callback for non existing Service Provider - DS-12P CNCL compliant","functional-tests.tests.callbacks","2026-08-06","passed","2026-08-06","","test_RTP_callback_DS_12P","",""
"Each entry in ``INVALID_PAYER_IDS`` (see dataset docstring) must be rejected with 400.","443","The activation request must contain a validly formatted fiscal code","functional-tests.tests.activation","2026-08-06","passed","2026-08-06","","test_debtor_activation_create","",""
"OTP bound to payer1 should not work for payer2","1343","Test Takeover Fails with OTP Bound to Different Payer","functional-tests.tests.takeover","2026-08-06","passed","2026-08-06","","test_debtor_takeover","",""
"
SP A activates the payer.
SP B queries the status → must get isActive=false to avoid disclosing
that the payer is registered under a competitor SP.
","899","A payer active on a different Service Provider returns isActive false (privacy)","functional-tests.tests.activation","2026-08-06","passed","2026-08-06","","test_debtor_activation_payer_status","",""
"","1115","Auth endpoint returns valid token","functional-tests.tests.availability","2026-08-06","passed","2026-08-06","","test_availability_CBI","",""
"Empty OTP should be rejected","447","Test Takeover Fails with Empty OTP","functional-tests.tests.takeover","2026-08-06","passed","2026-08-06","","test_debtor_takeover","",""
"An EPC response containing fields not declared in the OpenAPI spec is treated as an invalid message and is NOT tolerated for accept/reject purposes (confirmed with rtp-sender-v2 maintainers, PR #26). The extra `invalid-field` property invalidates the whole response, so the RJCR confirmation is not processed and the RTP stays in RFC_SENT.","2837","Cancelling an RTP - EPC v4 mock unhappy path scenario: rjcr_extra_field","functional-tests.tests.cancel_rtp","2026-08-06","passed","2026-08-06","","test_RTP_cancel_MOCK_V2","",""
"The PSP synchronously rejects the cancellation request with 422 (per standard behaviour for the EPC 401 Unauthorized scenario). The RTP then transitions to ERROR_CANCEL via ERROR_CANCEL_RTP.","2091","Cancelling an RTP - EPC v4 mock unhappy path scenario: epc_401","functional-tests.tests.cancel_rtp","2026-08-06","failed","2026-08-06","","test_RTP_cancel_MOCK_V2","",""
"`Sts.Conf = ""RJCR""` triggers CANCEL_RTP -> CONFIRM_RFC -> CANCEL_RTP_REJECTED, ending in CANCELLED_REJECTED.","2632","Cancelling an RTP - EPC v4 mock happy path scenario: rjcr_rejected","functional-tests.tests.cancel_rtp","2026-08-06","passed","2026-08-06","","test_RTP_cancel_MOCK_V2","",""
"","449","Retrieving non-existent activation by payer id returns 404","functional-tests.tests.activation","2026-08-06","passed","2026-08-06","","test_debtor_activation_get","",""
"Each entry in ``INVALID_PAYER_IDS`` (see dataset docstring) must be rejected with 400.","435","The activation request must contain a validly formatted fiscal code","functional-tests.tests.activation","2026-08-06","passed","2026-08-06","","test_debtor_activation_create","",""
"Test sending a DELETE operation message via GPD message API after a CREATE VALID + UPDATE","1945","A DELETE message after CREATE VALID + UPDATE DRAFT","functional-tests.tests.process_messages_sender","2026-08-06","passed","2026-08-06","","test_RTP_process_sender_DELETE","",""
"An EPC response containing fields not declared in the OpenAPI spec is treated as an invalid message and is NOT tolerated for accept/reject purposes (confirmed with rtp-sender-v2 maintainers, PR #26). The extra `invalid-field` property invalidates the whole response, so the CNCL confirmation is not processed and the RTP stays in RFC_SENT.","2033","Cancelling an RTP - EPC v4 mock unhappy path scenario: cncl_extra_field","functional-tests.tests.cancel_rtp","2026-08-06","passed","2026-08-06","","test_RTP_cancel_MOCK_V2","",""
"Test sending an UPDATE operation message with different statuses via GPD message API after a CREATE","1487","An UPDATE message with status DRAFT after CREATE","functional-tests.tests.process_messages_sender","2026-08-06","passed","2026-08-06","","test_RTP_process_sender_UPDATE","",""
"
Test RFC callback DS12N with RJCR status, cancel triggered via REST Web API with explicit reason.

Flow:
1. Activate payer
2. Send an RTP via GPD message (CREATE VALID)
3. Cancel the RTP via REST cancel endpoint with cancel_reason → RTP to RFC_SENT
4. Send DS12N callback with CxlStsId RJCR (Rejected Cancellation Request)
5. Verify callback is accepted (200)
6. Verify RTP status is ERROR_CANCEL
","3005","An RFC callback DS12N RJCR is successfully received and RTP status is ERROR_CANCEL - through Web API cancel","functional-tests.tests.callbacks","2026-08-06","passed","2026-08-06","","test_RTP_callback_DS_12N","",""
"","883","Deactivation returns 404 when the token subject does not own the activation's Service Provider ID","functional-tests.tests.activation","2026-08-06","passed","2026-08-06","","test_debtor_deactivation","",""
"Test sending a CREATE operation message with different statuses via GPD message API","907","A CREATE message with status PUBLISHED","functional-tests.tests.process_messages_sender","2026-08-06","passed","2026-08-06","","test_RTP_process_sender_CREATE","",""
"","705","Sending to non-activated debtor returns 422","functional-tests.tests.send_rtp","2026-08-06","passed","2026-08-06","","test_RTP_send_MOCK","",""
"","1412","An RTP sent with synchronous acceptance is in status ACCEPTED - DS-05 ACTC - through Web API","functional-tests.tests.send_rtp","2026-08-06","passed","2026-08-06","","test_RTP_send_MOCK","",""
"
Test RFC callback DS12P with non-existing service provider, cancel via REST Web API.

Flow:
1. Activate payer
2. Send an RTP via GPD message (CREATE VALID)
3. Cancel the RTP via REST cancel endpoint with cancel_reason → RTP to RFC_SENT
4. Send DS12P callback with non-existing BIC (MOCKSP99)
5. Verify callback is rejected with 400 (service provider not found)
","2133","Failed RFC callback for non existing Service Provider - DS-12P CNCL compliant - through Web API cancel","functional-tests.tests.callbacks","2026-08-06","passed","2026-08-06","","test_RTP_callback_DS_12P","",""
"
Test RFC callback DS12P with INVALID status, cancel via REST Web API.

Flow:
1. Activate payer
2. Send an RTP via GPD message (CREATE VALID)
3. Cancel the RTP via REST cancel endpoint with cancel_reason → RTP to RFC_SENT
4. Send DS12P callback with CxlStsId INVALID
5. Verify callback is rejected with 400
6. Verify RTP status is still RFC_SENT
","2347","An RFC callback DS12P INVALID is rejected with 400 - through Web API cancel","functional-tests.tests.callbacks","2026-08-06","passed","2026-08-06","","test_RTP_callback_DS_12P","",""
"","6443","RTP is successfully cancelled with reason MODT","functional-tests.tests.cancel_rtp","2026-08-06","passed","2026-08-06","","test_RTP_cancel","",""
"The PSP synchronously rejects the cancellation request with 422 (per standard behaviour for the EPC 415 Unsupported Media Type scenario). The RTP then transitions to ERROR_CANCEL via ERROR_CANCEL_RTP.","2256","Cancelling an RTP - EPC v4 mock unhappy path scenario: epc_415","functional-tests.tests.cancel_rtp","2026-08-06","failed","2026-08-06","","test_RTP_cancel_MOCK_V2","",""
"The response body is not a recognizable cancellation confirmation (quoted plain string), so the RTP stays in RFC_SENT.","2019","Cancelling an RTP - EPC v4 mock happy path scenario: plain_string","functional-tests.tests.cancel_rtp","2026-08-06","passed","2026-08-06","","test_RTP_cancel_MOCK_V2","",""
"`Sts.Conf = ""CNCL""` triggers CANCEL_RTP -> CONFIRM_RFC -> CANCEL_RTP_ACCR, ending in CANCELLED_ACCR.","2982","Cancelling an RTP - EPC v4 mock happy path scenario: cncl_confirmed","functional-tests.tests.cancel_rtp","2026-08-06","passed","2026-08-06","","test_RTP_cancel_MOCK_V2","",""
"Test sending a DELETE operation message via GPD message API after a CREATE","1410","A DELETE message after CREATE DRAFT","functional-tests.tests.process_messages_sender","2026-08-06","passed","2026-08-06","","test_RTP_process_sender_DELETE","",""
"The PSP synchronously rejects the cancellation request with 422 (per standard behaviour for the EPC 429 Too Many Requests scenario). The RTP then transitions to ERROR_CANCEL via ERROR_CANCEL_RTP.","10119","Cancelling an RTP - EPC v4 mock unhappy path scenario: epc_429","functional-tests.tests.cancel_rtp","2026-08-06","failed","2026-08-06","","test_RTP_cancel_MOCK_V2","",""
"Each entry in ``INVALID_PAYER_IDS`` must be rejected with 400.

The ``description`` parameter appears in pytest output to identify which
case failed without having to inspect the raw value.
","451","Querying activation status with an invalid payerId format returns 400","functional-tests.tests.activation","2026-08-06","failed","2026-08-06","","test_debtor_activation_payer_status","",""
"
Given a debtor is activated with the mock fiscal code that makes the debtor
service provider mock reply with a server error, when a GPD message (CREATE)
is sent via POST /gpd/message, then the rtp-sender fails to deliver the RTP
and records an ERROR_SEND_RTP event (RTP status becomes ERROR_SEND). When the
payee then queries the delivery-status endpoint with the matching noticeNumber
and payeeId, the response must be HTTP 200 with status=PD_RTP_NOT_DELIVERED
and processingDate absent or null.
","7540","RTP with ERROR_SEND_RTP event → PD_RTP_NOT_DELIVERED","functional-tests.tests.get_rtp","2026-08-06","failed","2026-08-06","","test_RTP_get_delivery_status","",""
"","1905","Failed callback for non existing Service Provider - DS-05 redirect compliant","functional-tests.tests.callbacks_v2","2026-08-06","passed","2026-08-06","","test_RTP_callback_DS_05_redirect","",""
"Test sending a CREATE operation message with different statuses via GPD message API","1004","A CREATE message with status VALID","functional-tests.tests.process_messages_sender","2026-08-06","passed","2026-08-06","","test_RTP_process_sender_CREATE","",""
"Test sending a DELETE operation message via GPD message API after a CREATE","1484","A DELETE message after CREATE VALID","functional-tests.tests.process_messages_sender","2026-08-06","passed","2026-08-06","","test_RTP_process_sender_DELETE","",""
"DS_08N RJCT callback sent directly on a SENT RTP (no prior DS_05 ACTC callback).

The RTP is expected to transition from SENT to REJECTED.
","2929","A v2 RTP callback with status RJCT is successfully received","functional-tests.tests.callbacks_v2","2026-08-06","passed","2026-08-06","","test_RTP_callback_DS_08N_negative","",""
"","1956","An RTP sent with synchronous rejection and missing _links results in status REJECTED","functional-tests.tests.send_rtp","2026-08-06","passed","2026-08-06","","test_RTP_send_MOCK","",""
"","1943","An RTP sent with synchronous rejection is in status REJECTED - DS-08P N - through Web API","functional-tests.tests.send_rtp","2026-08-06","passed","2026-08-06","","test_RTP_send_MOCK","",""
"","1553","An RTP is sent to Poste service with activated fiscal code","functional-tests.tests.send_rtp","2026-08-06","passed","2026-08-06","","test_RTP_send_POSTE","",""
"Each entry in ``INVALID_PAYER_IDS`` (see dataset docstring) must be rejected with 400.","435","The activation request must contain a validly formatted fiscal code","functional-tests.tests.activation","2026-08-06","passed","2026-08-06","","test_debtor_activation_create","",""
"","2614","Failed callback for non existing Service Provider - DS-08N negative compliant","functional-tests.tests.callbacks_v2","2026-08-06","passed","2026-08-06","","test_RTP_callback_DS_08N_negative","",""
"FAKESP01 does not own MOCKSP01, a Service Provider ID owned by another tspId.","430","Activation is forbidden for a Service Provider ID not owned by the token subject","functional-tests.tests.activation","2026-08-06","passed","2026-08-06","","test_debtor_activation_create","",""
"Test sending an UPDATE operation message with different statuses via GPD message API after a CREATE","1935","An UPDATE message with status PAID after CREATE","functional-tests.tests.process_messages_sender","2026-08-06","passed","2026-08-06","","test_RTP_process_sender_UPDATE","",""
"
Test RFC callback DS12N with wrong certificate identity, cancel via REST Web API.

Flow:
1. Activate payer
2. Send an RTP via GPD message (CREATE VALID)
3. Cancel the RTP via REST cancel endpoint with cancel_reason → RTP to RFC_SENT
4. Send DS12N callback with assignee_bic='FAKESP01' (doesn't match certificate identity MOCKSP04)
5. Verify callback is rejected with 403 (certificate mismatch)
","3158","Unauthorized RFC callback due to wrong certificate serial - through Web API cancel","functional-tests.tests.callbacks","2026-08-06","passed","2026-08-06","","test_RTP_callback_DS_12N","",""
"","2958","Failed callback for invalid RTP transition - DS-05 ACTC compliant","functional-tests.tests.callbacks","2026-08-06","passed","2026-08-06","","test_RTP_callback_DS_05","",""
"","1484","An RTP sent with synchronous rejection containing extra fields results in status REJECTED - through Web API V2","functional-tests.tests.send_rtp","2026-08-06","failed","2026-08-06","","test_RTP_send_MOCK","",""
"Same privacy rule as the cross-SP case: no explicit error, isActive is just false.","891","Get payer status returns isActive false when the token subject does not own the activation's Service Provider ID","functional-tests.tests.activation","2026-08-06","passed","2026-08-06","","test_debtor_activation_payer_status","",""
"
Test RFC callback DS12N with RJCR status applied twice on the same RTP.

Flow:
1. Activate payer
2. Send an RTP via GPD message (CREATE VALID)
3. Cancel the RTP via GPD message (DELETE) -> RTP to RFC_SENT
4. Send DS12N callback with CxlStsId RJCR (Rejected Cancellation Request) -> RTP to ERROR_CANCEL
5. Send the same DS12N RJCR callback again on the already transitioned RTP
6. Verify the second callback is rejected (400) since the transition is no longer valid
7. Verify RTP status remains ERROR_CANCEL
","3816","Failed RFC callback for invalid RTP transition - DS-12N RJCR compliant","functional-tests.tests.callbacks","2026-08-06","passed","2026-08-06","","test_RTP_callback_DS_12N","",""
"Each entry in ``INVALID_PAYER_IDS`` (see dataset docstring) must be rejected with 400.","437","The activation request must contain a validly formatted fiscal code","functional-tests.tests.activation","2026-08-06","passed","2026-08-06","","test_debtor_activation_create","",""
"
DS_04b callback sent with the Version header must be rejected with 400.
The RTP state must be unchanged.

Flow:
1. Activate payer and send an RTP → resource_id
2. Capture current RTP status
3. Build a valid DS_04b payload referencing the RTP
4. POST to callback endpoint WITH Version header
5. Verify 400 is returned with the expected error body
6. Verify RTP status is unchanged
","2240","DS_04b callback with Version header returns 400","functional-tests.tests.callbacks","2026-08-06","passed","2026-08-06","","test_RTP_callback_with_version_header","",""
"","429","All auth fixtures expose a valid Bearer token format","functional-tests.tests.auth","2026-08-06","passed","2026-08-06","","test_auth","",""
"UPDATE PAID with psp_tax_code=None (invalid PSP) results in RTP state RFC_SENT","1438","An UPDATE PAID message with an invalid PSP results in RFC_SENT state","functional-tests.tests.process_messages_sender","2026-08-06","passed","2026-08-06","","test_RTP_process_sender_UPDATE","",""
"
Test RFC callback DS12N with non-existing service provider, cancel via REST Web API.

Flow:
1. Activate payer
2. Send an RTP via GPD message (CREATE VALID)
3. Cancel the RTP via REST cancel endpoint with cancel_reason → RTP to RFC_SENT
4. Send DS12N callback with non-existing BIC (MOCKSP99)
5. Verify callback is rejected with 400 (service provider not found)
","1895","Failed RFC callback for non existing Service Provider - DS-12N RJCR compliant - through Web API cancel","functional-tests.tests.callbacks","2026-08-06","passed","2026-08-06","","test_RTP_callback_DS_12N","",""
"","904","A debtor with VAT number (Partita IVA) is activated successfully","functional-tests.tests.activation","2026-08-06","passed","2026-08-06","","test_debtor_activation_create","",""
"Each entry in ``INVALID_PAYER_IDS`` must be rejected with 400.

The ``description`` parameter appears in pytest output to identify which
case failed without having to inspect the raw value.
","426","Querying activation status with an invalid payerId format returns 400","functional-tests.tests.activation","2026-08-06","passed","2026-08-06","","test_debtor_activation_payer_status","",""
"","1899","Failed callback for non existing Service Provider - DS-08P positive compliant","functional-tests.tests.callbacks_v2","2026-08-06","passed","2026-08-06","","test_RTP_callback_DS_08P_positive","",""
"","1411","An RTP sent when EPC response omits _links is in status ACCEPTED - through Web API","functional-tests.tests.send_rtp","2026-08-06","passed","2026-08-06","","test_RTP_send_MOCK","",""
"Each entry in ``INVALID_PAYER_IDS`` must be rejected with 400.

The ``description`` parameter appears in pytest output to identify which
case failed without having to inspect the raw value.
","430","Querying activation status with an invalid payerId format returns 400","functional-tests.tests.activation","2026-08-06","passed","2026-08-06","","test_debtor_activation_payer_status","",""
"Each entry in ``INVALID_PAYER_IDS`` (see dataset docstring) must be rejected with 400.","428","The activation request must contain a validly formatted fiscal code","functional-tests.tests.activation","2026-08-06","passed","2026-08-06","","test_debtor_activation_create","",""
"","2369","DS_document RJCT v2 callback with Version header returns 400","functional-tests.tests.callbacks_v2","2026-08-06","passed","2026-08-06","","test_RTP_callback_with_version_header","",""
"","1407","RTP cancellation fails with an invalid reason","functional-tests.tests.cancel_rtp","2026-08-06","passed","2026-08-06","","test_RTP_cancel","",""
"UPDATE VALID with an ec_tax_code that does not exist in GPD returns 422 Payee not found","894","An UPDATE VALID message with a non-existent ec_tax_code is rejected","functional-tests.tests.process_messages_sender","2026-08-06","passed","2026-08-06","","test_RTP_process_sender_UPDATE","",""
"Test sending a DELETE operation message via GPD message API after a standalone UPDATE (no prior CREATE)","1483","A DELETE message after standalone UPDATE PAID","functional-tests.tests.process_messages_sender","2026-08-06","passed","2026-08-06","","test_RTP_process_sender_DELETE","",""
"","3365","Failed v2 document callback for invalid RTP transition - DS-document RJCT compliant","functional-tests.tests.callbacks_v2","2026-08-06","passed","2026-08-06","","test_RTP_callback_DS_document_rjct","",""
"
Verify that a debt position can be deleted successfully.
","2326","Happy path: a debt position is deleted in DEV environment","functional-tests.tests.gpd_availability","2026-08-06","passed","2026-08-06","","test_availability_GPD","",""
"Test sending a CREATE operation message with a foreign fiscal code via GPD message API","989","A CREATE message with foreign fiscal code is successfully sent through GPD message API","functional-tests.tests.process_messages_sender","2026-08-06","passed","2026-08-06","","test_RTP_process_sender","",""
"","3852","Failed callback for invalid RTP transition - DS-08P RJCT compliant","functional-tests.tests.callbacks","2026-08-06","passed","2026-08-06","","test_RTP_callback_DS_08","",""
"The PSP synchronously rejects the cancellation request with 422 (per standard behaviour for the EPC 422 Unprocessable Entity scenario). The RTP then transitions to ERROR_CANCEL via ERROR_CANCEL_RTP.","2143","Cancelling an RTP - EPC v4 mock unhappy path scenario: epc_422","functional-tests.tests.cancel_rtp","2026-08-06","failed","2026-08-06","","test_RTP_cancel_MOCK_V2","",""
"Test sending an UPDATE operation message with different statuses via GPD message API before a CREATE","875","An UPDATE message with status PARTIALLY_PAID before CREATE","functional-tests.tests.process_messages_sender","2026-08-06","passed","2026-08-06","","test_RTP_process_sender_UPDATE_before_CREATE","",""
"","425","Unauthorized callback due to wrong certificate serial","functional-tests.tests.callbacks","2026-08-06","passed","2026-08-06","","test_RTP_callback_DS_04","",""
"","2074","Unauthorized callback due to wrong certificate serial","functional-tests.tests.callbacks_v2","2026-08-06","passed","2026-08-06","","test_RTP_callback_DS_document_rjct","",""
"Each entry in ``INVALID_PAYER_IDS`` must be rejected with 400.

The ``description`` parameter appears in pytest output to identify which
case failed without having to inspect the raw value.
","430","Querying activation status with an invalid payerId format returns 400","functional-tests.tests.activation","2026-08-06","passed","2026-08-06","","test_debtor_activation_payer_status","",""
"
Verify that a debt position can be updated successfully.
","6540","Happy path: a debt position is updated in DEV environment","functional-tests.tests.gpd_availability","2026-08-06","passed","2026-08-06","","test_availability_GPD","",""
"Test sending an UPDATE operation message with different statuses via GPD message API before a CREATE","1013","An UPDATE message with status PAID before CREATE","functional-tests.tests.process_messages_sender","2026-08-06","passed","2026-08-06","","test_RTP_process_sender_UPDATE_before_CREATE","",""
"","3040","DS_05 redirect v2 callback with Version header returns 400","functional-tests.tests.callbacks_v2","2026-08-06","passed","2026-08-06","","test_RTP_callback_with_version_header","",""
"","444","Failed callback for non existing Service Provider - DS-04b compliant","functional-tests.tests.callbacks","2026-08-06","passed","2026-08-06","","test_RTP_callback_DS_04","",""
"DS_08N RJCT callback sent twice on the same RTP (direct SENT -> REJECTED).

The second callback must be rejected with 400 since the transition is no
longer valid once the RTP is already REJECTED.
","3960","Failed v2 callback for invalid RTP transition - DS-08N negative compliant","functional-tests.tests.callbacks_v2","2026-08-06","passed","2026-08-06","","test_RTP_callback_DS_08N_negative","",""
"Test sending an UPDATE after CREATE VALID + DELETE with different statuses","1921","An UPDATE message with status VALID after CREATE VALID and DELETE","functional-tests.tests.process_messages_sender","2026-08-06","passed","2026-08-06","","test_RTP_process_sender_UPDATE","",""
"
DS_05 ACTC callback sent with the Version header must be rejected with 400.
The RTP must remain in SENT (transition to ACCEPTED must not happen).

Flow:
1. Activate payer and send an RTP → resource_id
2. Build a valid DS_05 ACTC payload referencing the RTP
3. POST to callback endpoint WITH Version header
4. Verify 400 is returned with the expected error body
5. Verify RTP status is still SENT
","2058","DS_05 ACTC callback with Version header returns 400","functional-tests.tests.callbacks","2026-08-06","passed","2026-08-06","","test_RTP_callback_with_version_header","",""
"Test sending a DELETE operation message via GPD message API after a CREATE VALID + UPDATE","2502","A DELETE message after CREATE VALID + UPDATE PAID","functional-tests.tests.process_messages_sender","2026-08-06","passed","2026-08-06","","test_RTP_process_sender_DELETE","",""
"","878","A debtor with foreign fiscal code is activated successfully","functional-tests.tests.activation","2026-08-06","passed","2026-08-06","","test_debtor_activation_create","",""
"","1401","An RTP sent when EPC response omits _links is in status ACCEPTED","functional-tests.tests.send_rtp","2026-08-06","passed","2026-08-06","","test_RTP_send_MOCK","",""
"
Test v2 RFC callback DS12P with wrong certificate identity.

Flow:
1. Activate payer
2. Send an RTP via GPD message v2 (CREATE VALID)
3. Cancel the RTP via GPD message v2 (DELETE) -> RTP to RFC_SENT
4. Send DS12P callback with assignee_bic='FAKESP01' (doesn't match certificate identity)
5. Verify callback is rejected with 403 (certificate mismatch)
6. Verify RTP status is still RFC_SENT
","2445","Unauthorized v2 RFC callback due to wrong certificate serial","functional-tests.tests.callbacks_v2","2026-08-06","passed","2026-08-06","","test_RTP_callback_DS_12P_positive","",""
"Payer activated under SP A queried by SP A → isActive must be true.","882","An active payer returns isActive true for the same Service Provider","functional-tests.tests.activation","2026-08-06","passed","2026-08-06","","test_debtor_activation_payer_status","",""
"","0","A Service Provider is authenticated","functional-tests.tests.auth","2026-08-06","passed","2026-08-06","","test_auth","",""
"","1343","Cannot send RTP with invalid amount","functional-tests.tests.availability","2026-08-06","passed","2026-08-06","","test_availability_CBI","",""
"Each entry in ``INVALID_PAYER_IDS`` must be rejected with 400.

The ``description`` parameter appears in pytest output to identify which
case failed without having to inspect the raw value.
","426","Querying activation status with an invalid payerId format returns 400","functional-tests.tests.activation","2026-08-06","passed","2026-08-06","","test_debtor_activation_payer_status","",""
"","2860","An RTP callback with invalid status is received and processed with success without affecting the RTP status","functional-tests.tests.callbacks","2026-08-06","passed","2026-08-06","","test_RTP_callback_DS_05","",""
"Each entry in ``INVALID_PAYER_IDS`` (see dataset docstring) must be rejected with 400.","440","The activation request must contain a validly formatted fiscal code","functional-tests.tests.activation","2026-08-06","passed","2026-08-06","","test_debtor_activation_create","",""
"","1362","A debtor is activated and retrieved by activation id","functional-tests.tests.activation","2026-08-06","passed","2026-08-06","","test_debtor_activation_get","",""
"","1498","An RTP is sent through ICCREA API","functional-tests.tests.availability","2026-08-06","passed","2026-08-06","","test_availability_ICCREA","",""
"Test sending an UPDATE after CREATE VALID + DELETE with different statuses","2043","An UPDATE message with status DRAFT after CREATE VALID and DELETE","functional-tests.tests.process_messages_sender","2026-08-06","passed","2026-08-06","","test_RTP_process_sender_UPDATE","",""
"The PSP synchronously rejects the cancellation request with 422 (per standard behaviour for the EPC 406 Not Acceptable scenario). The RTP then transitions to ERROR_CANCEL via ERROR_CANCEL_RTP.","2139","Cancelling an RTP - EPC v4 mock unhappy path scenario: epc_406","functional-tests.tests.cancel_rtp","2026-08-06","failed","2026-08-06","","test_RTP_cancel_MOCK_V2","",""
"Takeover without a previously issued OTP should fail","899","Test Takeover Fails without Prior OTP","functional-tests.tests.takeover","2026-08-06","passed","2026-08-06","","test_debtor_takeover","",""
"","1973","An RTP sent with synchronous rejection and missing _links results in status REJECTED - through Web API","functional-tests.tests.send_rtp","2026-08-06","passed","2026-08-06","","test_RTP_send_MOCK","",""
"","437","Unauthorized callback due to wrong certificate serial","functional-tests.tests.callbacks","2026-08-06","passed","2026-08-06","","test_RTP_callback_DS_08","",""
"","997","An RTP is sent to Poste service with activated fiscal code - through Web API V2","functional-tests.tests.send_rtp","2026-08-06","failed","2026-08-06","","test_RTP_send_POSTE","",""
"","970","A debtor is activated by an authenticated service provider","functional-tests.tests.activation","2026-08-06","passed","2026-08-06","","test_debtor_activation_create","",""
"","2829","DS_12P positive RFC v2 callback with Version header returns 400","functional-tests.tests.callbacks_v2","2026-08-06","passed","2026-08-06","","test_RTP_callback_with_version_header","",""
