"DESCRIPTION","DURATION IN MS","NAME","PARENT SUITE","START TIME","STATUS","STOP TIME","SUB SUITE","SUITE","TEST CLASS","TEST METHOD"
"","832","RTP cancellation fails if resource ID does not exist - V2","functional-tests.tests.cancel_rtp","2026-09-19","passed","2026-09-19","","test_RTP_cancel","",""
"","1681","A debtor cannot be activated more than once by the same service provider","functional-tests.tests.activation","2026-09-19","passed","2026-09-19","","test_debtor_activation_create","",""
"Each entry in ``INVALID_PAYER_IDS`` must be rejected with 400.

The ``description`` parameter appears in pytest output to identify which
case failed without having to inspect the raw value.
","821","Querying activation status with an invalid payerId format returns 400","functional-tests.tests.activation","2026-09-19","passed","2026-09-19","","test_debtor_activation_payer_status","",""
"UPDATE VALID with an ec_tax_code that does not exist in GPD returns 422 Payee not found","1807","An UPDATE VALID message with a non-existent ec_tax_code is rejected","functional-tests.tests.process_messages_sender","2026-09-19","passed","2026-09-19","","test_RTP_process_sender_UPDATE","",""
"","1673","Find by payer id returns 404 when the token subject does not own the activation's Service Provider ID","functional-tests.tests.activation","2026-09-19","passed","2026-09-19","","test_debtor_activation_get","",""
"","1697","SP_ACTIVATIONS_READ_ALL can retrieve activation by Fiscal Code created by SP_A","functional-tests.tests.activation","2026-09-19","passed","2026-09-19","","test_RTP_activation_security","",""
"
Test RFC callback DS12N with RJCR status applied twice on the same RTP.

Flow:
1. Activate payer
2. Send an RTP via GPD message (CREATE VALID)
3. Cancel the RTP via GPD message (DELETE) -> RTP to RFC_SENT
4. Send DS12N callback with CxlStsId RJCR (Rejected Cancellation Request) -> RTP to ERROR_CANCEL
5. Send the same DS12N RJCR callback again on the already transitioned RTP
6. Verify the second callback is rejected (400) since the transition is no longer valid
7. Verify RTP status remains ERROR_CANCEL
","6545","Failed RFC callback for invalid RTP transition - DS-12N RJCR compliant","functional-tests.tests.callbacks","2026-09-19","passed","2026-09-19","","test_RTP_callback_DS_12N","",""
"Each entry in ``INVALID_PAYER_IDS`` (see dataset docstring) must be rejected with 400.","822","The activation request must contain a validly formatted fiscal code","functional-tests.tests.activation","2026-09-19","passed","2026-09-19","","test_debtor_activation_create","",""
"
DS_08P ACCP callback sent with the Version header must be rejected with 400.
The RTP must remain in ACCEPTED (transition to USER_ACCEPTED must not happen).

Flow:
1. Activate payer, send RTP, advance to ACCEPTED via DS_05 (without header)
2. Build a valid DS_08P ACCP payload
3. POST WITH Version header
4. Verify 400 is returned with the expected error body
5. Verify RTP status is still ACCEPTED
","4276","DS_08P ACCP callback with Version header returns 400","functional-tests.tests.callbacks","2026-09-19","passed","2026-09-19","","test_RTP_callback_with_version_header","",""
"The PSP synchronously rejects the cancellation request with 422 (per standard behaviour for the EPC 415 Unsupported Media Type scenario). The RTP then transitions to ERROR_CANCEL via ERROR_CANCEL_RTP.","4963","Cancelling an RTP - EPC v4 mock unhappy path scenario: epc_415","functional-tests.tests.cancel_rtp","2026-09-19","passed","2026-09-19","","test_RTP_cancel_MOCK_V2","",""
"Each entry in ``INVALID_PAYER_IDS`` (see dataset docstring) must be rejected with 400.","822","The activation request must contain a validly formatted fiscal code","functional-tests.tests.activation","2026-09-19","passed","2026-09-19","","test_debtor_activation_create","",""
"","1","Successful login","bdd-tests","2026-09-19","passed","2026-09-19","RTP_Web_Sending","RTP","",""
"Each entry in ``INVALID_PAYER_IDS`` must be rejected with 400.

The ``description`` parameter appears in pytest output to identify which
case failed without having to inspect the raw value.
","820","Querying activation status with an invalid payerId format returns 400","functional-tests.tests.activation","2026-09-19","passed","2026-09-19","","test_debtor_activation_payer_status","",""
"
Test RFC callback DS12P with CNCL status, cancel triggered via REST Web API with explicit reason.

Flow:
1. Activate payer
2. Send an RTP via GPD message (CREATE VALID)
3. Cancel the RTP via REST cancel endpoint with cancel_reason → RTP to RFC_SENT
4. Send DS12P callback with CxlStsId CNCL (Cancelled As Per Request)
5. Verify callback is accepted (200)
6. Verify RTP status is CANCELLED
","4319","An RFC callback DS12P CNCL is successfully received and RTP status is CANCEL - through Web API cancel","functional-tests.tests.callbacks","2026-09-19","passed","2026-09-19","","test_RTP_callback_DS_12P","",""
"","4493","A v2 document RTP callback with invalid status is rejected without affecting the RTP status","functional-tests.tests.callbacks_v2","2026-09-19","passed","2026-09-19","","test_RTP_callback_DS_document_rjct","",""
"Test sending a CREATE operation message via GPD message API","1777","A CREATE message is successfully sent through GPD message API","functional-tests.tests.process_messages_sender","2026-09-19","passed","2026-09-19","","test_RTP_process_sender","",""
"Test sending a DELETE operation message via GPD message API after a standalone UPDATE (no prior CREATE)","3405","A DELETE message after standalone UPDATE PAID","functional-tests.tests.process_messages_sender","2026-09-19","passed","2026-09-19","","test_RTP_process_sender_DELETE","",""
"Test sending a DELETE operation message via GPD message API after a CREATE","2520","A DELETE message after CREATE PUBLISHED","functional-tests.tests.process_messages_sender","2026-09-19","passed","2026-09-19","","test_RTP_process_sender_DELETE","",""
"Each entry in ``INVALID_PAYER_IDS`` must be rejected with 400.

The ``description`` parameter appears in pytest output to identify which
case failed without having to inspect the raw value.
","830","Querying activation status with an invalid payerId format returns 400","functional-tests.tests.activation","2026-09-19","passed","2026-09-19","","test_debtor_activation_payer_status","",""
"","5244","Failed v2 redirect callback for invalid RTP transition - DS-05 ACTC compliant","functional-tests.tests.callbacks_v2","2026-09-19","passed","2026-09-19","","test_RTP_callback_DS_05_redirect","",""
"","4252","A v2 document RTP callback with status RJCT is successfully received","functional-tests.tests.callbacks_v2","2026-09-19","passed","2026-09-19","","test_RTP_callback_DS_document_rjct","",""
"","474","A Service Provider tries to activates a debtor without having the correct credentials","bdd-tests","2026-09-19","passed","2026-09-19","Debtor_Activation","RTP","",""
"
Tests that sending an RTP payload with an expired date to the POSTE endpoint results in a 400 Bad Request response.

:param debtor_sp_mock_cert_key: Certificate and key tuple for mutual TLS authentication.
:type debtor_sp_mock_cert_key: Tuple[str, str]
","1420","Cannot send RTP with expired date","functional-tests.tests.availability","2026-09-19","failed","2026-09-19","","test_availability_POSTE","",""
"","1798","Get a page of activations","functional-tests.tests.activation","2026-09-19","passed","2026-09-19","","test_debtor_activation_list","",""
"","2625","An RTP sent when EPC response omits _links is in status ACCEPTED","functional-tests.tests.send_rtp","2026-09-19","passed","2026-09-19","","test_RTP_send_MOCK","",""
"Each entry in ``INVALID_PAYER_IDS`` (see dataset docstring) must be rejected with 400.","830","The activation request must contain a validly formatted fiscal code","functional-tests.tests.activation","2026-09-19","failed","2026-09-19","","test_debtor_activation_create","",""
"","1673","A debtor activated with an owned but distinct Service Provider ID is retrieved by payer id","functional-tests.tests.activation","2026-09-19","passed","2026-09-19","","test_debtor_activation_get","",""
"","825","All auth fixtures expose a valid Bearer token format","functional-tests.tests.auth","2026-09-19","passed","2026-09-19","","test_auth","",""
"","2714","RTP form cancellation with reason PAID","ux-tests.tests","2026-09-19","passed","2026-09-19","","test_RTP_cancel_v4","",""
"","2809","RTP form cancellation with reason MODT","ux-tests.tests","2026-09-19","passed","2026-09-19","","test_RTP_cancel_v4","",""
"","820","Retrieving activation with malformed payer id returns 400","functional-tests.tests.activation","2026-09-19","passed","2026-09-19","","test_debtor_activation_get","",""
"","6207","Failed callback for invalid RTP transition - DS-08N compliant","functional-tests.tests.callbacks","2026-09-19","passed","2026-09-19","","test_RTP_callback_DS_08","",""
"Each entry in ``INVALID_PAYER_IDS`` must be rejected with 400.

The ``description`` parameter appears in pytest output to identify which
case failed without having to inspect the raw value.
","828","Querying activation status with an invalid payerId format returns 400","functional-tests.tests.activation","2026-09-19","passed","2026-09-19","","test_debtor_activation_payer_status","",""
"Test sending a DELETE operation message via GPD message API after a standalone UPDATE (no prior CREATE)","2658","A DELETE message after standalone UPDATE VALID","functional-tests.tests.process_messages_sender","2026-09-19","passed","2026-09-19","","test_RTP_process_sender_DELETE","",""
"Each entry in ``INVALID_PAYER_IDS`` (see dataset docstring) must be rejected with 400.","822","The activation request must contain a validly formatted fiscal code","functional-tests.tests.activation","2026-09-19","passed","2026-09-19","","test_debtor_activation_create","",""
"","3173","An RTP sent with synchronous rejection containing extra fields results in status REJECTED","functional-tests.tests.send_rtp","2026-09-19","passed","2026-09-19","","test_RTP_send_MOCK","",""
"Test sending a DELETE operation message via GPD message API after a CREATE VALID + UPDATE","3482","A DELETE message after CREATE VALID + UPDATE PARTIALLY_PAID","functional-tests.tests.process_messages_sender","2026-09-19","passed","2026-09-19","","test_RTP_process_sender_DELETE","",""
"","1266","Whitespaces is allowed in description and company name field","ux-tests.tests","2026-09-19","passed","2026-09-19","","test_RTP_submission_v4","",""
"","7293","Failed v2 document callback for invalid RTP transition - DS-document RJCT compliant","functional-tests.tests.callbacks_v2","2026-09-19","passed","2026-09-19","","test_RTP_callback_DS_document_rjct","",""
"","4448","DS_document RJCT v2 callback with Version header returns 400","functional-tests.tests.callbacks_v2","2026-09-19","passed","2026-09-19","","test_RTP_callback_with_version_header","",""
"Active payer with a foreign-country fiscal code (Z + 3 digits municipality) → isActive must be true.","1680","An active payer with foreign fiscal code returns isActive true","functional-tests.tests.activation","2026-09-19","passed","2026-09-19","","test_debtor_activation_payer_status","",""
"","1712","A second service provider triggers takeover when debtor is already active on another service provider","functional-tests.tests.activation","2026-09-19","passed","2026-09-19","","test_debtor_activation_create","",""
"CREATE VALID with an ec_tax_code that does not exist in GPD returns 422 Payee not found","1685","A CREATE VALID message with a non-existent ec_tax_code is rejected","functional-tests.tests.process_messages_sender","2026-09-19","passed","2026-09-19","","test_RTP_process_sender_CREATE","",""
"","62301","An RTP is sent through CBI API","functional-tests.tests.availability","2026-09-19","failed","2026-09-19","","test_availability_CBI","",""
"","836","The activation request must contain a Service Provider ID of valid length","functional-tests.tests.activation","2026-09-19","passed","2026-09-19","","test_debtor_activation_create","",""
"","1","A Service Provider is authenticated","functional-tests.tests.auth","2026-09-19","passed","2026-09-19","","test_auth","",""
"","826","Get payees consents with wrong token type returns 403","functional-tests.tests.service_registry","2026-09-19","passed","2026-09-19","","test_get_payees_consents","",""
"
Test RFC callback DS12N with INVALID status, cancel via REST Web API.

Flow:
1. Activate payer
2. Send an RTP via GPD message (CREATE VALID)
3. Cancel the RTP via REST cancel endpoint with cancel_reason → RTP to RFC_SENT
4. Send DS12N callback with CxlStsId INVALID
5. Verify callback is rejected with 400
6. Verify RTP status is still RFC_SENT
","4291","An RFC callback DS12N INVALID is rejected with 400 - through Web API cancel","functional-tests.tests.callbacks","2026-09-19","passed","2026-09-19","","test_RTP_callback_DS_12N","",""
"","1689","Sending a GPD message with null operation returns 400","functional-tests.tests.send_rtp","2026-09-19","passed","2026-09-19","","test_RTP_send_MOCK","",""
"","5148","An RTP callback is successfully received with status ACCP","functional-tests.tests.callbacks","2026-09-19","passed","2026-09-19","","test_RTP_callback_DS_08","",""
"","3234","An RTP sent with synchronous rejection is in status REJECTED - DS-08P N - through Web API","functional-tests.tests.send_rtp","2026-09-19","passed","2026-09-19","","test_RTP_send_MOCK","",""
"","2640","RTP is successfully cancelled with reason MODT","functional-tests.tests.cancel_rtp","2026-09-19","passed","2026-09-19","","test_RTP_cancel","",""
"","1715","A debtor is activated by an authenticated service provider","functional-tests.tests.activation","2026-09-19","passed","2026-09-19","","test_debtor_activation_create","",""
"","3568","Unauthorized callback due to wrong certificate serial","functional-tests.tests.callbacks_v2","2026-09-19","passed","2026-09-19","","test_RTP_callback_DS_08N_negative","",""
"","1771","An RTP is sent through API - through Web API","functional-tests.tests.send_rtp","2026-09-19","passed","2026-09-19","","test_RTP_send_MOCK","",""
"","4372","Failed callback for non existing Service Provider - DS-08P positive compliant","functional-tests.tests.callbacks_v2","2026-09-19","passed","2026-09-19","","test_RTP_callback_DS_08P_positive","",""
"","1375","An authenticated Service Provider cannot send an RTP to an unactivated debtor","bdd-tests","2026-09-19","passed","2026-09-19","RTP_Sending","RTP","",""
"","932","The service returns the mocked server error","functional-tests.tests.availability","2026-09-19","passed","2026-09-19","","test_availability_MOCK","",""
"Parametrized contract test generated from the Send API OpenAPI spec.

Schemathesis derives one test case per endpoint defined in the spec, generating
request data (path params, query params, body) that is valid according to the schema.
Each case is executed against the live API and the response is validated with
CONTRACT_CHECKS.

An additional assertion verifies that the Location header is present on 201 responses
from POST /rtps, as required by the spec.
","126005","test_send_api_contract[POST /gpd/message]","contract-tests.tests","2026-09-19","passed","2026-09-19","","test_api_send_rtp","",""
"
Test v2 RFC callback DS12P with non-existing service provider.

Flow:
1. Activate payer
2. Send an RTP via GPD message v2 (CREATE VALID)
3. Cancel the RTP via GPD message v2 (DELETE) -> RTP to RFC_SENT
4. Send DS12P callback with non-existing BIC (MOCKSP99)
5. Verify callback is rejected with 400 (service provider not found)
6. Verify RTP status is still RFC_SENT
","6362","Failed v2 RFC callback for non existing Service Provider - DS-12P positive compliant","functional-tests.tests.callbacks_v2","2026-09-19","passed","2026-09-19","","test_RTP_callback_DS_12P_positive","",""
"","807","Get payees with invalid authorization","functional-tests.tests.service_registry","2026-09-19","passed","2026-09-19","","test_service_registry_payees_registry","",""
"
Given an RTP is sent successfully (status SENT) for a given noticeNumber + payeeId,
when the payee queries the delivery-status endpoint with the correct noticeNumber
but a different payeeId,
then the response must be HTTP 200 with status=PD_RTP_NOT_DELIVERED, verifying
that the endpoint filters on both fields.
","8826","Existing noticeNumber with wrong payeeId → PD_RTP_NOT_DELIVERED","functional-tests.tests.get_rtp","2026-09-19","passed","2026-09-19","","test_RTP_get_delivery_status","",""
"MOCKSP04 owns both its own spId and MOCKSP01; redeeming an OTP scoped to MOCKSP01 must
assign MOCKSP01 to the new activation, not MOCKSP04 (the redeemer's own tspId).","5456","Test Takeover Redemption Assigns the OTP's Owned Service Provider ID","functional-tests.tests.takeover","2026-09-19","passed","2026-09-19","","test_debtor_takeover","",""
"DS_08P ACCP callback sent twice on the same RTP (direct SENT -> USER_ACCEPTED).

The second callback must be rejected with 400 since the transition is no
longer valid once the RTP is already USER_ACCEPTED.
","5222","Failed v2 callback for invalid RTP transition - DS-08P positive compliant","functional-tests.tests.callbacks_v2","2026-09-19","passed","2026-09-19","","test_RTP_callback_DS_08P_positive","",""
"Each entry in ``INVALID_PAYER_IDS`` must be rejected with 400.

The ``description`` parameter appears in pytest output to identify which
case failed without having to inspect the raw value.
","827","Querying activation status with an invalid payerId format returns 400","functional-tests.tests.activation","2026-09-19","passed","2026-09-19","","test_debtor_activation_payer_status","",""
"Test sending an UPDATE operation message with different statuses via GPD message API before a CREATE","1689","An UPDATE message with status EXPIRED before CREATE","functional-tests.tests.process_messages_sender","2026-09-19","passed","2026-09-19","","test_RTP_process_sender_UPDATE_before_CREATE","",""
"MOCKSP04 owns MOCKSP01 as well as its own spId; activation must be allowed on either.","1692","A debtor is activated using a Service Provider ID the token subject owns but does not itself represent","functional-tests.tests.activation","2026-09-19","passed","2026-09-19","","test_debtor_activation_create","",""
"","3211","An RTP sent with synchronous rejection is in status REJECTED - DS-08P N","functional-tests.tests.send_rtp","2026-09-19","passed","2026-09-19","","test_RTP_send_MOCK","",""
"","2032","An authenticated Service Provider cannot send an RTP to an activated debtor","bdd-tests","2026-09-19","passed","2026-09-19","RTP_Sending","RTP","",""
"Empty OTP should be rejected","861","Test Takeover Fails with Empty OTP","functional-tests.tests.takeover","2026-09-19","passed","2026-09-19","","test_debtor_takeover","",""
"Each entry in ``INVALID_PAYER_IDS`` (see dataset docstring) must be rejected with 400.","823","The activation request must contain a validly formatted fiscal code","functional-tests.tests.activation","2026-09-19","passed","2026-09-19","","test_debtor_activation_create","",""
"","3277","An RTP sent with synchronous rejection and missing _links results in status REJECTED - through Web API","functional-tests.tests.send_rtp","2026-09-19","passed","2026-09-19","","test_RTP_send_MOCK","",""
"
Test RFC callback DS12P with CNCL status.

Flow:
1. Activate payer
2. Send an RTP via GPD message (CREATE VALID)
3. Cancel the RTP via GPD message (DELETE) → RTP to RFC_SENT
4. Send DS12P callback with CxlStsId CNCL (Cancelled As Per Request)
5. Verify callback is accepted (200)
6. Verify RTP status is CANCELLED
","4336","An RFC callback DS12P CNCL is successfully received and RTP status is CANCEL","functional-tests.tests.callbacks","2026-09-19","passed","2026-09-19","","test_RTP_callback_DS_12P","",""
"
Test RFC callback DS12P with non-existing service provider, cancel via REST Web API.

Flow:
1. Activate payer
2. Send an RTP via GPD message (CREATE VALID)
3. Cancel the RTP via REST cancel endpoint with cancel_reason → RTP to RFC_SENT
4. Send DS12P callback with non-existing BIC (MOCKSP99)
5. Verify callback is rejected with 400 (service provider not found)
","3499","Failed RFC callback for non existing Service Provider - DS-12P CNCL compliant - through Web API cancel","functional-tests.tests.callbacks","2026-09-19","passed","2026-09-19","","test_RTP_callback_DS_12P","",""
"","822","A Service Provider with invalid client ID is not authenticated on Keycloak","functional-tests.tests.auth","2026-09-19","passed","2026-09-19","","test_auth","",""
"","830","All auth fixtures expose a valid Bearer token format","functional-tests.tests.auth","2026-09-19","passed","2026-09-19","","test_auth","",""
"","1672","A debtor with foreign fiscal code is activated and retrieved by activation id","functional-tests.tests.activation","2026-09-19","passed","2026-09-19","","test_debtor_activation_get","",""
"The PSP synchronously rejects the cancellation request with 422 (per standard behaviour for the EPC 429 Too Many Requests scenario). The RTP then transitions to ERROR_CANCEL via ERROR_CANCEL_RTP.","13263","Cancelling an RTP - EPC v4 mock unhappy path scenario: epc_429","functional-tests.tests.cancel_rtp","2026-09-19","passed","2026-09-19","","test_RTP_cancel_MOCK_V2","",""
"","801","Get payees consents with invalid authorization returns 401","functional-tests.tests.service_registry","2026-09-19","passed","2026-09-19","","test_get_payees_consents","",""
"","3226","Attempt to cancel an already cancelled RTP","bdd-tests","2026-09-19","passed","2026-09-19","RTP_Cancellation","RTP","",""
"","822","Invalid NextActivationId format returns 400","functional-tests.tests.activation","2026-09-19","passed","2026-09-19","","test_debtor_activation_list","",""
"","922","A Service Provider with invalid client secret is not authenticated on Keycloak","functional-tests.tests.auth","2026-09-19","passed","2026-09-19","","test_auth","",""
"","2768","An RTP is sent to ICCREA service with activated fiscal code - through Web API","functional-tests.tests.send_rtp","2026-09-19","failed","2026-09-19","","test_RTP_send_ICCREA","",""
"The ownership check fails the same way whether the target spId belongs to someone else
or doesn't exist in the registry at all - NOEXIT00 is not a real Service Provider ID.","821","Activation is forbidden with the same error code for a Service Provider ID absent from the registry","functional-tests.tests.activation","2026-09-19","passed","2026-09-19","","test_debtor_activation_create","",""
"Test sending a DELETE operation message via GPD message API after a CREATE","2516","A DELETE message after CREATE PAID","functional-tests.tests.process_messages_sender","2026-09-19","passed","2026-09-19","","test_RTP_process_sender_DELETE","",""
"","1834","Sending an RTP when EPC returns an unexpected status code error (RTP_05.CHK.A0007) returns 500 - through Web API V2","functional-tests.tests.send_rtp","2026-09-19","passed","2026-09-19","","test_RTP_send_MOCK","",""
"Test sending a DELETE operation message via GPD message API after a CREATE","2503","A DELETE message after CREATE PARTIALLY_PAID","functional-tests.tests.process_messages_sender","2026-09-19","passed","2026-09-19","","test_RTP_process_sender_DELETE","",""
"Each entry in ``INVALID_PAYER_IDS`` (see dataset docstring) must be rejected with 400.","821","The activation request must contain a validly formatted fiscal code","functional-tests.tests.activation","2026-09-19","passed","2026-09-19","","test_debtor_activation_create","",""
"
Test v2 RFC callback DS12N with INVALID status.

Flow:
1. Activate payer
2. Send an RTP via GPD message v2 (CREATE VALID)
3. Cancel the RTP via GPD message v2 (DELETE) -> RTP to RFC_SENT
4. Send DS12N callback with CxlStsId INVALID
5. Verify callback is rejected with 400
6. Verify RTP status is still RFC_SENT
","4443","A v2 RFC callback DS12N INVALID is rejected with 400","functional-tests.tests.callbacks_v2","2026-09-19","passed","2026-09-19","","test_RTP_callback_DS_12N_negative","",""
"DS_08N RJCT callback sent twice on the same RTP (direct SENT -> REJECTED).

The second callback must be rejected with 400 since the transition is no
longer valid once the RTP is already REJECTED.
","5791","Failed v2 callback for invalid RTP transition - DS-08N negative compliant","functional-tests.tests.callbacks_v2","2026-09-19","passed","2026-09-19","","test_RTP_callback_DS_08N_negative","",""
"","5955","Failed callback for invalid RTP transition - DS-08P ACCP compliant","functional-tests.tests.callbacks","2026-09-19","passed","2026-09-19","","test_RTP_callback_DS_08","",""
"","2606","An RTP sent when EPC response contains an unknown field is ignored and remains in status SENT","functional-tests.tests.send_rtp","2026-09-19","passed","2026-09-19","","test_RTP_send_MOCK","",""
"","4246","An RTP callback with status ACWC is successfully received","functional-tests.tests.callbacks","2026-09-19","passed","2026-09-19","","test_RTP_callback_DS_08","",""
"
Send the same CREATE VALID message twice.

Because send_gpd_message derives the Idempotency-Key deterministically from
the message id (msg_id), reusing the same payload reuses the same key.

Expectations:
- Both calls return HTTP 200 (idempotent, not an error).
- The resourceId in both responses is identical, proving the API returned
  the cached response and did not process the message twice.
- Querying by notice number returns exactly one RTP, confirming that only
  one record was written to the database.
","3801","Two CREATE VALID messages with the same Idempotency-Key both succeed but only one RTP is stored","functional-tests.tests.process_messages_sender","2026-09-19","passed","2026-09-19","","test_RTP_process_sender_IDEMPOTENCY","",""
"The mock policy falls back to its default `{}` response when no notice number matches, so the RTP stays in RFC_SENT.","3575","Cancelling an RTP - EPC v4 mock happy path scenario: no_match_fallback","functional-tests.tests.cancel_rtp","2026-09-19","passed","2026-09-19","","test_RTP_cancel_MOCK_V2","",""
"","2629","An RTP sent with synchronous acceptance is in status ACCEPTED - DS-05 ACTC - through Web API","functional-tests.tests.send_rtp","2026-09-19","passed","2026-09-19","","test_RTP_send_MOCK","",""
"","1963","A debtor Service Provider tries to activates a debtor 2 times, failing the second attempt","bdd-tests","2026-09-19","passed","2026-09-19","Debtor_Activation","RTP","",""
"Each entry in ``INVALID_PAYER_IDS`` (see dataset docstring) must be rejected with 400.","822","The activation request must contain a validly formatted fiscal code","functional-tests.tests.activation","2026-09-19","passed","2026-09-19","","test_debtor_activation_create","",""
"","4289","An RTP callback with invalid status is received and processed with success without affecting the RTP status","functional-tests.tests.callbacks","2026-09-19","passed","2026-09-19","","test_RTP_callback_DS_05","",""
"
Given a noticeNumber that does not correspond to any RTP in the database,
when the payee queries the delivery-status endpoint,
then the response must be HTTP 200 with status=PD_RTP_NOT_DELIVERED and
processingDate absent or null.
","840","Non-existent noticeNumber → PD_RTP_NOT_DELIVERED","functional-tests.tests.get_rtp","2026-09-19","passed","2026-09-19","","test_RTP_get_delivery_status","",""
"Test sending an UPDATE after CREATE VALID + DELETE with different statuses","3479","An UPDATE message with status PUBLISHED after CREATE VALID and DELETE","functional-tests.tests.process_messages_sender","2026-09-19","passed","2026-09-19","","test_RTP_process_sender_UPDATE","",""
"","2095","Auth endpoint returns valid token","functional-tests.tests.availability","2026-09-19","passed","2026-09-19","","test_availability_CBI","",""
"","1794","An RTP is sent to a CBI service with activated fiscal code","functional-tests.tests.send_rtp","2026-09-19","passed","2026-09-19","","test_RTP_send_CBI","",""
"","2697","An RTP sent when EPC response omits _links is in status ACCEPTED - through Web API V2","functional-tests.tests.send_rtp","2026-09-19","passed","2026-09-19","","test_RTP_send_MOCK","",""
"","4413","A v2 redirect RTP callback with status ACTC is successfully received","functional-tests.tests.callbacks_v2","2026-09-19","passed","2026-09-19","","test_RTP_callback_DS_05_redirect","",""
"Authenticated but not authorized: token of SP A tries to use OTP issued for SP B","2524","Test Takeover Fails with Wrong SP Token","functional-tests.tests.takeover","2026-09-19","passed","2026-09-19","","test_debtor_takeover","",""
"","841","inexistent RTP -> empty body","functional-tests.tests.get_rtp","2026-09-19","passed","2026-09-19","","test_RTP_get","",""
"","1708","A debtor is deactivated by an authenticated service provider","functional-tests.tests.activation","2026-09-19","passed","2026-09-19","","test_debtor_deactivation","",""
"","3459","An RTP callback is received with invalid status","functional-tests.tests.callbacks","2026-09-19","passed","2026-09-19","","test_RTP_callback_DS_08","",""
"Test sending an UPDATE operation message with different statuses via GPD message API after a CREATE","2651","An UPDATE message with status INVALID after CREATE","functional-tests.tests.process_messages_sender","2026-09-19","passed","2026-09-19","","test_RTP_process_sender_UPDATE","",""
"","1382","An RTP is sent to Poste service with activated fiscal code - through Web API","functional-tests.tests.send_rtp","2026-09-19","passed","2026-09-19","","test_RTP_send_POSTE","",""
"Each entry in ``INVALID_PAYER_IDS`` must be rejected with 400.

The ``description`` parameter appears in pytest output to identify which
case failed without having to inspect the raw value.
","821","Querying activation status with an invalid payerId format returns 400","functional-tests.tests.activation","2026-09-19","passed","2026-09-19","","test_debtor_activation_payer_status","",""
"Test sending an UPDATE after CREATE VALID + DELETE with different statuses","3549","An UPDATE message with status DRAFT after CREATE VALID and DELETE","functional-tests.tests.process_messages_sender","2026-09-19","passed","2026-09-19","","test_RTP_process_sender_UPDATE","",""
"Test sending a DELETE operation message via GPD message API after a CREATE","3051","A DELETE message after CREATE DRAFT","functional-tests.tests.process_messages_sender","2026-09-19","passed","2026-09-19","","test_RTP_process_sender_DELETE","",""
"","834","All auth fixtures expose a valid Bearer token format","functional-tests.tests.auth","2026-09-19","passed","2026-09-19","","test_auth","",""
"Test sending an UPDATE operation message with different statuses via GPD message API after a CREATE","2624","An UPDATE message with status PARTIALLY_PAID after CREATE","functional-tests.tests.process_messages_sender","2026-09-19","passed","2026-09-19","","test_RTP_process_sender_UPDATE","",""
"The PSP synchronously rejects the cancellation request with 422 (per standard behaviour for the EPC 406 Not Acceptable scenario). The RTP then transitions to ERROR_CANCEL via ERROR_CANCEL_RTP.","4728","Cancelling an RTP - EPC v4 mock unhappy path scenario: epc_406","functional-tests.tests.cancel_rtp","2026-09-19","passed","2026-09-19","","test_RTP_cancel_MOCK_V2","",""
"Test sending a DELETE operation message via GPD message API after a standalone UPDATE (no prior CREATE)","2558","A DELETE message after standalone UPDATE INVALID","functional-tests.tests.process_messages_sender","2026-09-19","passed","2026-09-19","","test_RTP_process_sender_DELETE","",""
"Each entry in ``INVALID_PAYER_IDS`` (see dataset docstring) must be rejected with 400.","823","The activation request must contain a validly formatted fiscal code","functional-tests.tests.activation","2026-09-19","passed","2026-09-19","","test_debtor_activation_create","",""
"Test sending a DELETE operation message via GPD message API after a CREATE VALID + UPDATE","4903","A DELETE message after CREATE VALID + UPDATE PAID","functional-tests.tests.process_messages_sender","2026-09-19","passed","2026-09-19","","test_RTP_process_sender_DELETE","",""
"","3437","Sending an RTP when EPC returns a malformed/invalid response body returns 500","functional-tests.tests.send_rtp","2026-09-19","passed","2026-09-19","","test_RTP_send_MOCK","",""
"","4931","A v2 RTP callback with invalid status is rejected without affecting the RTP status","functional-tests.tests.callbacks_v2","2026-09-19","passed","2026-09-19","","test_RTP_callback_DS_08P_positive","",""
"","4000","An RTP callback with status REJECTED is successfully received","functional-tests.tests.callbacks","2026-09-19","passed","2026-09-19","","test_RTP_callback_DS_08","",""
"","1681","Deactivation returns 404 when the token subject does not own the activation's Service Provider ID","functional-tests.tests.activation","2026-09-19","passed","2026-09-19","","test_debtor_deactivation","",""
"Each entry in ``INVALID_PAYER_IDS`` (see dataset docstring) must be rejected with 400.","824","The activation request must contain a validly formatted fiscal code","functional-tests.tests.activation","2026-09-19","passed","2026-09-19","","test_debtor_activation_create","",""
"
Test RFC callback DS12P with non-existing service provider, cancel via REST Web API.

Flow:
1. Activate payer
2. Send an RTP via GPD message (CREATE VALID)
3. Cancel the RTP via REST cancel endpoint with cancel_reason → RTP to RFC_SENT
4. Send DS12P callback with non-existing BIC (MOCKSP99)
5. Verify callback is rejected with 400 (service provider not found)
","3475","Failed RFC callback for non existing Service Provider - DS-12P CNCL compliant - through Web API cancel","functional-tests.tests.callbacks","2026-09-19","passed","2026-09-19","","test_RTP_callback_DS_12P","",""
"","3570","RTP is successfully cancelled with reason PAID - V2","functional-tests.tests.cancel_rtp","2026-09-19","passed","2026-09-19","","test_RTP_cancel","",""
"","1683","A debtor activated with an owned but distinct Service Provider ID is retrieved by activation id","functional-tests.tests.activation","2026-09-19","passed","2026-09-19","","test_debtor_activation_get","",""
"Payer activated under SP A queried by SP A → isActive must be true.","1675","An active payer returns isActive true for the same Service Provider","functional-tests.tests.activation","2026-09-19","passed","2026-09-19","","test_debtor_activation_payer_status","",""
"Each entry in ``INVALID_PAYER_IDS`` (see dataset docstring) must be rejected with 400.","822","The activation request must contain a validly formatted fiscal code","functional-tests.tests.activation","2026-09-19","passed","2026-09-19","","test_debtor_activation_create","",""
"","2461","Cannot send RTP with invalid amount","functional-tests.tests.availability","2026-09-19","passed","2026-09-19","","test_availability_CBI","",""
"","831","A debtor service provider fails activation due to wrong service provider id","functional-tests.tests.activation","2026-09-19","passed","2026-09-19","","test_debtor_activation_list","",""
"","826","missing token → 401 Unauthorized","functional-tests.tests.get_rtp","2026-09-19","passed","2026-09-19","","test_RTP_get","",""
"
Test v2 RFC callback DS12N with RJCR status applied twice on the same RTP.

Flow:
1. Activate payer
2. Send an RTP via GPD message v2 (CREATE VALID)
3. Cancel the RTP via GPD message v2 (DELETE) -> RTP to RFC_SENT
4. Send DS12N callback with CxlStsId RJCR (Rejected Cancellation Request) -> RTP to CANCELLED_REJECTED
5. Send the same DS12N RJCR callback again on the already transitioned RTP
6. Verify the second callback is rejected (400) since the transition is no longer valid
7. Verify RTP status remains CANCELLED_REJECTED
","8703","Failed v2 RFC callback for invalid RTP transition - DS-12N negative compliant","functional-tests.tests.callbacks_v2","2026-09-19","passed","2026-09-19","","test_RTP_callback_DS_12N_negative","",""
"","1519","An RTP is sent to ICCREA service with activated fiscal code","functional-tests.tests.send_rtp","2026-09-19","passed","2026-09-19","","test_RTP_send_ICCREA","",""
"Each entry in ``INVALID_PAYER_IDS`` must be rejected with 400.

The ``description`` parameter appears in pytest output to identify which
case failed without having to inspect the raw value.
","1452","Querying activation status with an invalid payerId format returns 400","functional-tests.tests.activation","2026-09-19","passed","2026-09-19","","test_debtor_activation_payer_status","",""
"Test sending a CREATE operation message with an omocodia fiscal code via GPD message API","1791","A CREATE message with omocodia fiscal code is successfully sent through GPD message API","functional-tests.tests.process_messages_sender","2026-09-19","passed","2026-09-19","","test_RTP_process_sender","",""
"Test sending an UPDATE after CREATE VALID + DELETE with different statuses","3516","An UPDATE message with status PAID after CREATE VALID and DELETE","functional-tests.tests.process_messages_sender","2026-09-19","passed","2026-09-19","","test_RTP_process_sender_UPDATE","",""
"
Tests sending an RTP payload to the POSTE endpoint with valid data and authentication.

:param debtor_sp_mock_cert_key: Certificate and key tuple for mutual TLS authentication.
:type debtor_sp_mock_cert_key: Tuple[str, str]
","2004","An RTP is sent through POSTE API","functional-tests.tests.availability","2026-09-19","passed","2026-09-19","","test_availability_POSTE","",""
"","826","Invalid pagination parameters returns 400","functional-tests.tests.activation","2026-09-19","passed","2026-09-19","","test_debtor_activation_list","",""
"","826","Get payees consents with negative page size returns 400","functional-tests.tests.service_registry","2026-09-19","passed","2026-09-19","","test_get_payees_consents","",""
"
Test RFC callback DS12P with wrong certificate identity, cancel via REST Web API.

Flow:
1. Activate payer
2. Send an RTP via GPD message (CREATE VALID)
3. Cancel the RTP via REST cancel endpoint with cancel_reason → RTP to RFC_SENT
4. Send DS12P callback with assignee_bic='FAKESP01' (doesn't match certificate identity MOCKSP04)
5. Verify callback is rejected with 403 (certificate mismatch)
","3478","Unauthorized RFC callback due to wrong certificate serial - through Web API cancel","functional-tests.tests.callbacks","2026-09-19","passed","2026-09-19","","test_RTP_callback_DS_12P","",""
"
Test RFC callback DS12N with wrong certificate identity, cancel via REST Web API.

Flow:
1. Activate payer
2. Send an RTP via GPD message (CREATE VALID)
3. Cancel the RTP via REST cancel endpoint with cancel_reason → RTP to RFC_SENT
4. Send DS12N callback with assignee_bic='FAKESP01' (doesn't match certificate identity MOCKSP04)
5. Verify callback is rejected with 403 (certificate mismatch)
","4387","Unauthorized RFC callback due to wrong certificate serial - through Web API cancel","functional-tests.tests.callbacks","2026-09-19","passed","2026-09-19","","test_RTP_callback_DS_12N","",""
"","6149","An RTP callback is successfully received with status RJCT","functional-tests.tests.callbacks","2026-09-19","passed","2026-09-19","","test_RTP_callback_DS_08","",""
"Each entry in ``INVALID_PAYER_IDS`` must be rejected with 400.

The ``description`` parameter appears in pytest output to identify which
case failed without having to inspect the raw value.
","820","Querying activation status with an invalid payerId format returns 400","functional-tests.tests.activation","2026-09-19","passed","2026-09-19","","test_debtor_activation_payer_status","",""
"","1680","A debtor is activated and retrieved by activation id","functional-tests.tests.activation","2026-09-19","passed","2026-09-19","","test_debtor_activation_get","",""
"
Tests that sending an RTP payload with an amount over the POSTE limit results in a 400 Bad Request response.

:param debtor_sp_mock_cert_key: Certificate and key tuple for mutual TLS authentication.
:type debtor_sp_mock_cert_key: Tuple[str, str]
","1431","Cannot send RTP with an amount over the POSTE limit","functional-tests.tests.availability","2026-09-19","failed","2026-09-19","","test_availability_POSTE","",""
"Each entry in ``INVALID_PAYER_IDS`` must be rejected with 400.

The ``description`` parameter appears in pytest output to identify which
case failed without having to inspect the raw value.
","822","Querying activation status with an invalid payerId format returns 400","functional-tests.tests.activation","2026-09-19","passed","2026-09-19","","test_debtor_activation_payer_status","",""
"MOCKSP04 owns MOCKSP01 and triggers the OTP; FAKESP01, which owns neither, must be rejected
with an explicit ownership error, not merely a generic 403.","2531","Test Takeover Fails when Redeemer Does Not Own the OTP's Service Provider ID","functional-tests.tests.takeover","2026-09-19","passed","2026-09-19","","test_debtor_takeover","",""
"","2123","RTP form cancellation with reason PAID","ux-tests.tests","2026-09-19","passed","2026-09-19","","test_RTP_cancel_v3","",""
"Each entry in ``INVALID_PAYER_IDS`` must be rejected with 400.

The ``description`` parameter appears in pytest output to identify which
case failed without having to inspect the raw value.
","891","Querying activation status with an invalid payerId format returns 400","functional-tests.tests.activation","2026-09-19","passed","2026-09-19","","test_debtor_activation_payer_status","",""
"","1767","An RTP is sent to Poste service with activated fiscal code","functional-tests.tests.send_rtp","2026-09-19","passed","2026-09-19","","test_RTP_send_POSTE","",""
"A valid token that carries neither read_rtp_activations nor read_rtp_all must be rejected with 403.","823","Token without read_rtp_activations or read_rtp_all role returns 403 Forbidden","functional-tests.tests.activation","2026-09-19","passed","2026-09-19","","test_debtor_activation_payer_status","",""
"Test sending a DELETE operation message via GPD message API after a CREATE VALID + UPDATE","3980","A DELETE message after CREATE VALID + UPDATE VALID","functional-tests.tests.process_messages_sender","2026-09-19","passed","2026-09-19","","test_RTP_process_sender_DELETE","",""
"","2597","RTP cancellation fails with an invalid reason - V2","functional-tests.tests.cancel_rtp","2026-09-19","passed","2026-09-19","","test_RTP_cancel","",""
"","2482","A debtor Service Provider activates a debtor","bdd-tests","2026-09-19","passed","2026-09-19","Debtor_Activation","RTP","",""
"","4521","Unauthorized callback due to wrong certificate serial","functional-tests.tests.callbacks_v2","2026-09-19","passed","2026-09-19","","test_RTP_callback_DS_08P_positive","",""
"","733","The RTP web page is reachable","functional-tests.tests.availability","2026-09-19","passed","2026-09-19","","test_availability_RTP_webform","",""
"Test sending a DELETE operation message via GPD message API after a CREATE","3098","A DELETE message after CREATE INVALID","functional-tests.tests.process_messages_sender","2026-09-19","passed","2026-09-19","","test_RTP_process_sender_DELETE","",""
"Each entry in ``INVALID_PAYER_IDS`` (see dataset docstring) must be rejected with 400.","822","The activation request must contain a validly formatted fiscal code","functional-tests.tests.activation","2026-09-19","passed","2026-09-19","","test_debtor_activation_create","",""
"","4047","RTP is successfully cancelled with reason PAID","functional-tests.tests.cancel_rtp","2026-09-19","passed","2026-09-19","","test_RTP_cancel","",""
"","827","Get payees consents with invalid date format returns 400","functional-tests.tests.service_registry","2026-09-19","passed","2026-09-19","","test_get_payees_consents","",""
"","2618","RTP form cancellation with reason MODT","ux-tests.tests","2026-09-19","passed","2026-09-19","","test_RTP_cancel_v3","",""
"Test sending a DELETE operation message via GPD message API after a standalone UPDATE (no prior CREATE)","2520","A DELETE message after standalone UPDATE DRAFT","functional-tests.tests.process_messages_sender","2026-09-19","passed","2026-09-19","","test_RTP_process_sender_DELETE","",""
"Each entry in ``INVALID_PAYER_IDS`` (see dataset docstring) must be rejected with 400.","823","The activation request must contain a validly formatted fiscal code","functional-tests.tests.activation","2026-09-19","passed","2026-09-19","","test_debtor_activation_create","",""
"","2639","RTP cancellation fails with an invalid reason","functional-tests.tests.cancel_rtp","2026-09-19","passed","2026-09-19","","test_RTP_cancel","",""
"Active payer with omocodia fiscal code (digit substitution) → isActive must be true.","1668","An active payer with omocodia fiscal code returns isActive true","functional-tests.tests.activation","2026-09-19","passed","2026-09-19","","test_debtor_activation_payer_status","",""
"OTP bound to payer1 should not work for payer2","3371","Test Takeover Fails with OTP Bound to Different Payer","functional-tests.tests.takeover","2026-09-19","passed","2026-09-19","","test_debtor_takeover","",""
"","2602","An RTP sent when EPC response omits _links is in status ACCEPTED - through Web API","functional-tests.tests.send_rtp","2026-09-19","passed","2026-09-19","","test_RTP_send_MOCK","",""
"`Sts.Conf = ""CNCL""` triggers CANCEL_RTP -> CONFIRM_RFC -> CANCEL_RTP_ACCR, ending in CANCELLED_ACCR.","5088","Cancelling an RTP - EPC v4 mock happy path scenario: cncl_confirmed","functional-tests.tests.cancel_rtp","2026-09-19","passed","2026-09-19","","test_RTP_cancel_MOCK_V2","",""
"Each entry in ``INVALID_PAYER_IDS`` (see dataset docstring) must be rejected with 400.","822","The activation request must contain a validly formatted fiscal code","functional-tests.tests.activation","2026-09-19","passed","2026-09-19","","test_debtor_activation_create","",""
"","2662","An RTP sent with synchronous acceptance is in status ACCEPTED - DS-05 ACTC - through Web API V2","functional-tests.tests.send_rtp","2026-09-19","passed","2026-09-19","","test_RTP_send_MOCK","",""
"","2695","RTP is successfully retrieved","functional-tests.tests.get_rtp","2026-09-19","passed","2026-09-19","","test_RTP_get","",""
"","814","Missing Version header returns 200","functional-tests.tests.activation","2026-09-19","passed","2026-09-19","","test_debtor_activation_list","",""
"","3874","An RTP sent with synchronous rejection and missing _links results in status REJECTED - through Web API V2","functional-tests.tests.send_rtp","2026-09-19","passed","2026-09-19","","test_RTP_send_MOCK","",""
"","7480","Failed callback for invalid RTP transition - DS-08P RJCT compliant","functional-tests.tests.callbacks","2026-09-19","passed","2026-09-19","","test_RTP_callback_DS_08","",""
"","1681","A debtor with VAT number (Partita IVA) is activated successfully","functional-tests.tests.activation","2026-09-19","passed","2026-09-19","","test_debtor_activation_create","",""
"","4510","Unauthorized callback due to wrong certificate serial","functional-tests.tests.callbacks_v2","2026-09-19","passed","2026-09-19","","test_RTP_callback_DS_05_redirect","",""
"
Given a debtor is activated and a GPD message (CREATE) is sent via POST /gpd/message,
when the rtp-sender processes it and the RTP reaches status SENT,
when the payee queries the delivery-status endpoint with the correct noticeNumber
(nav) and payeeId (ec_tax_code),
then the response body must contain status=PD_RTP_DELIVERED, a non-null processingDate
in ISO 8601 format, and processingDate must match the SEND_RTP event timestamp from
the GPD message response (truncated to millisecond precision).
","7749","GPD message sent → RTP SENT → PD_RTP_DELIVERED with processingDate","functional-tests.tests.get_rtp","2026-09-19","passed","2026-09-19","","test_RTP_get_delivery_status","",""
"","4418","A debtor Service Provider successfully takes over an activation from another provider","bdd-tests","2026-09-19","passed","2026-09-19","Debtor_Activation_Takeover","RTP","",""
"MOCKSP04 owns MOCKSP01 as well as its own spId; status must reflect the activation either way.","1670","An active payer returns isActive true when activated under an owned but distinct Service Provider ID","functional-tests.tests.activation","2026-09-19","passed","2026-09-19","","test_debtor_activation_payer_status","",""
"
Payer activated under SP A.
- SP B (read_rtp_activations): isActive must be false - privacy rule hides cross-SP activation.
- Admin (read_rtp_all): isActive must be true - role grants visibility across all SPs.
Same payer, same endpoint, different roles → different results.
","2739","read_rtp_all role returns isActive true while read_rtp_activations returns false for the same cross-SP payer","functional-tests.tests.activation","2026-09-19","passed","2026-09-19","","test_debtor_activation_payer_status","",""
"","32667","An RTP is sent to a CBI service with activated fiscal code - through Web API","functional-tests.tests.send_rtp","2026-09-19","failed","2026-09-19","","test_RTP_send_CBI","",""
"","798","The service returns the mocked server error","functional-tests.tests.availability","2026-09-19","passed","2026-09-19","","test_availability_MOCK","",""
"Test sending an UPDATE after CREATE VALID + DELETE with different statuses","3805","An UPDATE message with status INVALID after CREATE VALID and DELETE","functional-tests.tests.process_messages_sender","2026-09-19","passed","2026-09-19","","test_RTP_process_sender_UPDATE","",""
"","5240","RTP form is filled and submitted","ux-tests.tests","2026-09-19","passed","2026-09-19","","test_RTP_cancel_v3","",""
"No `Sts.Conf` confirmation is present (empty JSON object), so only CANCEL_RTP is triggered and the RTP stays in RFC_SENT.","3893","Cancelling an RTP - EPC v4 mock happy path scenario: empty_json_object","functional-tests.tests.cancel_rtp","2026-09-19","passed","2026-09-19","","test_RTP_cancel_MOCK_V2","",""
"
Test RFC callback DS12P with wrong certificate identity.

Flow:
1. Activate payer
2. Send an RTP via GPD message (CREATE VALID)
3. Cancel the RTP via GPD message (DELETE) → RTP to RFC_SENT
4. Send DS12P callback with assignee_bic='FAKESP01' (doesn't match certificate identity MOCKSP04)
5. Verify callback is rejected with 403 (certificate mismatch)
","3475","Unauthorized RFC callback due to wrong certificate serial","functional-tests.tests.callbacks","2026-09-19","passed","2026-09-19","","test_RTP_callback_DS_12P","",""
"","830","Get payees consents with negative page number returns 400","functional-tests.tests.service_registry","2026-09-19","passed","2026-09-19","","test_get_payees_consents","",""
"Each entry in ``INVALID_PAYER_IDS`` (see dataset docstring) must be rejected with 400.","932","The activation request must contain a validly formatted fiscal code","functional-tests.tests.activation","2026-09-19","passed","2026-09-19","","test_debtor_activation_create","",""
"","828","Retrieving non-existent activation by payer id returns 404","functional-tests.tests.activation","2026-09-19","passed","2026-09-19","","test_debtor_activation_get","",""
"
Verify that a debt position can be deleted successfully.
","3840","Happy path: a debt position is deleted in UAT environment","functional-tests.tests.gpd_availability","2026-09-19","passed","2026-09-19","","test_availability_GPD","",""
"","2371","Cannot send RTP with expired date","functional-tests.tests.availability","2026-09-19","passed","2026-09-19","","test_availability_CBI","",""
"Test sending an UPDATE after CREATE VALID + DELETE with different statuses","4663","An UPDATE message with status EXPIRED after CREATE VALID and DELETE","functional-tests.tests.process_messages_sender","2026-09-19","passed","2026-09-19","","test_RTP_process_sender_UPDATE","",""
"","4297","DS_08P positive v2 callback with Version header returns 400","functional-tests.tests.callbacks_v2","2026-09-19","passed","2026-09-19","","test_RTP_callback_with_version_header","",""
"Test that takeover fails when the service provider is unauthenticated","3027","Test Takeover Fails with Unauthenticated SP","functional-tests.tests.takeover","2026-09-19","passed","2026-09-19","","test_debtor_takeover","",""
"","1764","Sending an RTP when EPC returns a malformed/invalid response body returns 500 - through Web API","functional-tests.tests.send_rtp","2026-09-19","passed","2026-09-19","","test_RTP_send_MOCK","",""
"The response cannot be parsed as a cancellation confirmation (malformed, unquoted string), so the RTP stays in RFC_SENT rather than erroring out.","3643","Cancelling an RTP - EPC v4 mock unhappy path scenario: malformed_string","functional-tests.tests.cancel_rtp","2026-09-19","passed","2026-09-19","","test_RTP_cancel_MOCK_V2","",""
"","3172","An RTP sent with synchronous rejection containing extra fields results in status REJECTED - through Web API","functional-tests.tests.send_rtp","2026-09-19","passed","2026-09-19","","test_RTP_send_MOCK","",""
"Each entry in ``INVALID_PAYER_IDS`` must be rejected with 400.

The ``description`` parameter appears in pytest output to identify which
case failed without having to inspect the raw value.
","880","Querying activation status with an invalid payerId format returns 400","functional-tests.tests.activation","2026-09-19","passed","2026-09-19","","test_debtor_activation_payer_status","",""
"","832","Deactivation fails for non-existing activation","functional-tests.tests.activation","2026-09-19","passed","2026-09-19","","test_debtor_deactivation","",""
"Each entry in ``INVALID_PAYER_IDS`` must be rejected with 400.

The ``description`` parameter appears in pytest output to identify which
case failed without having to inspect the raw value.
","821","Querying activation status with an invalid payerId format returns 400","functional-tests.tests.activation","2026-09-19","passed","2026-09-19","","test_debtor_activation_payer_status","",""
"Test sending a DELETE operation message via GPD message API after a standalone UPDATE (no prior CREATE)","2528","A DELETE message after standalone UPDATE EXPIRED","functional-tests.tests.process_messages_sender","2026-09-19","passed","2026-09-19","","test_RTP_process_sender_DELETE","",""
"
DS_08N callback sent with the Version header must be rejected with 400.
The RTP must remain in SENT (transition to REJECTED must not happen).

Flow:
1. Activate payer and send an RTP → resource_id
2. Build a valid DS_08N payload referencing the RTP
3. POST to callback endpoint WITH Version header
4. Verify 400 is returned with the expected error body
5. Verify RTP status is still SENT
","3434","DS_08N callback with Version header returns 400","functional-tests.tests.callbacks","2026-09-19","passed","2026-09-19","","test_RTP_callback_with_version_header","",""
"
Tests that sending an RTP payload with an invalid amount to the POSTE endpoint results in a 400 Bad Request response.

:param debtor_sp_mock_cert_key: Certificate and key tuple for mutual TLS authentication.
:type debtor_sp_mock_cert_key: Tuple[str, str]
","1498","Cannot send RTP with invalid amount","functional-tests.tests.availability","2026-09-19","passed","2026-09-19","","test_availability_POSTE","",""
"","3373","An RTP sent with synchronous rejection and missing _links results in status REJECTED","functional-tests.tests.send_rtp","2026-09-19","passed","2026-09-19","","test_RTP_send_MOCK","",""
"","1733","RTP form is filled and submitted","ux-tests.tests","2026-09-19","passed","2026-09-19","","test_RTP_submission_v3","",""
"Test sending a CREATE operation message with different statuses via GPD message API","1679","A CREATE message with status PUBLISHED","functional-tests.tests.process_messages_sender","2026-09-19","passed","2026-09-19","","test_RTP_process_sender_CREATE","",""
"
Test v2 RFC callback DS12P with wrong certificate identity.

Flow:
1. Activate payer
2. Send an RTP via GPD message v2 (CREATE VALID)
3. Cancel the RTP via GPD message v2 (DELETE) -> RTP to RFC_SENT
4. Send DS12P callback with assignee_bic='FAKESP01' (doesn't match certificate identity)
5. Verify callback is rejected with 403 (certificate mismatch)
6. Verify RTP status is still RFC_SENT
","4439","Unauthorized v2 RFC callback due to wrong certificate serial","functional-tests.tests.callbacks_v2","2026-09-19","passed","2026-09-19","","test_RTP_callback_DS_12P_positive","",""
"No `Sts.Conf` confirmation is present (Sts block omitted entirely), so only CANCEL_RTP is triggered and the RTP stays in RFC_SENT.","3984","Cancelling an RTP - EPC v4 mock happy path scenario: no_sts_block","functional-tests.tests.cancel_rtp","2026-09-19","passed","2026-09-19","","test_RTP_cancel_MOCK_V2","",""
"
DS_12N RJCR RFC callback sent with the Version header must be rejected with 400.
The RTP must remain in RFC_SENT (transition to ERROR_CANCEL must not happen).

Flow:
1. Activate payer, send RTP, trigger cancel via GPD DELETE → RFC_SENT
2. Build a valid DS_12N RJCR payload
3. POST to RFC callback endpoint WITH Version header
4. Verify 400 is returned with the expected error body
5. Verify RTP status is still RFC_SENT
","4309","DS_12N RJCR RFC callback with Version header returns 400","functional-tests.tests.callbacks","2026-09-19","passed","2026-09-19","","test_RTP_callback_with_version_header","",""
"Each entry in ``INVALID_PAYER_IDS`` (see dataset docstring) must be rejected with 400.","826","The activation request must contain a validly formatted fiscal code","functional-tests.tests.activation","2026-09-19","passed","2026-09-19","","test_debtor_activation_create","",""
"","2620","An RTP sent with synchronous acceptance is in status ACCEPTED - DS-05 ACTC","functional-tests.tests.send_rtp","2026-09-19","passed","2026-09-19","","test_RTP_send_MOCK","",""
"","6860","DS_12P positive RFC v2 callback with Version header returns 400","functional-tests.tests.callbacks_v2","2026-09-19","passed","2026-09-19","","test_RTP_callback_with_version_header","",""
"
Test RFC callback DS12P with CNCL status applied twice on the same RTP.

Flow:
1. Activate payer
2. Send an RTP via GPD message (CREATE VALID)
3. Cancel the RTP via GPD message (DELETE) -> RTP to RFC_SENT
4. Send DS12P callback with CxlStsId CNCL (Cancelled As Per Request) -> RTP to CANCELLED
5. Send the same DS12P CNCL callback again on the already cancelled RTP
6. Verify the second callback is rejected (400) since the transition is no longer valid
7. Verify RTP status remains CANCELLED
","6110","Failed RFC callback for invalid RTP transition - DS-12P CNCL compliant","functional-tests.tests.callbacks","2026-09-19","passed","2026-09-19","","test_RTP_callback_DS_12P","",""
"Payer that has never been activated → isActive must be false.","829","test_get_activation_status_not_active_payer","functional-tests.tests.activation","2026-09-19","passed","2026-09-19","","test_debtor_activation_payer_status","",""
"","892","Unauthorized callback due to wrong certificate serial","functional-tests.tests.callbacks","2026-09-19","passed","2026-09-19","","test_RTP_callback_DS_04","",""
"","1672","A debtor with omocodia fiscal code is activated and retrieved by activation id","functional-tests.tests.activation","2026-09-19","passed","2026-09-19","","test_debtor_activation_get","",""
"Test sending a CREATE operation message with a foreign fiscal code via GPD message API","2620","A CREATE message with foreign fiscal code is successfully sent through GPD message API","functional-tests.tests.process_messages_sender","2026-09-19","passed","2026-09-19","","test_RTP_process_sender","",""
"","3671","An RTP callback is received with invalid status","functional-tests.tests.callbacks","2026-09-19","passed","2026-09-19","","test_RTP_callback_DS_08","",""
"","825","Get payees consents with invalid consent value returns 400","functional-tests.tests.service_registry","2026-09-19","passed","2026-09-19","","test_get_payees_consents","",""
"","3643","SP_B cannot retrieve activation by Fiscal Code created by SP_A","functional-tests.tests.activation","2026-09-19","passed","2026-09-19","","test_RTP_activation_security","",""
"","2539","Attempt to cancel a non-existing RTP","bdd-tests","2026-09-19","passed","2026-09-19","RTP_Cancellation","RTP","",""
"The PSP synchronously rejects the cancellation request with 422 (per standard behaviour for the EPC 400 Bad Request scenario). The RTP then transitions to ERROR_CANCEL via ERROR_CANCEL_RTP.","4184","Cancelling an RTP - EPC v4 mock unhappy path scenario: epc_400","functional-tests.tests.cancel_rtp","2026-09-19","passed","2026-09-19","","test_RTP_cancel_MOCK_V2","",""
"","4417","A v2 redirect RTP callback with invalid status is rejected without affecting the RTP status","functional-tests.tests.callbacks_v2","2026-09-19","passed","2026-09-19","","test_RTP_callback_DS_05_redirect","",""
"DS_08P ACCP callback sent directly on a SENT RTP (no prior DS_05 ACTC callback).

The RTP is expected to transition straight from SENT to USER_ACCEPTED.
","4675","A v2 RTP callback with status ACCP is successfully received without a prior DS_05 callback","functional-tests.tests.callbacks_v2","2026-09-19","passed","2026-09-19","","test_RTP_callback_DS_08P_positive","",""
"","1677","A debtor with foreign fiscal code is activated successfully","functional-tests.tests.activation","2026-09-19","passed","2026-09-19","","test_debtor_activation_create","",""
"Takeover with syntactically valid but nonsensical body should fail","2845","Test Takeover Fails with Nonsensical Body","functional-tests.tests.takeover","2026-09-19","passed","2026-09-19","","test_debtor_takeover","",""
"","4883","An RTP callback with status ACTC is successfully received","functional-tests.tests.callbacks","2026-09-19","passed","2026-09-19","","test_RTP_callback_DS_05","",""
"
Tests the retrieval of an access token from the POSTE authentication endpoint using client credentials and mutual TLS.

:param debtor_sp_mock_cert_key: Certificate and key tuple for mutual TLS authentication.
:type debtor_sp_mock_cert_key: Tuple[str, str]
","494","Auth endpoint returns valid token","functional-tests.tests.availability","2026-09-19","passed","2026-09-19","","test_availability_POSTE","",""
"","2744","RTP is successfully cancelled with reason MODT - V2","functional-tests.tests.cancel_rtp","2026-09-19","passed","2026-09-19","","test_RTP_cancel","",""
"Parametrized contract test generated from the Activation API OpenAPI spec.

Schemathesis derives one test case per endpoint defined in the spec, generating
request data (path params, query params, body) that is valid according to the schema.
Each case is executed against the live API and the response is validated with
CONTRACT_CHECKS.
","55258","test_activation_contract[GET /activations/payer]","contract-tests.tests","2026-09-19","passed","2026-09-19","","test_activation","",""
"","798","Get payees with invalid authorization","functional-tests.tests.service_registry","2026-09-19","passed","2026-09-19","","test_service_registry_service_providers","",""
"","821","Retrieving activation with invalid UUID returns 400","functional-tests.tests.activation","2026-09-19","passed","2026-09-19","","test_debtor_activation_get","",""
"","824","All auth fixtures expose a valid Bearer token format","functional-tests.tests.auth","2026-09-19","passed","2026-09-19","","test_auth","",""
"Each entry in ``INVALID_PAYER_IDS`` must be rejected with 400.

The ``description`` parameter appears in pytest output to identify which
case failed without having to inspect the raw value.
","823","Querying activation status with an invalid payerId format returns 400","functional-tests.tests.activation","2026-09-19","passed","2026-09-19","","test_debtor_activation_payer_status","",""
"
Test v2 RFC callback DS12N with non-existing service provider.

Flow:
1. Activate payer
2. Send an RTP via GPD message v2 (CREATE VALID)
3. Cancel the RTP via GPD message v2 (DELETE) -> RTP to RFC_SENT
4. Send DS12N callback with non-existing BIC (MOCKSP99)
5. Verify callback is rejected with 400 (service provider not found)
6. Verify RTP status is still RFC_SENT
","5386","Failed v2 RFC callback for non existing Service Provider - DS-12N negative compliant","functional-tests.tests.callbacks_v2","2026-09-19","passed","2026-09-19","","test_RTP_callback_DS_12N_negative","",""
"
Verify that a debt position can be updated successfully.
","7554","Happy path: a debt position is updated in UAT environment","functional-tests.tests.gpd_availability","2026-09-19","passed","2026-09-19","","test_availability_GPD","",""
"","2657","An RTP sent when EPC response contains an unknown field is ignored and remains in status SENT - through Web API V2","functional-tests.tests.send_rtp","2026-09-19","passed","2026-09-19","","test_RTP_send_MOCK","",""
"
Verify that a debt position can be deleted successfully.
","3619","Happy path: a debt position is deleted in DEV environment","functional-tests.tests.gpd_availability","2026-09-19","passed","2026-09-19","","test_availability_GPD","",""
"Test the takeover flow where a user changes service provider","5589","Test Takeover Flow","functional-tests.tests.takeover","2026-09-19","passed","2026-09-19","","test_debtor_takeover","",""
"Each entry in ``INVALID_PAYER_IDS`` must be rejected with 400.

The ``description`` parameter appears in pytest output to identify which
case failed without having to inspect the raw value.
","820","Querying activation status with an invalid payerId format returns 400","functional-tests.tests.activation","2026-09-19","passed","2026-09-19","","test_debtor_activation_payer_status","",""
"UPDATE VALID before any CREATE creates a new RTP; the RTP must be retrievable from the database","3270","An UPDATE VALID before CREATE creates the RTP in the database","functional-tests.tests.process_messages_sender","2026-09-19","passed","2026-09-19","","test_RTP_process_sender_UPDATE_before_CREATE","",""
"
Test RFC callback DS12N with RJCR status.

Flow:
1. Activate payer
2. Send an RTP via GPD message (CREATE VALID)
3. Cancel the RTP via GPD message (DELETE) → RTP to RFC_SENT
4. Send DS12N callback with CxlStsId RJCR (Rejected Cancellation Request)
5. Verify callback is accepted (200)
6. Verify RTP status is ERROR_CANCEL
","5067","An RFC callback DS12N RJCR is successfully received and RTP status is ERROR_CANCEL","functional-tests.tests.callbacks","2026-09-19","passed","2026-09-19","","test_RTP_callback_DS_12N","",""
"
Test v2 RFC callback DS12N with wrong certificate identity.

Flow:
1. Activate payer
2. Send an RTP via GPD message v2 (CREATE VALID)
3. Cancel the RTP via GPD message v2 (DELETE) -> RTP to RFC_SENT
4. Send DS12N callback with assignee_bic='FAKESP01' (doesn't match certificate identity)
5. Verify callback is rejected with 403 (certificate mismatch)
6. Verify RTP status is still RFC_SENT
","4711","Unauthorized v2 RFC callback due to wrong certificate serial","functional-tests.tests.callbacks_v2","2026-09-19","passed","2026-09-19","","test_RTP_callback_DS_12N_negative","",""
"Test sending a CREATE operation message with different statuses via GPD message API","1684","A CREATE message with status INVALID","functional-tests.tests.process_messages_sender","2026-09-19","passed","2026-09-19","","test_RTP_process_sender_CREATE","",""
"Test sending a DELETE operation message via GPD message API after a CREATE","2552","A DELETE message after CREATE EXPIRED","functional-tests.tests.process_messages_sender","2026-09-19","passed","2026-09-19","","test_RTP_process_sender_DELETE","",""
"UPDATE PAID with psp_tax_code=None (invalid PSP) results in RTP state RFC_SENT","2727","An UPDATE PAID message with an invalid PSP results in RFC_SENT state","functional-tests.tests.process_messages_sender","2026-09-19","passed","2026-09-19","","test_RTP_process_sender_UPDATE","",""
"","3237","An RTP sent with synchronous rejection is in status REJECTED - DS-08P N - through Web API V2","functional-tests.tests.send_rtp","2026-09-19","passed","2026-09-19","","test_RTP_send_MOCK","",""
"Test sending a DELETE operation message via GPD message API after a standalone UPDATE (no prior CREATE)","3337","A DELETE message after standalone UPDATE PUBLISHED","functional-tests.tests.process_messages_sender","2026-09-19","passed","2026-09-19","","test_RTP_process_sender_DELETE","",""
"Payer activated then deactivated by SP A → isActive must be false.","2555","A deactivated payer returns isActive false","functional-tests.tests.activation","2026-09-19","passed","2026-09-19","","test_debtor_activation_payer_status","",""
"","3093","Successfully cancel a Request to Pay","bdd-tests","2026-09-19","passed","2026-09-19","RTP_Cancellation","RTP","",""
"
Verify that a debt position can be updated successfully.
","7506","Happy path: a debt position is updated in DEV environment","functional-tests.tests.gpd_availability","2026-09-19","passed","2026-09-19","","test_availability_GPD","",""
"","1689","A debtor activated with an owned but distinct Service Provider ID is deactivated","functional-tests.tests.activation","2026-09-19","passed","2026-09-19","","test_debtor_deactivation","",""
"
Test RFC callback DS12N with non-existing service provider, cancel via REST Web API.

Flow:
1. Activate payer
2. Send an RTP via GPD message (CREATE VALID)
3. Cancel the RTP via REST cancel endpoint with cancel_reason → RTP to RFC_SENT
4. Send DS12N callback with non-existing BIC (MOCKSP99)
5. Verify callback is rejected with 400 (service provider not found)
","3462","Failed RFC callback for non existing Service Provider - DS-12N RJCR compliant - through Web API cancel","functional-tests.tests.callbacks","2026-09-19","passed","2026-09-19","","test_RTP_callback_DS_12N","",""
"","3521","Failed callback for non existing Service Provider - DS-document RJCT compliant","functional-tests.tests.callbacks_v2","2026-09-19","passed","2026-09-19","","test_RTP_callback_DS_document_rjct","",""
"","1783","An RTP is sent through GPD message API","functional-tests.tests.send_rtp","2026-09-19","passed","2026-09-19","","test_RTP_send_MOCK","",""
"","1787","An RTP is sent to a CBI service with activated fiscal code - through Web API V2","functional-tests.tests.send_rtp","2026-09-19","failed","2026-09-19","","test_RTP_send_CBI","",""
"","823","Find by payer id request must contain lower case fiscal code","functional-tests.tests.activation","2026-09-19","passed","2026-09-19","","test_debtor_activation_create","",""
"","1123","Whitespaces is allowed in description and company name field","ux-tests.tests","2026-09-19","passed","2026-09-19","","test_RTP_submission_v3","",""
"The PSP synchronously rejects the cancellation request with 422 (per standard behaviour for the EPC 422 Unprocessable Entity scenario). The RTP then transitions to ERROR_CANCEL via ERROR_CANCEL_RTP.","4171","Cancelling an RTP - EPC v4 mock unhappy path scenario: epc_422","functional-tests.tests.cancel_rtp","2026-09-19","passed","2026-09-19","","test_RTP_cancel_MOCK_V2","",""
"
DS_12P CNCL RFC callback sent with the Version header must be rejected with 400.
The RTP must remain in RFC_SENT (transition to CANCELLED must not happen).

Flow:
1. Activate payer, send RTP, trigger cancel via GPD DELETE → RFC_SENT
2. Build a valid DS_12P CNCL payload
3. POST to RFC callback endpoint WITH Version header
4. Verify 400 is returned with the expected error body
5. Verify RTP status is still RFC_SENT
","4299","DS_12P CNCL RFC callback with Version header returns 400","functional-tests.tests.callbacks","2026-09-19","passed","2026-09-19","","test_RTP_callback_with_version_header","",""
"","808","Unauthorized request returns 401","functional-tests.tests.activation","2026-09-19","passed","2026-09-19","","test_debtor_activation_list","",""
"Missing or invalid Bearer token → the endpoint must return 401.","808","Querying activation status without a valid token returns 401","functional-tests.tests.activation","2026-09-19","passed","2026-09-19","","test_debtor_activation_payer_status","",""
"Each entry in ``INVALID_PAYER_IDS`` must be rejected with 400.

The ``description`` parameter appears in pytest output to identify which
case failed without having to inspect the raw value.
","829","Querying activation status with an invalid payerId format returns 400","functional-tests.tests.activation","2026-09-19","passed","2026-09-19","","test_debtor_activation_payer_status","",""
"Test sending a CREATE operation message with different statuses via GPD message API","1679","A CREATE message with status EXPIRED","functional-tests.tests.process_messages_sender","2026-09-19","passed","2026-09-19","","test_RTP_process_sender_CREATE","",""
"Availability probe for takeover notification mock endpoint: expects 204 No Content","807","Test Takeover Notification Endpoint","functional-tests.tests.takeover","2026-09-19","passed","2026-09-19","","test_debtor_takeover","",""
"","3489","Unauthorized callback due to wrong certificate serial","functional-tests.tests.callbacks_v2","2026-09-19","passed","2026-09-19","","test_RTP_callback_DS_document_rjct","",""
"","5535","A v2 RTP callback with status ACCP is successfully received","functional-tests.tests.callbacks_v2","2026-09-19","passed","2026-09-19","","test_RTP_callback_DS_08P_positive","",""
"An EPC response containing fields not declared in the OpenAPI spec is treated as an invalid message and is NOT tolerated for accept/reject purposes (confirmed with rtp-sender-v2 maintainers, PR #26). The extra `invalid-field` property invalidates the whole response, so the CNCL confirmation is not processed and the RTP stays in RFC_SENT.","3626","Cancelling an RTP - EPC v4 mock unhappy path scenario: cncl_extra_field","functional-tests.tests.cancel_rtp","2026-09-19","passed","2026-09-19","","test_RTP_cancel_MOCK_V2","",""
"","2664","An RTP sent with synchronous rejection containing extra fields results in status SENT - through Web API V2","functional-tests.tests.send_rtp","2026-09-19","passed","2026-09-19","","test_RTP_send_MOCK","",""
"","827","Get payees consents with extreme page size returns 400","functional-tests.tests.service_registry","2026-09-19","passed","2026-09-19","","test_get_payees_consents","",""
"
SP A activates the payer.
SP B queries the status → must get isActive=false to avoid disclosing
that the payer is registered under a competitor SP.
","1683","A payer active on a different Service Provider returns isActive false (privacy)","functional-tests.tests.activation","2026-09-19","passed","2026-09-19","","test_debtor_activation_payer_status","",""
"
Given a debtor is activated with the mock fiscal code that makes the debtor
service provider mock reply with a server error, when a GPD message (CREATE)
is sent via POST /gpd/message, then the rtp-sender fails to deliver the RTP
and records an ERROR_SEND_RTP event (RTP status becomes ERROR_SEND). RTPs in
ERROR_SEND status are purged from both Cosmos and ADX, so querying by
noticeNumber returns an empty list. When the payee then queries the
delivery-status endpoint with the matching noticeNumber and payeeId, the
response must still be HTTP 200 with status=PD_RTP_NOT_DELIVERED and
processingDate absent or null.
","10515","RTP with ERROR_SEND_RTP event → PD_RTP_NOT_DELIVERED","functional-tests.tests.get_rtp","2026-09-19","passed","2026-09-19","","test_RTP_get_delivery_status","",""
"","2549","Deactivation fails for activation by another service provider","functional-tests.tests.activation","2026-09-19","passed","2026-09-19","","test_debtor_deactivation","",""
"
Test v2 RFC callback DS12P with CNCL status applied twice on the same RTP.

Flow:
1. Activate payer
2. Send an RTP via GPD message v2 (CREATE VALID)
3. Cancel the RTP via GPD message v2 (DELETE) -> RTP to RFC_SENT
4. Send DS12P callback with CxlStsId CNCL (Cancelled As Per Request) -> RTP to CANCELLED
5. Send the same DS12P CNCL callback again on the already cancelled RTP
6. Verify the second callback is rejected (400) since the transition is no longer valid
7. Verify RTP status remains CANCELLED
","6143","Failed v2 RFC callback for invalid RTP transition - DS-12P positive compliant","functional-tests.tests.callbacks_v2","2026-09-19","passed","2026-09-19","","test_RTP_callback_DS_12P_positive","",""
"No `Sts.Conf` confirmation is present (minimal JSON without Sts), so only CANCEL_RTP is triggered and the RTP stays in RFC_SENT.","3582","Cancelling an RTP - EPC v4 mock happy path scenario: minimal_json","functional-tests.tests.cancel_rtp","2026-09-19","passed","2026-09-19","","test_RTP_cancel_MOCK_V2","",""
"`Sts.Conf = ""RJCR""` triggers CANCEL_RTP -> CONFIRM_RFC -> CANCEL_RTP_REJECTED, ending in CANCELLED_REJECTED.","4184","Cancelling an RTP - EPC v4 mock happy path scenario: rjcr_rejected","functional-tests.tests.cancel_rtp","2026-09-19","passed","2026-09-19","","test_RTP_cancel_MOCK_V2","",""
"
Test RFC callback DS12N with non-existing service provider, cancel via REST Web API.

Flow:
1. Activate payer
2. Send an RTP via GPD message (CREATE VALID)
3. Cancel the RTP via REST cancel endpoint with cancel_reason → RTP to RFC_SENT
4. Send DS12N callback with non-existing BIC (MOCKSP99)
5. Verify callback is rejected with 400 (service provider not found)
","3462","Failed RFC callback for non existing Service Provider - DS-12N RJCR compliant - through Web API cancel","functional-tests.tests.callbacks","2026-09-19","passed","2026-09-19","","test_RTP_callback_DS_12N","",""
"","982","Get list of service providers successfully","functional-tests.tests.service_registry","2026-09-19","passed","2026-09-19","","test_service_registry_service_providers","",""
"
Test RFC callback DS12N with wrong certificate identity.

Flow:
1. Activate payer
2. Send an RTP via GPD message (CREATE VALID)
3. Cancel the RTP via GPD message (DELETE) → RTP to RFC_SENT
4. Send DS12N callback with assignee_bic='FAKESP01' (doesn't match certificate identity MOCKSP04)
5. Verify callback is rejected with 403 (certificate mismatch)
","3566","Unauthorized RFC callback due to wrong certificate serial","functional-tests.tests.callbacks","2026-09-19","passed","2026-09-19","","test_RTP_callback_DS_12N","",""
"Each entry in ``INVALID_PAYER_IDS`` must be rejected with 400.

The ``description`` parameter appears in pytest output to identify which
case failed without having to inspect the raw value.
","821","Querying activation status with an invalid payerId format returns 400","functional-tests.tests.activation","2026-09-19","passed","2026-09-19","","test_debtor_activation_payer_status","",""
"","1580","Get paginated list of payees successfully","functional-tests.tests.service_registry","2026-09-19","passed","2026-09-19","","test_service_registry_payees_registry","",""
"
Test v2 RFC callback DS12N with RJCR status.

Flow:
1. Activate payer
2. Send an RTP via GPD message v2 (CREATE VALID)
3. Cancel the RTP via GPD message v2 (DELETE) -> RTP to RFC_SENT
4. Send DS12N callback with CxlStsId RJCR (Rejected Cancellation Request)
5. Verify callback is accepted (200)
6. Verify RTP status is CANCELLED_REJECTED
","5012","A v2 RFC callback DS12N RJCR is successfully received and RTP status is CANCELLED_REJECTED","functional-tests.tests.callbacks_v2","2026-09-19","passed","2026-09-19","","test_RTP_callback_DS_12N_negative","",""
"DS_08N RJCT callback sent after a prior DS_05 ACTC callback.

The RTP is expected to transition from SENT to ACCEPTED, then to USER_REJECTED.
","6690","A v2 RTP callback with status RJCT after DS_05 transitions the RTP to USER_REJECTED","functional-tests.tests.callbacks_v2","2026-09-19","passed","2026-09-19","","test_RTP_callback_DS_08N_negative","",""
"
Test RFC callback DS12N with wrong certificate identity, cancel via REST Web API.

Flow:
1. Activate payer
2. Send an RTP via GPD message (CREATE VALID)
3. Cancel the RTP via REST cancel endpoint with cancel_reason → RTP to RFC_SENT
4. Send DS12N callback with assignee_bic='FAKESP01' (doesn't match certificate identity MOCKSP04)
5. Verify callback is rejected with 403 (certificate mismatch)
","3465","Unauthorized RFC callback due to wrong certificate serial - through Web API cancel","functional-tests.tests.callbacks","2026-09-19","passed","2026-09-19","","test_RTP_callback_DS_12N","",""
"","846","Retrieving activation without valid token returns 401","functional-tests.tests.activation","2026-09-19","passed","2026-09-19","","test_debtor_activation_get","",""
"Each entry in ``INVALID_PAYER_IDS`` (see dataset docstring) must be rejected with 400.","822","The activation request must contain a validly formatted fiscal code","functional-tests.tests.activation","2026-09-19","passed","2026-09-19","","test_debtor_activation_create","",""
"
Test RFC callback DS12P with INVALID status.

Flow:
1. Activate payer
2. Send an RTP via GPD message (CREATE VALID)
3. Cancel the RTP via GPD message (DELETE) → RTP to RFC_SENT
4. Send DS12P callback with CxlStsId INVALID
5. Verify callback is rejected with 400
6. Verify RTP status is still RFC_SENT
","4330","An RFC callback DS12P INVALID is rejected with 400","functional-tests.tests.callbacks","2026-09-19","passed","2026-09-19","","test_RTP_callback_DS_12P","",""
"
Payer activated under SP A.
Token with read_rtp_all can read across all Service Providers:
the admin client sub does not match SP A, yet isActive must be true.
","1687","read_rtp_all role returns isActive true for a payer on any Service Provider","functional-tests.tests.activation","2026-09-19","passed","2026-09-19","","test_debtor_activation_payer_status","",""
"Test sending an UPDATE operation message with different statuses via GPD message API after a CREATE","3381","An UPDATE message with status DRAFT after CREATE","functional-tests.tests.process_messages_sender","2026-09-19","passed","2026-09-19","","test_RTP_process_sender_UPDATE","",""
"
Test v2 RFC callback DS12P with CNCL status.

Flow:
1. Activate payer
2. Send an RTP via GPD message v2 (CREATE VALID)
3. Cancel the RTP via GPD message v2 (DELETE) -> RTP to RFC_SENT
4. Send DS12P callback with CxlStsId CNCL (Cancelled As Per Request)
5. Verify callback is accepted (200)
6. Verify RTP status is CANCELLED
","4508","A v2 RFC callback DS12P CNCL is successfully received and RTP status is CANCELLED","functional-tests.tests.callbacks_v2","2026-09-19","passed","2026-09-19","","test_RTP_callback_DS_12P_positive","",""
"","2443","SP_B cannot retrieve activation by Activation ID created by SP_A","functional-tests.tests.activation","2026-09-19","passed","2026-09-19","","test_RTP_activation_security","",""
"Each entry in ``INVALID_PAYER_IDS`` must be rejected with 400.

The ``description`` parameter appears in pytest output to identify which
case failed without having to inspect the raw value.
","821","Querying activation status with an invalid payerId format returns 400","functional-tests.tests.activation","2026-09-19","passed","2026-09-19","","test_debtor_activation_payer_status","",""
"","2417","An RTP is sent through ICCREA API","functional-tests.tests.availability","2026-09-19","passed","2026-09-19","","test_availability_ICCREA","",""
"","1826","RTP form is filled and submitted","ux-tests.tests","2026-09-19","passed","2026-09-19","","test_RTP_submission_v4","",""
"","1272","Get paginated list of OPT_OUT payees consents successfully","functional-tests.tests.service_registry","2026-09-19","passed","2026-09-19","","test_get_payees_consents","",""
"","1672","Get by activation id returns 404 when the token subject does not own the activation's Service Provider ID","functional-tests.tests.activation","2026-09-19","passed","2026-09-19","","test_debtor_activation_get","",""
"Test sending an UPDATE operation message with different statuses via GPD message API after a CREATE","2646","An UPDATE message with status EXPIRED after CREATE","functional-tests.tests.process_messages_sender","2026-09-19","passed","2026-09-19","","test_RTP_process_sender_UPDATE","",""
"","832","Non-integer size returns 400","functional-tests.tests.activation","2026-09-19","passed","2026-09-19","","test_debtor_activation_list","",""
"The PSP synchronously rejects the cancellation request with 422 (per standard behaviour for the EPC 401 Unauthorized scenario). The RTP then transitions to ERROR_CANCEL via ERROR_CANCEL_RTP.","4401","Cancelling an RTP - EPC v4 mock unhappy path scenario: epc_401","functional-tests.tests.cancel_rtp","2026-09-19","passed","2026-09-19","","test_RTP_cancel_MOCK_V2","",""
"
Test RFC callback DS12N with non-existing service provider.

Flow:
1. Activate payer
2. Send an RTP via GPD message (CREATE VALID)
3. Cancel the RTP via GPD message (DELETE) → RTP to RFC_SENT
4. Send DS12N callback with non-existing BIC (MOCKSP99)
5. Verify callback is rejected with 400 (service provider not found)
","3459","Failed RFC callback for non existing Service Provider - DS-12N RJCR compliant","functional-tests.tests.callbacks","2026-09-19","passed","2026-09-19","","test_RTP_callback_DS_12N","",""
"","824","All auth fixtures expose a valid Bearer token format","functional-tests.tests.auth","2026-09-19","passed","2026-09-19","","test_auth","",""
"The PSP synchronously rejects the cancellation request with 422 (per standard behaviour for the EPC 410 Gone scenario). The RTP then transitions to ERROR_CANCEL via ERROR_CANCEL_RTP.","4543","Cancelling an RTP - EPC v4 mock unhappy path scenario: epc_410","functional-tests.tests.cancel_rtp","2026-09-19","passed","2026-09-19","","test_RTP_cancel_MOCK_V2","",""
"Takeover without a previously issued OTP should fail","2092","Test Takeover Fails without Prior OTP","functional-tests.tests.takeover","2026-09-19","passed","2026-09-19","","test_debtor_takeover","",""
"","4521","DS_08N negative v2 callback with Version header returns 400","functional-tests.tests.callbacks_v2","2026-09-19","passed","2026-09-19","","test_RTP_callback_with_version_header","",""
"","823","The activation request must contain a validly formatted Service Provider ID","functional-tests.tests.activation","2026-09-19","passed","2026-09-19","","test_debtor_activation_create","",""
"The PSP synchronously rejects the cancellation request with 422 (per standard behaviour for the EPC 404 Not Found scenario). The RTP then transitions to ERROR_CANCEL via ERROR_CANCEL_RTP.","4244","Cancelling an RTP - EPC v4 mock unhappy path scenario: epc_404","functional-tests.tests.cancel_rtp","2026-09-19","passed","2026-09-19","","test_RTP_cancel_MOCK_V2","",""
"FAKESP01 does not own MOCKSP01, a Service Provider ID owned by another tspId.","826","Activation is forbidden for a Service Provider ID not owned by the token subject","functional-tests.tests.activation","2026-09-19","passed","2026-09-19","","test_debtor_activation_create","",""
"","2852","Takeover fails with invalid OTP","bdd-tests","2026-09-19","passed","2026-09-19","Debtor_Activation_Takeover","RTP","",""
"
Test RFC callback DS12N with RJCR status, cancel triggered via REST Web API with explicit reason.

Flow:
1. Activate payer
2. Send an RTP via GPD message (CREATE VALID)
3. Cancel the RTP via REST cancel endpoint with cancel_reason → RTP to RFC_SENT
4. Send DS12N callback with CxlStsId RJCR (Rejected Cancellation Request)
5. Verify callback is accepted (200)
6. Verify RTP status is ERROR_CANCEL
","4870","An RFC callback DS12N RJCR is successfully received and RTP status is ERROR_CANCEL - through Web API cancel","functional-tests.tests.callbacks","2026-09-19","passed","2026-09-19","","test_RTP_callback_DS_12N","",""
"Test sending an UPDATE operation message with different statuses via GPD message API before a CREATE","1678","An UPDATE message with status PAID before CREATE","functional-tests.tests.process_messages_sender","2026-09-19","passed","2026-09-19","","test_RTP_process_sender_UPDATE_before_CREATE","",""
"
Verify that a debt position can be created and published successfully.
","1748","Happy path: a debt position is created and published in DEV environment","functional-tests.tests.gpd_availability","2026-09-19","passed","2026-09-19","","test_availability_GPD","",""
"Test sending a CREATE operation message with different statuses via GPD message API","1680","A CREATE message with status PARTIALLY_PAID","functional-tests.tests.process_messages_sender","2026-09-19","passed","2026-09-19","","test_RTP_process_sender_CREATE","",""
"","4366","A v2 RTP callback with invalid status is rejected without affecting the RTP status","functional-tests.tests.callbacks_v2","2026-09-19","passed","2026-09-19","","test_RTP_callback_DS_08N_negative","",""
"Test sending a CREATE operation message with different statuses via GPD message API","1682","A CREATE message with status PAID","functional-tests.tests.process_messages_sender","2026-09-19","passed","2026-09-19","","test_RTP_process_sender_CREATE","",""
"An EPC response containing fields not declared in the OpenAPI spec is treated as an invalid message and is NOT tolerated for accept/reject purposes (confirmed with rtp-sender-v2 maintainers, PR #26). The extra `invalid-field` property invalidates the whole response, so the RJCR confirmation is not processed and the RTP stays in RFC_SENT.","3604","Cancelling an RTP - EPC v4 mock unhappy path scenario: rjcr_extra_field","functional-tests.tests.cancel_rtp","2026-09-19","passed","2026-09-19","","test_RTP_cancel_MOCK_V2","",""
"","1679","Sending a GPD message with null id returns 400","functional-tests.tests.send_rtp","2026-09-19","passed","2026-09-19","","test_RTP_send_MOCK","",""
"Test sending an UPDATE operation message with different statuses via GPD message API after a CREATE","2605","An UPDATE message with status PUBLISHED after CREATE","functional-tests.tests.process_messages_sender","2026-09-19","passed","2026-09-19","","test_RTP_process_sender_UPDATE","",""
"
Test RFC callback DS12N with RJCR status, cancel triggered via REST Web API with explicit reason.

Flow:
1. Activate payer
2. Send an RTP via GPD message (CREATE VALID)
3. Cancel the RTP via REST cancel endpoint with cancel_reason → RTP to RFC_SENT
4. Send DS12N callback with CxlStsId RJCR (Rejected Cancellation Request)
5. Verify callback is accepted (200)
6. Verify RTP status is ERROR_CANCEL
","5351","An RFC callback DS12N RJCR is successfully received and RTP status is ERROR_CANCEL - through Web API cancel","functional-tests.tests.callbacks","2026-09-19","passed","2026-09-19","","test_RTP_callback_DS_12N","",""
"","822","Unauthorized callback due to wrong certificate serial","functional-tests.tests.callbacks","2026-09-19","passed","2026-09-19","","test_RTP_callback_DS_08","",""
"","4648","An RTP callback is successfully received","functional-tests.tests.callbacks","2026-09-19","passed","2026-09-19","","test_RTP_callback_DS_04","",""
"Test sending a DELETE operation message via GPD message API after a CREATE VALID + UPDATE","4336","A DELETE message after CREATE VALID + UPDATE INVALID","functional-tests.tests.process_messages_sender","2026-09-19","passed","2026-09-19","","test_RTP_process_sender_DELETE","",""
"Test sending a CREATE operation message with an Italian VAT number via GPD message API","1789","A CREATE message with VAT number (Partita IVA) is successfully sent through GPD message API","functional-tests.tests.process_messages_sender","2026-09-19","passed","2026-09-19","","test_RTP_process_sender","",""
"Test sending an UPDATE operation message with different statuses via GPD message API before a CREATE","1783","An UPDATE message with status VALID before CREATE","functional-tests.tests.process_messages_sender","2026-09-19","passed","2026-09-19","","test_RTP_process_sender_UPDATE_before_CREATE","",""
"
Test RFC callback DS12P with non-existing service provider.

Flow:
1. Activate payer
2. Send an RTP via GPD message (CREATE VALID)
3. Cancel the RTP via GPD message (DELETE) → RTP to RFC_SENT
4. Send DS12P callback with non-existing BIC (MOCKSP99)
5. Verify callback is rejected with 400 (service provider not found)
","3475","Failed RFC callback for non existing Service Provider - DS-12P CNCL compliant","functional-tests.tests.callbacks","2026-09-19","passed","2026-09-19","","test_RTP_callback_DS_12P","",""
"","4424","Failed callback for non existing Service Provider - DS-05 redirect compliant","functional-tests.tests.callbacks_v2","2026-09-19","passed","2026-09-19","","test_RTP_callback_DS_05_redirect","",""
"Each entry in ``INVALID_PAYER_IDS`` must be rejected with 400.

The ``description`` parameter appears in pytest output to identify which
case failed without having to inspect the raw value.
","827","Querying activation status with an invalid payerId format returns 400","functional-tests.tests.activation","2026-09-19","failed","2026-09-19","","test_debtor_activation_payer_status","",""
"","1703","SP_ACTIVATIONS_READ_ALL can retrieve activation by Activation ID created by SP_A","functional-tests.tests.activation","2026-09-19","passed","2026-09-19","","test_RTP_activation_security","",""
"Each entry in ``INVALID_PAYER_IDS`` (see dataset docstring) must be rejected with 400.","826","The activation request must contain a validly formatted fiscal code","functional-tests.tests.activation","2026-09-19","passed","2026-09-19","","test_debtor_activation_create","",""
"","3678","Failed callback for non existing Service Provider - DS-08N negative compliant","functional-tests.tests.callbacks_v2","2026-09-19","passed","2026-09-19","","test_RTP_callback_DS_08N_negative","",""
"","2603","An RTP sent when EPC response contains an unknown field is ignored and remains in status SENT - through Web API","functional-tests.tests.send_rtp","2026-09-19","passed","2026-09-19","","test_RTP_send_MOCK","",""
"
DS_04b callback sent with the Version header must be rejected with 400.
The RTP state must be unchanged.

Flow:
1. Activate payer and send an RTP → resource_id
2. Capture current RTP status
3. Build a valid DS_04b payload referencing the RTP
4. POST to callback endpoint WITH Version header
5. Verify 400 is returned with the expected error body
6. Verify RTP status is unchanged
","4321","DS_04b callback with Version header returns 400","functional-tests.tests.callbacks","2026-09-19","passed","2026-09-19","","test_RTP_callback_with_version_header","",""
"Querying activation status with an empty payerId must be rejected with 404.","798","Querying activation status with an empty payerId returns 404","functional-tests.tests.activation","2026-09-19","passed","2026-09-19","","test_debtor_activation_payer_status","",""
"Test sending an UPDATE operation message with different statuses via GPD message API after a CREATE","2763","An UPDATE message with status VALID after CREATE","functional-tests.tests.process_messages_sender","2026-09-19","passed","2026-09-19","","test_RTP_process_sender_UPDATE","",""
"","1768","Sending an RTP when EPC returns an unexpected status code error (RTP_05.CHK.A0007) returns 500 - through Web API","functional-tests.tests.send_rtp","2026-09-19","passed","2026-09-19","","test_RTP_send_MOCK","",""
"
Test RFC callback DS12P with CNCL status, cancel triggered via REST Web API with explicit reason.

Flow:
1. Activate payer
2. Send an RTP via GPD message (CREATE VALID)
3. Cancel the RTP via REST cancel endpoint with cancel_reason → RTP to RFC_SENT
4. Send DS12P callback with CxlStsId CNCL (Cancelled As Per Request)
5. Verify callback is accepted (200)
6. Verify RTP status is CANCELLED
","4345","An RFC callback DS12P CNCL is successfully received and RTP status is CANCEL - through Web API cancel","functional-tests.tests.callbacks","2026-09-19","passed","2026-09-19","","test_RTP_callback_DS_12P","",""
"","1167","An RTP is sent to ICCREA service with activated fiscal code - through Web API V2","functional-tests.tests.send_rtp","2026-09-19","failed","2026-09-19","","test_RTP_send_ICCREA","",""
"","892","Sending to non-activated debtor returns 422 - through Web API V2","functional-tests.tests.send_rtp","2026-09-19","passed","2026-09-19","","test_RTP_send_MOCK","",""
"","5249","DS_12N negative RFC v2 callback with Version header returns 400","functional-tests.tests.callbacks_v2","2026-09-19","passed","2026-09-19","","test_RTP_callback_with_version_header","",""
"Test sending a CREATE operation message with different statuses via GPD message API","1682","A CREATE message with status DRAFT","functional-tests.tests.process_messages_sender","2026-09-19","passed","2026-09-19","","test_RTP_process_sender_CREATE","",""
"Test that takeover fails when an invalid OTP is provided","2508","Test Takeover Fails with Invalid OTP","functional-tests.tests.takeover","2026-09-19","passed","2026-09-19","","test_debtor_takeover","",""
"Test sending an UPDATE after CREATE VALID + DELETE with different statuses","3864","An UPDATE message with status PARTIALLY_PAID after CREATE VALID and DELETE","functional-tests.tests.process_messages_sender","2026-09-19","passed","2026-09-19","","test_RTP_process_sender_UPDATE","",""
"Reusing the same OTP after a successful takeover should fail","3436","Test Takeover Fails with Reused OTP","functional-tests.tests.takeover","2026-09-19","passed","2026-09-19","","test_debtor_takeover","",""
"","894","Failed callback for non existing Service Provider - DS-04b compliant","functional-tests.tests.callbacks","2026-09-19","passed","2026-09-19","","test_RTP_callback_DS_04","",""
"Each entry in ``INVALID_PAYER_IDS`` (see dataset docstring) must be rejected with 400.","824","The activation request must contain a validly formatted fiscal code","functional-tests.tests.activation","2026-09-19","passed","2026-09-19","","test_debtor_activation_create","",""
"","1667","A debtor with omocodia fiscal code is activated successfully","functional-tests.tests.activation","2026-09-19","passed","2026-09-19","","test_debtor_activation_create","",""
"Test sending a DELETE operation message via GPD message API after a CREATE VALID + UPDATE","3495","A DELETE message after CREATE VALID + UPDATE DRAFT","functional-tests.tests.process_messages_sender","2026-09-19","passed","2026-09-19","","test_RTP_process_sender_DELETE","",""
"","822","All auth fixtures expose a valid Bearer token format","functional-tests.tests.auth","2026-09-19","passed","2026-09-19","","test_auth","",""
"
Test RFC callback DS12P with INVALID status, cancel via REST Web API.

Flow:
1. Activate payer
2. Send an RTP via GPD message (CREATE VALID)
3. Cancel the RTP via REST cancel endpoint with cancel_reason → RTP to RFC_SENT
4. Send DS12P callback with CxlStsId INVALID
5. Verify callback is rejected with 400
6. Verify RTP status is still RFC_SENT
","4319","An RFC callback DS12P INVALID is rejected with 400 - through Web API cancel","functional-tests.tests.callbacks","2026-09-19","passed","2026-09-19","","test_RTP_callback_DS_12P","",""
"Each entry in ``INVALID_PAYER_IDS`` (see dataset docstring) must be rejected with 400.","1074","The activation request must contain a validly formatted fiscal code","functional-tests.tests.activation","2026-09-19","passed","2026-09-19","","test_debtor_activation_create","",""
"DS_08N RJCT callback sent directly on a SENT RTP (no prior DS_05 ACTC callback).

The RTP is expected to transition from SENT to REJECTED.
","5936","A v2 RTP callback with status RJCT is successfully received","functional-tests.tests.callbacks_v2","2026-09-19","passed","2026-09-19","","test_RTP_callback_DS_08N_negative","",""
"
Test RFC callback DS12N with INVALID status, cancel via REST Web API.

Flow:
1. Activate payer
2. Send an RTP via GPD message (CREATE VALID)
3. Cancel the RTP via REST cancel endpoint with cancel_reason → RTP to RFC_SENT
4. Send DS12N callback with CxlStsId INVALID
5. Verify callback is rejected with 400
6. Verify RTP status is still RFC_SENT
","4301","An RFC callback DS12N INVALID is rejected with 400 - through Web API cancel","functional-tests.tests.callbacks","2026-09-19","passed","2026-09-19","","test_RTP_callback_DS_12N","",""
"Test sending a DELETE operation message via GPD message API after a CREATE","2797","A DELETE message after CREATE VALID","functional-tests.tests.process_messages_sender","2026-09-19","passed","2026-09-19","","test_RTP_process_sender_DELETE","",""
"Test sending a CREATE operation message with different statuses via GPD message API","2333","A CREATE message with status VALID","functional-tests.tests.process_messages_sender","2026-09-19","passed","2026-09-19","","test_RTP_process_sender_CREATE","",""
"","1428","An RTP is sent to Poste service with activated fiscal code - through Web API V2","functional-tests.tests.send_rtp","2026-09-19","failed","2026-09-19","","test_RTP_send_POSTE","",""
"","889","Non-existent NextActivationId returns 200 with empty body","functional-tests.tests.activation","2026-09-19","passed","2026-09-19","","test_debtor_activation_list","",""
"Test sending a DELETE operation message via GPD message API after a standalone UPDATE (no prior CREATE)","2515","A DELETE message after standalone UPDATE PARTIALLY_PAID","functional-tests.tests.process_messages_sender","2026-09-19","passed","2026-09-19","","test_RTP_process_sender_DELETE","",""
"Each entry in ``INVALID_PAYER_IDS`` must be rejected with 400.

The ``description`` parameter appears in pytest output to identify which
case failed without having to inspect the raw value.
","823","Querying activation status with an invalid payerId format returns 400","functional-tests.tests.activation","2026-09-19","passed","2026-09-19","","test_debtor_activation_payer_status","",""
"Same privacy rule as the cross-SP case: no explicit error, isActive is just false.","1671","Get payer status returns isActive false when the token subject does not own the activation's Service Provider ID","functional-tests.tests.activation","2026-09-19","passed","2026-09-19","","test_debtor_activation_payer_status","",""
"","1790","Sending an RTP when EPC returns an unexpected status code error (RTP_05.CHK.A0007) returns 500","functional-tests.tests.send_rtp","2026-09-19","passed","2026-09-19","","test_RTP_send_MOCK","",""
"
Test v2 RFC callback DS12P with INVALID status.

Flow:
1. Activate payer
2. Send an RTP via GPD message v2 (CREATE VALID)
3. Cancel the RTP via GPD message v2 (DELETE) -> RTP to RFC_SENT
4. Send DS12P callback with CxlStsId INVALID
5. Verify callback is rejected with 400
6. Verify RTP status is still RFC_SENT
","4440","A v2 RFC callback DS12P INVALID is rejected with 400","functional-tests.tests.callbacks_v2","2026-09-19","passed","2026-09-19","","test_RTP_callback_DS_12P_positive","",""
"Each entry in ``INVALID_PAYER_IDS`` (see dataset docstring) must be rejected with 400.","822","The activation request must contain a validly formatted fiscal code","functional-tests.tests.activation","2026-09-19","passed","2026-09-19","","test_debtor_activation_create","",""
"","1909","An RTP is sent through API - through Web API V2","functional-tests.tests.send_rtp","2026-09-19","passed","2026-09-19","","test_RTP_send_MOCK","",""
"Each entry in ``INVALID_PAYER_IDS`` must be rejected with 400.

The ``description`` parameter appears in pytest output to identify which
case failed without having to inspect the raw value.
","822","Querying activation status with an invalid payerId format returns 400","functional-tests.tests.activation","2026-09-19","passed","2026-09-19","","test_debtor_activation_payer_status","",""
"","892","Sending to non-activated debtor returns 422","functional-tests.tests.send_rtp","2026-09-19","passed","2026-09-19","","test_RTP_send_MOCK","",""
"","830","RTP cancellation fails if resource ID does not exist","functional-tests.tests.cancel_rtp","2026-09-19","passed","2026-09-19","","test_RTP_cancel","",""
"
Test RFC callback DS12N with INVALID status.

Flow:
1. Activate payer
2. Send an RTP via GPD message (CREATE VALID)
3. Cancel the RTP via GPD message (DELETE) → RTP to RFC_SENT
4. Send DS12N callback with CxlStsId INVALID
5. Verify callback is rejected with 400
6. Verify RTP status is still RFC_SENT
","4783","An RFC callback DS12N INVALID is rejected with 400","functional-tests.tests.callbacks","2026-09-19","passed","2026-09-19","","test_RTP_callback_DS_12N","",""
"Test sending an UPDATE after CREATE VALID + DELETE with different statuses","4079","An UPDATE message with status VALID after CREATE VALID and DELETE","functional-tests.tests.process_messages_sender","2026-09-19","passed","2026-09-19","","test_RTP_process_sender_UPDATE","",""
"","1698","Sending to non-activated debtor returns 422 - through Web API","functional-tests.tests.send_rtp","2026-09-19","passed","2026-09-19","","test_RTP_send_MOCK","",""
"","1600","A debtor Service Provider cannot send an RTP","bdd-tests","2026-09-19","passed","2026-09-19","RTP_Sending","RTP","",""
"
Test RFC callback DS12P with INVALID status, cancel via REST Web API.

Flow:
1. Activate payer
2. Send an RTP via GPD message (CREATE VALID)
3. Cancel the RTP via REST cancel endpoint with cancel_reason → RTP to RFC_SENT
4. Send DS12P callback with CxlStsId INVALID
5. Verify callback is rejected with 400
6. Verify RTP status is still RFC_SENT
","4350","An RFC callback DS12P INVALID is rejected with 400 - through Web API cancel","functional-tests.tests.callbacks","2026-09-19","passed","2026-09-19","","test_RTP_callback_DS_12P","",""
"Test sending a DELETE operation message via GPD message API after a CREATE VALID + UPDATE","3483","A DELETE message after CREATE VALID + UPDATE PUBLISHED","functional-tests.tests.process_messages_sender","2026-09-19","passed","2026-09-19","","test_RTP_process_sender_DELETE","",""
"","2880","RTP form is filled and submitted","ux-tests.tests","2026-09-19","passed","2026-09-19","","test_RTP_cancel_v4","",""
"","2144","An authenticated creditor Service Provider can send an RTP to an activated debtor","bdd-tests","2026-09-19","passed","2026-09-19","RTP_Sending","RTP","",""
"","825","malformed rtp_id → 400 Bad Request","functional-tests.tests.get_rtp","2026-09-19","passed","2026-09-19","","test_RTP_get","",""
"","1606","Takeover fails without authentication","bdd-tests","2026-09-19","passed","2026-09-19","Debtor_Activation_Takeover","RTP","",""
"Test sending a DELETE operation message via GPD message API after a CREATE VALID + UPDATE","3481","A DELETE message after CREATE VALID + UPDATE EXPIRED","functional-tests.tests.process_messages_sender","2026-09-19","passed","2026-09-19","","test_RTP_process_sender_DELETE","",""
"Test sending an UPDATE operation message with different statuses via GPD message API before a CREATE","1683","An UPDATE message with status DRAFT before CREATE","functional-tests.tests.process_messages_sender","2026-09-19","passed","2026-09-19","","test_RTP_process_sender_UPDATE_before_CREATE","",""
"","1681","A debtor with VAT number is activated and retrieved by activation id","functional-tests.tests.activation","2026-09-19","passed","2026-09-19","","test_debtor_activation_get","",""
"Test sending an UPDATE operation message with different statuses via GPD message API before a CREATE","1678","An UPDATE message with status INVALID before CREATE","functional-tests.tests.process_messages_sender","2026-09-19","passed","2026-09-19","","test_RTP_process_sender_UPDATE_before_CREATE","",""
"","4308","DS_05 redirect v2 callback with Version header returns 400","functional-tests.tests.callbacks_v2","2026-09-19","passed","2026-09-19","","test_RTP_callback_with_version_header","",""
"","938","All auth fixtures expose a valid Bearer token format","functional-tests.tests.auth","2026-09-19","passed","2026-09-19","","test_auth","",""
"The response body is not a recognizable cancellation confirmation (quoted plain string), so the RTP stays in RFC_SENT.","3627","Cancelling an RTP - EPC v4 mock happy path scenario: plain_string","functional-tests.tests.cancel_rtp","2026-09-19","passed","2026-09-19","","test_RTP_cancel_MOCK_V2","",""
"","2922","Sending an RTP when EPC returns a malformed/invalid response body returns 500 - through Web API V2","functional-tests.tests.send_rtp","2026-09-19","passed","2026-09-19","","test_RTP_send_MOCK","",""
"","821","Failed callback for non existing Service Provider - DS-08P compliant","functional-tests.tests.callbacks","2026-09-19","passed","2026-09-19","","test_RTP_callback_DS_08","",""
"","841","Retrieving non-existent activation returns 404","functional-tests.tests.activation","2026-09-19","passed","2026-09-19","","test_debtor_activation_get","",""
"Test sending an UPDATE operation message with different statuses via GPD message API before a CREATE","1681","An UPDATE message with status PARTIALLY_PAID before CREATE","functional-tests.tests.process_messages_sender","2026-09-19","passed","2026-09-19","","test_RTP_process_sender_UPDATE_before_CREATE","",""
"Each entry in ``INVALID_PAYER_IDS`` (see dataset docstring) must be rejected with 400.","826","The activation request must contain a validly formatted fiscal code","functional-tests.tests.activation","2026-09-19","passed","2026-09-19","","test_debtor_activation_create","",""
"Test sending an UPDATE operation message with different statuses via GPD message API before a CREATE","1676","An UPDATE message with status PUBLISHED before CREATE","functional-tests.tests.process_messages_sender","2026-09-19","passed","2026-09-19","","test_RTP_process_sender_UPDATE_before_CREATE","",""
"Active payer identified by an 11-digit Partita IVA → isActive must be true.","1673","An active payer with VAT number (Partita IVA) returns isActive true","functional-tests.tests.activation","2026-09-19","passed","2026-09-19","","test_debtor_activation_payer_status","",""
"
Test RFC callback DS12P with wrong certificate identity, cancel via REST Web API.

Flow:
1. Activate payer
2. Send an RTP via GPD message (CREATE VALID)
3. Cancel the RTP via REST cancel endpoint with cancel_reason → RTP to RFC_SENT
4. Send DS12P callback with assignee_bic='FAKESP01' (doesn't match certificate identity MOCKSP04)
5. Verify callback is rejected with 403 (certificate mismatch)
","3481","Unauthorized RFC callback due to wrong certificate serial - through Web API cancel","functional-tests.tests.callbacks","2026-09-19","passed","2026-09-19","","test_RTP_callback_DS_12P","",""
"","5113","Failed callback for non compliant DS-04b payload","functional-tests.tests.callbacks","2026-09-19","passed","2026-09-19","","test_RTP_callback_DS_04","",""
"
DS_05 ACTC callback sent with the Version header must be rejected with 400.
The RTP must remain in SENT (transition to ACCEPTED must not happen).

Flow:
1. Activate payer and send an RTP → resource_id
2. Build a valid DS_05 ACTC payload referencing the RTP
3. POST to callback endpoint WITH Version header
4. Verify 400 is returned with the expected error body
5. Verify RTP status is still SENT
","3845","DS_05 ACTC callback with Version header returns 400","functional-tests.tests.callbacks","2026-09-19","passed","2026-09-19","","test_RTP_callback_with_version_header","",""
"Each entry in ``INVALID_PAYER_IDS`` must be rejected with 400.

The ``description`` parameter appears in pytest output to identify which
case failed without having to inspect the raw value.
","820","Querying activation status with an invalid payerId format returns 400","functional-tests.tests.activation","2026-09-19","passed","2026-09-19","","test_debtor_activation_payer_status","",""
"","5261","Failed callback for invalid RTP transition - DS-05 ACTC compliant","functional-tests.tests.callbacks","2026-09-19","passed","2026-09-19","","test_RTP_callback_DS_05","",""
"
Verify that a debt position can be created and published successfully.
","1089","Happy path: a debt position is created and published in UAT environment","functional-tests.tests.gpd_availability","2026-09-19","passed","2026-09-19","","test_availability_GPD","",""
"","822","Invalid pagination parameters returns 400","functional-tests.tests.activation","2026-09-19","passed","2026-09-19","","test_debtor_activation_list","",""
"Test sending an UPDATE operation message with different statuses via GPD message API after a CREATE","3185","An UPDATE message with status PAID after CREATE","functional-tests.tests.process_messages_sender","2026-09-19","passed","2026-09-19","","test_RTP_process_sender_UPDATE","",""
