"DESCRIPTION","DURATION IN MS","NAME","PARENT SUITE","START TIME","STATUS","STOP TIME","SUB SUITE","SUITE","TEST CLASS","TEST METHOD"
"
Test v2 RFC callback DS12N with RJCR status.

Flow:
1. Activate payer
2. Send an RTP via GPD message v2 (CREATE VALID)
3. Cancel the RTP via GPD message v2 (DELETE) -> RTP to RFC_SENT
4. Send DS12N callback with CxlStsId RJCR (Rejected Cancellation Request)
5. Verify callback is accepted (200)
6. Verify RTP status is CANCELLED_REJECTED
","3721","A v2 RFC callback DS12N RJCR is successfully received and RTP status is CANCELLED_REJECTED","functional-tests.tests.callbacks_v2","2026-09-23","passed","2026-09-23","","test_RTP_callback_DS_12N_negative","",""
"UPDATE VALID with an ec_tax_code that does not exist in GPD returns 422 Payee not found","1172","An UPDATE VALID message with a non-existent ec_tax_code is rejected","functional-tests.tests.process_messages_sender","2026-09-23","passed","2026-09-23","","test_RTP_process_sender_UPDATE","",""
"Each entry in ``INVALID_PAYER_IDS`` must be rejected with 400.

The ``description`` parameter appears in pytest output to identify which
case failed without having to inspect the raw value.
","580","Querying activation status with an invalid payerId format returns 400","functional-tests.tests.activation","2026-09-23","passed","2026-09-23","","test_debtor_activation_payer_status","",""
"","1853","An RTP sent when EPC response contains an unknown field is ignored and remains in status SENT - through Web API","functional-tests.tests.send_rtp","2026-09-23","passed","2026-09-23","","test_RTP_send_MOCK","",""
"","1277","An RTP is sent through API - through Web API","functional-tests.tests.send_rtp","2026-09-23","passed","2026-09-23","","test_RTP_send_MOCK","",""
"Each entry in ``INVALID_PAYER_IDS`` must be rejected with 400.

The ``description`` parameter appears in pytest output to identify which
case failed without having to inspect the raw value.
","592","Querying activation status with an invalid payerId format returns 400","functional-tests.tests.activation","2026-09-23","passed","2026-09-23","","test_debtor_activation_payer_status","",""
"Each entry in ``INVALID_PAYER_IDS`` (see dataset docstring) must be rejected with 400.","573","The activation request must contain a validly formatted fiscal code","functional-tests.tests.activation","2026-09-23","passed","2026-09-23","","test_debtor_activation_create","",""
"","1307","Sending an RTP when EPC returns an unexpected status code error (RTP_05.CHK.A0007) returns 500 - through Web API V2","functional-tests.tests.send_rtp","2026-09-23","passed","2026-09-23","","test_RTP_send_MOCK","",""
"Test sending an UPDATE operation message with different statuses via GPD message API after a CREATE","1872","An UPDATE message with status PARTIALLY_PAID after CREATE","functional-tests.tests.process_messages_sender","2026-09-23","passed","2026-09-23","","test_RTP_process_sender_UPDATE","",""
"","3017","DS_08P positive v2 callback with Version header returns 400","functional-tests.tests.callbacks_v2","2026-09-23","passed","2026-09-23","","test_RTP_callback_with_version_header","",""
"
Test RFC callback DS12P with INVALID status.

Flow:
1. Activate payer
2. Send an RTP via GPD message (CREATE VALID)
3. Cancel the RTP via GPD message (DELETE) → RTP to RFC_SENT
4. Send DS12P callback with CxlStsId INVALID
5. Verify callback is rejected with 400
6. Verify RTP status is still RFC_SENT
","3087","An RFC callback DS12P INVALID is rejected with 400","functional-tests.tests.callbacks","2026-09-23","passed","2026-09-23","","test_RTP_callback_DS_12P","",""
"","1254","SP_B cannot retrieve activation by Activation ID created by SP_A","functional-tests.tests.activation","2026-09-23","passed","2026-09-23","","test_RTP_activation_security","",""
"
Test RFC callback DS12P with wrong certificate identity, cancel via REST Web API.

Flow:
1. Activate payer
2. Send an RTP via GPD message (CREATE VALID)
3. Cancel the RTP via REST cancel endpoint with cancel_reason → RTP to RFC_SENT
4. Send DS12P callback with assignee_bic='FAKESP01' (doesn't match certificate identity MOCKSP04)
5. Verify callback is rejected with 403 (certificate mismatch)
","3407","Unauthorized RFC callback due to wrong certificate serial - through Web API cancel","functional-tests.tests.callbacks","2026-09-23","passed","2026-09-23","","test_RTP_callback_DS_12P","",""
"
Test RFC callback DS12N with INVALID status.

Flow:
1. Activate payer
2. Send an RTP via GPD message (CREATE VALID)
3. Cancel the RTP via GPD message (DELETE) → RTP to RFC_SENT
4. Send DS12N callback with CxlStsId INVALID
5. Verify callback is rejected with 400
6. Verify RTP status is still RFC_SENT
","3047","An RFC callback DS12N INVALID is rejected with 400","functional-tests.tests.callbacks","2026-09-23","passed","2026-09-23","","test_RTP_callback_DS_12N","",""
"Each entry in ``INVALID_PAYER_IDS`` (see dataset docstring) must be rejected with 400.","589","The activation request must contain a validly formatted fiscal code","functional-tests.tests.activation","2026-09-23","passed","2026-09-23","","test_debtor_activation_create","",""
"
Test RFC callback DS12P with wrong certificate identity, cancel via REST Web API.

Flow:
1. Activate payer
2. Send an RTP via GPD message (CREATE VALID)
3. Cancel the RTP via REST cancel endpoint with cancel_reason → RTP to RFC_SENT
4. Send DS12P callback with assignee_bic='FAKESP01' (doesn't match certificate identity MOCKSP04)
5. Verify callback is rejected with 403 (certificate mismatch)
","2443","Unauthorized RFC callback due to wrong certificate serial - through Web API cancel","functional-tests.tests.callbacks","2026-09-23","passed","2026-09-23","","test_RTP_callback_DS_12P","",""
"MOCKSP04 owns MOCKSP01 as well as its own spId; status must reflect the activation either way.","1168","An active payer returns isActive true when activated under an owned but distinct Service Provider ID","functional-tests.tests.activation","2026-09-23","passed","2026-09-23","","test_debtor_activation_payer_status","",""
"","1170","A debtor with omocodia fiscal code is activated and retrieved by activation id","functional-tests.tests.activation","2026-09-23","passed","2026-09-23","","test_debtor_activation_get","",""
"
Given an RTP is sent successfully (status SENT) for a given noticeNumber + payeeId,
when the payee queries the delivery-status endpoint with the correct noticeNumber
but a different payeeId,
then the response must be HTTP 200 with status=PD_RTP_NOT_DELIVERED, verifying
that the endpoint filters on both fields.
","6848","Existing noticeNumber with wrong payeeId → PD_RTP_NOT_DELIVERED","functional-tests.tests.get_rtp","2026-09-23","passed","2026-09-23","","test_RTP_get_delivery_status","",""
"","1159","A debtor activated with an owned but distinct Service Provider ID is retrieved by activation id","functional-tests.tests.activation","2026-09-23","passed","2026-09-23","","test_debtor_activation_get","",""
"The PSP synchronously rejects the cancellation request with 422 (per standard behaviour for the EPC 401 Unauthorized scenario). The RTP then transitions to ERROR_CANCEL via ERROR_CANCEL_RTP.","3149","Cancelling an RTP - EPC v4 mock unhappy path scenario: epc_401","functional-tests.tests.cancel_rtp","2026-09-23","passed","2026-09-23","","test_RTP_cancel_MOCK_V2","",""
"Each entry in ``INVALID_PAYER_IDS`` (see dataset docstring) must be rejected with 400.","570","The activation request must contain a validly formatted fiscal code","functional-tests.tests.activation","2026-09-23","passed","2026-09-23","","test_debtor_activation_create","",""
"The response body is not a recognizable cancellation confirmation (quoted plain string), so the RTP stays in RFC_SENT.","2594","Cancelling an RTP - EPC v4 mock happy path scenario: plain_string","functional-tests.tests.cancel_rtp","2026-09-23","passed","2026-09-23","","test_RTP_cancel_MOCK_V2","",""
"Takeover without a previously issued OTP should fail","1172","Test Takeover Fails without Prior OTP","functional-tests.tests.takeover","2026-09-23","passed","2026-09-23","","test_debtor_takeover","",""
"","1327","SP_ACTIVATIONS_READ_ALL can retrieve activation by Fiscal Code created by SP_A","functional-tests.tests.activation","2026-09-23","passed","2026-09-23","","test_RTP_activation_security","",""
"","972","Get list of service providers successfully","functional-tests.tests.service_registry","2026-09-23","failed","2026-09-23","","test_service_registry_service_providers","",""
"The response cannot be parsed as a cancellation confirmation (malformed, unquoted string), so the RTP stays in RFC_SENT rather than erroring out.","2648","Cancelling an RTP - EPC v4 mock unhappy path scenario: malformed_string","functional-tests.tests.cancel_rtp","2026-09-23","passed","2026-09-23","","test_RTP_cancel_MOCK_V2","",""
"","1906","An RTP sent with synchronous rejection containing extra fields results in status SENT - through Web API V2","functional-tests.tests.send_rtp","2026-09-23","passed","2026-09-23","","test_RTP_send_MOCK","",""
"No `Sts.Conf` confirmation is present (empty JSON object), so only CANCEL_RTP is triggered and the RTP stays in RFC_SENT.","2734","Cancelling an RTP - EPC v4 mock happy path scenario: empty_json_object","functional-tests.tests.cancel_rtp","2026-09-23","passed","2026-09-23","","test_RTP_cancel_MOCK_V2","",""
"","1166","A debtor activated with an owned but distinct Service Provider ID is retrieved by payer id","functional-tests.tests.activation","2026-09-23","passed","2026-09-23","","test_debtor_activation_get","",""
"Test sending a DELETE operation message via GPD message API after a standalone UPDATE (no prior CREATE)","1757","A DELETE message after standalone UPDATE EXPIRED","functional-tests.tests.process_messages_sender","2026-09-23","passed","2026-09-23","","test_RTP_process_sender_DELETE","",""
"
Test RFC callback DS12P with CNCL status, cancel triggered via REST Web API with explicit reason.

Flow:
1. Activate payer
2. Send an RTP via GPD message (CREATE VALID)
3. Cancel the RTP via REST cancel endpoint with cancel_reason → RTP to RFC_SENT
4. Send DS12P callback with CxlStsId CNCL (Cancelled As Per Request)
5. Verify callback is accepted (200)
6. Verify RTP status is CANCELLED
","3072","An RFC callback DS12P CNCL is successfully received and RTP status is CANCEL - through Web API cancel","functional-tests.tests.callbacks","2026-09-23","passed","2026-09-23","","test_RTP_callback_DS_12P","",""
"","2893","RTP form cancellation with reason PAID","ux-tests.tests","2026-09-23","passed","2026-09-23","","test_RTP_cancel_v4","",""
"","588","Retrieving non-existent activation by payer id returns 404","functional-tests.tests.activation","2026-09-23","passed","2026-09-23","","test_debtor_activation_get","",""
"","2469","Unauthorized callback due to wrong certificate serial","functional-tests.tests.callbacks_v2","2026-09-23","passed","2026-09-23","","test_RTP_callback_DS_08P_positive","",""
"Each entry in ``INVALID_PAYER_IDS`` (see dataset docstring) must be rejected with 400.","572","The activation request must contain a validly formatted fiscal code","functional-tests.tests.activation","2026-09-23","passed","2026-09-23","","test_debtor_activation_create","",""
"
Test v2 RFC callback DS12P with INVALID status.

Flow:
1. Activate payer
2. Send an RTP via GPD message v2 (CREATE VALID)
3. Cancel the RTP via GPD message v2 (DELETE) -> RTP to RFC_SENT
4. Send DS12P callback with CxlStsId INVALID
5. Verify callback is rejected with 400
6. Verify RTP status is still RFC_SENT
","3145","A v2 RFC callback DS12P INVALID is rejected with 400","functional-tests.tests.callbacks_v2","2026-09-23","passed","2026-09-23","","test_RTP_callback_DS_12P_positive","",""
"Each entry in ``INVALID_PAYER_IDS`` must be rejected with 400.

The ``description`` parameter appears in pytest output to identify which
case failed without having to inspect the raw value.
","574","Querying activation status with an invalid payerId format returns 400","functional-tests.tests.activation","2026-09-23","passed","2026-09-23","","test_debtor_activation_payer_status","",""
"Each entry in ``INVALID_PAYER_IDS`` (see dataset docstring) must be rejected with 400.","576","The activation request must contain a validly formatted fiscal code","functional-tests.tests.activation","2026-09-23","passed","2026-09-23","","test_debtor_activation_create","",""
"","1195","Find by payer id returns 404 when the token subject does not own the activation's Service Provider ID","functional-tests.tests.activation","2026-09-23","passed","2026-09-23","","test_debtor_activation_get","",""
"
Verify that a debt position can be deleted successfully.
","562","Happy path: a debt position is deleted in DEV environment","functional-tests.tests.gpd_availability","2026-09-23","failed","2026-09-23","","test_availability_GPD","",""
"","2286","A debtor Service Provider activates a debtor","bdd-tests","2026-09-23","passed","2026-09-23","Debtor_Activation","RTP","",""
"","2235","RTP is successfully cancelled with reason PAID","functional-tests.tests.cancel_rtp","2026-09-23","passed","2026-09-23","","test_RTP_cancel","",""
"Each entry in ``INVALID_PAYER_IDS`` (see dataset docstring) must be rejected with 400.","575","The activation request must contain a validly formatted fiscal code","functional-tests.tests.activation","2026-09-23","passed","2026-09-23","","test_debtor_activation_create","",""
"
Test RFC callback DS12N with INVALID status, cancel via REST Web API.

Flow:
1. Activate payer
2. Send an RTP via GPD message (CREATE VALID)
3. Cancel the RTP via REST cancel endpoint with cancel_reason → RTP to RFC_SENT
4. Send DS12N callback with CxlStsId INVALID
5. Verify callback is rejected with 400
6. Verify RTP status is still RFC_SENT
","3046","An RFC callback DS12N INVALID is rejected with 400 - through Web API cancel","functional-tests.tests.callbacks","2026-09-23","passed","2026-09-23","","test_RTP_callback_DS_12N","",""
"Test sending a DELETE operation message via GPD message API after a CREATE","1882","A DELETE message after CREATE VALID","functional-tests.tests.process_messages_sender","2026-09-23","passed","2026-09-23","","test_RTP_process_sender_DELETE","",""
"","2304","Takeover fails with invalid OTP","bdd-tests","2026-09-23","passed","2026-09-23","Debtor_Activation_Takeover","RTP","",""
"","579","malformed rtp_id → 400 Bad Request","functional-tests.tests.get_rtp","2026-09-23","passed","2026-09-23","","test_RTP_get","",""
"","577","Non-existent NextActivationId returns 200 with empty body","functional-tests.tests.activation","2026-09-23","passed","2026-09-23","","test_debtor_activation_list","",""
"","3690","Failed v2 redirect callback for invalid RTP transition - DS-05 ACTC compliant","functional-tests.tests.callbacks_v2","2026-09-23","passed","2026-09-23","","test_RTP_callback_DS_05_redirect","",""
"
Verify that a debt position can be created and published successfully.
","650","Happy path: a debt position is created and published in UAT environment","functional-tests.tests.gpd_availability","2026-09-23","passed","2026-09-23","","test_availability_GPD","",""
"A valid token that carries neither read_rtp_activations nor read_rtp_all must be rejected with 403.","583","Token without read_rtp_activations or read_rtp_all role returns 403 Forbidden","functional-tests.tests.activation","2026-09-23","passed","2026-09-23","","test_debtor_activation_payer_status","",""
"","566","RTP cancellation fails if resource ID does not exist","functional-tests.tests.cancel_rtp","2026-09-23","passed","2026-09-23","","test_RTP_cancel","",""
"","2513","An RTP sent with synchronous rejection and missing _links results in status REJECTED - through Web API V2","functional-tests.tests.send_rtp","2026-09-23","passed","2026-09-23","","test_RTP_send_MOCK","",""
"
Test RFC callback DS12P with non-existing service provider, cancel via REST Web API.

Flow:
1. Activate payer
2. Send an RTP via GPD message (CREATE VALID)
3. Cancel the RTP via REST cancel endpoint with cancel_reason → RTP to RFC_SENT
4. Send DS12P callback with non-existing BIC (MOCKSP99)
5. Verify callback is rejected with 400 (service provider not found)
","2930","Failed RFC callback for non existing Service Provider - DS-12P CNCL compliant - through Web API cancel","functional-tests.tests.callbacks","2026-09-23","passed","2026-09-23","","test_RTP_callback_DS_12P","",""
"
Test v2 RFC callback DS12N with non-existing service provider.

Flow:
1. Activate payer
2. Send an RTP via GPD message v2 (CREATE VALID)
3. Cancel the RTP via GPD message v2 (DELETE) -> RTP to RFC_SENT
4. Send DS12N callback with non-existing BIC (MOCKSP99)
5. Verify callback is rejected with 400 (service provider not found)
6. Verify RTP status is still RFC_SENT
","3220","Failed v2 RFC callback for non existing Service Provider - DS-12N negative compliant","functional-tests.tests.callbacks_v2","2026-09-23","passed","2026-09-23","","test_RTP_callback_DS_12N_negative","",""
"","2093","An RTP sent when EPC response omits _links is in status ACCEPTED - through Web API V2","functional-tests.tests.send_rtp","2026-09-23","passed","2026-09-23","","test_RTP_send_MOCK","",""
"","3216","Failed callback for non compliant DS-04b payload","functional-tests.tests.callbacks","2026-09-23","passed","2026-09-23","","test_RTP_callback_DS_04","",""
"","1208","An authenticated Service Provider cannot send an RTP to an unactivated debtor","bdd-tests","2026-09-23","passed","2026-09-23","RTP_Sending","RTP","",""
"","1358","A debtor cannot be activated more than once by the same service provider","functional-tests.tests.activation","2026-09-23","passed","2026-09-23","","test_debtor_activation_create","",""
"","2175","RTP form cancellation with reason PAID","ux-tests.tests","2026-09-23","passed","2026-09-23","","test_RTP_cancel_v3","",""
"
DS_04b callback sent with the Version header must be rejected with 400.
The RTP state must be unchanged.

Flow:
1. Activate payer and send an RTP → resource_id
2. Capture current RTP status
3. Build a valid DS_04b payload referencing the RTP
4. POST to callback endpoint WITH Version header
5. Verify 400 is returned with the expected error body
6. Verify RTP status is unchanged
","3002","DS_04b callback with Version header returns 400","functional-tests.tests.callbacks","2026-09-23","passed","2026-09-23","","test_RTP_callback_with_version_header","",""
"","1258","An RTP is sent to a CBI service with activated fiscal code - through Web API V2","functional-tests.tests.send_rtp","2026-09-23","failed","2026-09-23","","test_RTP_send_CBI","",""
"","583","Invalid NextActivationId format returns 400","functional-tests.tests.activation","2026-09-23","passed","2026-09-23","","test_debtor_activation_list","",""
"","1838","An RTP sent with synchronous acceptance is in status ACCEPTED - DS-05 ACTC","functional-tests.tests.send_rtp","2026-09-23","passed","2026-09-23","","test_RTP_send_MOCK","",""
"","573","A debtor service provider fails activation due to wrong service provider id","functional-tests.tests.activation","2026-09-23","passed","2026-09-23","","test_debtor_activation_list","",""
"","1","Successful login","bdd-tests","2026-09-23","passed","2026-09-23","RTP_Web_Sending","RTP","",""
"Active payer with a foreign-country fiscal code (Z + 3 digits municipality) → isActive must be true.","1498","An active payer with foreign fiscal code returns isActive true","functional-tests.tests.activation","2026-09-23","passed","2026-09-23","","test_debtor_activation_payer_status","",""
"Test sending an UPDATE operation message with different statuses via GPD message API before a CREATE","1177","An UPDATE message with status EXPIRED before CREATE","functional-tests.tests.process_messages_sender","2026-09-23","passed","2026-09-23","","test_RTP_process_sender_UPDATE_before_CREATE","",""
"Parametrized contract test generated from the Activation API OpenAPI spec.

Schemathesis derives one test case per endpoint defined in the spec, generating
request data (path params, query params, body) that is valid according to the schema.
Each case is executed against the live API and the response is validated with
CONTRACT_CHECKS.
","87980","test_activation_contract[GET /activations/payer]","contract-tests.tests","2026-09-23","passed","2026-09-23","","test_activation","",""
"","1858","An RTP sent when EPC response contains an unknown field is ignored and remains in status SENT","functional-tests.tests.send_rtp","2026-09-23","passed","2026-09-23","","test_RTP_send_MOCK","",""
"Test sending an UPDATE after CREATE VALID + DELETE with different statuses","2463","An UPDATE message with status DRAFT after CREATE VALID and DELETE","functional-tests.tests.process_messages_sender","2026-09-23","passed","2026-09-23","","test_RTP_process_sender_UPDATE","",""
"
Test v2 RFC callback DS12P with CNCL status applied twice on the same RTP.

Flow:
1. Activate payer
2. Send an RTP via GPD message v2 (CREATE VALID)
3. Cancel the RTP via GPD message v2 (DELETE) -> RTP to RFC_SENT
4. Send DS12P callback with CxlStsId CNCL (Cancelled As Per Request) -> RTP to CANCELLED
5. Send the same DS12P CNCL callback again on the already cancelled RTP
6. Verify the second callback is rejected (400) since the transition is no longer valid
7. Verify RTP status remains CANCELLED
","4361","Failed v2 RFC callback for invalid RTP transition - DS-12P positive compliant","functional-tests.tests.callbacks_v2","2026-09-23","passed","2026-09-23","","test_RTP_callback_DS_12P_positive","",""
"Each entry in ``INVALID_PAYER_IDS`` must be rejected with 400.

The ``description`` parameter appears in pytest output to identify which
case failed without having to inspect the raw value.
","570","Querying activation status with an invalid payerId format returns 400","functional-tests.tests.activation","2026-09-23","passed","2026-09-23","","test_debtor_activation_payer_status","",""
"Test sending a DELETE operation message via GPD message API after a CREATE","1741","A DELETE message after CREATE PAID","functional-tests.tests.process_messages_sender","2026-09-23","passed","2026-09-23","","test_RTP_process_sender_DELETE","",""
"","2257","An RTP is sent through ICCREA API","functional-tests.tests.availability","2026-09-23","passed","2026-09-23","","test_availability_ICCREA","",""
"","560","All auth fixtures expose a valid Bearer token format","functional-tests.tests.auth","2026-09-23","passed","2026-09-23","","test_auth","",""
"","1254","Sending an RTP when EPC returns an unexpected status code error (RTP_05.CHK.A0007) returns 500","functional-tests.tests.send_rtp","2026-09-23","passed","2026-09-23","","test_RTP_send_MOCK","",""
"Test sending an UPDATE operation message with different statuses via GPD message API before a CREATE","1285","An UPDATE message with status VALID before CREATE","functional-tests.tests.process_messages_sender","2026-09-23","passed","2026-09-23","","test_RTP_process_sender_UPDATE_before_CREATE","",""
"Test sending an UPDATE operation message with different statuses via GPD message API after a CREATE","1918","An UPDATE message with status DRAFT after CREATE","functional-tests.tests.process_messages_sender","2026-09-23","passed","2026-09-23","","test_RTP_process_sender_UPDATE","",""
"
Test RFC callback DS12P with INVALID status, cancel via REST Web API.

Flow:
1. Activate payer
2. Send an RTP via GPD message (CREATE VALID)
3. Cancel the RTP via REST cancel endpoint with cancel_reason → RTP to RFC_SENT
4. Send DS12P callback with CxlStsId INVALID
5. Verify callback is rejected with 400
6. Verify RTP status is still RFC_SENT
","3060","An RFC callback DS12P INVALID is rejected with 400 - through Web API cancel","functional-tests.tests.callbacks","2026-09-23","passed","2026-09-23","","test_RTP_callback_DS_12P","",""
"Test sending an UPDATE after CREATE VALID + DELETE with different statuses","2492","An UPDATE message with status INVALID after CREATE VALID and DELETE","functional-tests.tests.process_messages_sender","2026-09-23","passed","2026-09-23","","test_RTP_process_sender_UPDATE","",""
"DS_08N RJCT callback sent after a prior DS_05 ACTC callback.

The RTP is expected to transition from SENT to ACCEPTED, then to USER_REJECTED.
","4229","A v2 RTP callback with status RJCT after DS_05 transitions the RTP to USER_REJECTED","functional-tests.tests.callbacks_v2","2026-09-23","passed","2026-09-23","","test_RTP_callback_DS_08N_negative","",""
"","3634","An RTP is sent through CBI API","functional-tests.tests.availability","2026-09-23","passed","2026-09-23","","test_availability_CBI","",""
"
Test RFC callback DS12N with non-existing service provider.

Flow:
1. Activate payer
2. Send an RTP via GPD message (CREATE VALID)
3. Cancel the RTP via GPD message (DELETE) → RTP to RFC_SENT
4. Send DS12N callback with non-existing BIC (MOCKSP99)
5. Verify callback is rejected with 400 (service provider not found)
","2452","Failed RFC callback for non existing Service Provider - DS-12N RJCR compliant","functional-tests.tests.callbacks","2026-09-23","passed","2026-09-23","","test_RTP_callback_DS_12N","",""
"
Tests that sending an RTP payload with an amount over the POSTE limit results in a 400 Bad Request response.

:param debtor_sp_mock_cert_key: Certificate and key tuple for mutual TLS authentication.
:type debtor_sp_mock_cert_key: Tuple[str, str]
","1094","Cannot send RTP with an amount over the POSTE limit","functional-tests.tests.availability","2026-09-23","failed","2026-09-23","","test_availability_POSTE","",""
"Test sending a CREATE operation message with an Italian VAT number via GPD message API","1280","A CREATE message with VAT number (Partita IVA) is successfully sent through GPD message API","functional-tests.tests.process_messages_sender","2026-09-23","passed","2026-09-23","","test_RTP_process_sender","",""
"Querying activation status with an empty payerId must be rejected with 404.","545","Querying activation status with an empty payerId returns 404","functional-tests.tests.activation","2026-09-23","passed","2026-09-23","","test_debtor_activation_payer_status","",""
"
DS_08N callback sent with the Version header must be rejected with 400.
The RTP must remain in SENT (transition to REJECTED must not happen).

Flow:
1. Activate payer and send an RTP → resource_id
2. Build a valid DS_08N payload referencing the RTP
3. POST to callback endpoint WITH Version header
4. Verify 400 is returned with the expected error body
5. Verify RTP status is still SENT
","2382","DS_08N callback with Version header returns 400","functional-tests.tests.callbacks","2026-09-23","passed","2026-09-23","","test_RTP_callback_with_version_header","",""
"","2393","An RTP sent with synchronous rejection containing extra fields results in status REJECTED - through Web API","functional-tests.tests.send_rtp","2026-09-23","passed","2026-09-23","","test_RTP_send_MOCK","",""
"","1405","An RTP is sent to a CBI service with activated fiscal code - through Web API","functional-tests.tests.send_rtp","2026-09-23","failed","2026-09-23","","test_RTP_send_CBI","",""
"","2410","An RTP sent with synchronous rejection and missing _links results in status REJECTED","functional-tests.tests.send_rtp","2026-09-23","passed","2026-09-23","","test_RTP_send_MOCK","",""
"
Tests sending an RTP payload to the POSTE endpoint with valid data and authentication.

:param debtor_sp_mock_cert_key: Certificate and key tuple for mutual TLS authentication.
:type debtor_sp_mock_cert_key: Tuple[str, str]
","1304","An RTP is sent through POSTE API","functional-tests.tests.availability","2026-09-23","passed","2026-09-23","","test_availability_POSTE","",""
"The PSP synchronously rejects the cancellation request with 422 (per standard behaviour for the EPC 400 Bad Request scenario). The RTP then transitions to ERROR_CANCEL via ERROR_CANCEL_RTP.","3163","Cancelling an RTP - EPC v4 mock unhappy path scenario: epc_400","functional-tests.tests.cancel_rtp","2026-09-23","passed","2026-09-23","","test_RTP_cancel_MOCK_V2","",""
"","2525","An RTP callback is received with invalid status","functional-tests.tests.callbacks","2026-09-23","passed","2026-09-23","","test_RTP_callback_DS_08","",""
"","572","The activation request must contain a validly formatted Service Provider ID","functional-tests.tests.activation","2026-09-23","passed","2026-09-23","","test_debtor_activation_create","",""
"Each entry in ``INVALID_PAYER_IDS`` must be rejected with 400.

The ``description`` parameter appears in pytest output to identify which
case failed without having to inspect the raw value.
","750","Querying activation status with an invalid payerId format returns 400","functional-tests.tests.activation","2026-09-23","passed","2026-09-23","","test_debtor_activation_payer_status","",""
"
Test RFC callback DS12P with non-existing service provider.

Flow:
1. Activate payer
2. Send an RTP via GPD message (CREATE VALID)
3. Cancel the RTP via GPD message (DELETE) → RTP to RFC_SENT
4. Send DS12P callback with non-existing BIC (MOCKSP99)
5. Verify callback is rejected with 400 (service provider not found)
","2455","Failed RFC callback for non existing Service Provider - DS-12P CNCL compliant","functional-tests.tests.callbacks","2026-09-23","passed","2026-09-23","","test_RTP_callback_DS_12P","",""
"","2490","Failed callback for non existing Service Provider - DS-08N negative compliant","functional-tests.tests.callbacks_v2","2026-09-23","passed","2026-09-23","","test_RTP_callback_DS_08N_negative","",""
"","1174","A debtor with omocodia fiscal code is activated successfully","functional-tests.tests.activation","2026-09-23","passed","2026-09-23","","test_debtor_activation_create","",""
"
Test RFC callback DS12N with INVALID status, cancel via REST Web API.

Flow:
1. Activate payer
2. Send an RTP via GPD message (CREATE VALID)
3. Cancel the RTP via REST cancel endpoint with cancel_reason → RTP to RFC_SENT
4. Send DS12N callback with CxlStsId INVALID
5. Verify callback is rejected with 400
6. Verify RTP status is still RFC_SENT
","3059","An RFC callback DS12N INVALID is rejected with 400 - through Web API cancel","functional-tests.tests.callbacks","2026-09-23","passed","2026-09-23","","test_RTP_callback_DS_12N","",""
"Test sending a CREATE operation message with different statuses via GPD message API","1156","A CREATE message with status PAID","functional-tests.tests.process_messages_sender","2026-09-23","passed","2026-09-23","","test_RTP_process_sender_CREATE","",""
"The PSP synchronously rejects the cancellation request with 422 (per standard behaviour for the EPC 422 Unprocessable Entity scenario). The RTP then transitions to ERROR_CANCEL via ERROR_CANCEL_RTP.","3288","Cancelling an RTP - EPC v4 mock unhappy path scenario: epc_422","functional-tests.tests.cancel_rtp","2026-09-23","passed","2026-09-23","","test_RTP_cancel_MOCK_V2","",""
"","575","The service returns the mocked server error","functional-tests.tests.availability","2026-09-23","passed","2026-09-23","","test_availability_MOCK","",""
"
Test RFC callback DS12N with RJCR status, cancel triggered via REST Web API with explicit reason.

Flow:
1. Activate payer
2. Send an RTP via GPD message (CREATE VALID)
3. Cancel the RTP via REST cancel endpoint with cancel_reason → RTP to RFC_SENT
4. Send DS12N callback with CxlStsId RJCR (Rejected Cancellation Request)
5. Verify callback is accepted (200)
6. Verify RTP status is ERROR_CANCEL
","3597","An RFC callback DS12N RJCR is successfully received and RTP status is ERROR_CANCEL - through Web API cancel","functional-tests.tests.callbacks","2026-09-23","passed","2026-09-23","","test_RTP_callback_DS_12N","",""
"MOCKSP04 owns MOCKSP01 as well as its own spId; activation must be allowed on either.","1179","A debtor is activated using a Service Provider ID the token subject owns but does not itself represent","functional-tests.tests.activation","2026-09-23","passed","2026-09-23","","test_debtor_activation_create","",""
"","3119","Attempt to cancel an already cancelled RTP","bdd-tests","2026-09-23","passed","2026-09-23","RTP_Cancellation","RTP","",""
"","1162","An RTP is sent to Poste service with activated fiscal code - through Web API V2","functional-tests.tests.send_rtp","2026-09-23","failed","2026-09-23","","test_RTP_send_POSTE","",""
"
SP A activates the payer.
SP B queries the status → must get isActive=false to avoid disclosing
that the payer is registered under a competitor SP.
","1190","A payer active on a different Service Provider returns isActive false (privacy)","functional-tests.tests.activation","2026-09-23","passed","2026-09-23","","test_debtor_activation_payer_status","",""
"
Verify that a debt position can be updated successfully.
","6791","Happy path: a debt position is updated in UAT environment","functional-tests.tests.gpd_availability","2026-09-23","passed","2026-09-23","","test_availability_GPD","",""
"Test sending an UPDATE after CREATE VALID + DELETE with different statuses","2515","An UPDATE message with status EXPIRED after CREATE VALID and DELETE","functional-tests.tests.process_messages_sender","2026-09-23","passed","2026-09-23","","test_RTP_process_sender_UPDATE","",""
"","1860","An RTP sent with synchronous acceptance is in status ACCEPTED - DS-05 ACTC - through Web API","functional-tests.tests.send_rtp","2026-09-23","passed","2026-09-23","","test_RTP_send_MOCK","",""
"Each entry in ``INVALID_PAYER_IDS`` (see dataset docstring) must be rejected with 400.","582","The activation request must contain a validly formatted fiscal code","functional-tests.tests.activation","2026-09-23","passed","2026-09-23","","test_debtor_activation_create","",""
"","1676","A debtor Service Provider cannot send an RTP","bdd-tests","2026-09-23","passed","2026-09-23","RTP_Sending","RTP","",""
"","572","missing token → 401 Unauthorized","functional-tests.tests.get_rtp","2026-09-23","passed","2026-09-23","","test_RTP_get","",""
"
Test v2 RFC callback DS12P with CNCL status.

Flow:
1. Activate payer
2. Send an RTP via GPD message v2 (CREATE VALID)
3. Cancel the RTP via GPD message v2 (DELETE) -> RTP to RFC_SENT
4. Send DS12P callback with CxlStsId CNCL (Cancelled As Per Request)
5. Verify callback is accepted (200)
6. Verify RTP status is CANCELLED
","3199","A v2 RFC callback DS12P CNCL is successfully received and RTP status is CANCELLED","functional-tests.tests.callbacks_v2","2026-09-23","passed","2026-09-23","","test_RTP_callback_DS_12P_positive","",""
"Test sending a DELETE operation message via GPD message API after a standalone UPDATE (no prior CREATE)","1745","A DELETE message after standalone UPDATE DRAFT","functional-tests.tests.process_messages_sender","2026-09-23","passed","2026-09-23","","test_RTP_process_sender_DELETE","",""
"Each entry in ``INVALID_PAYER_IDS`` must be rejected with 400.

The ``description`` parameter appears in pytest output to identify which
case failed without having to inspect the raw value.
","562","Querying activation status with an invalid payerId format returns 400","functional-tests.tests.activation","2026-09-23","passed","2026-09-23","","test_debtor_activation_payer_status","",""
"Payer that has never been activated → isActive must be false.","580","test_get_activation_status_not_active_payer","functional-tests.tests.activation","2026-09-23","passed","2026-09-23","","test_debtor_activation_payer_status","",""
"","568","Find by payer id request must contain lower case fiscal code","functional-tests.tests.activation","2026-09-23","passed","2026-09-23","","test_debtor_activation_create","",""
"","1963","RTP is successfully cancelled with reason MODT - V2","functional-tests.tests.cancel_rtp","2026-09-23","passed","2026-09-23","","test_RTP_cancel","",""
"","573","Get payees consents with invalid consent value returns 400","functional-tests.tests.service_registry","2026-09-23","passed","2026-09-23","","test_get_payees_consents","",""
"Test sending a DELETE operation message via GPD message API after a CREATE","1747","A DELETE message after CREATE PUBLISHED","functional-tests.tests.process_messages_sender","2026-09-23","passed","2026-09-23","","test_RTP_process_sender_DELETE","",""
"Each entry in ``INVALID_PAYER_IDS`` must be rejected with 400.

The ``description`` parameter appears in pytest output to identify which
case failed without having to inspect the raw value.
","570","Querying activation status with an invalid payerId format returns 400","functional-tests.tests.activation","2026-09-23","passed","2026-09-23","","test_debtor_activation_payer_status","",""
"
Verify that a debt position can be updated successfully.
","554","Happy path: a debt position is updated in DEV environment","functional-tests.tests.gpd_availability","2026-09-23","failed","2026-09-23","","test_availability_GPD","",""
"Each entry in ``INVALID_PAYER_IDS`` must be rejected with 400.

The ``description`` parameter appears in pytest output to identify which
case failed without having to inspect the raw value.
","746","Querying activation status with an invalid payerId format returns 400","functional-tests.tests.activation","2026-09-23","passed","2026-09-23","","test_debtor_activation_payer_status","",""
"The PSP synchronously rejects the cancellation request with 422 (per standard behaviour for the EPC 406 Not Acceptable scenario). The RTP then transitions to ERROR_CANCEL via ERROR_CANCEL_RTP.","3332","Cancelling an RTP - EPC v4 mock unhappy path scenario: epc_406","functional-tests.tests.cancel_rtp","2026-09-23","passed","2026-09-23","","test_RTP_cancel_MOCK_V2","",""
"Test sending a CREATE operation message with different statuses via GPD message API","1184","A CREATE message with status DRAFT","functional-tests.tests.process_messages_sender","2026-09-23","passed","2026-09-23","","test_RTP_process_sender_CREATE","",""
"","4752","Failed callback for invalid RTP transition - DS-08P RJCT compliant","functional-tests.tests.callbacks","2026-09-23","passed","2026-09-23","","test_RTP_callback_DS_08","",""
"Each entry in ``INVALID_PAYER_IDS`` must be rejected with 400.

The ``description`` parameter appears in pytest output to identify which
case failed without having to inspect the raw value.
","600","Querying activation status with an invalid payerId format returns 400","functional-tests.tests.activation","2026-09-23","passed","2026-09-23","","test_debtor_activation_payer_status","",""
"Test sending an UPDATE operation message with different statuses via GPD message API after a CREATE","1908","An UPDATE message with status EXPIRED after CREATE","functional-tests.tests.process_messages_sender","2026-09-23","passed","2026-09-23","","test_RTP_process_sender_UPDATE","",""
"","2768","RTP form cancellation with reason MODT","ux-tests.tests","2026-09-23","passed","2026-09-23","","test_RTP_cancel_v4","",""
"","2457","An RTP callback with status ACTC is successfully received","functional-tests.tests.callbacks","2026-09-23","passed","2026-09-23","","test_RTP_callback_DS_05","",""
"
Test RFC callback DS12P with CNCL status applied twice on the same RTP.

Flow:
1. Activate payer
2. Send an RTP via GPD message (CREATE VALID)
3. Cancel the RTP via GPD message (DELETE) -> RTP to RFC_SENT
4. Send DS12P callback with CxlStsId CNCL (Cancelled As Per Request) -> RTP to CANCELLED
5. Send the same DS12P CNCL callback again on the already cancelled RTP
6. Verify the second callback is rejected (400) since the transition is no longer valid
7. Verify RTP status remains CANCELLED
","4191","Failed RFC callback for invalid RTP transition - DS-12P CNCL compliant","functional-tests.tests.callbacks","2026-09-23","passed","2026-09-23","","test_RTP_callback_DS_12P","",""
"Test sending a DELETE operation message via GPD message API after a standalone UPDATE (no prior CREATE)","1778","A DELETE message after standalone UPDATE PUBLISHED","functional-tests.tests.process_messages_sender","2026-09-23","passed","2026-09-23","","test_RTP_process_sender_DELETE","",""
"Test sending a DELETE operation message via GPD message API after a CREATE VALID + UPDATE","2803","A DELETE message after CREATE VALID + UPDATE VALID","functional-tests.tests.process_messages_sender","2026-09-23","passed","2026-09-23","","test_RTP_process_sender_DELETE","",""
"","1208","Auth endpoint returns valid token","functional-tests.tests.availability","2026-09-23","passed","2026-09-23","","test_availability_CBI","",""
"","560","Get payees consents with invalid authorization returns 401","functional-tests.tests.service_registry","2026-09-23","passed","2026-09-23","","test_get_payees_consents","",""
"","1284","An RTP is sent to a CBI service with activated fiscal code","functional-tests.tests.send_rtp","2026-09-23","passed","2026-09-23","","test_RTP_send_CBI","",""
"","569","All auth fixtures expose a valid Bearer token format","functional-tests.tests.auth","2026-09-23","passed","2026-09-23","","test_auth","",""
"Test sending a DELETE operation message via GPD message API after a standalone UPDATE (no prior CREATE)","1882","A DELETE message after standalone UPDATE VALID","functional-tests.tests.process_messages_sender","2026-09-23","passed","2026-09-23","","test_RTP_process_sender_DELETE","",""
"","2001","Cannot send RTP with invalid amount","functional-tests.tests.availability","2026-09-23","passed","2026-09-23","","test_availability_CBI","",""
"","1846","An RTP sent when EPC response omits _links is in status ACCEPTED - through Web API","functional-tests.tests.send_rtp","2026-09-23","passed","2026-09-23","","test_RTP_send_MOCK","",""
"Each entry in ``INVALID_PAYER_IDS`` (see dataset docstring) must be rejected with 400.","577","The activation request must contain a validly formatted fiscal code","functional-tests.tests.activation","2026-09-23","passed","2026-09-23","","test_debtor_activation_create","",""
"","562","Non-integer size returns 400","functional-tests.tests.activation","2026-09-23","passed","2026-09-23","","test_debtor_activation_list","",""
"","580","The activation request must contain a Service Provider ID of valid length","functional-tests.tests.activation","2026-09-23","passed","2026-09-23","","test_debtor_activation_create","",""
"The PSP synchronously rejects the cancellation request with 422 (per standard behaviour for the EPC 415 Unsupported Media Type scenario). The RTP then transitions to ERROR_CANCEL via ERROR_CANCEL_RTP.","3520","Cancelling an RTP - EPC v4 mock unhappy path scenario: epc_415","functional-tests.tests.cancel_rtp","2026-09-23","passed","2026-09-23","","test_RTP_cancel_MOCK_V2","",""
"","725","Get payees consents with wrong token type returns 403","functional-tests.tests.service_registry","2026-09-23","passed","2026-09-23","","test_get_payees_consents","",""
"Missing or invalid Bearer token → the endpoint must return 401.","545","Querying activation status without a valid token returns 401","functional-tests.tests.activation","2026-09-23","passed","2026-09-23","","test_debtor_activation_payer_status","",""
"No `Sts.Conf` confirmation is present (Sts block omitted entirely), so only CANCEL_RTP is triggered and the RTP stays in RFC_SENT.","2587","Cancelling an RTP - EPC v4 mock happy path scenario: no_sts_block","functional-tests.tests.cancel_rtp","2026-09-23","passed","2026-09-23","","test_RTP_cancel_MOCK_V2","",""
"Each entry in ``INVALID_PAYER_IDS`` (see dataset docstring) must be rejected with 400.","573","The activation request must contain a validly formatted fiscal code","functional-tests.tests.activation","2026-09-23","passed","2026-09-23","","test_debtor_activation_create","",""
"","670","An RTP is sent to ICCREA service with activated fiscal code - through Web API V2","functional-tests.tests.send_rtp","2026-09-23","failed","2026-09-23","","test_RTP_send_ICCREA","",""
"","3029","A v2 redirect RTP callback with invalid status is rejected without affecting the RTP status","functional-tests.tests.callbacks_v2","2026-09-23","passed","2026-09-23","","test_RTP_callback_DS_05_redirect","",""
"UPDATE VALID before any CREATE creates a new RTP; the RTP must be retrievable from the database","1855","An UPDATE VALID before CREATE creates the RTP in the database","functional-tests.tests.process_messages_sender","2026-09-23","passed","2026-09-23","","test_RTP_process_sender_UPDATE_before_CREATE","",""
"The PSP synchronously rejects the cancellation request with 422 (per standard behaviour for the EPC 429 Too Many Requests scenario). The RTP then transitions to ERROR_CANCEL via ERROR_CANCEL_RTP.","10982","Cancelling an RTP - EPC v4 mock unhappy path scenario: epc_429","functional-tests.tests.cancel_rtp","2026-09-23","passed","2026-09-23","","test_RTP_cancel_MOCK_V2","",""
"","1166","Whitespaces is allowed in description and company name field","ux-tests.tests","2026-09-23","passed","2026-09-23","","test_RTP_submission_v3","",""
"Test sending a CREATE operation message with different statuses via GPD message API","1296","A CREATE message with status VALID","functional-tests.tests.process_messages_sender","2026-09-23","passed","2026-09-23","","test_RTP_process_sender_CREATE","",""
"","2487","Unauthorized callback due to wrong certificate serial","functional-tests.tests.callbacks_v2","2026-09-23","passed","2026-09-23","","test_RTP_callback_DS_08N_negative","",""
"","569","Get payees consents with negative page size returns 400","functional-tests.tests.service_registry","2026-09-23","passed","2026-09-23","","test_get_payees_consents","",""
"","571","All auth fixtures expose a valid Bearer token format","functional-tests.tests.auth","2026-09-23","passed","2026-09-23","","test_auth","",""
"
Test RFC callback DS12N with non-existing service provider, cancel via REST Web API.

Flow:
1. Activate payer
2. Send an RTP via GPD message (CREATE VALID)
3. Cancel the RTP via REST cancel endpoint with cancel_reason → RTP to RFC_SENT
4. Send DS12N callback with non-existing BIC (MOCKSP99)
5. Verify callback is rejected with 400 (service provider not found)
","2454","Failed RFC callback for non existing Service Provider - DS-12N RJCR compliant - through Web API cancel","functional-tests.tests.callbacks","2026-09-23","passed","2026-09-23","","test_RTP_callback_DS_12N","",""
"Test sending a DELETE operation message via GPD message API after a CREATE","1765","A DELETE message after CREATE PARTIALLY_PAID","functional-tests.tests.process_messages_sender","2026-09-23","passed","2026-09-23","","test_RTP_process_sender_DELETE","",""
"DS_08P ACCP callback sent twice on the same RTP (direct SENT -> USER_ACCEPTED).

The second callback must be rejected with 400 since the transition is no
longer valid once the RTP is already USER_ACCEPTED.
","3789","Failed v2 callback for invalid RTP transition - DS-08P positive compliant","functional-tests.tests.callbacks_v2","2026-09-23","passed","2026-09-23","","test_RTP_callback_DS_08P_positive","",""
"","3050","An RTP callback with status ACWC is successfully received","functional-tests.tests.callbacks","2026-09-23","passed","2026-09-23","","test_RTP_callback_DS_08","",""
"Each entry in ``INVALID_PAYER_IDS`` must be rejected with 400.

The ``description`` parameter appears in pytest output to identify which
case failed without having to inspect the raw value.
","582","Querying activation status with an invalid payerId format returns 400","functional-tests.tests.activation","2026-09-23","failed","2026-09-23","","test_debtor_activation_payer_status","",""
"","1140","An RTP is sent to Poste service with activated fiscal code - through Web API","functional-tests.tests.send_rtp","2026-09-23","passed","2026-09-23","","test_RTP_send_POSTE","",""
"An EPC response containing fields not declared in the OpenAPI spec is treated as an invalid message and is NOT tolerated for accept/reject purposes (confirmed with rtp-sender-v2 maintainers, PR #26). The extra `invalid-field` property invalidates the whole response, so the CNCL confirmation is not processed and the RTP stays in RFC_SENT.","2595","Cancelling an RTP - EPC v4 mock unhappy path scenario: cncl_extra_field","functional-tests.tests.cancel_rtp","2026-09-23","passed","2026-09-23","","test_RTP_cancel_MOCK_V2","",""
"","1433","SP_B cannot retrieve activation by Fiscal Code created by SP_A","functional-tests.tests.activation","2026-09-23","passed","2026-09-23","","test_RTP_activation_security","",""
"","2447","RTP form cancellation with reason MODT","ux-tests.tests","2026-09-23","passed","2026-09-23","","test_RTP_cancel_v3","",""
"
Test v2 RFC callback DS12P with non-existing service provider.

Flow:
1. Activate payer
2. Send an RTP via GPD message v2 (CREATE VALID)
3. Cancel the RTP via GPD message v2 (DELETE) -> RTP to RFC_SENT
4. Send DS12P callback with non-existing BIC (MOCKSP99)
5. Verify callback is rejected with 400 (service provider not found)
6. Verify RTP status is still RFC_SENT
","3228","Failed v2 RFC callback for non existing Service Provider - DS-12P positive compliant","functional-tests.tests.callbacks_v2","2026-09-23","passed","2026-09-23","","test_RTP_callback_DS_12P_positive","",""
"","571","Unauthorized callback due to wrong certificate serial","functional-tests.tests.callbacks","2026-09-23","passed","2026-09-23","","test_RTP_callback_DS_04","",""
"Each entry in ``INVALID_PAYER_IDS`` (see dataset docstring) must be rejected with 400.","590","The activation request must contain a validly formatted fiscal code","functional-tests.tests.activation","2026-09-23","passed","2026-09-23","","test_debtor_activation_create","",""
"","2994","An RTP callback with status REJECTED is successfully received","functional-tests.tests.callbacks","2026-09-23","passed","2026-09-23","","test_RTP_callback_DS_08","",""
"Test sending an UPDATE after CREATE VALID + DELETE with different statuses","2493","An UPDATE message with status VALID after CREATE VALID and DELETE","functional-tests.tests.process_messages_sender","2026-09-23","passed","2026-09-23","","test_RTP_process_sender_UPDATE","",""
"","1162","Deactivation fails for activation by another service provider","functional-tests.tests.activation","2026-09-23","passed","2026-09-23","","test_debtor_deactivation","",""
"","3088","A v2 RTP callback with invalid status is rejected without affecting the RTP status","functional-tests.tests.callbacks_v2","2026-09-23","passed","2026-09-23","","test_RTP_callback_DS_08P_positive","",""
"
Test RFC callback DS12N with wrong certificate identity.

Flow:
1. Activate payer
2. Send an RTP via GPD message (CREATE VALID)
3. Cancel the RTP via GPD message (DELETE) → RTP to RFC_SENT
4. Send DS12N callback with assignee_bic='FAKESP01' (doesn't match certificate identity MOCKSP04)
5. Verify callback is rejected with 403 (certificate mismatch)
","2448","Unauthorized RFC callback due to wrong certificate serial","functional-tests.tests.callbacks","2026-09-23","passed","2026-09-23","","test_RTP_callback_DS_12N","",""
"","3677","An RTP callback is successfully received with status ACCP","functional-tests.tests.callbacks","2026-09-23","passed","2026-09-23","","test_RTP_callback_DS_08","",""
"","554","Unauthorized request returns 401","functional-tests.tests.activation","2026-09-23","passed","2026-09-23","","test_debtor_activation_list","",""
"","2612","An RTP callback is successfully received","functional-tests.tests.callbacks","2026-09-23","passed","2026-09-23","","test_RTP_callback_DS_04","",""
"Test sending a CREATE operation message with a foreign fiscal code via GPD message API","1273","A CREATE message with foreign fiscal code is successfully sent through GPD message API","functional-tests.tests.process_messages_sender","2026-09-23","passed","2026-09-23","","test_RTP_process_sender","",""
"","1867","An RTP sent when EPC response omits _links is in status ACCEPTED","functional-tests.tests.send_rtp","2026-09-23","passed","2026-09-23","","test_RTP_send_MOCK","",""
"Each entry in ``INVALID_PAYER_IDS`` (see dataset docstring) must be rejected with 400.","575","The activation request must contain a validly formatted fiscal code","functional-tests.tests.activation","2026-09-23","passed","2026-09-23","","test_debtor_activation_create","",""
"Each entry in ``INVALID_PAYER_IDS`` must be rejected with 400.

The ``description`` parameter appears in pytest output to identify which
case failed without having to inspect the raw value.
","569","Querying activation status with an invalid payerId format returns 400","functional-tests.tests.activation","2026-09-23","passed","2026-09-23","","test_debtor_activation_payer_status","",""
"","1874","RTP cancellation fails with an invalid reason - V2","functional-tests.tests.cancel_rtp","2026-09-23","passed","2026-09-23","","test_RTP_cancel","",""
"","4548","DS_12P positive RFC v2 callback with Version header returns 400","functional-tests.tests.callbacks_v2","2026-09-23","passed","2026-09-23","","test_RTP_callback_with_version_header","",""
"
Test RFC callback DS12P with non-existing service provider, cancel via REST Web API.

Flow:
1. Activate payer
2. Send an RTP via GPD message (CREATE VALID)
3. Cancel the RTP via REST cancel endpoint with cancel_reason → RTP to RFC_SENT
4. Send DS12P callback with non-existing BIC (MOCKSP99)
5. Verify callback is rejected with 400 (service provider not found)
","2639","Failed RFC callback for non existing Service Provider - DS-12P CNCL compliant - through Web API cancel","functional-tests.tests.callbacks","2026-09-23","passed","2026-09-23","","test_RTP_callback_DS_12P","",""
"
Test v2 RFC callback DS12N with wrong certificate identity.

Flow:
1. Activate payer
2. Send an RTP via GPD message v2 (CREATE VALID)
3. Cancel the RTP via GPD message v2 (DELETE) -> RTP to RFC_SENT
4. Send DS12N callback with assignee_bic='FAKESP01' (doesn't match certificate identity)
5. Verify callback is rejected with 403 (certificate mismatch)
6. Verify RTP status is still RFC_SENT
","3169","Unauthorized v2 RFC callback due to wrong certificate serial","functional-tests.tests.callbacks_v2","2026-09-23","passed","2026-09-23","","test_RTP_callback_DS_12N_negative","",""
"
DS_08P ACCP callback sent with the Version header must be rejected with 400.
The RTP must remain in ACCEPTED (transition to USER_ACCEPTED must not happen).

Flow:
1. Activate payer, send RTP, advance to ACCEPTED via DS_05 (without header)
2. Build a valid DS_08P ACCP payload
3. POST WITH Version header
4. Verify 400 is returned with the expected error body
5. Verify RTP status is still ACCEPTED
","3193","DS_08P ACCP callback with Version header returns 400","functional-tests.tests.callbacks","2026-09-23","passed","2026-09-23","","test_RTP_callback_with_version_header","",""
"","2422","An RTP sent with synchronous rejection and missing _links results in status REJECTED - through Web API","functional-tests.tests.send_rtp","2026-09-23","passed","2026-09-23","","test_RTP_send_MOCK","",""
"","2180","RTP is successfully retrieved","functional-tests.tests.get_rtp","2026-09-23","passed","2026-09-23","","test_RTP_get","",""
"","1136","Get paginated list of payees successfully","functional-tests.tests.service_registry","2026-09-23","passed","2026-09-23","","test_service_registry_payees_registry","",""
"Parametrized contract test generated from the Send API OpenAPI spec.

Schemathesis derives one test case per endpoint defined in the spec, generating
request data (path params, query params, body) that is valid according to the schema.
Each case is executed against the live API and the response is validated with
CONTRACT_CHECKS.

An additional assertion verifies that the Location header is present on 201 responses
from POST /rtps, as required by the spec.
","206164","test_send_api_contract[POST /gpd/message]","contract-tests.tests","2026-09-23","passed","2026-09-23","","test_api_send_rtp","",""
"","695","Get payees with invalid authorization","functional-tests.tests.service_registry","2026-09-23","passed","2026-09-23","","test_service_registry_service_providers","",""
"Reusing the same OTP after a successful takeover should fail","2415","Test Takeover Fails with Reused OTP","functional-tests.tests.takeover","2026-09-23","passed","2026-09-23","","test_debtor_takeover","",""
"Test sending a DELETE operation message via GPD message API after a CREATE VALID + UPDATE","2936","A DELETE message after CREATE VALID + UPDATE PUBLISHED","functional-tests.tests.process_messages_sender","2026-09-23","passed","2026-09-23","","test_RTP_process_sender_DELETE","",""
"Each entry in ``INVALID_PAYER_IDS`` (see dataset docstring) must be rejected with 400.","581","The activation request must contain a validly formatted fiscal code","functional-tests.tests.activation","2026-09-23","passed","2026-09-23","","test_debtor_activation_create","",""
"","467","A Service Provider tries to activates a debtor without having the correct credentials","bdd-tests","2026-09-23","passed","2026-09-23","Debtor_Activation","RTP","",""
"","1188","Sending a GPD message with null operation returns 400","functional-tests.tests.send_rtp","2026-09-23","passed","2026-09-23","","test_RTP_send_MOCK","",""
"Each entry in ``INVALID_PAYER_IDS`` must be rejected with 400.

The ``description`` parameter appears in pytest output to identify which
case failed without having to inspect the raw value.
","718","Querying activation status with an invalid payerId format returns 400","functional-tests.tests.activation","2026-09-23","passed","2026-09-23","","test_debtor_activation_payer_status","",""
"MOCKSP04 owns both its own spId and MOCKSP01; redeeming an OTP scoped to MOCKSP01 must
assign MOCKSP01 to the new activation, not MOCKSP04 (the redeemer's own tspId).","3545","Test Takeover Redemption Assigns the OTP's Owned Service Provider ID","functional-tests.tests.takeover","2026-09-23","passed","2026-09-23","","test_debtor_takeover","",""
"Test sending a DELETE operation message via GPD message API after a CREATE","1779","A DELETE message after CREATE EXPIRED","functional-tests.tests.process_messages_sender","2026-09-23","passed","2026-09-23","","test_RTP_process_sender_DELETE","",""
"","2499","Failed callback for non existing Service Provider - DS-document RJCT compliant","functional-tests.tests.callbacks_v2","2026-09-23","passed","2026-09-23","","test_RTP_callback_DS_document_rjct","",""
"Each entry in ``INVALID_PAYER_IDS`` (see dataset docstring) must be rejected with 400.","574","The activation request must contain a validly formatted fiscal code","functional-tests.tests.activation","2026-09-23","passed","2026-09-23","","test_debtor_activation_create","",""
"
Send the same CREATE VALID message twice.

Because send_gpd_message derives the Idempotency-Key deterministically from
the message id (msg_id), reusing the same payload reuses the same key.

Expectations:
- Both calls return HTTP 200 (idempotent, not an error).
- The resourceId in both responses is identical, proving the API returned
  the cached response and did not process the message twice.
- Querying by notice number returns exactly one RTP, confirming that only
  one record was written to the database.
","2472","Two CREATE VALID messages with the same Idempotency-Key both succeed but only one RTP is stored","functional-tests.tests.process_messages_sender","2026-09-23","passed","2026-09-23","","test_RTP_process_sender_IDEMPOTENCY","",""
"","4176","Failed callback for invalid RTP transition - DS-08P ACCP compliant","functional-tests.tests.callbacks","2026-09-23","passed","2026-09-23","","test_RTP_callback_DS_08","",""
"DS_08P ACCP callback sent directly on a SENT RTP (no prior DS_05 ACTC callback).

The RTP is expected to transition straight from SENT to USER_ACCEPTED.
","3160","A v2 RTP callback with status ACCP is successfully received without a prior DS_05 callback","functional-tests.tests.callbacks_v2","2026-09-23","passed","2026-09-23","","test_RTP_callback_DS_08P_positive","",""
"","3028","DS_document RJCT v2 callback with Version header returns 400","functional-tests.tests.callbacks_v2","2026-09-23","passed","2026-09-23","","test_RTP_callback_with_version_header","",""
"","711","Get payees with invalid authorization","functional-tests.tests.service_registry","2026-09-23","passed","2026-09-23","","test_service_registry_payees_registry","",""
"Test sending a CREATE operation message with different statuses via GPD message API","1175","A CREATE message with status INVALID","functional-tests.tests.process_messages_sender","2026-09-23","passed","2026-09-23","","test_RTP_process_sender_CREATE","",""
"Test sending an UPDATE operation message with different statuses via GPD message API before a CREATE","1189","An UPDATE message with status INVALID before CREATE","functional-tests.tests.process_messages_sender","2026-09-23","passed","2026-09-23","","test_RTP_process_sender_UPDATE_before_CREATE","",""
"","549","Retrieving activation without valid token returns 401","functional-tests.tests.activation","2026-09-23","passed","2026-09-23","","test_debtor_activation_get","",""
"Test sending an UPDATE after CREATE VALID + DELETE with different statuses","2464","An UPDATE message with status PUBLISHED after CREATE VALID and DELETE","functional-tests.tests.process_messages_sender","2026-09-23","passed","2026-09-23","","test_RTP_process_sender_UPDATE","",""
"Each entry in ``INVALID_PAYER_IDS`` must be rejected with 400.

The ``description`` parameter appears in pytest output to identify which
case failed without having to inspect the raw value.
","569","Querying activation status with an invalid payerId format returns 400","functional-tests.tests.activation","2026-09-23","passed","2026-09-23","","test_debtor_activation_payer_status","",""
"
Test RFC callback DS12N with RJCR status applied twice on the same RTP.

Flow:
1. Activate payer
2. Send an RTP via GPD message (CREATE VALID)
3. Cancel the RTP via GPD message (DELETE) -> RTP to RFC_SENT
4. Send DS12N callback with CxlStsId RJCR (Rejected Cancellation Request) -> RTP to ERROR_CANCEL
5. Send the same DS12N RJCR callback again on the already transitioned RTP
6. Verify the second callback is rejected (400) since the transition is no longer valid
7. Verify RTP status remains ERROR_CANCEL
","4788","Failed RFC callback for invalid RTP transition - DS-12N RJCR compliant","functional-tests.tests.callbacks","2026-09-23","passed","2026-09-23","","test_RTP_callback_DS_12N","",""
"","1200","A debtor is deactivated by an authenticated service provider","functional-tests.tests.activation","2026-09-23","passed","2026-09-23","","test_debtor_deactivation","",""
"","3092","A v2 document RTP callback with status RJCT is successfully received","functional-tests.tests.callbacks_v2","2026-09-23","passed","2026-09-23","","test_RTP_callback_DS_document_rjct","",""
"","578","Get payees consents with negative page number returns 400","functional-tests.tests.service_registry","2026-09-23","passed","2026-09-23","","test_get_payees_consents","",""
"","1961","An RTP sent when EPC response contains an unknown field is ignored and remains in status SENT - through Web API V2","functional-tests.tests.send_rtp","2026-09-23","passed","2026-09-23","","test_RTP_send_MOCK","",""
"","3185","A debtor Service Provider successfully takes over an activation from another provider","bdd-tests","2026-09-23","passed","2026-09-23","Debtor_Activation_Takeover","RTP","",""
"Payer activated then deactivated by SP A → isActive must be false.","1826","A deactivated payer returns isActive false","functional-tests.tests.activation","2026-09-23","passed","2026-09-23","","test_debtor_activation_payer_status","",""
"
Test RFC callback DS12P with CNCL status, cancel triggered via REST Web API with explicit reason.

Flow:
1. Activate payer
2. Send an RTP via GPD message (CREATE VALID)
3. Cancel the RTP via REST cancel endpoint with cancel_reason → RTP to RFC_SENT
4. Send DS12P callback with CxlStsId CNCL (Cancelled As Per Request)
5. Verify callback is accepted (200)
6. Verify RTP status is CANCELLED
","3082","An RFC callback DS12P CNCL is successfully received and RTP status is CANCEL - through Web API cancel","functional-tests.tests.callbacks","2026-09-23","passed","2026-09-23","","test_RTP_callback_DS_12P","",""
"Each entry in ``INVALID_PAYER_IDS`` must be rejected with 400.

The ``description`` parameter appears in pytest output to identify which
case failed without having to inspect the raw value.
","599","Querying activation status with an invalid payerId format returns 400","functional-tests.tests.activation","2026-09-23","passed","2026-09-23","","test_debtor_activation_payer_status","",""
"Each entry in ``INVALID_PAYER_IDS`` (see dataset docstring) must be rejected with 400.","569","The activation request must contain a validly formatted fiscal code","functional-tests.tests.activation","2026-09-23","passed","2026-09-23","","test_debtor_activation_create","",""
"
Tests that sending an RTP payload with an invalid amount to the POSTE endpoint results in a 400 Bad Request response.

:param debtor_sp_mock_cert_key: Certificate and key tuple for mutual TLS authentication.
:type debtor_sp_mock_cert_key: Tuple[str, str]
","863","Cannot send RTP with invalid amount","functional-tests.tests.availability","2026-09-23","passed","2026-09-23","","test_availability_POSTE","",""
"","2483","Failed callback for non existing Service Provider - DS-05 redirect compliant","functional-tests.tests.callbacks_v2","2026-09-23","passed","2026-09-23","","test_RTP_callback_DS_05_redirect","",""
"","544","The service returns the mocked server error","functional-tests.tests.availability","2026-09-23","passed","2026-09-23","","test_availability_MOCK","",""
"","1157","A debtor with VAT number is activated and retrieved by activation id","functional-tests.tests.activation","2026-09-23","passed","2026-09-23","","test_debtor_activation_get","",""
"Test the takeover flow where a user changes service provider","4321","Test Takeover Flow","functional-tests.tests.takeover","2026-09-23","passed","2026-09-23","","test_debtor_takeover","",""
"
Test RFC callback DS12N with RJCR status.

Flow:
1. Activate payer
2. Send an RTP via GPD message (CREATE VALID)
3. Cancel the RTP via GPD message (DELETE) → RTP to RFC_SENT
4. Send DS12N callback with CxlStsId RJCR (Rejected Cancellation Request)
5. Verify callback is accepted (200)
6. Verify RTP status is ERROR_CANCEL
","3747","An RFC callback DS12N RJCR is successfully received and RTP status is ERROR_CANCEL","functional-tests.tests.callbacks","2026-09-23","passed","2026-09-23","","test_RTP_callback_DS_12N","",""
"","576","Get payees consents with extreme page size returns 400","functional-tests.tests.service_registry","2026-09-23","passed","2026-09-23","","test_get_payees_consents","",""
"Availability probe for takeover notification mock endpoint: expects 204 No Content","546","Test Takeover Notification Endpoint","functional-tests.tests.takeover","2026-09-23","passed","2026-09-23","","test_debtor_takeover","",""
"","2942","Successfully cancel a Request to Pay","bdd-tests","2026-09-23","passed","2026-09-23","RTP_Cancellation","RTP","",""
"","2453","RTP form is filled and submitted","ux-tests.tests","2026-09-23","passed","2026-09-23","","test_RTP_cancel_v3","",""
"
Given a noticeNumber that does not correspond to any RTP in the database,
when the payee queries the delivery-status endpoint,
then the response must be HTTP 200 with status=PD_RTP_NOT_DELIVERED and
processingDate absent or null.
","582","Non-existent noticeNumber → PD_RTP_NOT_DELIVERED","functional-tests.tests.get_rtp","2026-09-23","passed","2026-09-23","","test_RTP_get_delivery_status","",""
"Test sending a DELETE operation message via GPD message API after a CREATE","1778","A DELETE message after CREATE INVALID","functional-tests.tests.process_messages_sender","2026-09-23","passed","2026-09-23","","test_RTP_process_sender_DELETE","",""
"","3115","A v2 document RTP callback with invalid status is rejected without affecting the RTP status","functional-tests.tests.callbacks_v2","2026-09-23","passed","2026-09-23","","test_RTP_callback_DS_document_rjct","",""
"No `Sts.Conf` confirmation is present (minimal JSON without Sts), so only CANCEL_RTP is triggered and the RTP stays in RFC_SENT.","2694","Cancelling an RTP - EPC v4 mock happy path scenario: minimal_json","functional-tests.tests.cancel_rtp","2026-09-23","passed","2026-09-23","","test_RTP_cancel_MOCK_V2","",""
"","768","An RTP is sent to ICCREA service with activated fiscal code - through Web API","functional-tests.tests.send_rtp","2026-09-23","failed","2026-09-23","","test_RTP_send_ICCREA","",""
"Test sending an UPDATE operation message with different statuses via GPD message API before a CREATE","1183","An UPDATE message with status PUBLISHED before CREATE","functional-tests.tests.process_messages_sender","2026-09-23","passed","2026-09-23","","test_RTP_process_sender_UPDATE_before_CREATE","",""
"Test sending an UPDATE operation message with different statuses via GPD message API before a CREATE","1209","An UPDATE message with status DRAFT before CREATE","functional-tests.tests.process_messages_sender","2026-09-23","passed","2026-09-23","","test_RTP_process_sender_UPDATE_before_CREATE","",""
"","629","Sending to non-activated debtor returns 422","functional-tests.tests.send_rtp","2026-09-23","passed","2026-09-23","","test_RTP_send_MOCK","",""
"The PSP synchronously rejects the cancellation request with 422 (per standard behaviour for the EPC 404 Not Found scenario). The RTP then transitions to ERROR_CANCEL via ERROR_CANCEL_RTP.","3163","Cancelling an RTP - EPC v4 mock unhappy path scenario: epc_404","functional-tests.tests.cancel_rtp","2026-09-23","passed","2026-09-23","","test_RTP_cancel_MOCK_V2","",""
"","1438","An RTP is sent to Poste service with activated fiscal code","functional-tests.tests.send_rtp","2026-09-23","passed","2026-09-23","","test_RTP_send_POSTE","",""
"Each entry in ``INVALID_PAYER_IDS`` (see dataset docstring) must be rejected with 400.","595","The activation request must contain a validly formatted fiscal code","functional-tests.tests.activation","2026-09-23","passed","2026-09-23","","test_debtor_activation_create","",""
"OTP bound to payer1 should not work for payer2","1776","Test Takeover Fails with OTP Bound to Different Payer","functional-tests.tests.takeover","2026-09-23","passed","2026-09-23","","test_debtor_takeover","",""
"","1847","RTP cancellation fails with an invalid reason","functional-tests.tests.cancel_rtp","2026-09-23","passed","2026-09-23","","test_RTP_cancel","",""
"","1168","Whitespaces is allowed in description and company name field","ux-tests.tests","2026-09-23","passed","2026-09-23","","test_RTP_submission_v4","",""
"Test sending an UPDATE operation message with different statuses via GPD message API before a CREATE","1175","An UPDATE message with status PARTIALLY_PAID before CREATE","functional-tests.tests.process_messages_sender","2026-09-23","passed","2026-09-23","","test_RTP_process_sender_UPDATE_before_CREATE","",""
"Test sending a DELETE operation message via GPD message API after a CREATE VALID + UPDATE","2461","A DELETE message after CREATE VALID + UPDATE PARTIALLY_PAID","functional-tests.tests.process_messages_sender","2026-09-23","passed","2026-09-23","","test_RTP_process_sender_DELETE","",""
"","2321","RTP form is filled and submitted","ux-tests.tests","2026-09-23","passed","2026-09-23","","test_RTP_cancel_v4","",""
"","3683","A v2 RTP callback with status ACCP is successfully received","functional-tests.tests.callbacks_v2","2026-09-23","passed","2026-09-23","","test_RTP_callback_DS_08P_positive","",""
"The mock policy falls back to its default `{}` response when no notice number matches, so the RTP stays in RFC_SENT.","2603","Cancelling an RTP - EPC v4 mock happy path scenario: no_match_fallback","functional-tests.tests.cancel_rtp","2026-09-23","passed","2026-09-23","","test_RTP_cancel_MOCK_V2","",""
"Each entry in ``INVALID_PAYER_IDS`` must be rejected with 400.

The ``description`` parameter appears in pytest output to identify which
case failed without having to inspect the raw value.
","604","Querying activation status with an invalid payerId format returns 400","functional-tests.tests.activation","2026-09-23","passed","2026-09-23","","test_debtor_activation_payer_status","",""
"","1164","A debtor with foreign fiscal code is activated successfully","functional-tests.tests.activation","2026-09-23","passed","2026-09-23","","test_debtor_activation_create","",""
"The PSP synchronously rejects the cancellation request with 422 (per standard behaviour for the EPC 410 Gone scenario). The RTP then transitions to ERROR_CANCEL via ERROR_CANCEL_RTP.","3642","Cancelling an RTP - EPC v4 mock unhappy path scenario: epc_410","functional-tests.tests.cancel_rtp","2026-09-23","passed","2026-09-23","","test_RTP_cancel_MOCK_V2","",""
"","571","All auth fixtures expose a valid Bearer token format","functional-tests.tests.auth","2026-09-23","passed","2026-09-23","","test_auth","",""
"","561","All auth fixtures expose a valid Bearer token format","functional-tests.tests.auth","2026-09-23","passed","2026-09-23","","test_auth","",""
"DS_08N RJCT callback sent directly on a SENT RTP (no prior DS_05 ACTC callback).

The RTP is expected to transition from SENT to REJECTED.
","3652","A v2 RTP callback with status RJCT is successfully received","functional-tests.tests.callbacks_v2","2026-09-23","passed","2026-09-23","","test_RTP_callback_DS_08N_negative","",""
"","637","Sending to non-activated debtor returns 422 - through Web API","functional-tests.tests.send_rtp","2026-09-23","passed","2026-09-23","","test_RTP_send_MOCK","",""
"
Test RFC callback DS12N with wrong certificate identity, cancel via REST Web API.

Flow:
1. Activate payer
2. Send an RTP via GPD message (CREATE VALID)
3. Cancel the RTP via REST cancel endpoint with cancel_reason → RTP to RFC_SENT
4. Send DS12N callback with assignee_bic='FAKESP01' (doesn't match certificate identity MOCKSP04)
5. Verify callback is rejected with 403 (certificate mismatch)
","2586","Unauthorized RFC callback due to wrong certificate serial - through Web API cancel","functional-tests.tests.callbacks","2026-09-23","passed","2026-09-23","","test_RTP_callback_DS_12N","",""
"","648","Sending to non-activated debtor returns 422 - through Web API V2","functional-tests.tests.send_rtp","2026-09-23","passed","2026-09-23","","test_RTP_send_MOCK","",""
"","2477","Failed callback for non existing Service Provider - DS-08P positive compliant","functional-tests.tests.callbacks_v2","2026-09-23","passed","2026-09-23","","test_RTP_callback_DS_08P_positive","",""
"","2472","An RTP sent with synchronous rejection is in status REJECTED - DS-08P N - through Web API V2","functional-tests.tests.send_rtp","2026-09-23","passed","2026-09-23","","test_RTP_send_MOCK","",""
"","2496","Unauthorized callback due to wrong certificate serial","functional-tests.tests.callbacks_v2","2026-09-23","passed","2026-09-23","","test_RTP_callback_DS_05_redirect","",""
"DS_08N RJCT callback sent twice on the same RTP (direct SENT -> REJECTED).

The second callback must be rejected with 400 since the transition is no
longer valid once the RTP is already REJECTED.
","4229","Failed v2 callback for invalid RTP transition - DS-08N negative compliant","functional-tests.tests.callbacks_v2","2026-09-23","passed","2026-09-23","","test_RTP_callback_DS_08N_negative","",""
"CREATE VALID with an ec_tax_code that does not exist in GPD returns 422 Payee not found","1192","A CREATE VALID message with a non-existent ec_tax_code is rejected","functional-tests.tests.process_messages_sender","2026-09-23","passed","2026-09-23","","test_RTP_process_sender_CREATE","",""
"","560","Missing Version header returns 200","functional-tests.tests.activation","2026-09-23","passed","2026-09-23","","test_debtor_activation_list","",""
"
Test RFC callback DS12N with RJCR status, cancel triggered via REST Web API with explicit reason.

Flow:
1. Activate payer
2. Send an RTP via GPD message (CREATE VALID)
3. Cancel the RTP via REST cancel endpoint with cancel_reason → RTP to RFC_SENT
4. Send DS12N callback with CxlStsId RJCR (Rejected Cancellation Request)
5. Verify callback is accepted (200)
6. Verify RTP status is ERROR_CANCEL
","3575","An RFC callback DS12N RJCR is successfully received and RTP status is ERROR_CANCEL - through Web API cancel","functional-tests.tests.callbacks","2026-09-23","passed","2026-09-23","","test_RTP_callback_DS_12N","",""
"Empty OTP should be rejected","603","Test Takeover Fails with Empty OTP","functional-tests.tests.takeover","2026-09-23","passed","2026-09-23","","test_debtor_takeover","",""
"Active payer identified by an 11-digit Partita IVA → isActive must be true.","1491","An active payer with VAT number (Partita IVA) returns isActive true","functional-tests.tests.activation","2026-09-23","passed","2026-09-23","","test_debtor_activation_payer_status","",""
"","2063","An authenticated Service Provider cannot send an RTP to an activated debtor","bdd-tests","2026-09-23","passed","2026-09-23","RTP_Sending","RTP","",""
"Each entry in ``INVALID_PAYER_IDS`` must be rejected with 400.

The ``description`` parameter appears in pytest output to identify which
case failed without having to inspect the raw value.
","573","Querying activation status with an invalid payerId format returns 400","functional-tests.tests.activation","2026-09-23","passed","2026-09-23","","test_debtor_activation_payer_status","",""
"","1165","A debtor is activated and retrieved by activation id","functional-tests.tests.activation","2026-09-23","passed","2026-09-23","","test_debtor_activation_get","",""
"
Given a debtor is activated and a GPD message (CREATE) is sent via POST /gpd/message,
when the rtp-sender processes it and the RTP reaches status SENT,
when the payee queries the delivery-status endpoint with the correct noticeNumber
(nav) and payeeId (ec_tax_code),
then the response body must contain status=PD_RTP_DELIVERED, a non-null processingDate
in ISO 8601 format, and processingDate must match the SEND_RTP event timestamp from
the GPD message response (truncated to millisecond precision).
","6852","GPD message sent → RTP SENT → PD_RTP_DELIVERED with processingDate","functional-tests.tests.get_rtp","2026-09-23","passed","2026-09-23","","test_RTP_get_delivery_status","",""
"","1946","An RTP sent with synchronous acceptance is in status ACCEPTED - DS-05 ACTC - through Web API V2","functional-tests.tests.send_rtp","2026-09-23","passed","2026-09-23","","test_RTP_send_MOCK","",""
"","2470","Unauthorized callback due to wrong certificate serial","functional-tests.tests.callbacks_v2","2026-09-23","passed","2026-09-23","","test_RTP_callback_DS_document_rjct","",""
"","1323","Sending an RTP when EPC returns a malformed/invalid response body returns 500 - through Web API","functional-tests.tests.send_rtp","2026-09-23","passed","2026-09-23","","test_RTP_send_MOCK","",""
"
Test RFC callback DS12P with CNCL status.

Flow:
1. Activate payer
2. Send an RTP via GPD message (CREATE VALID)
3. Cancel the RTP via GPD message (DELETE) → RTP to RFC_SENT
4. Send DS12P callback with CxlStsId CNCL (Cancelled As Per Request)
5. Verify callback is accepted (200)
6. Verify RTP status is CANCELLED
","3090","An RFC callback DS12P CNCL is successfully received and RTP status is CANCEL","functional-tests.tests.callbacks","2026-09-23","passed","2026-09-23","","test_RTP_callback_DS_12P","",""
"Test sending a DELETE operation message via GPD message API after a CREATE VALID + UPDATE","2477","A DELETE message after CREATE VALID + UPDATE DRAFT","functional-tests.tests.process_messages_sender","2026-09-23","passed","2026-09-23","","test_RTP_process_sender_DELETE","",""
"","1182","A second service provider triggers takeover when debtor is already active on another service provider","functional-tests.tests.activation","2026-09-23","passed","2026-09-23","","test_debtor_activation_create","",""
"
Verify that a debt position can be deleted successfully.
","2779","Happy path: a debt position is deleted in UAT environment","functional-tests.tests.gpd_availability","2026-09-23","passed","2026-09-23","","test_availability_GPD","",""
"","1622","Takeover fails without authentication","bdd-tests","2026-09-23","passed","2026-09-23","Debtor_Activation_Takeover","RTP","",""
"","2425","An RTP sent with synchronous rejection containing extra fields results in status REJECTED","functional-tests.tests.send_rtp","2026-09-23","passed","2026-09-23","","test_RTP_send_MOCK","",""
"MOCKSP04 owns MOCKSP01 and triggers the OTP; FAKESP01, which owns neither, must be rejected
with an explicit ownership error, not merely a generic 403.","1757","Test Takeover Fails when Redeemer Does Not Own the OTP's Service Provider ID","functional-tests.tests.takeover","2026-09-23","passed","2026-09-23","","test_debtor_takeover","",""
"","574","Failed callback for non existing Service Provider - DS-08P compliant","functional-tests.tests.callbacks","2026-09-23","passed","2026-09-23","","test_RTP_callback_DS_08","",""
"","599","RTP cancellation fails if resource ID does not exist - V2","functional-tests.tests.cancel_rtp","2026-09-23","passed","2026-09-23","","test_RTP_cancel","",""
"
Test v2 RFC callback DS12P with wrong certificate identity.

Flow:
1. Activate payer
2. Send an RTP via GPD message v2 (CREATE VALID)
3. Cancel the RTP via GPD message v2 (DELETE) -> RTP to RFC_SENT
4. Send DS12P callback with assignee_bic='FAKESP01' (doesn't match certificate identity)
5. Verify callback is rejected with 403 (certificate mismatch)
6. Verify RTP status is still RFC_SENT
","3167","Unauthorized v2 RFC callback due to wrong certificate serial","functional-tests.tests.callbacks_v2","2026-09-23","passed","2026-09-23","","test_RTP_callback_DS_12P_positive","",""
"The ownership check fails the same way whether the target spId belongs to someone else
or doesn't exist in the registry at all - NOEXIT00 is not a real Service Provider ID.","561","Activation is forbidden with the same error code for a Service Provider ID absent from the registry","functional-tests.tests.activation","2026-09-23","passed","2026-09-23","","test_debtor_activation_create","",""
"","1180","A debtor activated with an owned but distinct Service Provider ID is deactivated","functional-tests.tests.activation","2026-09-23","passed","2026-09-23","","test_debtor_deactivation","",""
"","0","A Service Provider is authenticated","functional-tests.tests.auth","2026-09-23","passed","2026-09-23","","test_auth","",""
"Each entry in ``INVALID_PAYER_IDS`` must be rejected with 400.

The ``description`` parameter appears in pytest output to identify which
case failed without having to inspect the raw value.
","566","Querying activation status with an invalid payerId format returns 400","functional-tests.tests.activation","2026-09-23","passed","2026-09-23","","test_debtor_activation_payer_status","",""
"Test sending an UPDATE after CREATE VALID + DELETE with different statuses","2478","An UPDATE message with status PARTIALLY_PAID after CREATE VALID and DELETE","functional-tests.tests.process_messages_sender","2026-09-23","passed","2026-09-23","","test_RTP_process_sender_UPDATE","",""
"
Test RFC callback DS12N with wrong certificate identity, cancel via REST Web API.

Flow:
1. Activate payer
2. Send an RTP via GPD message (CREATE VALID)
3. Cancel the RTP via REST cancel endpoint with cancel_reason → RTP to RFC_SENT
4. Send DS12N callback with assignee_bic='FAKESP01' (doesn't match certificate identity MOCKSP04)
5. Verify callback is rejected with 403 (certificate mismatch)
","2439","Unauthorized RFC callback due to wrong certificate serial - through Web API cancel","functional-tests.tests.callbacks","2026-09-23","passed","2026-09-23","","test_RTP_callback_DS_12N","",""
"","1805","RTP form is filled and submitted","ux-tests.tests","2026-09-23","passed","2026-09-23","","test_RTP_submission_v3","",""
"Each entry in ``INVALID_PAYER_IDS`` must be rejected with 400.

The ``description`` parameter appears in pytest output to identify which
case failed without having to inspect the raw value.
","735","Querying activation status with an invalid payerId format returns 400","functional-tests.tests.activation","2026-09-23","passed","2026-09-23","","test_debtor_activation_payer_status","",""
"","575","Invalid pagination parameters returns 400","functional-tests.tests.activation","2026-09-23","passed","2026-09-23","","test_debtor_activation_list","",""
"","573","Retrieving activation with malformed payer id returns 400","functional-tests.tests.activation","2026-09-23","passed","2026-09-23","","test_debtor_activation_get","",""
"","2422","Cannot send RTP with expired date","functional-tests.tests.availability","2026-09-23","passed","2026-09-23","","test_availability_CBI","",""
"Test sending an UPDATE after CREATE VALID + DELETE with different statuses","2481","An UPDATE message with status PAID after CREATE VALID and DELETE","functional-tests.tests.process_messages_sender","2026-09-23","passed","2026-09-23","","test_RTP_process_sender_UPDATE","",""
"Test sending a CREATE operation message with different statuses via GPD message API","1147","A CREATE message with status PARTIALLY_PAID","functional-tests.tests.process_messages_sender","2026-09-23","passed","2026-09-23","","test_RTP_process_sender_CREATE","",""
"","2163","RTP is successfully cancelled with reason MODT","functional-tests.tests.cancel_rtp","2026-09-23","passed","2026-09-23","","test_RTP_cancel","",""
"
Test RFC callback DS12P with INVALID status, cancel via REST Web API.

Flow:
1. Activate payer
2. Send an RTP via GPD message (CREATE VALID)
3. Cancel the RTP via REST cancel endpoint with cancel_reason → RTP to RFC_SENT
4. Send DS12P callback with CxlStsId INVALID
5. Verify callback is rejected with 400
6. Verify RTP status is still RFC_SENT
","3039","An RFC callback DS12P INVALID is rejected with 400 - through Web API cancel","functional-tests.tests.callbacks","2026-09-23","passed","2026-09-23","","test_RTP_callback_DS_12P","",""
"","2417","Attempt to cancel a non-existing RTP","bdd-tests","2026-09-23","passed","2026-09-23","RTP_Cancellation","RTP","",""
"
Test RFC callback DS12N with non-existing service provider, cancel via REST Web API.

Flow:
1. Activate payer
2. Send an RTP via GPD message (CREATE VALID)
3. Cancel the RTP via REST cancel endpoint with cancel_reason → RTP to RFC_SENT
4. Send DS12N callback with non-existing BIC (MOCKSP99)
5. Verify callback is rejected with 400 (service provider not found)
","2448","Failed RFC callback for non existing Service Provider - DS-12N RJCR compliant - through Web API cancel","functional-tests.tests.callbacks","2026-09-23","passed","2026-09-23","","test_RTP_callback_DS_12N","",""
"","1177","Get a page of activations","functional-tests.tests.activation","2026-09-23","passed","2026-09-23","","test_debtor_activation_list","",""
"Test sending a DELETE operation message via GPD message API after a CREATE VALID + UPDATE","2934","A DELETE message after CREATE VALID + UPDATE INVALID","functional-tests.tests.process_messages_sender","2026-09-23","passed","2026-09-23","","test_RTP_process_sender_DELETE","",""
"","578","All auth fixtures expose a valid Bearer token format","functional-tests.tests.auth","2026-09-23","passed","2026-09-23","","test_auth","",""
"","596","A Service Provider with invalid client secret is not authenticated on Keycloak","functional-tests.tests.auth","2026-09-23","passed","2026-09-23","","test_auth","",""
"","877","Get paginated list of OPT_OUT payees consents successfully","functional-tests.tests.service_registry","2026-09-23","passed","2026-09-23","","test_get_payees_consents","",""
"FAKESP01 does not own MOCKSP01, a Service Provider ID owned by another tspId.","587","Activation is forbidden for a Service Provider ID not owned by the token subject","functional-tests.tests.activation","2026-09-23","passed","2026-09-23","","test_debtor_activation_create","",""
"UPDATE PAID with psp_tax_code=None (invalid PSP) results in RTP state RFC_SENT","1888","An UPDATE PAID message with an invalid PSP results in RFC_SENT state","functional-tests.tests.process_messages_sender","2026-09-23","passed","2026-09-23","","test_RTP_process_sender_UPDATE","",""
"Active payer with omocodia fiscal code (digit substitution) → isActive must be true.","1337","An active payer with omocodia fiscal code returns isActive true","functional-tests.tests.activation","2026-09-23","passed","2026-09-23","","test_debtor_activation_payer_status","",""
"","581","Failed callback for non existing Service Provider - DS-04b compliant","functional-tests.tests.callbacks","2026-09-23","passed","2026-09-23","","test_RTP_callback_DS_04","",""
"
Given a debtor is activated with the mock fiscal code that makes the debtor
service provider mock reply with a server error, when a GPD message (CREATE)
is sent via POST /gpd/message, then the rtp-sender fails to deliver the RTP
and records an ERROR_SEND_RTP event (RTP status becomes ERROR_SEND). RTPs in
ERROR_SEND status are purged from both Cosmos and ADX, so querying by
noticeNumber returns an empty list. When the payee then queries the
delivery-status endpoint with the matching noticeNumber and payeeId, the
response must still be HTTP 200 with status=PD_RTP_NOT_DELIVERED and
processingDate absent or null.
","8984","RTP with ERROR_SEND_RTP event → PD_RTP_NOT_DELIVERED","functional-tests.tests.get_rtp","2026-09-23","passed","2026-09-23","","test_RTP_get_delivery_status","",""
"Each entry in ``INVALID_PAYER_IDS`` (see dataset docstring) must be rejected with 400.","586","The activation request must contain a validly formatted fiscal code","functional-tests.tests.activation","2026-09-23","passed","2026-09-23","","test_debtor_activation_create","",""
"","572","Unauthorized callback due to wrong certificate serial","functional-tests.tests.callbacks","2026-09-23","passed","2026-09-23","","test_RTP_callback_DS_08","",""
"","586","Invalid pagination parameters returns 400","functional-tests.tests.activation","2026-09-23","passed","2026-09-23","","test_debtor_activation_list","",""
"Each entry in ``INVALID_PAYER_IDS`` (see dataset docstring) must be rejected with 400.","587","The activation request must contain a validly formatted fiscal code","functional-tests.tests.activation","2026-09-23","passed","2026-09-23","","test_debtor_activation_create","",""
"
Test v2 RFC callback DS12N with RJCR status applied twice on the same RTP.

Flow:
1. Activate payer
2. Send an RTP via GPD message v2 (CREATE VALID)
3. Cancel the RTP via GPD message v2 (DELETE) -> RTP to RFC_SENT
4. Send DS12N callback with CxlStsId RJCR (Rejected Cancellation Request) -> RTP to CANCELLED_REJECTED
5. Send the same DS12N RJCR callback again on the already transitioned RTP
6. Verify the second callback is rejected (400) since the transition is no longer valid
7. Verify RTP status remains CANCELLED_REJECTED
","4926","Failed v2 RFC callback for invalid RTP transition - DS-12N negative compliant","functional-tests.tests.callbacks_v2","2026-09-23","passed","2026-09-23","","test_RTP_callback_DS_12N_negative","",""
"Test sending an UPDATE operation message with different statuses via GPD message API before a CREATE","1169","An UPDATE message with status PAID before CREATE","functional-tests.tests.process_messages_sender","2026-09-23","passed","2026-09-23","","test_RTP_process_sender_UPDATE_before_CREATE","",""
"Test sending a DELETE operation message via GPD message API after a standalone UPDATE (no prior CREATE)","1743","A DELETE message after standalone UPDATE PAID","functional-tests.tests.process_messages_sender","2026-09-23","passed","2026-09-23","","test_RTP_process_sender_DELETE","",""
"Same privacy rule as the cross-SP case: no explicit error, isActive is just false.","1152","Get payer status returns isActive false when the token subject does not own the activation's Service Provider ID","functional-tests.tests.activation","2026-09-23","passed","2026-09-23","","test_debtor_activation_payer_status","",""
"","2038","An authenticated creditor Service Provider can send an RTP to an activated debtor","bdd-tests","2026-09-23","passed","2026-09-23","RTP_Sending","RTP","",""
"","2465","An RTP sent with synchronous rejection is in status REJECTED - DS-08P N","functional-tests.tests.send_rtp","2026-09-23","passed","2026-09-23","","test_RTP_send_MOCK","",""
"","1347","SP_ACTIVATIONS_READ_ALL can retrieve activation by Activation ID created by SP_A","functional-tests.tests.activation","2026-09-23","passed","2026-09-23","","test_RTP_activation_security","",""
"`Sts.Conf = ""RJCR""` triggers CANCEL_RTP -> CONFIRM_RFC -> CANCEL_RTP_REJECTED, ending in CANCELLED_REJECTED.","3171","Cancelling an RTP - EPC v4 mock happy path scenario: rjcr_rejected","functional-tests.tests.cancel_rtp","2026-09-23","passed","2026-09-23","","test_RTP_cancel_MOCK_V2","",""
"","1515","An RTP is sent through API - through Web API V2","functional-tests.tests.send_rtp","2026-09-23","passed","2026-09-23","","test_RTP_send_MOCK","",""
"Test sending a DELETE operation message via GPD message API after a CREATE VALID + UPDATE","2634","A DELETE message after CREATE VALID + UPDATE EXPIRED","functional-tests.tests.process_messages_sender","2026-09-23","passed","2026-09-23","","test_RTP_process_sender_DELETE","",""
"","627","The RTP web page is reachable","functional-tests.tests.availability","2026-09-23","passed","2026-09-23","","test_availability_RTP_webform","",""
"","2423","An RTP callback is received with invalid status","functional-tests.tests.callbacks","2026-09-23","passed","2026-09-23","","test_RTP_callback_DS_08","",""
"Each entry in ``INVALID_PAYER_IDS`` (see dataset docstring) must be rejected with 400.","579","The activation request must contain a validly formatted fiscal code","functional-tests.tests.activation","2026-09-23","failed","2026-09-23","","test_debtor_activation_create","",""
"Test sending an UPDATE operation message with different statuses via GPD message API after a CREATE","1855","An UPDATE message with status PUBLISHED after CREATE","functional-tests.tests.process_messages_sender","2026-09-23","passed","2026-09-23","","test_RTP_process_sender_UPDATE","",""
"Payer activated under SP A queried by SP A → isActive must be true.","1177","An active payer returns isActive true for the same Service Provider","functional-tests.tests.activation","2026-09-23","passed","2026-09-23","","test_debtor_activation_payer_status","",""
"
Payer activated under SP A.
- SP B (read_rtp_activations): isActive must be false - privacy rule hides cross-SP activation.
- Admin (read_rtp_all): isActive must be true - role grants visibility across all SPs.
Same payer, same endpoint, different roles → different results.
","1760","read_rtp_all role returns isActive true while read_rtp_activations returns false for the same cross-SP payer","functional-tests.tests.activation","2026-09-23","passed","2026-09-23","","test_debtor_activation_payer_status","",""
"","3046","DS_08N negative v2 callback with Version header returns 400","functional-tests.tests.callbacks_v2","2026-09-23","passed","2026-09-23","","test_RTP_callback_with_version_header","",""
"Test that takeover fails when an invalid OTP is provided","1747","Test Takeover Fails with Invalid OTP","functional-tests.tests.takeover","2026-09-23","passed","2026-09-23","","test_debtor_takeover","",""
"","4210","Failed v2 document callback for invalid RTP transition - DS-document RJCT compliant","functional-tests.tests.callbacks_v2","2026-09-23","passed","2026-09-23","","test_RTP_callback_DS_document_rjct","",""
"
Payer activated under SP A.
Token with read_rtp_all can read across all Service Providers:
the admin client sub does not match SP A, yet isActive must be true.
","1169","read_rtp_all role returns isActive true for a payer on any Service Provider","functional-tests.tests.activation","2026-09-23","passed","2026-09-23","","test_debtor_activation_payer_status","",""
"","577","A Service Provider with invalid client ID is not authenticated on Keycloak","functional-tests.tests.auth","2026-09-23","passed","2026-09-23","","test_auth","",""
"","570","Retrieving activation with invalid UUID returns 400","functional-tests.tests.activation","2026-09-23","passed","2026-09-23","","test_debtor_activation_get","",""
"","576","Get payees consents with invalid date format returns 400","functional-tests.tests.service_registry","2026-09-23","passed","2026-09-23","","test_get_payees_consents","",""
"Test sending a CREATE operation message with different statuses via GPD message API","1198","A CREATE message with status EXPIRED","functional-tests.tests.process_messages_sender","2026-09-23","passed","2026-09-23","","test_RTP_process_sender_CREATE","",""
"","3074","A v2 RTP callback with invalid status is rejected without affecting the RTP status","functional-tests.tests.callbacks_v2","2026-09-23","passed","2026-09-23","","test_RTP_callback_DS_08N_negative","",""
"Each entry in ``INVALID_PAYER_IDS`` (see dataset docstring) must be rejected with 400.","569","The activation request must contain a validly formatted fiscal code","functional-tests.tests.activation","2026-09-23","passed","2026-09-23","","test_debtor_activation_create","",""
"Test sending a DELETE operation message via GPD message API after a standalone UPDATE (no prior CREATE)","1768","A DELETE message after standalone UPDATE PARTIALLY_PAID","functional-tests.tests.process_messages_sender","2026-09-23","passed","2026-09-23","","test_RTP_process_sender_DELETE","",""
"","4162","Failed callback for invalid RTP transition - DS-08N compliant","functional-tests.tests.callbacks","2026-09-23","passed","2026-09-23","","test_RTP_callback_DS_08","",""
"Test sending a DELETE operation message via GPD message API after a CREATE","1760","A DELETE message after CREATE DRAFT","functional-tests.tests.process_messages_sender","2026-09-23","passed","2026-09-23","","test_RTP_process_sender_DELETE","",""
"","2425","An RTP sent with synchronous rejection is in status REJECTED - DS-08P N - through Web API","functional-tests.tests.send_rtp","2026-09-23","passed","2026-09-23","","test_RTP_send_MOCK","",""
"","4196","An RTP callback is successfully received with status RJCT","functional-tests.tests.callbacks","2026-09-23","passed","2026-09-23","","test_RTP_callback_DS_08","",""
"
Verify that a debt position can be created and published successfully.
","590","Happy path: a debt position is created and published in DEV environment","functional-tests.tests.gpd_availability","2026-09-23","failed","2026-09-23","","test_availability_GPD","",""
"","1175","Sending a GPD message with null id returns 400","functional-tests.tests.send_rtp","2026-09-23","passed","2026-09-23","","test_RTP_send_MOCK","",""
"Each entry in ``INVALID_PAYER_IDS`` must be rejected with 400.

The ``description`` parameter appears in pytest output to identify which
case failed without having to inspect the raw value.
","581","Querying activation status with an invalid payerId format returns 400","functional-tests.tests.activation","2026-09-23","passed","2026-09-23","","test_debtor_activation_payer_status","",""
"
DS_05 ACTC callback sent with the Version header must be rejected with 400.
The RTP must remain in SENT (transition to ACCEPTED must not happen).

Flow:
1. Activate payer and send an RTP → resource_id
2. Build a valid DS_05 ACTC payload referencing the RTP
3. POST to callback endpoint WITH Version header
4. Verify 400 is returned with the expected error body
5. Verify RTP status is still SENT
","2410","DS_05 ACTC callback with Version header returns 400","functional-tests.tests.callbacks","2026-09-23","passed","2026-09-23","","test_RTP_callback_with_version_header","",""
"Test sending a DELETE operation message via GPD message API after a CREATE VALID + UPDATE","3075","A DELETE message after CREATE VALID + UPDATE PAID","functional-tests.tests.process_messages_sender","2026-09-23","passed","2026-09-23","","test_RTP_process_sender_DELETE","",""
"Each entry in ``INVALID_PAYER_IDS`` must be rejected with 400.

The ``description`` parameter appears in pytest output to identify which
case failed without having to inspect the raw value.
","577","Querying activation status with an invalid payerId format returns 400","functional-tests.tests.activation","2026-09-23","passed","2026-09-23","","test_debtor_activation_payer_status","",""
"Each entry in ``INVALID_PAYER_IDS`` (see dataset docstring) must be rejected with 400.","586","The activation request must contain a validly formatted fiscal code","functional-tests.tests.activation","2026-09-23","passed","2026-09-23","","test_debtor_activation_create","",""
"Each entry in ``INVALID_PAYER_IDS`` must be rejected with 400.

The ``description`` parameter appears in pytest output to identify which
case failed without having to inspect the raw value.
","575","Querying activation status with an invalid payerId format returns 400","functional-tests.tests.activation","2026-09-23","passed","2026-09-23","","test_debtor_activation_payer_status","",""
"","1885","RTP form is filled and submitted","ux-tests.tests","2026-09-23","passed","2026-09-23","","test_RTP_submission_v4","",""
"","1268","Sending an RTP when EPC returns an unexpected status code error (RTP_05.CHK.A0007) returns 500 - through Web API","functional-tests.tests.send_rtp","2026-09-23","passed","2026-09-23","","test_RTP_send_MOCK","",""
"Test sending an UPDATE operation message with different statuses via GPD message API after a CREATE","1995","An UPDATE message with status VALID after CREATE","functional-tests.tests.process_messages_sender","2026-09-23","passed","2026-09-23","","test_RTP_process_sender_UPDATE","",""
"
Test RFC callback DS12P with wrong certificate identity.

Flow:
1. Activate payer
2. Send an RTP via GPD message (CREATE VALID)
3. Cancel the RTP via GPD message (DELETE) → RTP to RFC_SENT
4. Send DS12P callback with assignee_bic='FAKESP01' (doesn't match certificate identity MOCKSP04)
5. Verify callback is rejected with 403 (certificate mismatch)
","2461","Unauthorized RFC callback due to wrong certificate serial","functional-tests.tests.callbacks","2026-09-23","passed","2026-09-23","","test_RTP_callback_DS_12P","",""
"","1303","Sending an RTP when EPC returns a malformed/invalid response body returns 500","functional-tests.tests.send_rtp","2026-09-23","passed","2026-09-23","","test_RTP_send_MOCK","",""
"Test sending a DELETE operation message via GPD message API after a standalone UPDATE (no prior CREATE)","1738","A DELETE message after standalone UPDATE INVALID","functional-tests.tests.process_messages_sender","2026-09-23","passed","2026-09-23","","test_RTP_process_sender_DELETE","",""
"An EPC response containing fields not declared in the OpenAPI spec is treated as an invalid message and is NOT tolerated for accept/reject purposes (confirmed with rtp-sender-v2 maintainers, PR #26). The extra `invalid-field` property invalidates the whole response, so the RJCR confirmation is not processed and the RTP stays in RFC_SENT.","2723","Cancelling an RTP - EPC v4 mock unhappy path scenario: rjcr_extra_field","functional-tests.tests.cancel_rtp","2026-09-23","passed","2026-09-23","","test_RTP_cancel_MOCK_V2","",""
"
Tests the retrieval of an access token from the POSTE authentication endpoint using client credentials and mutual TLS.

:param debtor_sp_mock_cert_key: Certificate and key tuple for mutual TLS authentication.
:type debtor_sp_mock_cert_key: Tuple[str, str]
","248","Auth endpoint returns valid token","functional-tests.tests.availability","2026-09-23","passed","2026-09-23","","test_availability_POSTE","",""
"Test sending an UPDATE operation message with different statuses via GPD message API after a CREATE","1892","An UPDATE message with status INVALID after CREATE","functional-tests.tests.process_messages_sender","2026-09-23","passed","2026-09-23","","test_RTP_process_sender_UPDATE","",""
"","4047","DS_12N negative RFC v2 callback with Version header returns 400","functional-tests.tests.callbacks_v2","2026-09-23","passed","2026-09-23","","test_RTP_callback_with_version_header","",""
"Test sending a CREATE operation message via GPD message API","1303","A CREATE message is successfully sent through GPD message API","functional-tests.tests.process_messages_sender","2026-09-23","passed","2026-09-23","","test_RTP_process_sender","",""
"Authenticated but not authorized: token of SP A tries to use OTP issued for SP B","1761","Test Takeover Fails with Wrong SP Token","functional-tests.tests.takeover","2026-09-23","passed","2026-09-23","","test_debtor_takeover","",""
"","600","inexistent RTP -> empty body","functional-tests.tests.get_rtp","2026-09-23","passed","2026-09-23","","test_RTP_get","",""
"","3243","An RTP callback with invalid status is received and processed with success without affecting the RTP status","functional-tests.tests.callbacks","2026-09-23","passed","2026-09-23","","test_RTP_callback_DS_05","",""
"","664","An RTP is sent to ICCREA service with activated fiscal code","functional-tests.tests.send_rtp","2026-09-23","failed","2026-09-23","","test_RTP_send_ICCREA","",""
"","1272","An RTP is sent through GPD message API","functional-tests.tests.send_rtp","2026-09-23","passed","2026-09-23","","test_RTP_send_MOCK","",""
"","3107","DS_05 redirect v2 callback with Version header returns 400","functional-tests.tests.callbacks_v2","2026-09-23","passed","2026-09-23","","test_RTP_callback_with_version_header","",""
"Test sending an UPDATE operation message with different statuses via GPD message API after a CREATE","2412","An UPDATE message with status PAID after CREATE","functional-tests.tests.process_messages_sender","2026-09-23","passed","2026-09-23","","test_RTP_process_sender_UPDATE","",""
"","589","Deactivation fails for non-existing activation","functional-tests.tests.activation","2026-09-23","passed","2026-09-23","","test_debtor_deactivation","",""
"
DS_12P CNCL RFC callback sent with the Version header must be rejected with 400.
The RTP must remain in RFC_SENT (transition to CANCELLED must not happen).

Flow:
1. Activate payer, send RTP, trigger cancel via GPD DELETE → RFC_SENT
2. Build a valid DS_12P CNCL payload
3. POST to RFC callback endpoint WITH Version header
4. Verify 400 is returned with the expected error body
5. Verify RTP status is still RFC_SENT
","3037","DS_12P CNCL RFC callback with Version header returns 400","functional-tests.tests.callbacks","2026-09-23","passed","2026-09-23","","test_RTP_callback_with_version_header","",""
"","576","All auth fixtures expose a valid Bearer token format","functional-tests.tests.auth","2026-09-23","passed","2026-09-23","","test_auth","",""
"
DS_12N RJCR RFC callback sent with the Version header must be rejected with 400.
The RTP must remain in RFC_SENT (transition to ERROR_CANCEL must not happen).

Flow:
1. Activate payer, send RTP, trigger cancel via GPD DELETE → RFC_SENT
2. Build a valid DS_12N RJCR payload
3. POST to RFC callback endpoint WITH Version header
4. Verify 400 is returned with the expected error body
5. Verify RTP status is still RFC_SENT
","3037","DS_12N RJCR RFC callback with Version header returns 400","functional-tests.tests.callbacks","2026-09-23","passed","2026-09-23","","test_RTP_callback_with_version_header","",""
"`Sts.Conf = ""CNCL""` triggers CANCEL_RTP -> CONFIRM_RFC -> CANCEL_RTP_ACCR, ending in CANCELLED_ACCR.","4085","Cancelling an RTP - EPC v4 mock happy path scenario: cncl_confirmed","functional-tests.tests.cancel_rtp","2026-09-23","passed","2026-09-23","","test_RTP_cancel_MOCK_V2","",""
"","1154","A debtor with VAT number (Partita IVA) is activated successfully","functional-tests.tests.activation","2026-09-23","passed","2026-09-23","","test_debtor_activation_create","",""
"
Test v2 RFC callback DS12N with INVALID status.

Flow:
1. Activate payer
2. Send an RTP via GPD message v2 (CREATE VALID)
3. Cancel the RTP via GPD message v2 (DELETE) -> RTP to RFC_SENT
4. Send DS12N callback with CxlStsId INVALID
5. Verify callback is rejected with 400
6. Verify RTP status is still RFC_SENT
","3226","A v2 RFC callback DS12N INVALID is rejected with 400","functional-tests.tests.callbacks_v2","2026-09-23","passed","2026-09-23","","test_RTP_callback_DS_12N_negative","",""
"","1246","Get by activation id returns 404 when the token subject does not own the activation's Service Provider ID","functional-tests.tests.activation","2026-09-23","passed","2026-09-23","","test_debtor_activation_get","",""
"","595","Retrieving non-existent activation returns 404","functional-tests.tests.activation","2026-09-23","passed","2026-09-23","","test_debtor_activation_get","",""
"","1303","Deactivation returns 404 when the token subject does not own the activation's Service Provider ID","functional-tests.tests.activation","2026-09-23","passed","2026-09-23","","test_debtor_deactivation","",""
"Each entry in ``INVALID_PAYER_IDS`` (see dataset docstring) must be rejected with 400.","570","The activation request must contain a validly formatted fiscal code","functional-tests.tests.activation","2026-09-23","passed","2026-09-23","","test_debtor_activation_create","",""
"","1315","Sending an RTP when EPC returns a malformed/invalid response body returns 500 - through Web API V2","functional-tests.tests.send_rtp","2026-09-23","passed","2026-09-23","","test_RTP_send_MOCK","",""
"
Tests that sending an RTP payload with an expired date to the POSTE endpoint results in a 400 Bad Request response.

:param debtor_sp_mock_cert_key: Certificate and key tuple for mutual TLS authentication.
:type debtor_sp_mock_cert_key: Tuple[str, str]
","1273","Cannot send RTP with expired date","functional-tests.tests.availability","2026-09-23","failed","2026-09-23","","test_availability_POSTE","",""
"Test that takeover fails when the service provider is unauthenticated","1732","Test Takeover Fails with Unauthenticated SP","functional-tests.tests.takeover","2026-09-23","passed","2026-09-23","","test_debtor_takeover","",""
"","1972","RTP is successfully cancelled with reason PAID - V2","functional-tests.tests.cancel_rtp","2026-09-23","passed","2026-09-23","","test_RTP_cancel","",""
"","1158","A debtor with foreign fiscal code is activated and retrieved by activation id","functional-tests.tests.activation","2026-09-23","passed","2026-09-23","","test_debtor_activation_get","",""
"","2237","A debtor Service Provider tries to activates a debtor 2 times, failing the second attempt","bdd-tests","2026-09-23","passed","2026-09-23","Debtor_Activation","RTP","",""
"Test sending a CREATE operation message with an omocodia fiscal code via GPD message API","1255","A CREATE message with omocodia fiscal code is successfully sent through GPD message API","functional-tests.tests.process_messages_sender","2026-09-23","passed","2026-09-23","","test_RTP_process_sender","",""
"","3538","A v2 redirect RTP callback with status ACTC is successfully received","functional-tests.tests.callbacks_v2","2026-09-23","passed","2026-09-23","","test_RTP_callback_DS_05_redirect","",""
"Takeover with syntactically valid but nonsensical body should fail","1768","Test Takeover Fails with Nonsensical Body","functional-tests.tests.takeover","2026-09-23","passed","2026-09-23","","test_debtor_takeover","",""
"Test sending a CREATE operation message with different statuses via GPD message API","1174","A CREATE message with status PUBLISHED","functional-tests.tests.process_messages_sender","2026-09-23","passed","2026-09-23","","test_RTP_process_sender_CREATE","",""
"","1180","A debtor is activated by an authenticated service provider","functional-tests.tests.activation","2026-09-23","passed","2026-09-23","","test_debtor_activation_create","",""
"","3635","Failed callback for invalid RTP transition - DS-05 ACTC compliant","functional-tests.tests.callbacks","2026-09-23","passed","2026-09-23","","test_RTP_callback_DS_05","",""
