"DESCRIPTION","DURATION IN MS","NAME","PARENT SUITE","START TIME","STATUS","STOP TIME","SUB SUITE","SUITE","TEST CLASS","TEST METHOD"
"","2981","A v2 document RTP callback with invalid status is rejected without affecting the RTP status","functional-tests.tests.callbacks_v2","2026-08-09","passed","2026-08-09","","test_RTP_callback_DS_document_rjct","",""
"","381","Get payees consents with negative page number returns 400","functional-tests.tests.service_registry","2026-08-09","passed","2026-08-09","","test_get_payees_consents","",""
"Each entry in ``INVALID_PAYER_IDS`` must be rejected with 400.

The ``description`` parameter appears in pytest output to identify which
case failed without having to inspect the raw value.
","380","Querying activation status with an invalid payerId format returns 400","functional-tests.tests.activation","2026-08-09","passed","2026-08-09","","test_debtor_activation_payer_status","",""
"","3248","Takeover fails with invalid OTP","bdd-tests","2026-08-09","passed","2026-08-09","Debtor_Activation_Takeover","RTP","",""
"","1885","An RTP sent with synchronous rejection containing extra fields results in status REJECTED","functional-tests.tests.send_rtp","2026-08-09","passed","2026-08-09","","test_RTP_send_MOCK","",""
"Test sending a DELETE operation message via GPD message API after a standalone UPDATE (no prior CREATE)","1146","A DELETE message after standalone UPDATE PUBLISHED","functional-tests.tests.process_messages_sender","2026-08-09","passed","2026-08-09","","test_RTP_process_sender_DELETE","",""
"","374","Sending an RTP when EPC returns a malformed/invalid response body returns 500","functional-tests.tests.send_rtp","2026-08-09","failed","2026-08-09","","test_RTP_send_MOCK","",""
"","822","An RTP is sent to ICCREA service with activated fiscal code - through Web API V2","functional-tests.tests.send_rtp","2026-08-09","failed","2026-08-09","","test_RTP_send_ICCREA","",""
"The PSP synchronously rejects the cancellation request with 422 (per standard behaviour for the EPC 422 Unprocessable Entity scenario). The RTP then transitions to ERROR_CANCEL via ERROR_CANCEL_RTP.","3460","Cancelling an RTP - EPC v4 mock unhappy path scenario: epc_422","functional-tests.tests.cancel_rtp","2026-08-09","failed","2026-08-09","","test_RTP_cancel_MOCK_V2","",""
"","774","A debtor activated with an owned but distinct Service Provider ID is retrieved by payer id","functional-tests.tests.activation","2026-08-09","passed","2026-08-09","","test_debtor_activation_get","",""
"","1338","RTP is successfully cancelled with reason MODT - V2","functional-tests.tests.cancel_rtp","2026-08-09","passed","2026-08-09","","test_RTP_cancel","",""
"","2087","A v2 redirect RTP callback with invalid status is rejected without affecting the RTP status","functional-tests.tests.callbacks_v2","2026-08-09","passed","2026-08-09","","test_RTP_callback_DS_05_redirect","",""
"","1119","An RTP is sent to ICCREA service with activated fiscal code","functional-tests.tests.send_rtp","2026-08-09","passed","2026-08-09","","test_RTP_send_ICCREA","",""
"Active payer with omocodia fiscal code (digit substitution) → isActive must be true.","773","An active payer with omocodia fiscal code returns isActive true","functional-tests.tests.activation","2026-08-09","passed","2026-08-09","","test_debtor_activation_payer_status","",""
"","785","A debtor with VAT number is activated and retrieved by activation id","functional-tests.tests.activation","2026-08-09","passed","2026-08-09","","test_debtor_activation_get","",""
"","784","A debtor with omocodia fiscal code is activated and retrieved by activation id","functional-tests.tests.activation","2026-08-09","passed","2026-08-09","","test_debtor_activation_get","",""
"
Test RFC callback DS12P with CNCL status.

Flow:
1. Activate payer
2. Send an RTP via GPD message (CREATE VALID)
3. Cancel the RTP via GPD message (DELETE) → RTP to RFC_SENT
4. Send DS12P callback with CxlStsId CNCL (Cancelled As Per Request)
5. Verify callback is accepted (200)
6. Verify RTP status is CANCELLED
","2616","An RFC callback DS12P CNCL is successfully received and RTP status is CANCEL","functional-tests.tests.callbacks","2026-08-09","passed","2026-08-09","","test_RTP_callback_DS_12P","",""
"
Send the same CREATE VALID message twice.

Because send_gpd_message derives the Idempotency-Key deterministically from
the message id (msg_id), reusing the same payload reuses the same key.

Expectations:
- Both calls return HTTP 200 (idempotent, not an error).
- The resourceId in both responses is identical, proving the API returned
  the cached response and did not process the message twice.
- Querying by notice number returns exactly one RTP, confirming that only
  one record was written to the database.
","1819","Two CREATE VALID messages with the same Idempotency-Key both succeed but only one RTP is stored","functional-tests.tests.process_messages_sender","2026-08-09","passed","2026-08-09","","test_RTP_process_sender_IDEMPOTENCY","",""
"","1309","RTP cancellation fails with an invalid reason","functional-tests.tests.cancel_rtp","2026-08-09","passed","2026-08-09","","test_RTP_cancel","",""
"Test sending an UPDATE after CREATE VALID + DELETE with different statuses","2374","An UPDATE message with status INVALID after CREATE VALID and DELETE","functional-tests.tests.process_messages_sender","2026-08-09","passed","2026-08-09","","test_RTP_process_sender_UPDATE","",""
"","1005","SP_ACTIVATIONS_READ_ALL can retrieve activation by Fiscal Code created by SP_A","functional-tests.tests.activation","2026-08-09","passed","2026-08-09","","test_RTP_activation_security","",""
"","2398","An RTP callback is successfully received with status ACCP","functional-tests.tests.callbacks","2026-08-09","passed","2026-08-09","","test_RTP_callback_DS_08","",""
"Takeover without a previously issued OTP should fail","770","Test Takeover Fails without Prior OTP","functional-tests.tests.takeover","2026-08-09","passed","2026-08-09","","test_debtor_takeover","",""
"","3844","An RTP is sent to a CBI service with activated fiscal code - through Web API","functional-tests.tests.send_rtp","2026-08-09","failed","2026-08-09","","test_RTP_send_CBI","",""
"","2465","A debtor Service Provider cannot send an RTP","bdd-tests","2026-08-09","passed","2026-08-09","RTP_Sending","RTP","",""
"
Payer activated under SP A.
- SP B (read_rtp_activations): isActive must be false - privacy rule hides cross-SP activation.
- Admin (read_rtp_all): isActive must be true - role grants visibility across all SPs.
Same payer, same endpoint, different roles → different results.
","1145","read_rtp_all role returns isActive true while read_rtp_activations returns false for the same cross-SP payer","functional-tests.tests.activation","2026-08-09","passed","2026-08-09","","test_debtor_activation_payer_status","",""
"
Test v2 RFC callback DS12P with CNCL status applied twice on the same RTP.

Flow:
1. Activate payer
2. Send an RTP via GPD message v2 (CREATE VALID)
3. Cancel the RTP via GPD message v2 (DELETE) -> RTP to RFC_SENT
4. Send DS12P callback with CxlStsId CNCL (Cancelled As Per Request) -> RTP to CANCELLED
5. Send the same DS12P CNCL callback again on the already cancelled RTP
6. Verify the second callback is rejected (400) since the transition is no longer valid
7. Verify RTP status remains CANCELLED
","2918","Failed v2 RFC callback for invalid RTP transition - DS-12P positive compliant","functional-tests.tests.callbacks_v2","2026-08-09","passed","2026-08-09","","test_RTP_callback_DS_12P_positive","",""
"CREATE VALID with an ec_tax_code that does not exist in GPD returns 422 Payee not found","766","A CREATE VALID message with a non-existent ec_tax_code is rejected","functional-tests.tests.process_messages_sender","2026-08-09","passed","2026-08-09","","test_RTP_process_sender_CREATE","",""
"","1628","An RTP sent with synchronous rejection containing extra fields results in status SENT - through Web API V2","functional-tests.tests.send_rtp","2026-08-09","passed","2026-08-09","","test_RTP_send_MOCK","",""
"Test sending a DELETE operation message via GPD message API after a CREATE VALID + UPDATE","1876","A DELETE message after CREATE VALID + UPDATE INVALID","functional-tests.tests.process_messages_sender","2026-08-09","passed","2026-08-09","","test_RTP_process_sender_DELETE","",""
"
DS_08P ACCP callback sent with the Version header must be rejected with 400.
The RTP must remain in ACCEPTED (transition to USER_ACCEPTED must not happen).

Flow:
1. Activate payer, send RTP, advance to ACCEPTED via DS_05 (without header)
2. Build a valid DS_08P ACCP payload
3. POST WITH Version header
4. Verify 400 is returned with the expected error body
5. Verify RTP status is still ACCEPTED
","2002","DS_08P ACCP callback with Version header returns 400","functional-tests.tests.callbacks","2026-08-09","passed","2026-08-09","","test_RTP_callback_with_version_header","",""
"","376","Unauthorized callback due to wrong certificate serial","functional-tests.tests.callbacks","2026-08-09","passed","2026-08-09","","test_RTP_callback_DS_04","",""
"
Test RFC callback DS12N with RJCR status applied twice on the same RTP.

Flow:
1. Activate payer
2. Send an RTP via GPD message (CREATE VALID)
3. Cancel the RTP via GPD message (DELETE) -> RTP to RFC_SENT
4. Send DS12N callback with CxlStsId RJCR (Rejected Cancellation Request) -> RTP to ERROR_CANCEL
5. Send the same DS12N RJCR callback again on the already transitioned RTP
6. Verify the second callback is rejected (400) since the transition is no longer valid
7. Verify RTP status remains ERROR_CANCEL
","3484","Failed RFC callback for invalid RTP transition - DS-12N RJCR compliant","functional-tests.tests.callbacks","2026-08-09","passed","2026-08-09","","test_RTP_callback_DS_12N","",""
"","2194","RTP form is filled and submitted","ux-tests.tests","2026-08-09","passed","2026-08-09","","test_RTP_submission_v4","",""
"
DS_12P CNCL RFC callback sent with the Version header must be rejected with 400.
The RTP must remain in RFC_SENT (transition to CANCELLED must not happen).

Flow:
1. Activate payer, send RTP, trigger cancel via GPD DELETE → RFC_SENT
2. Build a valid DS_12P CNCL payload
3. POST to RFC callback endpoint WITH Version header
4. Verify 400 is returned with the expected error body
5. Verify RTP status is still RFC_SENT
","2025","DS_12P CNCL RFC callback with Version header returns 400","functional-tests.tests.callbacks","2026-08-09","passed","2026-08-09","","test_RTP_callback_with_version_header","",""
"
DS_05 ACTC callback sent with the Version header must be rejected with 400.
The RTP must remain in SENT (transition to ACCEPTED must not happen).

Flow:
1. Activate payer and send an RTP → resource_id
2. Build a valid DS_05 ACTC payload referencing the RTP
3. POST to callback endpoint WITH Version header
4. Verify 400 is returned with the expected error body
5. Verify RTP status is still SENT
","1610","DS_05 ACTC callback with Version header returns 400","functional-tests.tests.callbacks","2026-08-09","passed","2026-08-09","","test_RTP_callback_with_version_header","",""
"The PSP synchronously rejects the cancellation request with 422 (per standard behaviour for the EPC 401 Unauthorized scenario). The RTP then transitions to ERROR_CANCEL via ERROR_CANCEL_RTP.","1956","Cancelling an RTP - EPC v4 mock unhappy path scenario: epc_401","functional-tests.tests.cancel_rtp","2026-08-09","failed","2026-08-09","","test_RTP_cancel_MOCK_V2","",""
"
Test RFC callback DS12P with non-existing service provider, cancel via REST Web API.

Flow:
1. Activate payer
2. Send an RTP via GPD message (CREATE VALID)
3. Cancel the RTP via REST cancel endpoint with cancel_reason → RTP to RFC_SENT
4. Send DS12P callback with non-existing BIC (MOCKSP99)
5. Verify callback is rejected with 400 (service provider not found)
","1652","Failed RFC callback for non existing Service Provider - DS-12P CNCL compliant - through Web API cancel","functional-tests.tests.callbacks","2026-08-09","passed","2026-08-09","","test_RTP_callback_DS_12P","",""
"","373","Unauthorized callback due to wrong certificate serial","functional-tests.tests.callbacks","2026-08-09","passed","2026-08-09","","test_RTP_callback_DS_08","",""
"
Test v2 RFC callback DS12N with RJCR status.

Flow:
1. Activate payer
2. Send an RTP via GPD message v2 (CREATE VALID)
3. Cancel the RTP via GPD message v2 (DELETE) -> RTP to RFC_SENT
4. Send DS12N callback with CxlStsId RJCR (Rejected Cancellation Request)
5. Verify callback is accepted (200)
6. Verify RTP status is CANCELLED_REJECTED
","3075","A v2 RFC callback DS12N RJCR is successfully received and RTP status is CANCELLED_REJECTED","functional-tests.tests.callbacks_v2","2026-08-09","passed","2026-08-09","","test_RTP_callback_DS_12N_negative","",""
"","1369","RTP is successfully cancelled with reason PAID - V2","functional-tests.tests.cancel_rtp","2026-08-09","passed","2026-08-09","","test_RTP_cancel","",""
"","2369","Failed callback for non existing Service Provider - DS-08N negative compliant","functional-tests.tests.callbacks_v2","2026-08-09","passed","2026-08-09","","test_RTP_callback_DS_08N_negative","",""
"Test sending a CREATE operation message with different statuses via GPD message API","781","A CREATE message with status DRAFT","functional-tests.tests.process_messages_sender","2026-08-09","passed","2026-08-09","","test_RTP_process_sender_CREATE","",""
"","379","The activation request must contain a Service Provider ID of valid length","functional-tests.tests.activation","2026-08-09","passed","2026-08-09","","test_debtor_activation_create","",""
"","1120","All auth fixtures expose a valid Bearer token format","functional-tests.tests.auth","2026-08-09","passed","2026-08-09","","test_auth","",""
"","761","Find by payer id request must contain lower case fiscal code","functional-tests.tests.activation","2026-08-09","passed","2026-08-09","","test_debtor_activation_create","",""
"","2100","A v2 RTP callback with invalid status is rejected without affecting the RTP status","functional-tests.tests.callbacks_v2","2026-08-09","passed","2026-08-09","","test_RTP_callback_DS_08N_negative","",""
"","350","Missing Version header returns 200","functional-tests.tests.activation","2026-08-09","passed","2026-08-09","","test_debtor_activation_list","",""
"","7125","RTP form cancellation with reason MODT","ux-tests.tests","2026-08-09","failed","2026-08-09","","test_RTP_cancel_v4","",""
"
Test v2 RFC callback DS12N with non-existing service provider.

Flow:
1. Activate payer
2. Send an RTP via GPD message v2 (CREATE VALID)
3. Cancel the RTP via GPD message v2 (DELETE) -> RTP to RFC_SENT
4. Send DS12N callback with non-existing BIC (MOCKSP99)
5. Verify callback is rejected with 400 (service provider not found)
6. Verify RTP status is still RFC_SENT
","2142","Failed v2 RFC callback for non existing Service Provider - DS-12N negative compliant","functional-tests.tests.callbacks_v2","2026-08-09","passed","2026-08-09","","test_RTP_callback_DS_12N_negative","",""
"","2369","DS_08N negative v2 callback with Version header returns 400","functional-tests.tests.callbacks_v2","2026-08-09","passed","2026-08-09","","test_RTP_callback_with_version_header","",""
"","359","Unauthorized request returns 401","functional-tests.tests.activation","2026-08-09","passed","2026-08-09","","test_debtor_activation_list","",""
"Test sending an UPDATE after CREATE VALID + DELETE with different statuses","1762","An UPDATE message with status PARTIALLY_PAID after CREATE VALID and DELETE","functional-tests.tests.process_messages_sender","2026-08-09","passed","2026-08-09","","test_RTP_process_sender_UPDATE","",""
"","360","Retrieving activation without valid token returns 401","functional-tests.tests.activation","2026-08-09","passed","2026-08-09","","test_debtor_activation_get","",""
"","0","A Service Provider is authenticated","functional-tests.tests.auth","2026-08-09","passed","2026-08-09","","test_auth","",""
"","1901","An RTP sent when EPC response omits _links is in status ACCEPTED - through Web API","functional-tests.tests.send_rtp","2026-08-09","passed","2026-08-09","","test_RTP_send_MOCK","",""
"Each entry in ``INVALID_PAYER_IDS`` must be rejected with 400.

The ``description`` parameter appears in pytest output to identify which
case failed without having to inspect the raw value.
","383","Querying activation status with an invalid payerId format returns 400","functional-tests.tests.activation","2026-08-09","passed","2026-08-09","","test_debtor_activation_payer_status","",""
"Test sending an UPDATE operation message with different statuses via GPD message API before a CREATE","772","An UPDATE message with status EXPIRED before CREATE","functional-tests.tests.process_messages_sender","2026-08-09","passed","2026-08-09","","test_RTP_process_sender_UPDATE_before_CREATE","",""
"","627","Get list of service providers successfully","functional-tests.tests.service_registry","2026-08-09","passed","2026-08-09","","test_service_registry_service_providers","",""
"","2665","DS_12N negative RFC v2 callback with Version header returns 400","functional-tests.tests.callbacks_v2","2026-08-09","passed","2026-08-09","","test_RTP_callback_with_version_header","",""
"","2822","Failed callback for invalid RTP transition - DS-08P ACCP compliant","functional-tests.tests.callbacks","2026-08-09","passed","2026-08-09","","test_RTP_callback_DS_08","",""
"Test sending a CREATE operation message with different statuses via GPD message API","865","A CREATE message with status VALID","functional-tests.tests.process_messages_sender","2026-08-09","passed","2026-08-09","","test_RTP_process_sender_CREATE","",""
"
Test RFC callback DS12P with CNCL status applied twice on the same RTP.

Flow:
1. Activate payer
2. Send an RTP via GPD message (CREATE VALID)
3. Cancel the RTP via GPD message (DELETE) -> RTP to RFC_SENT
4. Send DS12P callback with CxlStsId CNCL (Cancelled As Per Request) -> RTP to CANCELLED
5. Send the same DS12P CNCL callback again on the already cancelled RTP
6. Verify the second callback is rejected (400) since the transition is no longer valid
7. Verify RTP status remains CANCELLED
","2826","Failed RFC callback for invalid RTP transition - DS-12P CNCL compliant","functional-tests.tests.callbacks","2026-08-09","passed","2026-08-09","","test_RTP_callback_DS_12P","",""
"Test sending a DELETE operation message via GPD message API after a CREATE","1176","A DELETE message after CREATE PUBLISHED","functional-tests.tests.process_messages_sender","2026-08-09","passed","2026-08-09","","test_RTP_process_sender_DELETE","",""
"
Test RFC callback DS12N with INVALID status, cancel via REST Web API.

Flow:
1. Activate payer
2. Send an RTP via GPD message (CREATE VALID)
3. Cancel the RTP via REST cancel endpoint with cancel_reason → RTP to RFC_SENT
4. Send DS12N callback with CxlStsId INVALID
5. Verify callback is rejected with 400
6. Verify RTP status is still RFC_SENT
","2037","An RFC callback DS12N INVALID is rejected with 400 - through Web API cancel","functional-tests.tests.callbacks","2026-08-09","passed","2026-08-09","","test_RTP_callback_DS_12N","",""
"","2461","A v2 RTP callback with status ACCP is successfully received","functional-tests.tests.callbacks_v2","2026-08-09","passed","2026-08-09","","test_RTP_callback_DS_08P_positive","",""
"Test sending a DELETE operation message via GPD message API after a standalone UPDATE (no prior CREATE)","1144","A DELETE message after standalone UPDATE PARTIALLY_PAID","functional-tests.tests.process_messages_sender","2026-08-09","passed","2026-08-09","","test_RTP_process_sender_DELETE","",""
"
Test RFC callback DS12N with wrong certificate identity.

Flow:
1. Activate payer
2. Send an RTP via GPD message (CREATE VALID)
3. Cancel the RTP via GPD message (DELETE) → RTP to RFC_SENT
4. Send DS12N callback with assignee_bic='FAKESP01' (doesn't match certificate identity MOCKSP04)
5. Verify callback is rejected with 403 (certificate mismatch)
","1652","Unauthorized RFC callback due to wrong certificate serial","functional-tests.tests.callbacks","2026-08-09","passed","2026-08-09","","test_RTP_callback_DS_12N","",""
"","1279","An RTP sent when EPC response omits _links is in status ACCEPTED - through Web API V2","functional-tests.tests.send_rtp","2026-08-09","passed","2026-08-09","","test_RTP_send_MOCK","",""
"","374","Get payees consents with invalid consent value returns 400","functional-tests.tests.service_registry","2026-08-09","passed","2026-08-09","","test_get_payees_consents","",""
"Each entry in ``INVALID_PAYER_IDS`` (see dataset docstring) must be rejected with 400.","370","The activation request must contain a validly formatted fiscal code","functional-tests.tests.activation","2026-08-09","passed","2026-08-09","","test_debtor_activation_create","",""
"Each entry in ``INVALID_PAYER_IDS`` must be rejected with 400.

The ``description`` parameter appears in pytest output to identify which
case failed without having to inspect the raw value.
","373","Querying activation status with an invalid payerId format returns 400","functional-tests.tests.activation","2026-08-09","passed","2026-08-09","","test_debtor_activation_payer_status","",""
"
Test RFC callback DS12P with non-existing service provider, cancel via REST Web API.

Flow:
1. Activate payer
2. Send an RTP via GPD message (CREATE VALID)
3. Cancel the RTP via REST cancel endpoint with cancel_reason → RTP to RFC_SENT
4. Send DS12P callback with non-existing BIC (MOCKSP99)
5. Verify callback is rejected with 400 (service provider not found)
","1689","Failed RFC callback for non existing Service Provider - DS-12P CNCL compliant - through Web API cancel","functional-tests.tests.callbacks","2026-08-09","passed","2026-08-09","","test_RTP_callback_DS_12P","",""
"The PSP synchronously rejects the cancellation request with 422 (per standard behaviour for the EPC 404 Not Found scenario). The RTP then transitions to ERROR_CANCEL via ERROR_CANCEL_RTP.","2787","Cancelling an RTP - EPC v4 mock unhappy path scenario: epc_404","functional-tests.tests.cancel_rtp","2026-08-09","failed","2026-08-09","","test_RTP_cancel_MOCK_V2","",""
"Test sending an UPDATE operation message with different statuses via GPD message API after a CREATE","1374","An UPDATE message with status VALID after CREATE","functional-tests.tests.process_messages_sender","2026-08-09","passed","2026-08-09","","test_RTP_process_sender_UPDATE","",""
"","382","RTP cancellation fails if resource ID does not exist - V2","functional-tests.tests.cancel_rtp","2026-08-09","passed","2026-08-09","","test_RTP_cancel","",""
"Each entry in ``INVALID_PAYER_IDS`` must be rejected with 400.

The ``description`` parameter appears in pytest output to identify which
case failed without having to inspect the raw value.
","371","Querying activation status with an invalid payerId format returns 400","functional-tests.tests.activation","2026-08-09","passed","2026-08-09","","test_debtor_activation_payer_status","",""
"A valid token that carries neither read_rtp_activations nor read_rtp_all must be rejected with 403.","372","Token without read_rtp_activations or read_rtp_all role returns 403 Forbidden","functional-tests.tests.activation","2026-08-09","passed","2026-08-09","","test_debtor_activation_payer_status","",""
"","1902","An authenticated Service Provider cannot send an RTP to an unactivated debtor","bdd-tests","2026-08-09","passed","2026-08-09","RTP_Sending","RTP","",""
"","1803","An RTP sent with synchronous rejection containing extra fields results in status REJECTED - through Web API","functional-tests.tests.send_rtp","2026-08-09","passed","2026-08-09","","test_RTP_send_MOCK","",""
"","847","An RTP is sent to Poste service with activated fiscal code - through Web API","functional-tests.tests.send_rtp","2026-08-09","passed","2026-08-09","","test_RTP_send_POSTE","",""
"No `Sts.Conf` confirmation is present (minimal JSON without Sts), so only CANCEL_RTP is triggered and the RTP stays in RFC_SENT.","1767","Cancelling an RTP - EPC v4 mock happy path scenario: minimal_json","functional-tests.tests.cancel_rtp","2026-08-09","passed","2026-08-09","","test_RTP_cancel_MOCK_V2","",""
"
Test RFC callback DS12N with INVALID status, cancel via REST Web API.

Flow:
1. Activate payer
2. Send an RTP via GPD message (CREATE VALID)
3. Cancel the RTP via REST cancel endpoint with cancel_reason → RTP to RFC_SENT
4. Send DS12N callback with CxlStsId INVALID
5. Verify callback is rejected with 400
6. Verify RTP status is still RFC_SENT
","2271","An RFC callback DS12N INVALID is rejected with 400 - through Web API cancel","functional-tests.tests.callbacks","2026-08-09","passed","2026-08-09","","test_RTP_callback_DS_12N","",""
"Each entry in ``INVALID_PAYER_IDS`` must be rejected with 400.

The ``description`` parameter appears in pytest output to identify which
case failed without having to inspect the raw value.
","370","Querying activation status with an invalid payerId format returns 400","functional-tests.tests.activation","2026-08-09","passed","2026-08-09","","test_debtor_activation_payer_status","",""
"","375","Non-integer size returns 400","functional-tests.tests.activation","2026-08-09","passed","2026-08-09","","test_debtor_activation_list","",""
"
Verify that a debt position can be deleted successfully.
","2186","Happy path: a debt position is deleted in UAT environment","functional-tests.tests.gpd_availability","2026-08-09","passed","2026-08-09","","test_availability_GPD","",""
"","902","Get payees with invalid authorization","functional-tests.tests.service_registry","2026-08-09","passed","2026-08-09","","test_service_registry_service_providers","",""
"Each entry in ``INVALID_PAYER_IDS`` (see dataset docstring) must be rejected with 400.","1040","The activation request must contain a validly formatted fiscal code","functional-tests.tests.activation","2026-08-09","passed","2026-08-09","","test_debtor_activation_create","",""
"Each entry in ``INVALID_PAYER_IDS`` must be rejected with 400.

The ``description`` parameter appears in pytest output to identify which
case failed without having to inspect the raw value.
","370","Querying activation status with an invalid payerId format returns 400","functional-tests.tests.activation","2026-08-09","passed","2026-08-09","","test_debtor_activation_payer_status","",""
"","775","A debtor with foreign fiscal code is activated and retrieved by activation id","functional-tests.tests.activation","2026-08-09","passed","2026-08-09","","test_debtor_activation_get","",""
"","1376","An RTP sent with synchronous acceptance is in status ACCEPTED - DS-05 ACTC - through Web API","functional-tests.tests.send_rtp","2026-08-09","passed","2026-08-09","","test_RTP_send_MOCK","",""
"
Tests that sending an RTP payload with an invalid amount to the POSTE endpoint results in a 400 Bad Request response.

:param debtor_sp_mock_cert_key: Certificate and key tuple for mutual TLS authentication.
:type debtor_sp_mock_cert_key: Tuple[str, str]
","961","Cannot send RTP with invalid amount","functional-tests.tests.availability","2026-08-09","passed","2026-08-09","","test_availability_POSTE","",""
"","1237","An RTP sent when EPC response contains an unknown field is ignored and remains in status SENT","functional-tests.tests.send_rtp","2026-08-09","passed","2026-08-09","","test_RTP_send_MOCK","",""
"Parametrized contract test generated from the Activation API OpenAPI spec.

Schemathesis derives one test case per endpoint defined in the spec, generating
request data (path params, query params, body) that is valid according to the schema.
Each case is executed against the live API and the response is validated with
CONTRACT_CHECKS.
","66186","test_activation_contract[GET /activations/payer]","contract-tests.tests","2026-08-09","passed","2026-08-09","","test_activation","",""
"
Verify that a debt position can be created and published successfully.
","1202","Happy path: a debt position is created and published in DEV environment","functional-tests.tests.gpd_availability","2026-08-09","passed","2026-08-09","","test_availability_GPD","",""
"Reusing the same OTP after a successful takeover should fail","1572","Test Takeover Fails with Reused OTP","functional-tests.tests.takeover","2026-08-09","passed","2026-08-09","","test_debtor_takeover","",""
"Each entry in ``INVALID_PAYER_IDS`` (see dataset docstring) must be rejected with 400.","372","The activation request must contain a validly formatted fiscal code","functional-tests.tests.activation","2026-08-09","passed","2026-08-09","","test_debtor_activation_create","",""
"
Tests sending an RTP payload to the POSTE endpoint with valid data and authentication.

:param debtor_sp_mock_cert_key: Certificate and key tuple for mutual TLS authentication.
:type debtor_sp_mock_cert_key: Tuple[str, str]
","1264","An RTP is sent through POSTE API","functional-tests.tests.availability","2026-08-09","passed","2026-08-09","","test_availability_POSTE","",""
"","1541","An RTP is sent through API - through Web API V2","functional-tests.tests.send_rtp","2026-08-09","passed","2026-08-09","","test_RTP_send_MOCK","",""
"An EPC response containing fields not declared in the OpenAPI spec is treated as an invalid message and is NOT tolerated for accept/reject purposes (confirmed with rtp-sender-v2 maintainers, PR #26). The extra `invalid-field` property invalidates the whole response, so the RJCR confirmation is not processed and the RTP stays in RFC_SENT.","1759","Cancelling an RTP - EPC v4 mock unhappy path scenario: rjcr_extra_field","functional-tests.tests.cancel_rtp","2026-08-09","passed","2026-08-09","","test_RTP_cancel_MOCK_V2","",""
"OTP bound to payer1 should not work for payer2","1159","Test Takeover Fails with OTP Bound to Different Payer","functional-tests.tests.takeover","2026-08-09","passed","2026-08-09","","test_debtor_takeover","",""
"","594","The RTP web page is reachable","functional-tests.tests.availability","2026-08-09","passed","2026-08-09","","test_availability_RTP_webform","",""
"","3518","A debtor Service Provider activates a debtor","bdd-tests","2026-08-09","passed","2026-08-09","Debtor_Activation","RTP","",""
"","2604","Takeover fails without authentication","bdd-tests","2026-08-09","passed","2026-08-09","Debtor_Activation_Takeover","RTP","",""
"Test sending a CREATE operation message with different statuses via GPD message API","769","A CREATE message with status EXPIRED","functional-tests.tests.process_messages_sender","2026-08-09","passed","2026-08-09","","test_RTP_process_sender_CREATE","",""
"","3184","An RTP callback is successfully received with status RJCT","functional-tests.tests.callbacks","2026-08-09","passed","2026-08-09","","test_RTP_callback_DS_08","",""
"","1697","Failed callback for non existing Service Provider - DS-document RJCT compliant","functional-tests.tests.callbacks_v2","2026-08-09","passed","2026-08-09","","test_RTP_callback_DS_document_rjct","",""
"Test that takeover fails when the service provider is unauthenticated","1126","Test Takeover Fails with Unauthenticated SP","functional-tests.tests.takeover","2026-08-09","passed","2026-08-09","","test_debtor_takeover","",""
"","379","Retrieving non-existent activation returns 404","functional-tests.tests.activation","2026-08-09","passed","2026-08-09","","test_debtor_activation_get","",""
"","2256","An RTP sent with synchronous rejection and missing _links results in status REJECTED - through Web API","functional-tests.tests.send_rtp","2026-08-09","passed","2026-08-09","","test_RTP_send_MOCK","",""
"","2615","RTP form is filled and submitted","ux-tests.tests","2026-08-09","passed","2026-08-09","","test_RTP_cancel_v4","",""
"Test sending a DELETE operation message via GPD message API after a CREATE","1149","A DELETE message after CREATE PARTIALLY_PAID","functional-tests.tests.process_messages_sender","2026-08-09","passed","2026-08-09","","test_RTP_process_sender_DELETE","",""
"","3449","RTP is successfully cancelled with reason PAID","functional-tests.tests.cancel_rtp","2026-08-09","passed","2026-08-09","","test_RTP_cancel","",""
"","4772","Attempt to cancel a non-existing RTP","bdd-tests","2026-08-09","passed","2026-08-09","RTP_Cancellation","RTP","",""
"
Test RFC callback DS12P with CNCL status, cancel triggered via REST Web API with explicit reason.

Flow:
1. Activate payer
2. Send an RTP via GPD message (CREATE VALID)
3. Cancel the RTP via REST cancel endpoint with cancel_reason → RTP to RFC_SENT
4. Send DS12P callback with CxlStsId CNCL (Cancelled As Per Request)
5. Verify callback is accepted (200)
6. Verify RTP status is CANCELLED
","2813","An RFC callback DS12P CNCL is successfully received and RTP status is CANCEL - through Web API cancel","functional-tests.tests.callbacks","2026-08-09","passed","2026-08-09","","test_RTP_callback_DS_12P","",""
"","425","Sending to non-activated debtor returns 422 - through Web API","functional-tests.tests.send_rtp","2026-08-09","passed","2026-08-09","","test_RTP_send_MOCK","",""
"","382","Invalid pagination parameters returns 400","functional-tests.tests.activation","2026-08-09","passed","2026-08-09","","test_debtor_activation_list","",""
"","379","All auth fixtures expose a valid Bearer token format","functional-tests.tests.auth","2026-08-09","passed","2026-08-09","","test_auth","",""
"
Given a noticeNumber that does not correspond to any RTP in the database,
when the payee queries the delivery-status endpoint,
then the response must be HTTP 200 with status=PD_RTP_NOT_DELIVERED and
processingDate absent or null.
","386","Non-existent noticeNumber → PD_RTP_NOT_DELIVERED","functional-tests.tests.get_rtp","2026-08-09","passed","2026-08-09","","test_RTP_get_delivery_status","",""
"","2391","An RTP is sent to ICCREA service with activated fiscal code - through Web API","functional-tests.tests.send_rtp","2026-08-09","failed","2026-08-09","","test_RTP_send_ICCREA","",""
"An EPC response containing fields not declared in the OpenAPI spec is treated as an invalid message and is NOT tolerated for accept/reject purposes (confirmed with rtp-sender-v2 maintainers, PR #26). The extra `invalid-field` property invalidates the whole response, so the CNCL confirmation is not processed and the RTP stays in RFC_SENT.","2725","Cancelling an RTP - EPC v4 mock unhappy path scenario: cncl_extra_field","functional-tests.tests.cancel_rtp","2026-08-09","passed","2026-08-09","","test_RTP_cancel_MOCK_V2","",""
"","5651","RTP form is filled and submitted","ux-tests.tests","2026-08-09","passed","2026-08-09","","test_RTP_cancel_v3","",""
"
Test RFC callback DS12P with wrong certificate identity, cancel via REST Web API.

Flow:
1. Activate payer
2. Send an RTP via GPD message (CREATE VALID)
3. Cancel the RTP via REST cancel endpoint with cancel_reason → RTP to RFC_SENT
4. Send DS12P callback with assignee_bic='FAKESP01' (doesn't match certificate identity MOCKSP04)
5. Verify callback is rejected with 403 (certificate mismatch)
","1857","Unauthorized RFC callback due to wrong certificate serial - through Web API cancel","functional-tests.tests.callbacks","2026-08-09","passed","2026-08-09","","test_RTP_callback_DS_12P","",""
"","905","Get a page of activations","functional-tests.tests.activation","2026-08-09","passed","2026-08-09","","test_debtor_activation_list","",""
"Test sending a DELETE operation message via GPD message API after a CREATE VALID + UPDATE","1673","A DELETE message after CREATE VALID + UPDATE PUBLISHED","functional-tests.tests.process_messages_sender","2026-08-09","passed","2026-08-09","","test_RTP_process_sender_DELETE","",""
"Each entry in ``INVALID_PAYER_IDS`` must be rejected with 400.

The ``description`` parameter appears in pytest output to identify which
case failed without having to inspect the raw value.
","1289","Querying activation status with an invalid payerId format returns 400","functional-tests.tests.activation","2026-08-09","passed","2026-08-09","","test_debtor_activation_payer_status","",""
"Test sending a DELETE operation message via GPD message API after a standalone UPDATE (no prior CREATE)","1170","A DELETE message after standalone UPDATE PAID","functional-tests.tests.process_messages_sender","2026-08-09","passed","2026-08-09","","test_RTP_process_sender_DELETE","",""
"Payer that has never been activated → isActive must be false.","376","test_get_activation_status_not_active_payer","functional-tests.tests.activation","2026-08-09","passed","2026-08-09","","test_debtor_activation_payer_status","",""
"","2250","Failed callback for non existing Service Provider - DS-08P positive compliant","functional-tests.tests.callbacks_v2","2026-08-09","passed","2026-08-09","","test_RTP_callback_DS_08P_positive","",""
"Test sending an UPDATE after CREATE VALID + DELETE with different statuses","2129","An UPDATE message with status VALID after CREATE VALID and DELETE","functional-tests.tests.process_messages_sender","2026-08-09","passed","2026-08-09","","test_RTP_process_sender_UPDATE","",""
"Test sending a DELETE operation message via GPD message API after a CREATE","1295","A DELETE message after CREATE VALID","functional-tests.tests.process_messages_sender","2026-08-09","passed","2026-08-09","","test_RTP_process_sender_DELETE","",""
"Each entry in ``INVALID_PAYER_IDS`` must be rejected with 400.

The ``description`` parameter appears in pytest output to identify which
case failed without having to inspect the raw value.
","375","Querying activation status with an invalid payerId format returns 400","functional-tests.tests.activation","2026-08-09","passed","2026-08-09","","test_debtor_activation_payer_status","",""
"Test sending an UPDATE operation message with different statuses via GPD message API after a CREATE","2200","An UPDATE message with status PAID after CREATE","functional-tests.tests.process_messages_sender","2026-08-09","passed","2026-08-09","","test_RTP_process_sender_UPDATE","",""
"DS_08P ACCP callback sent twice on the same RTP (direct SENT -> USER_ACCEPTED).

The second callback must be rejected with 400 since the transition is no
longer valid once the RTP is already USER_ACCEPTED.
","2630","Failed v2 callback for invalid RTP transition - DS-08P positive compliant","functional-tests.tests.callbacks_v2","2026-08-09","passed","2026-08-09","","test_RTP_callback_DS_08P_positive","",""
"Missing or invalid Bearer token → the endpoint must return 401.","359","Querying activation status without a valid token returns 401","functional-tests.tests.activation","2026-08-09","passed","2026-08-09","","test_debtor_activation_payer_status","",""
"","2677","DS_document RJCT v2 callback with Version header returns 400","functional-tests.tests.callbacks_v2","2026-08-09","passed","2026-08-09","","test_RTP_callback_with_version_header","",""
"Test sending a CREATE operation message with an omocodia fiscal code via GPD message API","863","A CREATE message with omocodia fiscal code is successfully sent through GPD message API","functional-tests.tests.process_messages_sender","2026-08-09","passed","2026-08-09","","test_RTP_process_sender","",""
"Test sending a CREATE operation message with an Italian VAT number via GPD message API","873","A CREATE message with VAT number (Partita IVA) is successfully sent through GPD message API","functional-tests.tests.process_messages_sender","2026-08-09","passed","2026-08-09","","test_RTP_process_sender","",""
"UPDATE VALID before any CREATE creates a new RTP; the RTP must be retrievable from the database","1242","An UPDATE VALID before CREATE creates the RTP in the database","functional-tests.tests.process_messages_sender","2026-08-09","passed","2026-08-09","","test_RTP_process_sender_UPDATE_before_CREATE","",""
"","2404","Failed callback for invalid RTP transition - DS-05 ACTC compliant","functional-tests.tests.callbacks","2026-08-09","passed","2026-08-09","","test_RTP_callback_DS_05","",""
"Each entry in ``INVALID_PAYER_IDS`` must be rejected with 400.

The ``description`` parameter appears in pytest output to identify which
case failed without having to inspect the raw value.
","386","Querying activation status with an invalid payerId format returns 400","functional-tests.tests.activation","2026-08-09","passed","2026-08-09","","test_debtor_activation_payer_status","",""
"
Verify that a debt position can be updated successfully.
","6170","Happy path: a debt position is updated in UAT environment","functional-tests.tests.gpd_availability","2026-08-09","passed","2026-08-09","","test_availability_GPD","",""
"","3101","Unauthorized callback due to wrong certificate serial","functional-tests.tests.callbacks_v2","2026-08-09","passed","2026-08-09","","test_RTP_callback_DS_05_redirect","",""
"","1620","An RTP callback is received with invalid status","functional-tests.tests.callbacks","2026-08-09","passed","2026-08-09","","test_RTP_callback_DS_08","",""
"
Test RFC callback DS12N with wrong certificate identity, cancel via REST Web API.

Flow:
1. Activate payer
2. Send an RTP via GPD message (CREATE VALID)
3. Cancel the RTP via REST cancel endpoint with cancel_reason → RTP to RFC_SENT
4. Send DS12N callback with assignee_bic='FAKESP01' (doesn't match certificate identity MOCKSP04)
5. Verify callback is rejected with 403 (certificate mismatch)
","1975","Unauthorized RFC callback due to wrong certificate serial - through Web API cancel","functional-tests.tests.callbacks","2026-08-09","passed","2026-08-09","","test_RTP_callback_DS_12N","",""
"","4211","Failed v2 redirect callback for invalid RTP transition - DS-05 ACTC compliant","functional-tests.tests.callbacks_v2","2026-08-09","passed","2026-08-09","","test_RTP_callback_DS_05_redirect","",""
"","4242","An RTP is sent through CBI API","functional-tests.tests.availability","2026-08-09","failed","2026-08-09","","test_availability_CBI","",""
"Test sending an UPDATE operation message with different statuses via GPD message API before a CREATE","766","An UPDATE message with status PUBLISHED before CREATE","functional-tests.tests.process_messages_sender","2026-08-09","passed","2026-08-09","","test_RTP_process_sender_UPDATE_before_CREATE","",""
"","854","An RTP is sent through GPD message API","functional-tests.tests.send_rtp","2026-08-09","passed","2026-08-09","","test_RTP_send_MOCK","",""
"Test sending an UPDATE operation message with different statuses via GPD message API before a CREATE","874","An UPDATE message with status VALID before CREATE","functional-tests.tests.process_messages_sender","2026-08-09","passed","2026-08-09","","test_RTP_process_sender_UPDATE_before_CREATE","",""
"
Verify that a debt position can be updated successfully.
","6163","Happy path: a debt position is updated in DEV environment","functional-tests.tests.gpd_availability","2026-08-09","passed","2026-08-09","","test_availability_GPD","",""
"","1305","An RTP sent when EPC response contains an unknown field is ignored and remains in status SENT - through Web API V2","functional-tests.tests.send_rtp","2026-08-09","passed","2026-08-09","","test_RTP_send_MOCK","",""
"","5177","Attempt to cancel an already cancelled RTP","bdd-tests","2026-08-09","passed","2026-08-09","RTP_Cancellation","RTP","",""
"","428","Sending to non-activated debtor returns 422 - through Web API V2","functional-tests.tests.send_rtp","2026-08-09","passed","2026-08-09","","test_RTP_send_MOCK","",""
"","1","Successful login","bdd-tests","2026-08-09","passed","2026-08-09","RTP_Web_Sending","RTP","",""
"Active payer identified by an 11-digit Partita IVA → isActive must be true.","769","An active payer with VAT number (Partita IVA) returns isActive true","functional-tests.tests.activation","2026-08-09","passed","2026-08-09","","test_debtor_activation_payer_status","",""
"Each entry in ``INVALID_PAYER_IDS`` must be rejected with 400.

The ``description`` parameter appears in pytest output to identify which
case failed without having to inspect the raw value.
","373","Querying activation status with an invalid payerId format returns 400","functional-tests.tests.activation","2026-08-09","passed","2026-08-09","","test_debtor_activation_payer_status","",""
"","1658","An RTP callback is received with invalid status","functional-tests.tests.callbacks","2026-08-09","passed","2026-08-09","","test_RTP_callback_DS_08","",""
"
SP A activates the payer.
SP B queries the status → must get isActive=false to avoid disclosing
that the payer is registered under a competitor SP.
","766","A payer active on a different Service Provider returns isActive false (privacy)","functional-tests.tests.activation","2026-08-09","passed","2026-08-09","","test_debtor_activation_payer_status","",""
"","386","Failed callback for non existing Service Provider - DS-08P compliant","functional-tests.tests.callbacks","2026-08-09","passed","2026-08-09","","test_RTP_callback_DS_08","",""
"
Test RFC callback DS12P with wrong certificate identity, cancel via REST Web API.

Flow:
1. Activate payer
2. Send an RTP via GPD message (CREATE VALID)
3. Cancel the RTP via REST cancel endpoint with cancel_reason → RTP to RFC_SENT
4. Send DS12P callback with assignee_bic='FAKESP01' (doesn't match certificate identity MOCKSP04)
5. Verify callback is rejected with 403 (certificate mismatch)
","1670","Unauthorized RFC callback due to wrong certificate serial - through Web API cancel","functional-tests.tests.callbacks","2026-08-09","passed","2026-08-09","","test_RTP_callback_DS_12P","",""
"Test sending a DELETE operation message via GPD message API after a CREATE VALID + UPDATE","1789","A DELETE message after CREATE VALID + UPDATE VALID","functional-tests.tests.process_messages_sender","2026-08-09","passed","2026-08-09","","test_RTP_process_sender_DELETE","",""
"DS_08P ACCP callback sent directly on a SENT RTP (no prior DS_05 ACTC callback).

The RTP is expected to transition straight from SENT to USER_ACCEPTED.
","2088","A v2 RTP callback with status ACCP is successfully received without a prior DS_05 callback","functional-tests.tests.callbacks_v2","2026-08-09","passed","2026-08-09","","test_RTP_callback_DS_08P_positive","",""
"
Test v2 RFC callback DS12P with non-existing service provider.

Flow:
1. Activate payer
2. Send an RTP via GPD message v2 (CREATE VALID)
3. Cancel the RTP via GPD message v2 (DELETE) -> RTP to RFC_SENT
4. Send DS12P callback with non-existing BIC (MOCKSP99)
5. Verify callback is rejected with 400 (service provider not found)
6. Verify RTP status is still RFC_SENT
","2151","Failed v2 RFC callback for non existing Service Provider - DS-12P positive compliant","functional-tests.tests.callbacks_v2","2026-08-09","passed","2026-08-09","","test_RTP_callback_DS_12P_positive","",""
"The PSP synchronously rejects the cancellation request with 422 (per standard behaviour for the EPC 410 Gone scenario). The RTP then transitions to ERROR_CANCEL via ERROR_CANCEL_RTP.","1986","Cancelling an RTP - EPC v4 mock unhappy path scenario: epc_410","functional-tests.tests.cancel_rtp","2026-08-09","failed","2026-08-09","","test_RTP_cancel_MOCK_V2","",""
"
Test RFC callback DS12N with non-existing service provider.

Flow:
1. Activate payer
2. Send an RTP via GPD message (CREATE VALID)
3. Cancel the RTP via GPD message (DELETE) → RTP to RFC_SENT
4. Send DS12N callback with non-existing BIC (MOCKSP99)
5. Verify callback is rejected with 400 (service provider not found)
","2117","Failed RFC callback for non existing Service Provider - DS-12N RJCR compliant","functional-tests.tests.callbacks","2026-08-09","passed","2026-08-09","","test_RTP_callback_DS_12N","",""
"Test sending a CREATE operation message with different statuses via GPD message API","775","A CREATE message with status PUBLISHED","functional-tests.tests.process_messages_sender","2026-08-09","passed","2026-08-09","","test_RTP_process_sender_CREATE","",""
"Test sending a DELETE operation message via GPD message API after a CREATE","1169","A DELETE message after CREATE PAID","functional-tests.tests.process_messages_sender","2026-08-09","passed","2026-08-09","","test_RTP_process_sender_DELETE","",""
"","362","The service returns the mocked server error","functional-tests.tests.availability","2026-08-09","passed","2026-08-09","","test_availability_MOCK","",""
"Test sending an UPDATE operation message with different statuses via GPD message API before a CREATE","788","An UPDATE message with status INVALID before CREATE","functional-tests.tests.process_messages_sender","2026-08-09","passed","2026-08-09","","test_RTP_process_sender_UPDATE_before_CREATE","",""
"","2192","An RTP callback with status REJECTED is successfully received","functional-tests.tests.callbacks","2026-08-09","passed","2026-08-09","","test_RTP_callback_DS_08","",""
"","1659","An RTP is sent through ICCREA API","functional-tests.tests.availability","2026-08-09","passed","2026-08-09","","test_availability_ICCREA","",""
"Takeover with syntactically valid but nonsensical body should fail","1152","Test Takeover Fails with Nonsensical Body","functional-tests.tests.takeover","2026-08-09","passed","2026-08-09","","test_debtor_takeover","",""
"","663","Sending an RTP when EPC returns an unexpected status code error (RTP_05.CHK.A0007) returns 500 - through Web API","functional-tests.tests.send_rtp","2026-08-09","failed","2026-08-09","","test_RTP_send_MOCK","",""
"Test sending a DELETE operation message via GPD message API after a standalone UPDATE (no prior CREATE)","1147","A DELETE message after standalone UPDATE INVALID","functional-tests.tests.process_messages_sender","2026-08-09","passed","2026-08-09","","test_RTP_process_sender_DELETE","",""
"","3212","A v2 redirect RTP callback with status ACTC is successfully received","functional-tests.tests.callbacks_v2","2026-08-09","passed","2026-08-09","","test_RTP_callback_DS_05_redirect","",""
"Each entry in ``INVALID_PAYER_IDS`` (see dataset docstring) must be rejected with 400.","372","The activation request must contain a validly formatted fiscal code","functional-tests.tests.activation","2026-08-09","passed","2026-08-09","","test_debtor_activation_create","",""
"Test sending a CREATE operation message with different statuses via GPD message API","767","A CREATE message with status INVALID","functional-tests.tests.process_messages_sender","2026-08-09","passed","2026-08-09","","test_RTP_process_sender_CREATE","",""
"Each entry in ``INVALID_PAYER_IDS`` must be rejected with 400.

The ``description`` parameter appears in pytest output to identify which
case failed without having to inspect the raw value.
","371","Querying activation status with an invalid payerId format returns 400","functional-tests.tests.activation","2026-08-09","passed","2026-08-09","","test_debtor_activation_payer_status","",""
"Each entry in ``INVALID_PAYER_IDS`` must be rejected with 400.

The ``description`` parameter appears in pytest output to identify which
case failed without having to inspect the raw value.
","523","Querying activation status with an invalid payerId format returns 400","functional-tests.tests.activation","2026-08-09","passed","2026-08-09","","test_debtor_activation_payer_status","",""
"`Sts.Conf = ""RJCR""` triggers CANCEL_RTP -> CONFIRM_RFC -> CANCEL_RTP_REJECTED, ending in CANCELLED_REJECTED.","2343","Cancelling an RTP - EPC v4 mock happy path scenario: rjcr_rejected","functional-tests.tests.cancel_rtp","2026-08-09","passed","2026-08-09","","test_RTP_cancel_MOCK_V2","",""
"","351","The service returns the mocked server error","functional-tests.tests.availability","2026-08-09","passed","2026-08-09","","test_availability_MOCK","",""
"","391","All auth fixtures expose a valid Bearer token format","functional-tests.tests.auth","2026-08-09","passed","2026-08-09","","test_auth","",""
"","1306","A debtor is deactivated by an authenticated service provider","functional-tests.tests.activation","2026-08-09","passed","2026-08-09","","test_debtor_deactivation","",""
"Each entry in ``INVALID_PAYER_IDS`` must be rejected with 400.

The ``description`` parameter appears in pytest output to identify which
case failed without having to inspect the raw value.
","1206","Querying activation status with an invalid payerId format returns 400","functional-tests.tests.activation","2026-08-09","passed","2026-08-09","","test_debtor_activation_payer_status","",""
"
Test v2 RFC callback DS12N with RJCR status applied twice on the same RTP.

Flow:
1. Activate payer
2. Send an RTP via GPD message v2 (CREATE VALID)
3. Cancel the RTP via GPD message v2 (DELETE) -> RTP to RFC_SENT
4. Send DS12N callback with CxlStsId RJCR (Rejected Cancellation Request) -> RTP to CANCELLED_REJECTED
5. Send the same DS12N RJCR callback again on the already transitioned RTP
6. Verify the second callback is rejected (400) since the transition is no longer valid
7. Verify RTP status remains CANCELLED_REJECTED
","3490","Failed v2 RFC callback for invalid RTP transition - DS-12N negative compliant","functional-tests.tests.callbacks_v2","2026-08-09","passed","2026-08-09","","test_RTP_callback_DS_12N_negative","",""
"
Given an RTP is sent successfully (status SENT) for a given noticeNumber + payeeId,
when the payee queries the delivery-status endpoint with the correct noticeNumber
but a different payeeId,
then the response must be HTTP 200 with status=PD_RTP_NOT_DELIVERED, verifying
that the endpoint filters on both fields.
","6326","Existing noticeNumber with wrong payeeId → PD_RTP_NOT_DELIVERED","functional-tests.tests.get_rtp","2026-08-09","passed","2026-08-09","","test_RTP_get_delivery_status","",""
"Test the takeover flow where a user changes service provider","3344","Test Takeover Flow","functional-tests.tests.takeover","2026-08-09","passed","2026-08-09","","test_debtor_takeover","",""
"","4338","Successfully cancel a Request to Pay","bdd-tests","2026-08-09","passed","2026-08-09","RTP_Cancellation","RTP","",""
"DS_08N RJCT callback sent twice on the same RTP (direct SENT -> REJECTED).

The second callback must be rejected with 400 since the transition is no
longer valid once the RTP is already REJECTED.
","3003","Failed v2 callback for invalid RTP transition - DS-08N negative compliant","functional-tests.tests.callbacks_v2","2026-08-09","passed","2026-08-09","","test_RTP_callback_DS_08N_negative","",""
"
Test RFC callback DS12N with RJCR status.

Flow:
1. Activate payer
2. Send an RTP via GPD message (CREATE VALID)
3. Cancel the RTP via GPD message (DELETE) → RTP to RFC_SENT
4. Send DS12N callback with CxlStsId RJCR (Rejected Cancellation Request)
5. Verify callback is accepted (200)
6. Verify RTP status is ERROR_CANCEL
","2768","An RFC callback DS12N RJCR is successfully received and RTP status is ERROR_CANCEL","functional-tests.tests.callbacks","2026-08-09","passed","2026-08-09","","test_RTP_callback_DS_12N","",""
"Empty OTP should be rejected","392","Test Takeover Fails with Empty OTP","functional-tests.tests.takeover","2026-08-09","passed","2026-08-09","","test_debtor_takeover","",""
"","2815","A debtor Service Provider tries to activates a debtor 2 times, failing the second attempt","bdd-tests","2026-08-09","passed","2026-08-09","Debtor_Activation","RTP","",""
"","3373","Failed callback for invalid RTP transition - DS-08N compliant","functional-tests.tests.callbacks","2026-08-09","passed","2026-08-09","","test_RTP_callback_DS_08","",""
"","3262","An authenticated creditor Service Provider can send an RTP to an activated debtor","bdd-tests","2026-08-09","passed","2026-08-09","RTP_Sending","RTP","",""
"The PSP synchronously rejects the cancellation request with 422 (per standard behaviour for the EPC 429 Too Many Requests scenario). The RTP then transitions to ERROR_CANCEL via ERROR_CANCEL_RTP.","10980","Cancelling an RTP - EPC v4 mock unhappy path scenario: epc_429","functional-tests.tests.cancel_rtp","2026-08-09","failed","2026-08-09","","test_RTP_cancel_MOCK_V2","",""
"Payer activated then deactivated by SP A → isActive must be false.","1219","A deactivated payer returns isActive false","functional-tests.tests.activation","2026-08-09","passed","2026-08-09","","test_debtor_activation_payer_status","",""
"Test sending a DELETE operation message via GPD message API after a CREATE","1142","A DELETE message after CREATE EXPIRED","functional-tests.tests.process_messages_sender","2026-08-09","passed","2026-08-09","","test_RTP_process_sender_DELETE","",""
"Each entry in ``INVALID_PAYER_IDS`` (see dataset docstring) must be rejected with 400.","378","The activation request must contain a validly formatted fiscal code","functional-tests.tests.activation","2026-08-09","passed","2026-08-09","","test_debtor_activation_create","",""
"
Verify that a debt position can be created and published successfully.
","457","Happy path: a debt position is created and published in UAT environment","functional-tests.tests.gpd_availability","2026-08-09","passed","2026-08-09","","test_availability_GPD","",""
"Test sending an UPDATE operation message with different statuses via GPD message API after a CREATE","1292","An UPDATE message with status EXPIRED after CREATE","functional-tests.tests.process_messages_sender","2026-08-09","passed","2026-08-09","","test_RTP_process_sender_UPDATE","",""
"","350","Get payees consents with invalid authorization returns 401","functional-tests.tests.service_registry","2026-08-09","passed","2026-08-09","","test_get_payees_consents","",""
"","1865","An RTP is sent to a CBI service with activated fiscal code - through Web API V2","functional-tests.tests.send_rtp","2026-08-09","failed","2026-08-09","","test_RTP_send_CBI","",""
"Querying activation status with an empty payerId must be rejected with 404.","348","Querying activation status with an empty payerId returns 404","functional-tests.tests.activation","2026-08-09","passed","2026-08-09","","test_debtor_activation_payer_status","",""
"","879","A debtor with VAT number (Partita IVA) is activated successfully","functional-tests.tests.activation","2026-08-09","passed","2026-08-09","","test_debtor_activation_create","",""
"","3534","DS_12P positive RFC v2 callback with Version header returns 400","functional-tests.tests.callbacks_v2","2026-08-09","passed","2026-08-09","","test_RTP_callback_with_version_header","",""
"Test sending an UPDATE after CREATE VALID + DELETE with different statuses","2066","An UPDATE message with status PUBLISHED after CREATE VALID and DELETE","functional-tests.tests.process_messages_sender","2026-08-09","passed","2026-08-09","","test_RTP_process_sender_UPDATE","",""
"
Payer activated under SP A.
Token with read_rtp_all can read across all Service Providers:
the admin client sub does not match SP A, yet isActive must be true.
","1331","read_rtp_all role returns isActive true for a payer on any Service Provider","functional-tests.tests.activation","2026-08-09","passed","2026-08-09","","test_debtor_activation_payer_status","",""
"","372","All auth fixtures expose a valid Bearer token format","functional-tests.tests.auth","2026-08-09","passed","2026-08-09","","test_auth","",""
"The PSP synchronously rejects the cancellation request with 422 (per standard behaviour for the EPC 400 Bad Request scenario). The RTP then transitions to ERROR_CANCEL via ERROR_CANCEL_RTP.","1975","Cancelling an RTP - EPC v4 mock unhappy path scenario: epc_400","functional-tests.tests.cancel_rtp","2026-08-09","failed","2026-08-09","","test_RTP_cancel_MOCK_V2","",""
"Each entry in ``INVALID_PAYER_IDS`` (see dataset docstring) must be rejected with 400.","372","The activation request must contain a validly formatted fiscal code","functional-tests.tests.activation","2026-08-09","passed","2026-08-09","","test_debtor_activation_create","",""
"","1183","Whitespaces is allowed in description and company name field","ux-tests.tests","2026-08-09","passed","2026-08-09","","test_RTP_submission_v3","",""
"","3545","An authenticated Service Provider cannot send an RTP to an activated debtor","bdd-tests","2026-08-09","passed","2026-08-09","RTP_Sending","RTP","",""
"","377","Sending an RTP when EPC returns a malformed/invalid response body returns 500 - through Web API V2","functional-tests.tests.send_rtp","2026-08-09","failed","2026-08-09","","test_RTP_send_MOCK","",""
"Same privacy rule as the cross-SP case: no explicit error, isActive is just false.","770","Get payer status returns isActive false when the token subject does not own the activation's Service Provider ID","functional-tests.tests.activation","2026-08-09","passed","2026-08-09","","test_debtor_activation_payer_status","",""
"","373","All auth fixtures expose a valid Bearer token format","functional-tests.tests.auth","2026-08-09","passed","2026-08-09","","test_auth","",""
"","2165","Cannot send RTP with expired date","functional-tests.tests.availability","2026-08-09","passed","2026-08-09","","test_availability_CBI","",""
"","373","The activation request must contain a validly formatted Service Provider ID","functional-tests.tests.activation","2026-08-09","passed","2026-08-09","","test_debtor_activation_create","",""
"Each entry in ``INVALID_PAYER_IDS`` must be rejected with 400.

The ``description`` parameter appears in pytest output to identify which
case failed without having to inspect the raw value.
","370","Querying activation status with an invalid payerId format returns 400","functional-tests.tests.activation","2026-08-09","passed","2026-08-09","","test_debtor_activation_payer_status","",""
"Test sending an UPDATE operation message with different statuses via GPD message API after a CREATE","1565","An UPDATE message with status PUBLISHED after CREATE","functional-tests.tests.process_messages_sender","2026-08-09","passed","2026-08-09","","test_RTP_process_sender_UPDATE","",""
"Each entry in ``INVALID_PAYER_IDS`` must be rejected with 400.

The ``description`` parameter appears in pytest output to identify which
case failed without having to inspect the raw value.
","372","Querying activation status with an invalid payerId format returns 400","functional-tests.tests.activation","2026-08-09","passed","2026-08-09","","test_debtor_activation_payer_status","",""
"Each entry in ``INVALID_PAYER_IDS`` (see dataset docstring) must be rejected with 400.","481","The activation request must contain a validly formatted fiscal code","functional-tests.tests.activation","2026-08-09","passed","2026-08-09","","test_debtor_activation_create","",""
"","379","A Service Provider with invalid client secret is not authenticated on Keycloak","functional-tests.tests.auth","2026-08-09","passed","2026-08-09","","test_auth","",""
"Each entry in ``INVALID_PAYER_IDS`` must be rejected with 400.

The ``description`` parameter appears in pytest output to identify which
case failed without having to inspect the raw value.
","372","Querying activation status with an invalid payerId format returns 400","functional-tests.tests.activation","2026-08-09","passed","2026-08-09","","test_debtor_activation_payer_status","",""
"Test sending an UPDATE operation message with different statuses via GPD message API after a CREATE","1347","An UPDATE message with status PARTIALLY_PAID after CREATE","functional-tests.tests.process_messages_sender","2026-08-09","passed","2026-08-09","","test_RTP_process_sender_UPDATE","",""
"","372","Sending an RTP when EPC returns an unexpected status code error (RTP_05.CHK.A0007) returns 500","functional-tests.tests.send_rtp","2026-08-09","failed","2026-08-09","","test_RTP_send_MOCK","",""
"","773","Sending a GPD message with null operation returns 400","functional-tests.tests.send_rtp","2026-08-09","passed","2026-08-09","","test_RTP_send_MOCK","",""
"","3309","An RTP callback is successfully received","functional-tests.tests.callbacks","2026-08-09","passed","2026-08-09","","test_RTP_callback_DS_04","",""
"
Test RFC callback DS12N with RJCR status, cancel triggered via REST Web API with explicit reason.

Flow:
1. Activate payer
2. Send an RTP via GPD message (CREATE VALID)
3. Cancel the RTP via REST cancel endpoint with cancel_reason → RTP to RFC_SENT
4. Send DS12N callback with CxlStsId RJCR (Rejected Cancellation Request)
5. Verify callback is accepted (200)
6. Verify RTP status is ERROR_CANCEL
","4057","An RFC callback DS12N RJCR is successfully received and RTP status is ERROR_CANCEL - through Web API cancel","functional-tests.tests.callbacks","2026-08-09","passed","2026-08-09","","test_RTP_callback_DS_12N","",""
"","2031","DS_08P positive v2 callback with Version header returns 400","functional-tests.tests.callbacks_v2","2026-08-09","passed","2026-08-09","","test_RTP_callback_with_version_header","",""
"Each entry in ``INVALID_PAYER_IDS`` (see dataset docstring) must be rejected with 400.","373","The activation request must contain a validly formatted fiscal code","functional-tests.tests.activation","2026-08-09","passed","2026-08-09","","test_debtor_activation_create","",""
"","7347","RTP form cancellation with reason MODT","ux-tests.tests","2026-08-09","failed","2026-08-09","","test_RTP_cancel_v3","",""
"","1157","Retrieving activation with invalid UUID returns 400","functional-tests.tests.activation","2026-08-09","passed","2026-08-09","","test_debtor_activation_get","",""
"Each entry in ``INVALID_PAYER_IDS`` must be rejected with 400.

The ``description`` parameter appears in pytest output to identify which
case failed without having to inspect the raw value.
","375","Querying activation status with an invalid payerId format returns 400","functional-tests.tests.activation","2026-08-09","passed","2026-08-09","","test_debtor_activation_payer_status","",""
"
Verify that a debt position can be deleted successfully.
","2169","Happy path: a debt position is deleted in DEV environment","functional-tests.tests.gpd_availability","2026-08-09","passed","2026-08-09","","test_availability_GPD","",""
"Each entry in ``INVALID_PAYER_IDS`` (see dataset docstring) must be rejected with 400.","372","The activation request must contain a validly formatted fiscal code","functional-tests.tests.activation","2026-08-09","passed","2026-08-09","","test_debtor_activation_create","",""
"Each entry in ``INVALID_PAYER_IDS`` (see dataset docstring) must be rejected with 400.","370","The activation request must contain a validly formatted fiscal code","functional-tests.tests.activation","2026-08-09","passed","2026-08-09","","test_debtor_activation_create","",""
"","422","Sending to non-activated debtor returns 422","functional-tests.tests.send_rtp","2026-08-09","passed","2026-08-09","","test_RTP_send_MOCK","",""
"Test sending a CREATE operation message with different statuses via GPD message API","787","A CREATE message with status PARTIALLY_PAID","functional-tests.tests.process_messages_sender","2026-08-09","passed","2026-08-09","","test_RTP_process_sender_CREATE","",""
"The PSP synchronously rejects the cancellation request with 422 (per standard behaviour for the EPC 406 Not Acceptable scenario). The RTP then transitions to ERROR_CANCEL via ERROR_CANCEL_RTP.","2238","Cancelling an RTP - EPC v4 mock unhappy path scenario: epc_406","functional-tests.tests.cancel_rtp","2026-08-09","failed","2026-08-09","","test_RTP_cancel_MOCK_V2","",""
"Test sending an UPDATE after CREATE VALID + DELETE with different statuses","1882","An UPDATE message with status EXPIRED after CREATE VALID and DELETE","functional-tests.tests.process_messages_sender","2026-08-09","passed","2026-08-09","","test_RTP_process_sender_UPDATE","",""
"
Given a debtor is activated and a GPD message (CREATE) is sent via POST /gpd/message,
when the rtp-sender processes it and the RTP reaches status SENT,
when the payee queries the delivery-status endpoint with the correct noticeNumber
(nav) and payeeId (ec_tax_code),
then the response body must contain status=PD_RTP_DELIVERED, a non-null processingDate
in ISO 8601 format, and processingDate must match the SEND_RTP event timestamp from
the GPD message response (truncated to millisecond precision).
","6641","GPD message sent → RTP SENT → PD_RTP_DELIVERED with processingDate","functional-tests.tests.get_rtp","2026-08-09","passed","2026-08-09","","test_RTP_get_delivery_status","",""
"Test sending an UPDATE operation message with different statuses via GPD message API after a CREATE","2160","An UPDATE message with status DRAFT after CREATE","functional-tests.tests.process_messages_sender","2026-08-09","passed","2026-08-09","","test_RTP_process_sender_UPDATE","",""
"","920","A second service provider triggers takeover when debtor is already active on another service provider","functional-tests.tests.activation","2026-08-09","passed","2026-08-09","","test_debtor_activation_create","",""
"The mock policy falls back to its default `{}` response when no notice number matches, so the RTP stays in RFC_SENT.","1806","Cancelling an RTP - EPC v4 mock happy path scenario: no_match_fallback","functional-tests.tests.cancel_rtp","2026-08-09","passed","2026-08-09","","test_RTP_cancel_MOCK_V2","",""
"","391","inexistent RTP -> empty body","functional-tests.tests.get_rtp","2026-08-09","passed","2026-08-09","","test_RTP_get","",""
"DS_08N RJCT callback sent after a prior DS_05 ACTC callback.

The RTP is expected to transition from SENT to ACCEPTED, then to USER_REJECTED.
","3017","A v2 RTP callback with status RJCT after DS_05 transitions the RTP to USER_REJECTED","functional-tests.tests.callbacks_v2","2026-08-09","passed","2026-08-09","","test_RTP_callback_DS_08N_negative","",""
"","784","Sending a GPD message with null id returns 400","functional-tests.tests.send_rtp","2026-08-09","passed","2026-08-09","","test_RTP_send_MOCK","",""
"","1298","Cannot send RTP with invalid amount","functional-tests.tests.availability","2026-08-09","passed","2026-08-09","","test_availability_CBI","",""
"Test sending an UPDATE operation message with different statuses via GPD message API before a CREATE","779","An UPDATE message with status PARTIALLY_PAID before CREATE","functional-tests.tests.process_messages_sender","2026-08-09","passed","2026-08-09","","test_RTP_process_sender_UPDATE_before_CREATE","",""
"","390","All auth fixtures expose a valid Bearer token format","functional-tests.tests.auth","2026-08-09","passed","2026-08-09","","test_auth","",""
"
Test RFC callback DS12N with RJCR status, cancel triggered via REST Web API with explicit reason.

Flow:
1. Activate payer
2. Send an RTP via GPD message (CREATE VALID)
3. Cancel the RTP via REST cancel endpoint with cancel_reason → RTP to RFC_SENT
4. Send DS12N callback with CxlStsId RJCR (Rejected Cancellation Request)
5. Verify callback is accepted (200)
6. Verify RTP status is ERROR_CANCEL
","3327","An RFC callback DS12N RJCR is successfully received and RTP status is ERROR_CANCEL - through Web API cancel","functional-tests.tests.callbacks","2026-08-09","passed","2026-08-09","","test_RTP_callback_DS_12N","",""
"","5225","A debtor Service Provider successfully takes over an activation from another provider","bdd-tests","2026-08-09","passed","2026-08-09","Debtor_Activation_Takeover","RTP","",""
"
Test RFC callback DS12P with INVALID status.

Flow:
1. Activate payer
2. Send an RTP via GPD message (CREATE VALID)
3. Cancel the RTP via GPD message (DELETE) → RTP to RFC_SENT
4. Send DS12P callback with CxlStsId INVALID
5. Verify callback is rejected with 400
6. Verify RTP status is still RFC_SENT
","2055","An RFC callback DS12P INVALID is rejected with 400","functional-tests.tests.callbacks","2026-08-09","passed","2026-08-09","","test_RTP_callback_DS_12P","",""
"","370","Invalid pagination parameters returns 400","functional-tests.tests.activation","2026-08-09","passed","2026-08-09","","test_debtor_activation_list","",""
"MOCKSP04 owns both its own spId and MOCKSP01; redeeming an OTP scoped to MOCKSP01 must
assign MOCKSP01 to the new activation, not MOCKSP04 (the redeemer's own tspId).","2605","Test Takeover Redemption Assigns the OTP's Owned Service Provider ID","functional-tests.tests.takeover","2026-08-09","passed","2026-08-09","","test_debtor_takeover","",""
"Each entry in ``INVALID_PAYER_IDS`` must be rejected with 400.

The ``description`` parameter appears in pytest output to identify which
case failed without having to inspect the raw value.
","371","Querying activation status with an invalid payerId format returns 400","functional-tests.tests.activation","2026-08-09","passed","2026-08-09","","test_debtor_activation_payer_status","",""
"Test sending an UPDATE after CREATE VALID + DELETE with different statuses","2150","An UPDATE message with status DRAFT after CREATE VALID and DELETE","functional-tests.tests.process_messages_sender","2026-08-09","passed","2026-08-09","","test_RTP_process_sender_UPDATE","",""
"Each entry in ``INVALID_PAYER_IDS`` (see dataset docstring) must be rejected with 400.","375","The activation request must contain a validly formatted fiscal code","functional-tests.tests.activation","2026-08-09","passed","2026-08-09","","test_debtor_activation_create","",""
"","379","Invalid NextActivationId format returns 400","functional-tests.tests.activation","2026-08-09","passed","2026-08-09","","test_debtor_activation_list","",""
"","1832","An RTP sent with synchronous rejection and missing _links results in status REJECTED - through Web API V2","functional-tests.tests.send_rtp","2026-08-09","passed","2026-08-09","","test_RTP_send_MOCK","",""
"","375","Get payees consents with invalid date format returns 400","functional-tests.tests.service_registry","2026-08-09","passed","2026-08-09","","test_get_payees_consents","",""
"Each entry in ``INVALID_PAYER_IDS`` must be rejected with 400.

The ``description`` parameter appears in pytest output to identify which
case failed without having to inspect the raw value.
","372","Querying activation status with an invalid payerId format returns 400","functional-tests.tests.activation","2026-08-09","passed","2026-08-09","","test_debtor_activation_payer_status","",""
"","375","A Service Provider with invalid client ID is not authenticated on Keycloak","functional-tests.tests.auth","2026-08-09","passed","2026-08-09","","test_auth","",""
"The response cannot be parsed as a cancellation confirmation (malformed, unquoted string), so the RTP stays in RFC_SENT rather than erroring out.","1746","Cancelling an RTP - EPC v4 mock unhappy path scenario: malformed_string","functional-tests.tests.cancel_rtp","2026-08-09","passed","2026-08-09","","test_RTP_cancel_MOCK_V2","",""
"Active payer with a foreign-country fiscal code (Z + 3 digits municipality) → isActive must be true.","768","An active payer with foreign fiscal code returns isActive true","functional-tests.tests.activation","2026-08-09","passed","2026-08-09","","test_debtor_activation_payer_status","",""
"Test sending an UPDATE operation message with different statuses via GPD message API before a CREATE","926","An UPDATE message with status DRAFT before CREATE","functional-tests.tests.process_messages_sender","2026-08-09","passed","2026-08-09","","test_RTP_process_sender_UPDATE_before_CREATE","",""
"
Test v2 RFC callback DS12N with INVALID status.

Flow:
1. Activate payer
2. Send an RTP via GPD message v2 (CREATE VALID)
3. Cancel the RTP via GPD message v2 (DELETE) -> RTP to RFC_SENT
4. Send DS12N callback with CxlStsId INVALID
5. Verify callback is rejected with 400
6. Verify RTP status is still RFC_SENT
","2158","A v2 RFC callback DS12N INVALID is rejected with 400","functional-tests.tests.callbacks_v2","2026-08-09","passed","2026-08-09","","test_RTP_callback_DS_12N_negative","",""
"Test sending a DELETE operation message via GPD message API after a CREATE VALID + UPDATE","1700","A DELETE message after CREATE VALID + UPDATE EXPIRED","functional-tests.tests.process_messages_sender","2026-08-09","passed","2026-08-09","","test_RTP_process_sender_DELETE","",""
"No `Sts.Conf` confirmation is present (Sts block omitted entirely), so only CANCEL_RTP is triggered and the RTP stays in RFC_SENT.","1889","Cancelling an RTP - EPC v4 mock happy path scenario: no_sts_block","functional-tests.tests.cancel_rtp","2026-08-09","passed","2026-08-09","","test_RTP_cancel_MOCK_V2","",""
"MOCKSP04 owns MOCKSP01 and triggers the OTP; FAKESP01, which owns neither, must be rejected
with an explicit ownership error, not merely a generic 403.","1180","Test Takeover Fails when Redeemer Does Not Own the OTP's Service Provider ID","functional-tests.tests.takeover","2026-08-09","passed","2026-08-09","","test_debtor_takeover","",""
"","771","A debtor is activated and retrieved by activation id","functional-tests.tests.activation","2026-08-09","passed","2026-08-09","","test_debtor_activation_get","",""
"","7477","RTP form cancellation with reason PAID","ux-tests.tests","2026-08-09","failed","2026-08-09","","test_RTP_cancel_v4","",""
"UPDATE PAID with psp_tax_code=None (invalid PSP) results in RTP state RFC_SENT","1517","An UPDATE PAID message with an invalid PSP results in RFC_SENT state","functional-tests.tests.process_messages_sender","2026-08-09","passed","2026-08-09","","test_RTP_process_sender_UPDATE","",""
"","881","A debtor with omocodia fiscal code is activated successfully","functional-tests.tests.activation","2026-08-09","passed","2026-08-09","","test_debtor_activation_create","",""
"","2737","RTP cancellation fails with an invalid reason - V2","functional-tests.tests.cancel_rtp","2026-08-09","passed","2026-08-09","","test_RTP_cancel","",""
"The response body is not a recognizable cancellation confirmation (quoted plain string), so the RTP stays in RFC_SENT.","1869","Cancelling an RTP - EPC v4 mock happy path scenario: plain_string","functional-tests.tests.cancel_rtp","2026-08-09","passed","2026-08-09","","test_RTP_cancel_MOCK_V2","",""
"
Test RFC callback DS12N with non-existing service provider, cancel via REST Web API.

Flow:
1. Activate payer
2. Send an RTP via GPD message (CREATE VALID)
3. Cancel the RTP via REST cancel endpoint with cancel_reason → RTP to RFC_SENT
4. Send DS12N callback with non-existing BIC (MOCKSP99)
5. Verify callback is rejected with 400 (service provider not found)
","1750","Failed RFC callback for non existing Service Provider - DS-12N RJCR compliant - through Web API cancel","functional-tests.tests.callbacks","2026-08-09","passed","2026-08-09","","test_RTP_callback_DS_12N","",""
"Each entry in ``INVALID_PAYER_IDS`` must be rejected with 400.

The ``description`` parameter appears in pytest output to identify which
case failed without having to inspect the raw value.
","378","Querying activation status with an invalid payerId format returns 400","functional-tests.tests.activation","2026-08-09","failed","2026-08-09","","test_debtor_activation_payer_status","",""
"","2469","RTP is successfully cancelled with reason MODT","functional-tests.tests.cancel_rtp","2026-08-09","passed","2026-08-09","","test_RTP_cancel","",""
"Each entry in ``INVALID_PAYER_IDS`` (see dataset docstring) must be rejected with 400.","373","The activation request must contain a validly formatted fiscal code","functional-tests.tests.activation","2026-08-09","passed","2026-08-09","","test_debtor_activation_create","",""
"","374","Get payees consents with negative page size returns 400","functional-tests.tests.service_registry","2026-08-09","passed","2026-08-09","","test_get_payees_consents","",""
"","1906","RTP form is filled and submitted","ux-tests.tests","2026-08-09","passed","2026-08-09","","test_RTP_submission_v3","",""
"","1197","A Service Provider tries to activates a debtor without having the correct credentials","bdd-tests","2026-08-09","passed","2026-08-09","Debtor_Activation","RTP","",""
"Test sending a DELETE operation message via GPD message API after a CREATE","1149","A DELETE message after CREATE DRAFT","functional-tests.tests.process_messages_sender","2026-08-09","passed","2026-08-09","","test_RTP_process_sender_DELETE","",""
"Each entry in ``INVALID_PAYER_IDS`` must be rejected with 400.

The ``description`` parameter appears in pytest output to identify which
case failed without having to inspect the raw value.
","373","Querying activation status with an invalid payerId format returns 400","functional-tests.tests.activation","2026-08-09","passed","2026-08-09","","test_debtor_activation_payer_status","",""
"","376","missing token → 401 Unauthorized","functional-tests.tests.get_rtp","2026-08-09","passed","2026-08-09","","test_RTP_get","",""
"","1859","An RTP sent with synchronous rejection is in status REJECTED - DS-08P N","functional-tests.tests.send_rtp","2026-08-09","passed","2026-08-09","","test_RTP_send_MOCK","",""
"","385","Failed callback for non existing Service Provider - DS-04b compliant","functional-tests.tests.callbacks","2026-08-09","passed","2026-08-09","","test_RTP_callback_DS_04","",""
"","372","Get payees consents with wrong token type returns 403","functional-tests.tests.service_registry","2026-08-09","passed","2026-08-09","","test_get_payees_consents","",""
"
Tests the retrieval of an access token from the POSTE authentication endpoint using client credentials and mutual TLS.

:param debtor_sp_mock_cert_key: Certificate and key tuple for mutual TLS authentication.
:type debtor_sp_mock_cert_key: Tuple[str, str]
","433","Auth endpoint returns valid token","functional-tests.tests.availability","2026-08-09","passed","2026-08-09","","test_availability_POSTE","",""
"Test sending a DELETE operation message via GPD message API after a standalone UPDATE (no prior CREATE)","1168","A DELETE message after standalone UPDATE EXPIRED","functional-tests.tests.process_messages_sender","2026-08-09","passed","2026-08-09","","test_RTP_process_sender_DELETE","",""
"","350","Get payees with invalid authorization","functional-tests.tests.service_registry","2026-08-09","passed","2026-08-09","","test_service_registry_payees_registry","",""
"Each entry in ``INVALID_PAYER_IDS`` (see dataset docstring) must be rejected with 400.","497","The activation request must contain a validly formatted fiscal code","functional-tests.tests.activation","2026-08-09","passed","2026-08-09","","test_debtor_activation_create","",""
"","2708","An RTP callback with status ACWC is successfully received","functional-tests.tests.callbacks","2026-08-09","passed","2026-08-09","","test_RTP_callback_DS_08","",""
"
Test v2 RFC callback DS12N with wrong certificate identity.

Flow:
1. Activate payer
2. Send an RTP via GPD message v2 (CREATE VALID)
3. Cancel the RTP via GPD message v2 (DELETE) -> RTP to RFC_SENT
4. Send DS12N callback with assignee_bic='FAKESP01' (doesn't match certificate identity)
5. Verify callback is rejected with 403 (certificate mismatch)
6. Verify RTP status is still RFC_SENT
","2259","Unauthorized v2 RFC callback due to wrong certificate serial","functional-tests.tests.callbacks_v2","2026-08-09","passed","2026-08-09","","test_RTP_callback_DS_12N_negative","",""
"
Test v2 RFC callback DS12P with CNCL status.

Flow:
1. Activate payer
2. Send an RTP via GPD message v2 (CREATE VALID)
3. Cancel the RTP via GPD message v2 (DELETE) -> RTP to RFC_SENT
4. Send DS12P callback with CxlStsId CNCL (Cancelled As Per Request)
5. Verify callback is accepted (200)
6. Verify RTP status is CANCELLED
","2596","A v2 RFC callback DS12P CNCL is successfully received and RTP status is CANCELLED","functional-tests.tests.callbacks_v2","2026-08-09","passed","2026-08-09","","test_RTP_callback_DS_12P_positive","",""
"The ownership check fails the same way whether the target spId belongs to someone else
or doesn't exist in the registry at all - NOEXIT00 is not a real Service Provider ID.","373","Activation is forbidden with the same error code for a Service Provider ID absent from the registry","functional-tests.tests.activation","2026-08-09","passed","2026-08-09","","test_debtor_activation_create","",""
"`Sts.Conf = ""CNCL""` triggers CANCEL_RTP -> CONFIRM_RFC -> CANCEL_RTP_ACCR, ending in CANCELLED_ACCR.","2380","Cancelling an RTP - EPC v4 mock happy path scenario: cncl_confirmed","functional-tests.tests.cancel_rtp","2026-08-09","passed","2026-08-09","","test_RTP_cancel_MOCK_V2","",""
"Each entry in ``INVALID_PAYER_IDS`` (see dataset docstring) must be rejected with 400.","418","The activation request must contain a validly formatted fiscal code","functional-tests.tests.activation","2026-08-09","passed","2026-08-09","","test_debtor_activation_create","",""
"MOCKSP04 owns MOCKSP01 as well as its own spId; status must reflect the activation either way.","769","An active payer returns isActive true when activated under an owned but distinct Service Provider ID","functional-tests.tests.activation","2026-08-09","passed","2026-08-09","","test_debtor_activation_payer_status","",""
"","966","An RTP is sent to Poste service with activated fiscal code","functional-tests.tests.send_rtp","2026-08-09","passed","2026-08-09","","test_RTP_send_POSTE","",""
"","1275","RTP is successfully retrieved","functional-tests.tests.get_rtp","2026-08-09","passed","2026-08-09","","test_RTP_get","",""
"FAKESP01 does not own MOCKSP01, a Service Provider ID owned by another tspId.","370","Activation is forbidden for a Service Provider ID not owned by the token subject","functional-tests.tests.activation","2026-08-09","passed","2026-08-09","","test_debtor_activation_create","",""
"Test sending a DELETE operation message via GPD message API after a CREATE","1146","A DELETE message after CREATE INVALID","functional-tests.tests.process_messages_sender","2026-08-09","passed","2026-08-09","","test_RTP_process_sender_DELETE","",""
"","376","Sending an RTP when EPC returns an unexpected status code error (RTP_05.CHK.A0007) returns 500 - through Web API V2","functional-tests.tests.send_rtp","2026-08-09","failed","2026-08-09","","test_RTP_send_MOCK","",""
"Availability probe for takeover notification mock endpoint: expects 204 No Content","349","Test Takeover Notification Endpoint","functional-tests.tests.takeover","2026-08-09","passed","2026-08-09","","test_debtor_takeover","",""
"
Test RFC callback DS12P with non-existing service provider.

Flow:
1. Activate payer
2. Send an RTP via GPD message (CREATE VALID)
3. Cancel the RTP via GPD message (DELETE) → RTP to RFC_SENT
4. Send DS12P callback with non-existing BIC (MOCKSP99)
5. Verify callback is rejected with 400 (service provider not found)
","1667","Failed RFC callback for non existing Service Provider - DS-12P CNCL compliant","functional-tests.tests.callbacks","2026-08-09","passed","2026-08-09","","test_RTP_callback_DS_12P","",""
"Test sending an UPDATE after CREATE VALID + DELETE with different statuses","1776","An UPDATE message with status PAID after CREATE VALID and DELETE","functional-tests.tests.process_messages_sender","2026-08-09","passed","2026-08-09","","test_RTP_process_sender_UPDATE","",""
"","776","A debtor with foreign fiscal code is activated successfully","functional-tests.tests.activation","2026-08-09","passed","2026-08-09","","test_debtor_activation_create","",""
"","940","RTP cancellation fails if resource ID does not exist","functional-tests.tests.cancel_rtp","2026-08-09","passed","2026-08-09","","test_RTP_cancel","",""
"","779","A debtor activated with an owned but distinct Service Provider ID is retrieved by activation id","functional-tests.tests.activation","2026-08-09","passed","2026-08-09","","test_debtor_activation_get","",""
"","787","A debtor activated with an owned but distinct Service Provider ID is deactivated","functional-tests.tests.activation","2026-08-09","passed","2026-08-09","","test_debtor_deactivation","",""
"Each entry in ``INVALID_PAYER_IDS`` (see dataset docstring) must be rejected with 400.","484","The activation request must contain a validly formatted fiscal code","functional-tests.tests.activation","2026-08-09","passed","2026-08-09","","test_debtor_activation_create","",""
"
Test RFC callback DS12N with INVALID status.

Flow:
1. Activate payer
2. Send an RTP via GPD message (CREATE VALID)
3. Cancel the RTP via GPD message (DELETE) → RTP to RFC_SENT
4. Send DS12N callback with CxlStsId INVALID
5. Verify callback is rejected with 400
6. Verify RTP status is still RFC_SENT
","2475","An RFC callback DS12N INVALID is rejected with 400","functional-tests.tests.callbacks","2026-08-09","passed","2026-08-09","","test_RTP_callback_DS_12N","",""
"Each entry in ``INVALID_PAYER_IDS`` (see dataset docstring) must be rejected with 400.","374","The activation request must contain a validly formatted fiscal code","functional-tests.tests.activation","2026-08-09","passed","2026-08-09","","test_debtor_activation_create","",""
"Test sending an UPDATE operation message with different statuses via GPD message API before a CREATE","777","An UPDATE message with status PAID before CREATE","functional-tests.tests.process_messages_sender","2026-08-09","passed","2026-08-09","","test_RTP_process_sender_UPDATE_before_CREATE","",""
"","1345","An RTP sent with synchronous acceptance is in status ACCEPTED - DS-05 ACTC - through Web API V2","functional-tests.tests.send_rtp","2026-08-09","passed","2026-08-09","","test_RTP_send_MOCK","",""
"DS_08N RJCT callback sent directly on a SENT RTP (no prior DS_05 ACTC callback).

The RTP is expected to transition from SENT to REJECTED.
","3585","A v2 RTP callback with status RJCT is successfully received","functional-tests.tests.callbacks_v2","2026-08-09","passed","2026-08-09","","test_RTP_callback_DS_08N_negative","",""
"","1353","An RTP sent when EPC response contains an unknown field is ignored and remains in status SENT - through Web API","functional-tests.tests.send_rtp","2026-08-09","passed","2026-08-09","","test_RTP_send_MOCK","",""
"","783","Get by activation id returns 404 when the token subject does not own the activation's Service Provider ID","functional-tests.tests.activation","2026-08-09","passed","2026-08-09","","test_debtor_activation_get","",""
"Parametrized contract test generated from the Send API OpenAPI spec.

Schemathesis derives one test case per endpoint defined in the spec, generating
request data (path params, query params, body) that is valid according to the schema.
Each case is executed against the live API and the response is validated with
CONTRACT_CHECKS.

An additional assertion verifies that the Location header is present on 201 responses
from POST /rtps, as required by the spec.
","136481","test_send_api_contract[POST /gpd/message]","contract-tests.tests","2026-08-09","passed","2026-08-09","","test_api_send_rtp","",""
"","383","Non-existent NextActivationId returns 200 with empty body","functional-tests.tests.activation","2026-08-09","passed","2026-08-09","","test_debtor_activation_list","",""
"","2446","An RTP callback with invalid status is received and processed with success without affecting the RTP status","functional-tests.tests.callbacks","2026-08-09","passed","2026-08-09","","test_RTP_callback_DS_05","",""
"","1868","An RTP sent with synchronous rejection is in status REJECTED - DS-08P N - through Web API","functional-tests.tests.send_rtp","2026-08-09","passed","2026-08-09","","test_RTP_send_MOCK","",""
"","1647","An RTP callback with status ACTC is successfully received","functional-tests.tests.callbacks","2026-08-09","passed","2026-08-09","","test_RTP_callback_DS_05","",""
"","1181","Whitespaces is allowed in description and company name field","ux-tests.tests","2026-08-09","passed","2026-08-09","","test_RTP_submission_v4","",""
"","970","An RTP is sent to Poste service with activated fiscal code - through Web API V2","functional-tests.tests.send_rtp","2026-08-09","failed","2026-08-09","","test_RTP_send_POSTE","",""
"
Test RFC callback DS12N with wrong certificate identity, cancel via REST Web API.

Flow:
1. Activate payer
2. Send an RTP via GPD message (CREATE VALID)
3. Cancel the RTP via REST cancel endpoint with cancel_reason → RTP to RFC_SENT
4. Send DS12N callback with assignee_bic='FAKESP01' (doesn't match certificate identity MOCKSP04)
5. Verify callback is rejected with 403 (certificate mismatch)
","2208","Unauthorized RFC callback due to wrong certificate serial - through Web API cancel","functional-tests.tests.callbacks","2026-08-09","passed","2026-08-09","","test_RTP_callback_DS_12N","",""
"
Test RFC callback DS12N with non-existing service provider, cancel via REST Web API.

Flow:
1. Activate payer
2. Send an RTP via GPD message (CREATE VALID)
3. Cancel the RTP via REST cancel endpoint with cancel_reason → RTP to RFC_SENT
4. Send DS12N callback with non-existing BIC (MOCKSP99)
5. Verify callback is rejected with 400 (service provider not found)
","1962","Failed RFC callback for non existing Service Provider - DS-12N RJCR compliant - through Web API cancel","functional-tests.tests.callbacks","2026-08-09","passed","2026-08-09","","test_RTP_callback_DS_12N","",""
"Each entry in ``INVALID_PAYER_IDS`` (see dataset docstring) must be rejected with 400.","387","The activation request must contain a validly formatted fiscal code","functional-tests.tests.activation","2026-08-09","failed","2026-08-09","","test_debtor_activation_create","",""
"","868","An RTP is sent through API - through Web API","functional-tests.tests.send_rtp","2026-08-09","passed","2026-08-09","","test_RTP_send_MOCK","",""
"","2060","SP_B cannot retrieve activation by Fiscal Code created by SP_A","functional-tests.tests.activation","2026-08-09","passed","2026-08-09","","test_RTP_activation_security","",""
"
Test RFC callback DS12P with INVALID status, cancel via REST Web API.

Flow:
1. Activate payer
2. Send an RTP via GPD message (CREATE VALID)
3. Cancel the RTP via REST cancel endpoint with cancel_reason → RTP to RFC_SENT
4. Send DS12P callback with CxlStsId INVALID
5. Verify callback is rejected with 400
6. Verify RTP status is still RFC_SENT
","2044","An RFC callback DS12P INVALID is rejected with 400 - through Web API cancel","functional-tests.tests.callbacks","2026-08-09","passed","2026-08-09","","test_RTP_callback_DS_12P","",""
"","3342","Failed callback for invalid RTP transition - DS-08P RJCT compliant","functional-tests.tests.callbacks","2026-08-09","passed","2026-08-09","","test_RTP_callback_DS_08","",""
"Test sending a CREATE operation message via GPD message API","872","A CREATE message is successfully sent through GPD message API","functional-tests.tests.process_messages_sender","2026-08-09","passed","2026-08-09","","test_RTP_process_sender","",""
"Test sending a DELETE operation message via GPD message API after a CREATE VALID + UPDATE","2209","A DELETE message after CREATE VALID + UPDATE PAID","functional-tests.tests.process_messages_sender","2026-08-09","passed","2026-08-09","","test_RTP_process_sender_DELETE","",""
"Authenticated but not authorized: token of SP A tries to use OTP issued for SP B","1163","Test Takeover Fails with Wrong SP Token","functional-tests.tests.takeover","2026-08-09","passed","2026-08-09","","test_debtor_takeover","",""
"","2055","DS_05 redirect v2 callback with Version header returns 400","functional-tests.tests.callbacks_v2","2026-08-09","passed","2026-08-09","","test_RTP_callback_with_version_header","",""
"","1374","Deactivation fails for activation by another service provider","functional-tests.tests.activation","2026-08-09","passed","2026-08-09","","test_debtor_deactivation","",""
"Test sending a DELETE operation message via GPD message API after a CREATE VALID + UPDATE","1675","A DELETE message after CREATE VALID + UPDATE PARTIALLY_PAID","functional-tests.tests.process_messages_sender","2026-08-09","passed","2026-08-09","","test_RTP_process_sender_DELETE","",""
"MOCKSP04 owns MOCKSP01 as well as its own spId; activation must be allowed on either.","793","A debtor is activated using a Service Provider ID the token subject owns but does not itself represent","functional-tests.tests.activation","2026-08-09","passed","2026-08-09","","test_debtor_activation_create","",""
"","1702","Unauthorized callback due to wrong certificate serial","functional-tests.tests.callbacks_v2","2026-08-09","passed","2026-08-09","","test_RTP_callback_DS_08P_positive","",""
"","380","Retrieving non-existent activation by payer id returns 404","functional-tests.tests.activation","2026-08-09","passed","2026-08-09","","test_debtor_activation_get","",""
"","2571","Failed callback for non existing Service Provider - DS-05 redirect compliant","functional-tests.tests.callbacks_v2","2026-08-09","passed","2026-08-09","","test_RTP_callback_DS_05_redirect","",""
"","2072","An RTP sent with synchronous rejection and missing _links results in status REJECTED","functional-tests.tests.send_rtp","2026-08-09","passed","2026-08-09","","test_RTP_send_MOCK","",""
"","2266","A v2 document RTP callback with status RJCT is successfully received","functional-tests.tests.callbacks_v2","2026-08-09","passed","2026-08-09","","test_RTP_callback_DS_document_rjct","",""
"","778","Get paginated list of payees successfully","functional-tests.tests.service_registry","2026-08-09","passed","2026-08-09","","test_service_registry_payees_registry","",""
"Each entry in ``INVALID_PAYER_IDS`` (see dataset docstring) must be rejected with 400.","376","The activation request must contain a validly formatted fiscal code","functional-tests.tests.activation","2026-08-09","passed","2026-08-09","","test_debtor_activation_create","",""
"Each entry in ``INVALID_PAYER_IDS`` (see dataset docstring) must be rejected with 400.","369","The activation request must contain a validly formatted fiscal code","functional-tests.tests.activation","2026-08-09","passed","2026-08-09","","test_debtor_activation_create","",""
"
Test RFC callback DS12P with INVALID status, cancel via REST Web API.

Flow:
1. Activate payer
2. Send an RTP via GPD message (CREATE VALID)
3. Cancel the RTP via REST cancel endpoint with cancel_reason → RTP to RFC_SENT
4. Send DS12P callback with CxlStsId INVALID
5. Verify callback is rejected with 400
6. Verify RTP status is still RFC_SENT
","2910","An RFC callback DS12P INVALID is rejected with 400 - through Web API cancel","functional-tests.tests.callbacks","2026-08-09","passed","2026-08-09","","test_RTP_callback_DS_12P","",""
"
DS_12N RJCR RFC callback sent with the Version header must be rejected with 400.
The RTP must remain in RFC_SENT (transition to ERROR_CANCEL must not happen).

Flow:
1. Activate payer, send RTP, trigger cancel via GPD DELETE → RFC_SENT
2. Build a valid DS_12N RJCR payload
3. POST to RFC callback endpoint WITH Version header
4. Verify 400 is returned with the expected error body
5. Verify RTP status is still RFC_SENT
","2025","DS_12N RJCR RFC callback with Version header returns 400","functional-tests.tests.callbacks","2026-08-09","passed","2026-08-09","","test_RTP_callback_with_version_header","",""
"","373","malformed rtp_id → 400 Bad Request","functional-tests.tests.get_rtp","2026-08-09","passed","2026-08-09","","test_RTP_get","",""
"Test sending a CREATE operation message with a foreign fiscal code via GPD message API","888","A CREATE message with foreign fiscal code is successfully sent through GPD message API","functional-tests.tests.process_messages_sender","2026-08-09","passed","2026-08-09","","test_RTP_process_sender","",""
"","1703","Unauthorized callback due to wrong certificate serial","functional-tests.tests.callbacks_v2","2026-08-09","passed","2026-08-09","","test_RTP_callback_DS_08N_negative","",""
"","1233","An RTP sent when EPC response omits _links is in status ACCEPTED","functional-tests.tests.send_rtp","2026-08-09","passed","2026-08-09","","test_RTP_send_MOCK","",""
"UPDATE VALID with an ec_tax_code that does not exist in GPD returns 422 Payee not found","779","An UPDATE VALID message with a non-existent ec_tax_code is rejected","functional-tests.tests.process_messages_sender","2026-08-09","passed","2026-08-09","","test_RTP_process_sender_UPDATE","",""
"","2698","An RTP sent with synchronous rejection is in status REJECTED - DS-08P N - through Web API V2","functional-tests.tests.send_rtp","2026-08-09","passed","2026-08-09","","test_RTP_send_MOCK","",""
"Test sending a CREATE operation message with different statuses via GPD message API","772","A CREATE message with status PAID","functional-tests.tests.process_messages_sender","2026-08-09","passed","2026-08-09","","test_RTP_process_sender_CREATE","",""
"","373","Get payees consents with extreme page size returns 400","functional-tests.tests.service_registry","2026-08-09","passed","2026-08-09","","test_get_payees_consents","",""
"Test sending a DELETE operation message via GPD message API after a CREATE VALID + UPDATE","1670","A DELETE message after CREATE VALID + UPDATE DRAFT","functional-tests.tests.process_messages_sender","2026-08-09","passed","2026-08-09","","test_RTP_process_sender_DELETE","",""
"
Test RFC callback DS12P with CNCL status, cancel triggered via REST Web API with explicit reason.

Flow:
1. Activate payer
2. Send an RTP via GPD message (CREATE VALID)
3. Cancel the RTP via REST cancel endpoint with cancel_reason → RTP to RFC_SENT
4. Send DS12P callback with CxlStsId CNCL (Cancelled As Per Request)
5. Verify callback is accepted (200)
6. Verify RTP status is CANCELLED
","2041","An RFC callback DS12P CNCL is successfully received and RTP status is CANCEL - through Web API cancel","functional-tests.tests.callbacks","2026-08-09","passed","2026-08-09","","test_RTP_callback_DS_12P","",""
"","372","Retrieving activation with malformed payer id returns 400","functional-tests.tests.activation","2026-08-09","passed","2026-08-09","","test_debtor_activation_get","",""
"","874","Auth endpoint returns valid token","functional-tests.tests.availability","2026-08-09","passed","2026-08-09","","test_availability_CBI","",""
"
Given a debtor is activated with the mock fiscal code that makes the debtor
service provider mock reply with a server error, when a GPD message (CREATE)
is sent via POST /gpd/message, then the rtp-sender fails to deliver the RTP
and records an ERROR_SEND_RTP event (RTP status becomes ERROR_SEND). When the
payee then queries the delivery-status endpoint with the matching noticeNumber
and payeeId, the response must be HTTP 200 with status=PD_RTP_NOT_DELIVERED
and processingDate absent or null.
","7745","RTP with ERROR_SEND_RTP event → PD_RTP_NOT_DELIVERED","functional-tests.tests.get_rtp","2026-08-09","failed","2026-08-09","","test_RTP_get_delivery_status","",""
"
Test v2 RFC callback DS12P with INVALID status.

Flow:
1. Activate payer
2. Send an RTP via GPD message v2 (CREATE VALID)
3. Cancel the RTP via GPD message v2 (DELETE) -> RTP to RFC_SENT
4. Send DS12P callback with CxlStsId INVALID
5. Verify callback is rejected with 400
6. Verify RTP status is still RFC_SENT
","2460","A v2 RFC callback DS12P INVALID is rejected with 400","functional-tests.tests.callbacks_v2","2026-08-09","passed","2026-08-09","","test_RTP_callback_DS_12P_positive","",""
"","769","Find by payer id returns 404 when the token subject does not own the activation's Service Provider ID","functional-tests.tests.activation","2026-08-09","passed","2026-08-09","","test_debtor_activation_get","",""
"
Test v2 RFC callback DS12P with wrong certificate identity.

Flow:
1. Activate payer
2. Send an RTP via GPD message v2 (CREATE VALID)
3. Cancel the RTP via GPD message v2 (DELETE) -> RTP to RFC_SENT
4. Send DS12P callback with assignee_bic='FAKESP01' (doesn't match certificate identity)
5. Verify callback is rejected with 403 (certificate mismatch)
6. Verify RTP status is still RFC_SENT
","2182","Unauthorized v2 RFC callback due to wrong certificate serial","functional-tests.tests.callbacks_v2","2026-08-09","passed","2026-08-09","","test_RTP_callback_DS_12P_positive","",""
"Payer activated under SP A queried by SP A → isActive must be true.","766","An active payer returns isActive true for the same Service Provider","functional-tests.tests.activation","2026-08-09","passed","2026-08-09","","test_debtor_activation_payer_status","",""
"","3201","Failed v2 document callback for invalid RTP transition - DS-document RJCT compliant","functional-tests.tests.callbacks_v2","2026-08-09","passed","2026-08-09","","test_RTP_callback_DS_document_rjct","",""
"Test that takeover fails when an invalid OTP is provided","1158","Test Takeover Fails with Invalid OTP","functional-tests.tests.takeover","2026-08-09","passed","2026-08-09","","test_debtor_takeover","",""
"Each entry in ``INVALID_PAYER_IDS`` (see dataset docstring) must be rejected with 400.","371","The activation request must contain a validly formatted fiscal code","functional-tests.tests.activation","2026-08-09","passed","2026-08-09","","test_debtor_activation_create","",""
"Test sending a DELETE operation message via GPD message API after a standalone UPDATE (no prior CREATE)","1200","A DELETE message after standalone UPDATE DRAFT","functional-tests.tests.process_messages_sender","2026-08-09","passed","2026-08-09","","test_RTP_process_sender_DELETE","",""
"","370","Sending an RTP when EPC returns a malformed/invalid response body returns 500 - through Web API","functional-tests.tests.send_rtp","2026-08-09","failed","2026-08-09","","test_RTP_send_MOCK","",""
"
Tests that sending an RTP payload with an expired date to the POSTE endpoint results in a 400 Bad Request response.

:param debtor_sp_mock_cert_key: Certificate and key tuple for mutual TLS authentication.
:type debtor_sp_mock_cert_key: Tuple[str, str]
","1278","Cannot send RTP with expired date","functional-tests.tests.availability","2026-08-09","failed","2026-08-09","","test_availability_POSTE","",""
"
Test RFC callback DS12P with wrong certificate identity.

Flow:
1. Activate payer
2. Send an RTP via GPD message (CREATE VALID)
3. Cancel the RTP via GPD message (DELETE) → RTP to RFC_SENT
4. Send DS12P callback with assignee_bic='FAKESP01' (doesn't match certificate identity MOCKSP04)
5. Verify callback is rejected with 403 (certificate mismatch)
","1653","Unauthorized RFC callback due to wrong certificate serial","functional-tests.tests.callbacks","2026-08-09","passed","2026-08-09","","test_RTP_callback_DS_12P","",""
"
DS_08N callback sent with the Version header must be rejected with 400.
The RTP must remain in SENT (transition to REJECTED must not happen).

Flow:
1. Activate payer and send an RTP → resource_id
2. Build a valid DS_08N payload referencing the RTP
3. POST to callback endpoint WITH Version header
4. Verify 400 is returned with the expected error body
5. Verify RTP status is still SENT
","1619","DS_08N callback with Version header returns 400","functional-tests.tests.callbacks","2026-08-09","passed","2026-08-09","","test_RTP_callback_with_version_header","",""
"","2757","Failed callback for non compliant DS-04b payload","functional-tests.tests.callbacks","2026-08-09","passed","2026-08-09","","test_RTP_callback_DS_04","",""
"","369","A debtor service provider fails activation due to wrong service provider id","functional-tests.tests.activation","2026-08-09","passed","2026-08-09","","test_debtor_activation_list","",""
"Each entry in ``INVALID_PAYER_IDS`` (see dataset docstring) must be rejected with 400.","379","The activation request must contain a validly formatted fiscal code","functional-tests.tests.activation","2026-08-09","passed","2026-08-09","","test_debtor_activation_create","",""
"
DS_04b callback sent with the Version header must be rejected with 400.
The RTP state must be unchanged.

Flow:
1. Activate payer and send an RTP → resource_id
2. Capture current RTP status
3. Build a valid DS_04b payload referencing the RTP
4. POST to callback endpoint WITH Version header
5. Verify 400 is returned with the expected error body
6. Verify RTP status is unchanged
","1973","DS_04b callback with Version header returns 400","functional-tests.tests.callbacks","2026-08-09","passed","2026-08-09","","test_RTP_callback_with_version_header","",""
"
Tests that sending an RTP payload with an amount over the POSTE limit results in a 400 Bad Request response.

:param debtor_sp_mock_cert_key: Certificate and key tuple for mutual TLS authentication.
:type debtor_sp_mock_cert_key: Tuple[str, str]
","864","Cannot send RTP with an amount over the POSTE limit","functional-tests.tests.availability","2026-08-09","failed","2026-08-09","","test_availability_POSTE","",""
"","373","All auth fixtures expose a valid Bearer token format","functional-tests.tests.auth","2026-08-09","passed","2026-08-09","","test_auth","",""
"","1077","SP_B cannot retrieve activation by Activation ID created by SP_A","functional-tests.tests.activation","2026-08-09","passed","2026-08-09","","test_RTP_activation_security","",""
"","976","A debtor is activated by an authenticated service provider","functional-tests.tests.activation","2026-08-09","passed","2026-08-09","","test_debtor_activation_create","",""
"Test sending an UPDATE operation message with different statuses via GPD message API after a CREATE","1282","An UPDATE message with status INVALID after CREATE","functional-tests.tests.process_messages_sender","2026-08-09","passed","2026-08-09","","test_RTP_process_sender_UPDATE","",""
"","6897","RTP form cancellation with reason PAID","ux-tests.tests","2026-08-09","failed","2026-08-09","","test_RTP_cancel_v3","",""
"The PSP synchronously rejects the cancellation request with 422 (per standard behaviour for the EPC 415 Unsupported Media Type scenario). The RTP then transitions to ERROR_CANCEL via ERROR_CANCEL_RTP.","1993","Cancelling an RTP - EPC v4 mock unhappy path scenario: epc_415","functional-tests.tests.cancel_rtp","2026-08-09","failed","2026-08-09","","test_RTP_cancel_MOCK_V2","",""
"","1249","An RTP sent with synchronous acceptance is in status ACCEPTED - DS-05 ACTC","functional-tests.tests.send_rtp","2026-08-09","passed","2026-08-09","","test_RTP_send_MOCK","",""
"","2497","A v2 RTP callback with invalid status is rejected without affecting the RTP status","functional-tests.tests.callbacks_v2","2026-08-09","passed","2026-08-09","","test_RTP_callback_DS_08P_positive","",""
"","790","Deactivation returns 404 when the token subject does not own the activation's Service Provider ID","functional-tests.tests.activation","2026-08-09","passed","2026-08-09","","test_debtor_deactivation","",""
"","908","A debtor cannot be activated more than once by the same service provider","functional-tests.tests.activation","2026-08-09","passed","2026-08-09","","test_debtor_activation_create","",""
"Test sending a DELETE operation message via GPD message API after a standalone UPDATE (no prior CREATE)","1963","A DELETE message after standalone UPDATE VALID","functional-tests.tests.process_messages_sender","2026-08-09","passed","2026-08-09","","test_RTP_process_sender_DELETE","",""
"","824","Get paginated list of OPT_OUT payees consents successfully","functional-tests.tests.service_registry","2026-08-09","passed","2026-08-09","","test_get_payees_consents","",""
"","385","Deactivation fails for non-existing activation","functional-tests.tests.activation","2026-08-09","passed","2026-08-09","","test_debtor_deactivation","",""
"No `Sts.Conf` confirmation is present (empty JSON object), so only CANCEL_RTP is triggered and the RTP stays in RFC_SENT.","1852","Cancelling an RTP - EPC v4 mock happy path scenario: empty_json_object","functional-tests.tests.cancel_rtp","2026-08-09","passed","2026-08-09","","test_RTP_cancel_MOCK_V2","",""
"","1152","SP_ACTIVATIONS_READ_ALL can retrieve activation by Activation ID created by SP_A","functional-tests.tests.activation","2026-08-09","passed","2026-08-09","","test_RTP_activation_security","",""
"","866","An RTP is sent to a CBI service with activated fiscal code","functional-tests.tests.send_rtp","2026-08-09","passed","2026-08-09","","test_RTP_send_CBI","",""
"","3486","Unauthorized callback due to wrong certificate serial","functional-tests.tests.callbacks_v2","2026-08-09","passed","2026-08-09","","test_RTP_callback_DS_document_rjct","",""
