"DESCRIPTION","DURATION IN MS","NAME","PARENT SUITE","START TIME","STATUS","STOP TIME","SUB SUITE","SUITE","TEST CLASS","TEST METHOD"
"","463","Get payees consents with negative page size returns 400","functional-tests.tests.service_registry","2026-08-28","passed","2026-08-28","","test_get_payees_consents","",""
"","1018","A debtor with foreign fiscal code is activated successfully","functional-tests.tests.activation","2026-08-28","passed","2026-08-28","","test_debtor_activation_create","",""
"Each entry in ``INVALID_PAYER_IDS`` must be rejected with 400.

The ``description`` parameter appears in pytest output to identify which
case failed without having to inspect the raw value.
","483","Querying activation status with an invalid payerId format returns 400","functional-tests.tests.activation","2026-08-28","passed","2026-08-28","","test_debtor_activation_payer_status","",""
"Takeover without a previously issued OTP should fail","1119","Test Takeover Fails without Prior OTP","functional-tests.tests.takeover","2026-08-28","passed","2026-08-28","","test_debtor_takeover","",""
"","1041","An RTP is sent through GPD message API","functional-tests.tests.send_rtp","2026-08-28","passed","2026-08-28","","test_RTP_send_MOCK","",""
"Test sending an UPDATE operation message with different statuses via GPD message API before a CREATE","958","An UPDATE message with status PARTIALLY_PAID before CREATE","functional-tests.tests.process_messages_sender","2026-08-28","passed","2026-08-28","","test_RTP_process_sender_UPDATE_before_CREATE","",""
"
Test v2 RFC callback DS12N with wrong certificate identity.

Flow:
1. Activate payer
2. Send an RTP via GPD message v2 (CREATE VALID)
3. Cancel the RTP via GPD message v2 (DELETE) -> RTP to RFC_SENT
4. Send DS12N callback with assignee_bic='FAKESP01' (doesn't match certificate identity)
5. Verify callback is rejected with 403 (certificate mismatch)
6. Verify RTP status is still RFC_SENT
","2659","Unauthorized v2 RFC callback due to wrong certificate serial","functional-tests.tests.callbacks_v2","2026-08-28","passed","2026-08-28","","test_RTP_callback_DS_12N_negative","",""
"Active payer with omocodia fiscal code (digit substitution) → isActive must be true.","974","An active payer with omocodia fiscal code returns isActive true","functional-tests.tests.activation","2026-08-28","passed","2026-08-28","","test_debtor_activation_payer_status","",""
"","1596","RTP is successfully cancelled with reason MODT","functional-tests.tests.cancel_rtp","2026-08-28","passed","2026-08-28","","test_RTP_cancel","",""
"","2784","A v2 document RTP callback with invalid status is rejected without affecting the RTP status","functional-tests.tests.callbacks_v2","2026-08-28","passed","2026-08-28","","test_RTP_callback_DS_document_rjct","",""
"The response cannot be parsed as a cancellation confirmation (malformed, unquoted string), so the RTP stays in RFC_SENT rather than erroring out.","2185","Cancelling an RTP - EPC v4 mock unhappy path scenario: malformed_string","functional-tests.tests.cancel_rtp","2026-08-28","passed","2026-08-28","","test_RTP_cancel_MOCK_V2","",""
"","970","Deactivation returns 404 when the token subject does not own the activation's Service Provider ID","functional-tests.tests.activation","2026-08-28","passed","2026-08-28","","test_debtor_deactivation","",""
"Each entry in ``INVALID_PAYER_IDS`` (see dataset docstring) must be rejected with 400.","465","The activation request must contain a validly formatted fiscal code","functional-tests.tests.activation","2026-08-28","passed","2026-08-28","","test_debtor_activation_create","",""
"
Payer activated under SP A.
Token with read_rtp_all can read across all Service Providers:
the admin client sub does not match SP A, yet isActive must be true.
","1005","read_rtp_all role returns isActive true for a payer on any Service Provider","functional-tests.tests.activation","2026-08-28","passed","2026-08-28","","test_debtor_activation_payer_status","",""
"
Verify that a debt position can be updated successfully.
","6425","Happy path: a debt position is updated in UAT environment","functional-tests.tests.gpd_availability","2026-08-28","passed","2026-08-28","","test_availability_GPD","",""
"DS_08N RJCT callback sent after a prior DS_05 ACTC callback.

The RTP is expected to transition from SENT to ACCEPTED, then to USER_REJECTED.
","3677","A v2 RTP callback with status RJCT after DS_05 transitions the RTP to USER_REJECTED","functional-tests.tests.callbacks_v2","2026-08-28","passed","2026-08-28","","test_RTP_callback_DS_08N_negative","",""
"","1170","An RTP is sent to ICCREA service with activated fiscal code - through Web API V2","functional-tests.tests.send_rtp","2026-08-28","failed","2026-08-28","","test_RTP_send_ICCREA","",""
"","1092","A debtor with omocodia fiscal code is activated and retrieved by activation id","functional-tests.tests.activation","2026-08-28","passed","2026-08-28","","test_debtor_activation_get","",""
"`Sts.Conf = ""CNCL""` triggers CANCEL_RTP -> CONFIRM_RFC -> CANCEL_RTP_ACCR, ending in CANCELLED_ACCR.","3061","Cancelling an RTP - EPC v4 mock happy path scenario: cncl_confirmed","functional-tests.tests.cancel_rtp","2026-08-28","passed","2026-08-28","","test_RTP_cancel_MOCK_V2","",""
"Each entry in ``INVALID_PAYER_IDS`` (see dataset docstring) must be rejected with 400.","629","The activation request must contain a validly formatted fiscal code","functional-tests.tests.activation","2026-08-28","failed","2026-08-28","","test_debtor_activation_create","",""
"","1164","SP_ACTIVATIONS_READ_ALL can retrieve activation by Activation ID created by SP_A","functional-tests.tests.activation","2026-08-28","passed","2026-08-28","","test_RTP_activation_security","",""
"","482","Get payees consents with invalid date format returns 400","functional-tests.tests.service_registry","2026-08-28","passed","2026-08-28","","test_get_payees_consents","",""
"","971","Get a page of activations","functional-tests.tests.activation","2026-08-28","passed","2026-08-28","","test_debtor_activation_list","",""
"Each entry in ``INVALID_PAYER_IDS`` must be rejected with 400.

The ``description`` parameter appears in pytest output to identify which
case failed without having to inspect the raw value.
","470","Querying activation status with an invalid payerId format returns 400","functional-tests.tests.activation","2026-08-28","passed","2026-08-28","","test_debtor_activation_payer_status","",""
"","1534","An RTP sent when EPC response contains an unknown field is ignored and remains in status SENT","functional-tests.tests.send_rtp","2026-08-28","passed","2026-08-28","","test_RTP_send_MOCK","",""
"","3064","Failed v2 redirect callback for invalid RTP transition - DS-05 ACTC compliant","functional-tests.tests.callbacks_v2","2026-08-28","passed","2026-08-28","","test_RTP_callback_DS_05_redirect","",""
"Test sending a DELETE operation message via GPD message API after a standalone UPDATE (no prior CREATE)","1504","A DELETE message after standalone UPDATE PAID","functional-tests.tests.process_messages_sender","2026-08-28","passed","2026-08-28","","test_RTP_process_sender_DELETE","",""
"","1002","A debtor with VAT number (Partita IVA) is activated successfully","functional-tests.tests.activation","2026-08-28","passed","2026-08-28","","test_debtor_activation_create","",""
"
Given an RTP is sent successfully (status SENT) for a given noticeNumber + payeeId,
when the payee queries the delivery-status endpoint with the correct noticeNumber
but a different payeeId,
then the response must be HTTP 200 with status=PD_RTP_NOT_DELIVERED, verifying
that the endpoint filters on both fields.
","6579","Existing noticeNumber with wrong payeeId → PD_RTP_NOT_DELIVERED","functional-tests.tests.get_rtp","2026-08-28","passed","2026-08-28","","test_RTP_get_delivery_status","",""
"","489","A debtor service provider fails activation due to wrong service provider id","functional-tests.tests.activation","2026-08-28","passed","2026-08-28","","test_debtor_activation_list","",""
"","1136","Sending an RTP when EPC returns a malformed/invalid response body returns 500 - through Web API V2","functional-tests.tests.send_rtp","2026-08-28","passed","2026-08-28","","test_RTP_send_MOCK","",""
"","2195","An RTP sent with synchronous rejection containing extra fields results in status SENT - through Web API V2","functional-tests.tests.send_rtp","2026-08-28","passed","2026-08-28","","test_RTP_send_MOCK","",""
"","494","inexistent RTP -> empty body","functional-tests.tests.get_rtp","2026-08-28","passed","2026-08-28","","test_RTP_get","",""
"","2138","Failed callback for non existing Service Provider - DS-05 redirect compliant","functional-tests.tests.callbacks_v2","2026-08-28","passed","2026-08-28","","test_RTP_callback_DS_05_redirect","",""
"","1060","Sending an RTP when EPC returns an unexpected status code error (RTP_05.CHK.A0007) returns 500 - through Web API","functional-tests.tests.send_rtp","2026-08-28","passed","2026-08-28","","test_RTP_send_MOCK","",""
"
Test RFC callback DS12N with RJCR status.

Flow:
1. Activate payer
2. Send an RTP via GPD message (CREATE VALID)
3. Cancel the RTP via GPD message (DELETE) → RTP to RFC_SENT
4. Send DS12N callback with CxlStsId RJCR (Rejected Cancellation Request)
5. Verify callback is accepted (200)
6. Verify RTP status is ERROR_CANCEL
","3229","An RFC callback DS12N RJCR is successfully received and RTP status is ERROR_CANCEL","functional-tests.tests.callbacks","2026-08-28","passed","2026-08-28","","test_RTP_callback_DS_12N","",""
"Takeover with syntactically valid but nonsensical body should fail","1498","Test Takeover Fails with Nonsensical Body","functional-tests.tests.takeover","2026-08-28","passed","2026-08-28","","test_debtor_takeover","",""
"","453","Get payees consents with invalid authorization returns 401","functional-tests.tests.service_registry","2026-08-28","passed","2026-08-28","","test_get_payees_consents","",""
"","1867","An RTP is sent through ICCREA API","functional-tests.tests.availability","2026-08-28","passed","2026-08-28","","test_availability_ICCREA","",""
"","469","Invalid NextActivationId format returns 400","functional-tests.tests.activation","2026-08-28","passed","2026-08-28","","test_debtor_activation_list","",""
"
Verify that a debt position can be deleted successfully.
","2539","Happy path: a debt position is deleted in UAT environment","functional-tests.tests.gpd_availability","2026-08-28","passed","2026-08-28","","test_availability_GPD","",""
"Test sending an UPDATE after CREATE VALID + DELETE with different statuses","2064","An UPDATE message with status EXPIRED after CREATE VALID and DELETE","functional-tests.tests.process_messages_sender","2026-08-28","passed","2026-08-28","","test_RTP_process_sender_UPDATE","",""
"
DS_12N RJCR RFC callback sent with the Version header must be rejected with 400.
The RTP must remain in RFC_SENT (transition to ERROR_CANCEL must not happen).

Flow:
1. Activate payer, send RTP, trigger cancel via GPD DELETE → RFC_SENT
2. Build a valid DS_12N RJCR payload
3. POST to RFC callback endpoint WITH Version header
4. Verify 400 is returned with the expected error body
5. Verify RTP status is still RFC_SENT
","2470","DS_12N RJCR RFC callback with Version header returns 400","functional-tests.tests.callbacks","2026-08-28","passed","2026-08-28","","test_RTP_callback_with_version_header","",""
"Test sending a CREATE operation message with an omocodia fiscal code via GPD message API","1111","A CREATE message with omocodia fiscal code is successfully sent through GPD message API","functional-tests.tests.process_messages_sender","2026-08-28","passed","2026-08-28","","test_RTP_process_sender","",""
"","1594","RTP is successfully retrieved","functional-tests.tests.get_rtp","2026-08-28","passed","2026-08-28","","test_RTP_get","",""
"","492","malformed rtp_id → 400 Bad Request","functional-tests.tests.get_rtp","2026-08-28","passed","2026-08-28","","test_RTP_get","",""
"","1589","An RTP sent when EPC response omits _links is in status ACCEPTED","functional-tests.tests.send_rtp","2026-08-28","passed","2026-08-28","","test_RTP_send_MOCK","",""
"Each entry in ``INVALID_PAYER_IDS`` (see dataset docstring) must be rejected with 400.","514","The activation request must contain a validly formatted fiscal code","functional-tests.tests.activation","2026-08-28","passed","2026-08-28","","test_debtor_activation_create","",""
"","1728","RTP is successfully cancelled with reason PAID - V2","functional-tests.tests.cancel_rtp","2026-08-28","passed","2026-08-28","","test_RTP_cancel","",""
"","965","An RTP is sent to ICCREA service with activated fiscal code","functional-tests.tests.send_rtp","2026-08-28","passed","2026-08-28","","test_RTP_send_ICCREA","",""
"Test sending an UPDATE operation message with different statuses via GPD message API before a CREATE","1011","An UPDATE message with status EXPIRED before CREATE","functional-tests.tests.process_messages_sender","2026-08-28","passed","2026-08-28","","test_RTP_process_sender_UPDATE_before_CREATE","",""
"Test sending a DELETE operation message via GPD message API after a CREATE VALID + UPDATE","2499","A DELETE message after CREATE VALID + UPDATE PARTIALLY_PAID","functional-tests.tests.process_messages_sender","2026-08-28","passed","2026-08-28","","test_RTP_process_sender_DELETE","",""
"","2569","DS_05 redirect v2 callback with Version header returns 400","functional-tests.tests.callbacks_v2","2026-08-28","passed","2026-08-28","","test_RTP_callback_with_version_header","",""
"Test that takeover fails when an invalid OTP is provided","1927","Test Takeover Fails with Invalid OTP","functional-tests.tests.takeover","2026-08-28","passed","2026-08-28","","test_debtor_takeover","",""
"Test sending a DELETE operation message via GPD message API after a CREATE","1419","A DELETE message after CREATE PARTIALLY_PAID","functional-tests.tests.process_messages_sender","2026-08-28","passed","2026-08-28","","test_RTP_process_sender_DELETE","",""
"","468","Unauthorized callback due to wrong certificate serial","functional-tests.tests.callbacks","2026-08-28","passed","2026-08-28","","test_RTP_callback_DS_08","",""
"
Payer activated under SP A.
- SP B (read_rtp_activations): isActive must be false - privacy rule hides cross-SP activation.
- Admin (read_rtp_all): isActive must be true - role grants visibility across all SPs.
Same payer, same endpoint, different roles → different results.
","1457","read_rtp_all role returns isActive true while read_rtp_activations returns false for the same cross-SP payer","functional-tests.tests.activation","2026-08-28","passed","2026-08-28","","test_debtor_activation_payer_status","",""
"The PSP synchronously rejects the cancellation request with 422 (per standard behaviour for the EPC 406 Not Acceptable scenario). The RTP then transitions to ERROR_CANCEL via ERROR_CANCEL_RTP.","2767","Cancelling an RTP - EPC v4 mock unhappy path scenario: epc_406","functional-tests.tests.cancel_rtp","2026-08-28","passed","2026-08-28","","test_RTP_cancel_MOCK_V2","",""
"","1066","An RTP is sent to a CBI service with activated fiscal code","functional-tests.tests.send_rtp","2026-08-28","passed","2026-08-28","","test_RTP_send_CBI","",""
"","967","Find by payer id returns 404 when the token subject does not own the activation's Service Provider ID","functional-tests.tests.activation","2026-08-28","passed","2026-08-28","","test_debtor_activation_get","",""
"Test sending a CREATE operation message with different statuses via GPD message API","981","A CREATE message with status DRAFT","functional-tests.tests.process_messages_sender","2026-08-28","passed","2026-08-28","","test_RTP_process_sender_CREATE","",""
"
Test RFC callback DS12N with RJCR status applied twice on the same RTP.

Flow:
1. Activate payer
2. Send an RTP via GPD message (CREATE VALID)
3. Cancel the RTP via GPD message (DELETE) -> RTP to RFC_SENT
4. Send DS12N callback with CxlStsId RJCR (Rejected Cancellation Request) -> RTP to ERROR_CANCEL
5. Send the same DS12N RJCR callback again on the already transitioned RTP
6. Verify the second callback is rejected (400) since the transition is no longer valid
7. Verify RTP status remains ERROR_CANCEL
","4231","Failed RFC callback for invalid RTP transition - DS-12N RJCR compliant","functional-tests.tests.callbacks","2026-08-28","passed","2026-08-28","","test_RTP_callback_DS_12N","",""
"","1018","Sending a GPD message with null id returns 400","functional-tests.tests.send_rtp","2026-08-28","passed","2026-08-28","","test_RTP_send_MOCK","",""
"Empty OTP should be rejected","519","Test Takeover Fails with Empty OTP","functional-tests.tests.takeover","2026-08-28","passed","2026-08-28","","test_debtor_takeover","",""
"","2261","Cannot send RTP with expired date","functional-tests.tests.availability","2026-08-28","passed","2026-08-28","","test_availability_CBI","",""
"DS_08P ACCP callback sent directly on a SENT RTP (no prior DS_05 ACTC callback).

The RTP is expected to transition straight from SENT to USER_ACCEPTED.
","2715","A v2 RTP callback with status ACCP is successfully received without a prior DS_05 callback","functional-tests.tests.callbacks_v2","2026-08-28","passed","2026-08-28","","test_RTP_callback_DS_08P_positive","",""
"Test sending an UPDATE operation message with different statuses via GPD message API before a CREATE","1099","An UPDATE message with status VALID before CREATE","functional-tests.tests.process_messages_sender","2026-08-28","passed","2026-08-28","","test_RTP_process_sender_UPDATE_before_CREATE","",""
"","2805","An RTP is sent to a CBI service with activated fiscal code - through Web API","functional-tests.tests.send_rtp","2026-08-28","passed","2026-08-28","","test_RTP_send_CBI","",""
"Test sending a CREATE operation message with an Italian VAT number via GPD message API","1059","A CREATE message with VAT number (Partita IVA) is successfully sent through GPD message API","functional-tests.tests.process_messages_sender","2026-08-28","passed","2026-08-28","","test_RTP_process_sender","",""
"Each entry in ``INVALID_PAYER_IDS`` must be rejected with 400.

The ``description`` parameter appears in pytest output to identify which
case failed without having to inspect the raw value.
","491","Querying activation status with an invalid payerId format returns 400","functional-tests.tests.activation","2026-08-28","failed","2026-08-28","","test_debtor_activation_payer_status","",""
"No `Sts.Conf` confirmation is present (Sts block omitted entirely), so only CANCEL_RTP is triggered and the RTP stays in RFC_SENT.","2225","Cancelling an RTP - EPC v4 mock happy path scenario: no_sts_block","functional-tests.tests.cancel_rtp","2026-08-28","passed","2026-08-28","","test_RTP_cancel_MOCK_V2","",""
"Test sending a DELETE operation message via GPD message API after a CREATE VALID + UPDATE","2049","A DELETE message after CREATE VALID + UPDATE DRAFT","functional-tests.tests.process_messages_sender","2026-08-28","passed","2026-08-28","","test_RTP_process_sender_DELETE","",""
"
Test v2 RFC callback DS12N with RJCR status.

Flow:
1. Activate payer
2. Send an RTP via GPD message v2 (CREATE VALID)
3. Cancel the RTP via GPD message v2 (DELETE) -> RTP to RFC_SENT
4. Send DS12N callback with CxlStsId RJCR (Rejected Cancellation Request)
5. Verify callback is accepted (200)
6. Verify RTP status is CANCELLED_REJECTED
","3358","A v2 RFC callback DS12N RJCR is successfully received and RTP status is CANCELLED_REJECTED","functional-tests.tests.callbacks_v2","2026-08-28","passed","2026-08-28","","test_RTP_callback_DS_12N_negative","",""
"","1592","An RTP sent when EPC response contains an unknown field is ignored and remains in status SENT - through Web API V2","functional-tests.tests.send_rtp","2026-08-28","passed","2026-08-28","","test_RTP_send_MOCK","",""
"
Given a noticeNumber that does not correspond to any RTP in the database,
when the payee queries the delivery-status endpoint,
then the response must be HTTP 200 with status=PD_RTP_NOT_DELIVERED and
processingDate absent or null.
","491","Non-existent noticeNumber → PD_RTP_NOT_DELIVERED","functional-tests.tests.get_rtp","2026-08-28","passed","2026-08-28","","test_RTP_get_delivery_status","",""
"","2235","Unauthorized callback due to wrong certificate serial","functional-tests.tests.callbacks_v2","2026-08-28","passed","2026-08-28","","test_RTP_callback_DS_document_rjct","",""
"","577","The RTP web page is reachable","functional-tests.tests.availability","2026-08-28","passed","2026-08-28","","test_availability_RTP_webform","",""
"","1600","An RTP sent when EPC response omits _links is in status ACCEPTED - through Web API V2","functional-tests.tests.send_rtp","2026-08-28","passed","2026-08-28","","test_RTP_send_MOCK","",""
"","1022","A debtor is deactivated by an authenticated service provider","functional-tests.tests.activation","2026-08-28","passed","2026-08-28","","test_debtor_deactivation","",""
"","468","Retrieving non-existent activation by payer id returns 404","functional-tests.tests.activation","2026-08-28","passed","2026-08-28","","test_debtor_activation_get","",""
"An EPC response containing fields not declared in the OpenAPI spec is treated as an invalid message and is NOT tolerated for accept/reject purposes (confirmed with rtp-sender-v2 maintainers, PR #26). The extra `invalid-field` property invalidates the whole response, so the RJCR confirmation is not processed and the RTP stays in RFC_SENT.","2269","Cancelling an RTP - EPC v4 mock unhappy path scenario: rjcr_extra_field","functional-tests.tests.cancel_rtp","2026-08-28","passed","2026-08-28","","test_RTP_cancel_MOCK_V2","",""
"","969","Deactivation fails for activation by another service provider","functional-tests.tests.activation","2026-08-28","passed","2026-08-28","","test_debtor_deactivation","",""
"Test sending an UPDATE after CREATE VALID + DELETE with different statuses","2253","An UPDATE message with status INVALID after CREATE VALID and DELETE","functional-tests.tests.process_messages_sender","2026-08-28","passed","2026-08-28","","test_RTP_process_sender_UPDATE","",""
"","475","Get payees consents with invalid consent value returns 400","functional-tests.tests.service_registry","2026-08-28","passed","2026-08-28","","test_get_payees_consents","",""
"Test the takeover flow where a user changes service provider","3461","Test Takeover Flow","functional-tests.tests.takeover","2026-08-28","passed","2026-08-28","","test_debtor_takeover","",""
"","1854","Cannot send RTP with invalid amount","functional-tests.tests.availability","2026-08-28","passed","2026-08-28","","test_availability_CBI","",""
"An EPC response containing fields not declared in the OpenAPI spec is treated as an invalid message and is NOT tolerated for accept/reject purposes (confirmed with rtp-sender-v2 maintainers, PR #26). The extra `invalid-field` property invalidates the whole response, so the CNCL confirmation is not processed and the RTP stays in RFC_SENT.","2253","Cancelling an RTP - EPC v4 mock unhappy path scenario: cncl_extra_field","functional-tests.tests.cancel_rtp","2026-08-28","passed","2026-08-28","","test_RTP_cancel_MOCK_V2","",""
"FAKESP01 does not own MOCKSP01, a Service Provider ID owned by another tspId.","460","Activation is forbidden for a Service Provider ID not owned by the token subject","functional-tests.tests.activation","2026-08-28","passed","2026-08-28","","test_debtor_activation_create","",""
"Test sending a DELETE operation message via GPD message API after a standalone UPDATE (no prior CREATE)","1460","A DELETE message after standalone UPDATE PUBLISHED","functional-tests.tests.process_messages_sender","2026-08-28","passed","2026-08-28","","test_RTP_process_sender_DELETE","",""
"Test sending a DELETE operation message via GPD message API after a standalone UPDATE (no prior CREATE)","1461","A DELETE message after standalone UPDATE DRAFT","functional-tests.tests.process_messages_sender","2026-08-28","passed","2026-08-28","","test_RTP_process_sender_DELETE","",""
"
Test RFC callback DS12P with non-existing service provider.

Flow:
1. Activate payer
2. Send an RTP via GPD message (CREATE VALID)
3. Cancel the RTP via GPD message (DELETE) → RTP to RFC_SENT
4. Send DS12P callback with non-existing BIC (MOCKSP99)
5. Verify callback is rejected with 400 (service provider not found)
","2054","Failed RFC callback for non existing Service Provider - DS-12P CNCL compliant","functional-tests.tests.callbacks","2026-08-28","passed","2026-08-28","","test_RTP_callback_DS_12P","",""
"
Test RFC callback DS12N with INVALID status.

Flow:
1. Activate payer
2. Send an RTP via GPD message (CREATE VALID)
3. Cancel the RTP via GPD message (DELETE) → RTP to RFC_SENT
4. Send DS12N callback with CxlStsId INVALID
5. Verify callback is rejected with 400
6. Verify RTP status is still RFC_SENT
","2862","An RFC callback DS12N INVALID is rejected with 400","functional-tests.tests.callbacks","2026-08-28","passed","2026-08-28","","test_RTP_callback_DS_12N","",""
"","3988","Failed v2 document callback for invalid RTP transition - DS-document RJCT compliant","functional-tests.tests.callbacks_v2","2026-08-28","passed","2026-08-28","","test_RTP_callback_DS_document_rjct","",""
"","1056","An RTP is sent through API - through Web API","functional-tests.tests.send_rtp","2026-08-28","passed","2026-08-28","","test_RTP_send_MOCK","",""
"","1609","An RTP sent with synchronous acceptance is in status ACCEPTED - DS-05 ACTC - through Web API V2","functional-tests.tests.send_rtp","2026-08-28","passed","2026-08-28","","test_RTP_send_MOCK","",""
"","522","Sending to non-activated debtor returns 422 - through Web API V2","functional-tests.tests.send_rtp","2026-08-28","passed","2026-08-28","","test_RTP_send_MOCK","",""
"","2566","An RTP callback with status REJECTED is successfully received","functional-tests.tests.callbacks","2026-08-28","passed","2026-08-28","","test_RTP_callback_DS_08","",""
"","3275","DS_12N negative RFC v2 callback with Version header returns 400","functional-tests.tests.callbacks_v2","2026-08-28","passed","2026-08-28","","test_RTP_callback_with_version_header","",""
"","496","Non-integer size returns 400","functional-tests.tests.activation","2026-08-28","passed","2026-08-28","","test_debtor_activation_list","",""
"Each entry in ``INVALID_PAYER_IDS`` must be rejected with 400.

The ``description`` parameter appears in pytest output to identify which
case failed without having to inspect the raw value.
","490","Querying activation status with an invalid payerId format returns 400","functional-tests.tests.activation","2026-08-28","passed","2026-08-28","","test_debtor_activation_payer_status","",""
"Same privacy rule as the cross-SP case: no explicit error, isActive is just false.","957","Get payer status returns isActive false when the token subject does not own the activation's Service Provider ID","functional-tests.tests.activation","2026-08-28","passed","2026-08-28","","test_debtor_activation_payer_status","",""
"","990","A debtor activated with an owned but distinct Service Provider ID is retrieved by activation id","functional-tests.tests.activation","2026-08-28","passed","2026-08-28","","test_debtor_activation_get","",""
"","466","Get payees consents with negative page number returns 400","functional-tests.tests.service_registry","2026-08-28","passed","2026-08-28","","test_get_payees_consents","",""
"","2108","An RTP sent with synchronous rejection is in status REJECTED - DS-08P N - through Web API","functional-tests.tests.send_rtp","2026-08-28","passed","2026-08-28","","test_RTP_send_MOCK","",""
"The PSP synchronously rejects the cancellation request with 422 (per standard behaviour for the EPC 410 Gone scenario). The RTP then transitions to ERROR_CANCEL via ERROR_CANCEL_RTP.","2771","Cancelling an RTP - EPC v4 mock unhappy path scenario: epc_410","functional-tests.tests.cancel_rtp","2026-08-28","passed","2026-08-28","","test_RTP_cancel_MOCK_V2","",""
"Availability probe for takeover notification mock endpoint: expects 204 No Content","466","Test Takeover Notification Endpoint","functional-tests.tests.takeover","2026-08-28","passed","2026-08-28","","test_debtor_takeover","",""
"
Test RFC callback DS12P with non-existing service provider, cancel via REST Web API.

Flow:
1. Activate payer
2. Send an RTP via GPD message (CREATE VALID)
3. Cancel the RTP via REST cancel endpoint with cancel_reason → RTP to RFC_SENT
4. Send DS12P callback with non-existing BIC (MOCKSP99)
5. Verify callback is rejected with 400 (service provider not found)
","2030","Failed RFC callback for non existing Service Provider - DS-12P CNCL compliant - through Web API cancel","functional-tests.tests.callbacks","2026-08-28","passed","2026-08-28","","test_RTP_callback_DS_12P","",""
"Each entry in ``INVALID_PAYER_IDS`` must be rejected with 400.

The ``description`` parameter appears in pytest output to identify which
case failed without having to inspect the raw value.
","483","Querying activation status with an invalid payerId format returns 400","functional-tests.tests.activation","2026-08-28","passed","2026-08-28","","test_debtor_activation_payer_status","",""
"","2026","An RTP callback is received with invalid status","functional-tests.tests.callbacks","2026-08-28","passed","2026-08-28","","test_RTP_callback_DS_08","",""
"Test sending a DELETE operation message via GPD message API after a CREATE","1767","A DELETE message after CREATE EXPIRED","functional-tests.tests.process_messages_sender","2026-08-28","passed","2026-08-28","","test_RTP_process_sender_DELETE","",""
"Test sending a CREATE operation message with different statuses via GPD message API","1062","A CREATE message with status VALID","functional-tests.tests.process_messages_sender","2026-08-28","passed","2026-08-28","","test_RTP_process_sender_CREATE","",""
"","2158","Unauthorized callback due to wrong certificate serial","functional-tests.tests.callbacks_v2","2026-08-28","passed","2026-08-28","","test_RTP_callback_DS_08N_negative","",""
"Test sending a DELETE operation message via GPD message API after a CREATE VALID + UPDATE","2230","A DELETE message after CREATE VALID + UPDATE EXPIRED","functional-tests.tests.process_messages_sender","2026-08-28","passed","2026-08-28","","test_RTP_process_sender_DELETE","",""
"Each entry in ``INVALID_PAYER_IDS`` must be rejected with 400.

The ``description`` parameter appears in pytest output to identify which
case failed without having to inspect the raw value.
","480","Querying activation status with an invalid payerId format returns 400","functional-tests.tests.activation","2026-08-28","passed","2026-08-28","","test_debtor_activation_payer_status","",""
"Test sending an UPDATE after CREATE VALID + DELETE with different statuses","2078","An UPDATE message with status VALID after CREATE VALID and DELETE","functional-tests.tests.process_messages_sender","2026-08-28","passed","2026-08-28","","test_RTP_process_sender_UPDATE","",""
"Each entry in ``INVALID_PAYER_IDS`` must be rejected with 400.

The ``description`` parameter appears in pytest output to identify which
case failed without having to inspect the raw value.
","478","Querying activation status with an invalid payerId format returns 400","functional-tests.tests.activation","2026-08-28","passed","2026-08-28","","test_debtor_activation_payer_status","",""
"
Given a debtor is activated with the mock fiscal code that makes the debtor
service provider mock reply with a server error, when a GPD message (CREATE)
is sent via POST /gpd/message, then the rtp-sender fails to deliver the RTP
and records an ERROR_SEND_RTP event (RTP status becomes ERROR_SEND). RTPs in
ERROR_SEND status are purged from both Cosmos and ADX, so querying by
noticeNumber returns an empty list. When the payee then queries the
delivery-status endpoint with the matching noticeNumber and payeeId, the
response must still be HTTP 200 with status=PD_RTP_NOT_DELIVERED and
processingDate absent or null.
","8756","RTP with ERROR_SEND_RTP event → PD_RTP_NOT_DELIVERED","functional-tests.tests.get_rtp","2026-08-28","passed","2026-08-28","","test_RTP_get_delivery_status","",""
"","460","Unauthorized request returns 401","functional-tests.tests.activation","2026-08-28","passed","2026-08-28","","test_debtor_activation_list","",""
"Each entry in ``INVALID_PAYER_IDS`` (see dataset docstring) must be rejected with 400.","487","The activation request must contain a validly formatted fiscal code","functional-tests.tests.activation","2026-08-28","passed","2026-08-28","","test_debtor_activation_create","",""
"
Test v2 RFC callback DS12N with non-existing service provider.

Flow:
1. Activate payer
2. Send an RTP via GPD message v2 (CREATE VALID)
3. Cancel the RTP via GPD message v2 (DELETE) -> RTP to RFC_SENT
4. Send DS12N callback with non-existing BIC (MOCKSP99)
5. Verify callback is rejected with 400 (service provider not found)
6. Verify RTP status is still RFC_SENT
","2700","Failed v2 RFC callback for non existing Service Provider - DS-12N negative compliant","functional-tests.tests.callbacks_v2","2026-08-28","passed","2026-08-28","","test_RTP_callback_DS_12N_negative","",""
"
Test v2 RFC callback DS12P with CNCL status applied twice on the same RTP.

Flow:
1. Activate payer
2. Send an RTP via GPD message v2 (CREATE VALID)
3. Cancel the RTP via GPD message v2 (DELETE) -> RTP to RFC_SENT
4. Send DS12P callback with CxlStsId CNCL (Cancelled As Per Request) -> RTP to CANCELLED
5. Send the same DS12P CNCL callback again on the already cancelled RTP
6. Verify the second callback is rejected (400) since the transition is no longer valid
7. Verify RTP status remains CANCELLED
","3684","Failed v2 RFC callback for invalid RTP transition - DS-12P positive compliant","functional-tests.tests.callbacks_v2","2026-08-28","passed","2026-08-28","","test_RTP_callback_DS_12P_positive","",""
"Each entry in ``INVALID_PAYER_IDS`` (see dataset docstring) must be rejected with 400.","615","The activation request must contain a validly formatted fiscal code","functional-tests.tests.activation","2026-08-28","passed","2026-08-28","","test_debtor_activation_create","",""
"Test sending a CREATE operation message with different statuses via GPD message API","991","A CREATE message with status PARTIALLY_PAID","functional-tests.tests.process_messages_sender","2026-08-28","passed","2026-08-28","","test_RTP_process_sender_CREATE","",""
"","2308","An RTP sent with synchronous rejection is in status REJECTED - DS-08P N - through Web API V2","functional-tests.tests.send_rtp","2026-08-28","passed","2026-08-28","","test_RTP_send_MOCK","",""
"","2600","DS_08N negative v2 callback with Version header returns 400","functional-tests.tests.callbacks_v2","2026-08-28","passed","2026-08-28","","test_RTP_callback_with_version_header","",""
"Test sending an UPDATE operation message with different statuses via GPD message API after a CREATE","1607","An UPDATE message with status INVALID after CREATE","functional-tests.tests.process_messages_sender","2026-08-28","passed","2026-08-28","","test_RTP_process_sender_UPDATE","",""
"
Test v2 RFC callback DS12P with INVALID status.

Flow:
1. Activate payer
2. Send an RTP via GPD message v2 (CREATE VALID)
3. Cancel the RTP via GPD message v2 (DELETE) -> RTP to RFC_SENT
4. Send DS12P callback with CxlStsId INVALID
5. Verify callback is rejected with 400
6. Verify RTP status is still RFC_SENT
","2689","A v2 RFC callback DS12P INVALID is rejected with 400","functional-tests.tests.callbacks_v2","2026-08-28","passed","2026-08-28","","test_RTP_callback_DS_12P_positive","",""
"","2056","Unauthorized callback due to wrong certificate serial","functional-tests.tests.callbacks_v2","2026-08-28","passed","2026-08-28","","test_RTP_callback_DS_05_redirect","",""
"The PSP synchronously rejects the cancellation request with 422 (per standard behaviour for the EPC 422 Unprocessable Entity scenario). The RTP then transitions to ERROR_CANCEL via ERROR_CANCEL_RTP.","2758","Cancelling an RTP - EPC v4 mock unhappy path scenario: epc_422","functional-tests.tests.cancel_rtp","2026-08-28","passed","2026-08-28","","test_RTP_cancel_MOCK_V2","",""
"Active payer identified by an 11-digit Partita IVA → isActive must be true.","968","An active payer with VAT number (Partita IVA) returns isActive true","functional-tests.tests.activation","2026-08-28","passed","2026-08-28","","test_debtor_activation_payer_status","",""
"","490","A Service Provider with invalid client secret is not authenticated on Keycloak","functional-tests.tests.auth","2026-08-28","passed","2026-08-28","","test_auth","",""
"UPDATE VALID before any CREATE creates a new RTP; the RTP must be retrievable from the database","2121","An UPDATE VALID before CREATE creates the RTP in the database","functional-tests.tests.process_messages_sender","2026-08-28","passed","2026-08-28","","test_RTP_process_sender_UPDATE_before_CREATE","",""
"
Test RFC callback DS12P with INVALID status, cancel via REST Web API.

Flow:
1. Activate payer
2. Send an RTP via GPD message (CREATE VALID)
3. Cancel the RTP via REST cancel endpoint with cancel_reason → RTP to RFC_SENT
4. Send DS12P callback with CxlStsId INVALID
5. Verify callback is rejected with 400
6. Verify RTP status is still RFC_SENT
","2585","An RFC callback DS12P INVALID is rejected with 400 - through Web API cancel","functional-tests.tests.callbacks","2026-08-28","passed","2026-08-28","","test_RTP_callback_DS_12P","",""
"","3187","A v2 redirect RTP callback with status ACTC is successfully received","functional-tests.tests.callbacks_v2","2026-08-28","passed","2026-08-28","","test_RTP_callback_DS_05_redirect","",""
"","1688","An RTP is sent to a CBI service with activated fiscal code - through Web API V2","functional-tests.tests.send_rtp","2026-08-28","failed","2026-08-28","","test_RTP_send_CBI","",""
"Test sending a CREATE operation message with different statuses via GPD message API","1016","A CREATE message with status INVALID","functional-tests.tests.process_messages_sender","2026-08-28","passed","2026-08-28","","test_RTP_process_sender_CREATE","",""
"Test sending an UPDATE operation message with different statuses via GPD message API before a CREATE","984","An UPDATE message with status INVALID before CREATE","functional-tests.tests.process_messages_sender","2026-08-28","passed","2026-08-28","","test_RTP_process_sender_UPDATE_before_CREATE","",""
"Each entry in ``INVALID_PAYER_IDS`` (see dataset docstring) must be rejected with 400.","485","The activation request must contain a validly formatted fiscal code","functional-tests.tests.activation","2026-08-28","passed","2026-08-28","","test_debtor_activation_create","",""
"","4195","An RTP is sent through CBI API","functional-tests.tests.availability","2026-08-28","passed","2026-08-28","","test_availability_CBI","",""
"","975","Get paginated list of payees successfully","functional-tests.tests.service_registry","2026-08-28","passed","2026-08-28","","test_service_registry_payees_registry","",""
"Test sending an UPDATE operation message with different statuses via GPD message API after a CREATE","1577","An UPDATE message with status DRAFT after CREATE","functional-tests.tests.process_messages_sender","2026-08-28","passed","2026-08-28","","test_RTP_process_sender_UPDATE","",""
"Each entry in ``INVALID_PAYER_IDS`` must be rejected with 400.

The ``description`` parameter appears in pytest output to identify which
case failed without having to inspect the raw value.
","465","Querying activation status with an invalid payerId format returns 400","functional-tests.tests.activation","2026-08-28","passed","2026-08-28","","test_debtor_activation_payer_status","",""
"Test sending a DELETE operation message via GPD message API after a CREATE VALID + UPDATE","2342","A DELETE message after CREATE VALID + UPDATE INVALID","functional-tests.tests.process_messages_sender","2026-08-28","passed","2026-08-28","","test_RTP_process_sender_DELETE","",""
"
Test v2 RFC callback DS12P with non-existing service provider.

Flow:
1. Activate payer
2. Send an RTP via GPD message v2 (CREATE VALID)
3. Cancel the RTP via GPD message v2 (DELETE) -> RTP to RFC_SENT
4. Send DS12P callback with non-existing BIC (MOCKSP99)
5. Verify callback is rejected with 400 (service provider not found)
6. Verify RTP status is still RFC_SENT
","2705","Failed v2 RFC callback for non existing Service Provider - DS-12P positive compliant","functional-tests.tests.callbacks_v2","2026-08-28","passed","2026-08-28","","test_RTP_callback_DS_12P_positive","",""
"The PSP synchronously rejects the cancellation request with 422 (per standard behaviour for the EPC 429 Too Many Requests scenario). The RTP then transitions to ERROR_CANCEL via ERROR_CANCEL_RTP.","12196","Cancelling an RTP - EPC v4 mock unhappy path scenario: epc_429","functional-tests.tests.cancel_rtp","2026-08-28","passed","2026-08-28","","test_RTP_cancel_MOCK_V2","",""
"Payer activated under SP A queried by SP A → isActive must be true.","970","An active payer returns isActive true for the same Service Provider","functional-tests.tests.activation","2026-08-28","passed","2026-08-28","","test_debtor_activation_payer_status","",""
"","481","All auth fixtures expose a valid Bearer token format","functional-tests.tests.auth","2026-08-28","passed","2026-08-28","","test_auth","",""
"No `Sts.Conf` confirmation is present (empty JSON object), so only CANCEL_RTP is triggered and the RTP stays in RFC_SENT.","2345","Cancelling an RTP - EPC v4 mock happy path scenario: empty_json_object","functional-tests.tests.cancel_rtp","2026-08-28","passed","2026-08-28","","test_RTP_cancel_MOCK_V2","",""
"
Test RFC callback DS12P with CNCL status.

Flow:
1. Activate payer
2. Send an RTP via GPD message (CREATE VALID)
3. Cancel the RTP via GPD message (DELETE) → RTP to RFC_SENT
4. Send DS12P callback with CxlStsId CNCL (Cancelled As Per Request)
5. Verify callback is accepted (200)
6. Verify RTP status is CANCELLED
","2561","An RFC callback DS12P CNCL is successfully received and RTP status is CANCEL","functional-tests.tests.callbacks","2026-08-28","passed","2026-08-28","","test_RTP_callback_DS_12P","",""
"
DS_04b callback sent with the Version header must be rejected with 400.
The RTP state must be unchanged.

Flow:
1. Activate payer and send an RTP → resource_id
2. Capture current RTP status
3. Build a valid DS_04b payload referencing the RTP
4. POST to callback endpoint WITH Version header
5. Verify 400 is returned with the expected error body
6. Verify RTP status is unchanged
","2518","DS_04b callback with Version header returns 400","functional-tests.tests.callbacks","2026-08-28","passed","2026-08-28","","test_RTP_callback_with_version_header","",""
"","490","missing token → 401 Unauthorized","functional-tests.tests.get_rtp","2026-08-28","passed","2026-08-28","","test_RTP_get","",""
"","475","RTP cancellation fails if resource ID does not exist","functional-tests.tests.cancel_rtp","2026-08-28","passed","2026-08-28","","test_RTP_cancel","",""
"`Sts.Conf = ""RJCR""` triggers CANCEL_RTP -> CONFIRM_RFC -> CANCEL_RTP_REJECTED, ending in CANCELLED_REJECTED.","2867","Cancelling an RTP - EPC v4 mock happy path scenario: rjcr_rejected","functional-tests.tests.cancel_rtp","2026-08-28","passed","2026-08-28","","test_RTP_cancel_MOCK_V2","",""
"","952","A debtor with VAT number is activated and retrieved by activation id","functional-tests.tests.activation","2026-08-28","passed","2026-08-28","","test_debtor_activation_get","",""
"Test sending a CREATE operation message with different statuses via GPD message API","975","A CREATE message with status PUBLISHED","functional-tests.tests.process_messages_sender","2026-08-28","passed","2026-08-28","","test_RTP_process_sender_CREATE","",""
"Payer that has never been activated → isActive must be false.","484","test_get_activation_status_not_active_payer","functional-tests.tests.activation","2026-08-28","passed","2026-08-28","","test_debtor_activation_payer_status","",""
"","2099","An RTP sent with synchronous rejection and missing _links results in status REJECTED - through Web API","functional-tests.tests.send_rtp","2026-08-28","passed","2026-08-28","","test_RTP_send_MOCK","",""
"Each entry in ``INVALID_PAYER_IDS`` (see dataset docstring) must be rejected with 400.","462","The activation request must contain a validly formatted fiscal code","functional-tests.tests.activation","2026-08-28","passed","2026-08-28","","test_debtor_activation_create","",""
"Each entry in ``INVALID_PAYER_IDS`` must be rejected with 400.

The ``description`` parameter appears in pytest output to identify which
case failed without having to inspect the raw value.
","464","Querying activation status with an invalid payerId format returns 400","functional-tests.tests.activation","2026-08-28","passed","2026-08-28","","test_debtor_activation_payer_status","",""
"Test sending a DELETE operation message via GPD message API after a CREATE","1920","A DELETE message after CREATE PUBLISHED","functional-tests.tests.process_messages_sender","2026-08-28","passed","2026-08-28","","test_RTP_process_sender_DELETE","",""
"
Test RFC callback DS12N with wrong certificate identity, cancel via REST Web API.

Flow:
1. Activate payer
2. Send an RTP via GPD message (CREATE VALID)
3. Cancel the RTP via REST cancel endpoint with cancel_reason → RTP to RFC_SENT
4. Send DS12N callback with assignee_bic='FAKESP01' (doesn't match certificate identity MOCKSP04)
5. Verify callback is rejected with 403 (certificate mismatch)
","2168","Unauthorized RFC callback due to wrong certificate serial - through Web API cancel","functional-tests.tests.callbacks","2026-08-28","passed","2026-08-28","","test_RTP_callback_DS_12N","",""
"","472","Failed callback for non existing Service Provider - DS-04b compliant","functional-tests.tests.callbacks","2026-08-28","passed","2026-08-28","","test_RTP_callback_DS_04","",""
"","550","Sending to non-activated debtor returns 422 - through Web API","functional-tests.tests.send_rtp","2026-08-28","passed","2026-08-28","","test_RTP_send_MOCK","",""
"Test sending an UPDATE operation message with different statuses via GPD message API after a CREATE","1788","An UPDATE message with status VALID after CREATE","functional-tests.tests.process_messages_sender","2026-08-28","passed","2026-08-28","","test_RTP_process_sender_UPDATE","",""
"MOCKSP04 owns MOCKSP01 as well as its own spId; activation must be allowed on either.","1099","A debtor is activated using a Service Provider ID the token subject owns but does not itself represent","functional-tests.tests.activation","2026-08-28","passed","2026-08-28","","test_debtor_activation_create","",""
"","3530","An RTP callback is successfully received with status RJCT","functional-tests.tests.callbacks","2026-08-28","passed","2026-08-28","","test_RTP_callback_DS_08","",""
"MOCKSP04 owns MOCKSP01 as well as its own spId; status must reflect the activation either way.","978","An active payer returns isActive true when activated under an owned but distinct Service Provider ID","functional-tests.tests.activation","2026-08-28","passed","2026-08-28","","test_debtor_activation_payer_status","",""
"Each entry in ``INVALID_PAYER_IDS`` (see dataset docstring) must be rejected with 400.","459","The activation request must contain a validly formatted fiscal code","functional-tests.tests.activation","2026-08-28","passed","2026-08-28","","test_debtor_activation_create","",""
"
Test RFC callback DS12N with RJCR status, cancel triggered via REST Web API with explicit reason.

Flow:
1. Activate payer
2. Send an RTP via GPD message (CREATE VALID)
3. Cancel the RTP via REST cancel endpoint with cancel_reason → RTP to RFC_SENT
4. Send DS12N callback with CxlStsId RJCR (Rejected Cancellation Request)
5. Verify callback is accepted (200)
6. Verify RTP status is ERROR_CANCEL
","3541","An RFC callback DS12N RJCR is successfully received and RTP status is ERROR_CANCEL - through Web API cancel","functional-tests.tests.callbacks","2026-08-28","passed","2026-08-28","","test_RTP_callback_DS_12N","",""
"Test sending a CREATE operation message with different statuses via GPD message API","1016","A CREATE message with status EXPIRED","functional-tests.tests.process_messages_sender","2026-08-28","passed","2026-08-28","","test_RTP_process_sender_CREATE","",""
"Missing or invalid Bearer token → the endpoint must return 401.","451","Querying activation status without a valid token returns 401","functional-tests.tests.activation","2026-08-28","passed","2026-08-28","","test_debtor_activation_payer_status","",""
"","2514","An RTP callback with status ACWC is successfully received","functional-tests.tests.callbacks","2026-08-28","passed","2026-08-28","","test_RTP_callback_DS_08","",""
"","2122","An RTP callback is received with invalid status","functional-tests.tests.callbacks","2026-08-28","passed","2026-08-28","","test_RTP_callback_DS_08","",""
"","462","Retrieving activation with malformed payer id returns 400","functional-tests.tests.activation","2026-08-28","passed","2026-08-28","","test_debtor_activation_get","",""
"
Test RFC callback DS12P with CNCL status applied twice on the same RTP.

Flow:
1. Activate payer
2. Send an RTP via GPD message (CREATE VALID)
3. Cancel the RTP via GPD message (DELETE) -> RTP to RFC_SENT
4. Send DS12P callback with CxlStsId CNCL (Cancelled As Per Request) -> RTP to CANCELLED
5. Send the same DS12P CNCL callback again on the already cancelled RTP
6. Verify the second callback is rejected (400) since the transition is no longer valid
7. Verify RTP status remains CANCELLED
","3649","Failed RFC callback for invalid RTP transition - DS-12P CNCL compliant","functional-tests.tests.callbacks","2026-08-28","passed","2026-08-28","","test_RTP_callback_DS_12P","",""
"
Test RFC callback DS12P with non-existing service provider, cancel via REST Web API.

Flow:
1. Activate payer
2. Send an RTP via GPD message (CREATE VALID)
3. Cancel the RTP via REST cancel endpoint with cancel_reason → RTP to RFC_SENT
4. Send DS12P callback with non-existing BIC (MOCKSP99)
5. Verify callback is rejected with 400 (service provider not found)
","2066","Failed RFC callback for non existing Service Provider - DS-12P CNCL compliant - through Web API cancel","functional-tests.tests.callbacks","2026-08-28","passed","2026-08-28","","test_RTP_callback_DS_12P","",""
"Each entry in ``INVALID_PAYER_IDS`` (see dataset docstring) must be rejected with 400.","474","The activation request must contain a validly formatted fiscal code","functional-tests.tests.activation","2026-08-28","passed","2026-08-28","","test_debtor_activation_create","",""
"Each entry in ``INVALID_PAYER_IDS`` (see dataset docstring) must be rejected with 400.","459","The activation request must contain a validly formatted fiscal code","functional-tests.tests.activation","2026-08-28","passed","2026-08-28","","test_debtor_activation_create","",""
"
Test RFC callback DS12P with INVALID status, cancel via REST Web API.

Flow:
1. Activate payer
2. Send an RTP via GPD message (CREATE VALID)
3. Cancel the RTP via REST cancel endpoint with cancel_reason → RTP to RFC_SENT
4. Send DS12P callback with CxlStsId INVALID
5. Verify callback is rejected with 400
6. Verify RTP status is still RFC_SENT
","2563","An RFC callback DS12P INVALID is rejected with 400 - through Web API cancel","functional-tests.tests.callbacks","2026-08-28","passed","2026-08-28","","test_RTP_callback_DS_12P","",""
"Each entry in ``INVALID_PAYER_IDS`` (see dataset docstring) must be rejected with 400.","484","The activation request must contain a validly formatted fiscal code","functional-tests.tests.activation","2026-08-28","passed","2026-08-28","","test_debtor_activation_create","",""
"","3009","Failed callback for invalid RTP transition - DS-05 ACTC compliant","functional-tests.tests.callbacks","2026-08-28","passed","2026-08-28","","test_RTP_callback_DS_05","",""
"
Test v2 RFC callback DS12P with CNCL status.

Flow:
1. Activate payer
2. Send an RTP via GPD message v2 (CREATE VALID)
3. Cancel the RTP via GPD message v2 (DELETE) -> RTP to RFC_SENT
4. Send DS12P callback with CxlStsId CNCL (Cancelled As Per Request)
5. Verify callback is accepted (200)
6. Verify RTP status is CANCELLED
","2769","A v2 RFC callback DS12P CNCL is successfully received and RTP status is CANCELLED","functional-tests.tests.callbacks_v2","2026-08-28","passed","2026-08-28","","test_RTP_callback_DS_12P_positive","",""
"","1099","An RTP is sent through API - through Web API V2","functional-tests.tests.send_rtp","2026-08-28","passed","2026-08-28","","test_RTP_send_MOCK","",""
"
Test RFC callback DS12N with RJCR status, cancel triggered via REST Web API with explicit reason.

Flow:
1. Activate payer
2. Send an RTP via GPD message (CREATE VALID)
3. Cancel the RTP via REST cancel endpoint with cancel_reason → RTP to RFC_SENT
4. Send DS12N callback with CxlStsId RJCR (Rejected Cancellation Request)
5. Verify callback is accepted (200)
6. Verify RTP status is ERROR_CANCEL
","3312","An RFC callback DS12N RJCR is successfully received and RTP status is ERROR_CANCEL - through Web API cancel","functional-tests.tests.callbacks","2026-08-28","passed","2026-08-28","","test_RTP_callback_DS_12N","",""
"
Test RFC callback DS12N with wrong certificate identity, cancel via REST Web API.

Flow:
1. Activate payer
2. Send an RTP via GPD message (CREATE VALID)
3. Cancel the RTP via REST cancel endpoint with cancel_reason → RTP to RFC_SENT
4. Send DS12N callback with assignee_bic='FAKESP01' (doesn't match certificate identity MOCKSP04)
5. Verify callback is rejected with 403 (certificate mismatch)
","2074","Unauthorized RFC callback due to wrong certificate serial - through Web API cancel","functional-tests.tests.callbacks","2026-08-28","passed","2026-08-28","","test_RTP_callback_DS_12N","",""
"","1058","An RTP is sent to Poste service with activated fiscal code - through Web API","functional-tests.tests.send_rtp","2026-08-28","passed","2026-08-28","","test_RTP_send_POSTE","",""
"","1660","RTP is successfully cancelled with reason MODT - V2","functional-tests.tests.cancel_rtp","2026-08-28","passed","2026-08-28","","test_RTP_cancel","",""
"Each entry in ``INVALID_PAYER_IDS`` must be rejected with 400.

The ``description`` parameter appears in pytest output to identify which
case failed without having to inspect the raw value.
","484","Querying activation status with an invalid payerId format returns 400","functional-tests.tests.activation","2026-08-28","passed","2026-08-28","","test_debtor_activation_payer_status","",""
"DS_08P ACCP callback sent twice on the same RTP (direct SENT -> USER_ACCEPTED).

The second callback must be rejected with 400 since the transition is no
longer valid once the RTP is already USER_ACCEPTED.
","3121","Failed v2 callback for invalid RTP transition - DS-08P positive compliant","functional-tests.tests.callbacks_v2","2026-08-28","passed","2026-08-28","","test_RTP_callback_DS_08P_positive","",""
"
Tests that sending an RTP payload with an amount over the POSTE limit results in a 400 Bad Request response.

:param debtor_sp_mock_cert_key: Certificate and key tuple for mutual TLS authentication.
:type debtor_sp_mock_cert_key: Tuple[str, str]
","943","Cannot send RTP with an amount over the POSTE limit","functional-tests.tests.availability","2026-08-28","failed","2026-08-28","","test_availability_POSTE","",""
"Test sending an UPDATE operation message with different statuses via GPD message API after a CREATE","2129","An UPDATE message with status PAID after CREATE","functional-tests.tests.process_messages_sender","2026-08-28","passed","2026-08-28","","test_RTP_process_sender_UPDATE","",""
"","3478","Failed callback for invalid RTP transition - DS-08P ACCP compliant","functional-tests.tests.callbacks","2026-08-28","passed","2026-08-28","","test_RTP_callback_DS_08","",""
"","2682","DS_document RJCT v2 callback with Version header returns 400","functional-tests.tests.callbacks_v2","2026-08-28","passed","2026-08-28","","test_RTP_callback_with_version_header","",""
"
DS_05 ACTC callback sent with the Version header must be rejected with 400.
The RTP must remain in SENT (transition to ACCEPTED must not happen).

Flow:
1. Activate payer and send an RTP → resource_id
2. Build a valid DS_05 ACTC payload referencing the RTP
3. POST to callback endpoint WITH Version header
4. Verify 400 is returned with the expected error body
5. Verify RTP status is still SENT
","1962","DS_05 ACTC callback with Version header returns 400","functional-tests.tests.callbacks","2026-08-28","passed","2026-08-28","","test_RTP_callback_with_version_header","",""
"","477","Find by payer id request must contain lower case fiscal code","functional-tests.tests.activation","2026-08-28","passed","2026-08-28","","test_debtor_activation_create","",""
"","472","Unauthorized callback due to wrong certificate serial","functional-tests.tests.callbacks","2026-08-28","passed","2026-08-28","","test_RTP_callback_DS_04","",""
"
Given a debtor is activated and a GPD message (CREATE) is sent via POST /gpd/message,
when the rtp-sender processes it and the RTP reaches status SENT,
when the payee queries the delivery-status endpoint with the correct noticeNumber
(nav) and payeeId (ec_tax_code),
then the response body must contain status=PD_RTP_DELIVERED, a non-null processingDate
in ISO 8601 format, and processingDate must match the SEND_RTP event timestamp from
the GPD message response (truncated to millisecond precision).
","6575","GPD message sent → RTP SENT → PD_RTP_DELIVERED with processingDate","functional-tests.tests.get_rtp","2026-08-28","passed","2026-08-28","","test_RTP_get_delivery_status","",""
"","1057","SP_ACTIVATIONS_READ_ALL can retrieve activation by Fiscal Code created by SP_A","functional-tests.tests.activation","2026-08-28","passed","2026-08-28","","test_RTP_activation_security","",""
"Each entry in ``INVALID_PAYER_IDS`` must be rejected with 400.

The ``description`` parameter appears in pytest output to identify which
case failed without having to inspect the raw value.
","481","Querying activation status with an invalid payerId format returns 400","functional-tests.tests.activation","2026-08-28","passed","2026-08-28","","test_debtor_activation_payer_status","",""
"
Test RFC callback DS12N with INVALID status, cancel via REST Web API.

Flow:
1. Activate payer
2. Send an RTP via GPD message (CREATE VALID)
3. Cancel the RTP via REST cancel endpoint with cancel_reason → RTP to RFC_SENT
4. Send DS12N callback with CxlStsId INVALID
5. Verify callback is rejected with 400
6. Verify RTP status is still RFC_SENT
","2765","An RFC callback DS12N INVALID is rejected with 400 - through Web API cancel","functional-tests.tests.callbacks","2026-08-28","passed","2026-08-28","","test_RTP_callback_DS_12N","",""
"DS_08N RJCT callback sent twice on the same RTP (direct SENT -> REJECTED).

The second callback must be rejected with 400 since the transition is no
longer valid once the RTP is already REJECTED.
","3768","Failed v2 callback for invalid RTP transition - DS-08N negative compliant","functional-tests.tests.callbacks_v2","2026-08-28","passed","2026-08-28","","test_RTP_callback_DS_08N_negative","",""
"","2073","Failed callback for non existing Service Provider - DS-08N negative compliant","functional-tests.tests.callbacks_v2","2026-08-28","passed","2026-08-28","","test_RTP_callback_DS_08N_negative","",""
"","2578","A v2 RTP callback with invalid status is rejected without affecting the RTP status","functional-tests.tests.callbacks_v2","2026-08-28","passed","2026-08-28","","test_RTP_callback_DS_08N_negative","",""
"The PSP synchronously rejects the cancellation request with 422 (per standard behaviour for the EPC 404 Not Found scenario). The RTP then transitions to ERROR_CANCEL via ERROR_CANCEL_RTP.","2777","Cancelling an RTP - EPC v4 mock unhappy path scenario: epc_404","functional-tests.tests.cancel_rtp","2026-08-28","passed","2026-08-28","","test_RTP_cancel_MOCK_V2","",""
"","482","The activation request must contain a validly formatted Service Provider ID","functional-tests.tests.activation","2026-08-28","passed","2026-08-28","","test_debtor_activation_create","",""
"","2479","An RTP callback with invalid status is received and processed with success without affecting the RTP status","functional-tests.tests.callbacks","2026-08-28","passed","2026-08-28","","test_RTP_callback_DS_05","",""
"
Verify that a debt position can be updated successfully.
","6464","Happy path: a debt position is updated in DEV environment","functional-tests.tests.gpd_availability","2026-08-28","passed","2026-08-28","","test_availability_GPD","",""
"The ownership check fails the same way whether the target spId belongs to someone else
or doesn't exist in the registry at all - NOEXIT00 is not a real Service Provider ID.","475","Activation is forbidden with the same error code for a Service Provider ID absent from the registry","functional-tests.tests.activation","2026-08-28","passed","2026-08-28","","test_debtor_activation_create","",""
"Each entry in ``INVALID_PAYER_IDS`` must be rejected with 400.

The ``description`` parameter appears in pytest output to identify which
case failed without having to inspect the raw value.
","466","Querying activation status with an invalid payerId format returns 400","functional-tests.tests.activation","2026-08-28","passed","2026-08-28","","test_debtor_activation_payer_status","",""
"Test sending an UPDATE operation message with different statuses via GPD message API before a CREATE","978","An UPDATE message with status PAID before CREATE","functional-tests.tests.process_messages_sender","2026-08-28","passed","2026-08-28","","test_RTP_process_sender_UPDATE_before_CREATE","",""
"","496","Non-existent NextActivationId returns 200 with empty body","functional-tests.tests.activation","2026-08-28","passed","2026-08-28","","test_debtor_activation_list","",""
"Each entry in ``INVALID_PAYER_IDS`` (see dataset docstring) must be rejected with 400.","456","The activation request must contain a validly formatted fiscal code","functional-tests.tests.activation","2026-08-28","passed","2026-08-28","","test_debtor_activation_create","",""
"Test sending a DELETE operation message via GPD message API after a standalone UPDATE (no prior CREATE)","1466","A DELETE message after standalone UPDATE PARTIALLY_PAID","functional-tests.tests.process_messages_sender","2026-08-28","passed","2026-08-28","","test_RTP_process_sender_DELETE","",""
"","1141","Sending an RTP when EPC returns an unexpected status code error (RTP_05.CHK.A0007) returns 500 - through Web API V2","functional-tests.tests.send_rtp","2026-08-28","passed","2026-08-28","","test_RTP_send_MOCK","",""
"","957","A debtor with foreign fiscal code is activated and retrieved by activation id","functional-tests.tests.activation","2026-08-28","passed","2026-08-28","","test_debtor_activation_get","",""
"","3225","A v2 document RTP callback with status RJCT is successfully received","functional-tests.tests.callbacks_v2","2026-08-28","passed","2026-08-28","","test_RTP_callback_DS_document_rjct","",""
"Reusing the same OTP after a successful takeover should fail","2159","Test Takeover Fails with Reused OTP","functional-tests.tests.takeover","2026-08-28","passed","2026-08-28","","test_debtor_takeover","",""
"The PSP synchronously rejects the cancellation request with 422 (per standard behaviour for the EPC 400 Bad Request scenario). The RTP then transitions to ERROR_CANCEL via ERROR_CANCEL_RTP.","2769","Cancelling an RTP - EPC v4 mock unhappy path scenario: epc_400","functional-tests.tests.cancel_rtp","2026-08-28","passed","2026-08-28","","test_RTP_cancel_MOCK_V2","",""
"
DS_08N callback sent with the Version header must be rejected with 400.
The RTP must remain in SENT (transition to REJECTED must not happen).

Flow:
1. Activate payer and send an RTP → resource_id
2. Build a valid DS_08N payload referencing the RTP
3. POST to callback endpoint WITH Version header
4. Verify 400 is returned with the expected error body
5. Verify RTP status is still SENT
","1977","DS_08N callback with Version header returns 400","functional-tests.tests.callbacks","2026-08-28","passed","2026-08-28","","test_RTP_callback_with_version_header","",""
"","1553","RTP cancellation fails with an invalid reason - V2","functional-tests.tests.cancel_rtp","2026-08-28","passed","2026-08-28","","test_RTP_cancel","",""
"","497","All auth fixtures expose a valid Bearer token format","functional-tests.tests.auth","2026-08-28","passed","2026-08-28","","test_auth","",""
"Each entry in ``INVALID_PAYER_IDS`` must be rejected with 400.

The ``description`` parameter appears in pytest output to identify which
case failed without having to inspect the raw value.
","461","Querying activation status with an invalid payerId format returns 400","functional-tests.tests.activation","2026-08-28","passed","2026-08-28","","test_debtor_activation_payer_status","",""
"Test sending a DELETE operation message via GPD message API after a CREATE VALID + UPDATE","2377","A DELETE message after CREATE VALID + UPDATE PUBLISHED","functional-tests.tests.process_messages_sender","2026-08-28","passed","2026-08-28","","test_RTP_process_sender_DELETE","",""
"Test sending an UPDATE operation message with different statuses via GPD message API after a CREATE","1573","An UPDATE message with status PARTIALLY_PAID after CREATE","functional-tests.tests.process_messages_sender","2026-08-28","passed","2026-08-28","","test_RTP_process_sender_UPDATE","",""
"
Tests sending an RTP payload to the POSTE endpoint with valid data and authentication.

:param debtor_sp_mock_cert_key: Certificate and key tuple for mutual TLS authentication.
:type debtor_sp_mock_cert_key: Tuple[str, str]
","1205","An RTP is sent through POSTE API","functional-tests.tests.availability","2026-08-28","passed","2026-08-28","","test_availability_POSTE","",""
"The response body is not a recognizable cancellation confirmation (quoted plain string), so the RTP stays in RFC_SENT.","2293","Cancelling an RTP - EPC v4 mock happy path scenario: plain_string","functional-tests.tests.cancel_rtp","2026-08-28","passed","2026-08-28","","test_RTP_cancel_MOCK_V2","",""
"","1519","An RTP sent with synchronous acceptance is in status ACCEPTED - DS-05 ACTC - through Web API","functional-tests.tests.send_rtp","2026-08-28","passed","2026-08-28","","test_RTP_send_MOCK","",""
"Active payer with a foreign-country fiscal code (Z + 3 digits municipality) → isActive must be true.","982","An active payer with foreign fiscal code returns isActive true","functional-tests.tests.activation","2026-08-28","passed","2026-08-28","","test_debtor_activation_payer_status","",""
"","746","Get paginated list of OPT_OUT payees consents successfully","functional-tests.tests.service_registry","2026-08-28","passed","2026-08-28","","test_get_payees_consents","",""
"Test sending an UPDATE after CREATE VALID + DELETE with different statuses","2046","An UPDATE message with status PARTIALLY_PAID after CREATE VALID and DELETE","functional-tests.tests.process_messages_sender","2026-08-28","passed","2026-08-28","","test_RTP_process_sender_UPDATE","",""
"Each entry in ``INVALID_PAYER_IDS`` (see dataset docstring) must be rejected with 400.","476","The activation request must contain a validly formatted fiscal code","functional-tests.tests.activation","2026-08-28","passed","2026-08-28","","test_debtor_activation_create","",""
"","447","The service returns the mocked server error","functional-tests.tests.availability","2026-08-28","passed","2026-08-28","","test_availability_MOCK","",""
"","2030","An RTP callback with status ACTC is successfully received","functional-tests.tests.callbacks","2026-08-28","passed","2026-08-28","","test_RTP_callback_DS_05","",""
"","1575","An RTP sent when EPC response contains an unknown field is ignored and remains in status SENT - through Web API","functional-tests.tests.send_rtp","2026-08-28","passed","2026-08-28","","test_RTP_send_MOCK","",""
"","1130","A second service provider triggers takeover when debtor is already active on another service provider","functional-tests.tests.activation","2026-08-28","passed","2026-08-28","","test_debtor_activation_create","",""
"","1060","Sending an RTP when EPC returns a malformed/invalid response body returns 500","functional-tests.tests.send_rtp","2026-08-28","passed","2026-08-28","","test_RTP_send_MOCK","",""
"MOCKSP04 owns both its own spId and MOCKSP01; redeeming an OTP scoped to MOCKSP01 must
assign MOCKSP01 to the new activation, not MOCKSP04 (the redeemer's own tspId).","2990","Test Takeover Redemption Assigns the OTP's Owned Service Provider ID","functional-tests.tests.takeover","2026-08-28","passed","2026-08-28","","test_debtor_takeover","",""
"","508","Retrieving non-existent activation returns 404","functional-tests.tests.activation","2026-08-28","passed","2026-08-28","","test_debtor_activation_get","",""
"","1914","SP_B cannot retrieve activation by Fiscal Code created by SP_A","functional-tests.tests.activation","2026-08-28","passed","2026-08-28","","test_RTP_activation_security","",""
"","465","A Service Provider with invalid client ID is not authenticated on Keycloak","functional-tests.tests.auth","2026-08-28","passed","2026-08-28","","test_auth","",""
"","3575","Failed callback for invalid RTP transition - DS-08N compliant","functional-tests.tests.callbacks","2026-08-28","passed","2026-08-28","","test_RTP_callback_DS_08","",""
"Test sending an UPDATE operation message with different statuses via GPD message API before a CREATE","991","An UPDATE message with status PUBLISHED before CREATE","functional-tests.tests.process_messages_sender","2026-08-28","passed","2026-08-28","","test_RTP_process_sender_UPDATE_before_CREATE","",""
"","1239","Auth endpoint returns valid token","functional-tests.tests.availability","2026-08-28","passed","2026-08-28","","test_availability_CBI","",""
"
Test RFC callback DS12N with non-existing service provider.

Flow:
1. Activate payer
2. Send an RTP via GPD message (CREATE VALID)
3. Cancel the RTP via GPD message (DELETE) → RTP to RFC_SENT
4. Send DS12N callback with non-existing BIC (MOCKSP99)
5. Verify callback is rejected with 400 (service provider not found)
","2575","Failed RFC callback for non existing Service Provider - DS-12N RJCR compliant","functional-tests.tests.callbacks","2026-08-28","passed","2026-08-28","","test_RTP_callback_DS_12N","",""
"","1589","An RTP sent with synchronous acceptance is in status ACCEPTED - DS-05 ACTC","functional-tests.tests.send_rtp","2026-08-28","passed","2026-08-28","","test_RTP_send_MOCK","",""
"Each entry in ``INVALID_PAYER_IDS`` (see dataset docstring) must be rejected with 400.","483","The activation request must contain a validly formatted fiscal code","functional-tests.tests.activation","2026-08-28","passed","2026-08-28","","test_debtor_activation_create","",""
"","1155","SP_B cannot retrieve activation by Activation ID created by SP_A","functional-tests.tests.activation","2026-08-28","passed","2026-08-28","","test_RTP_activation_security","",""
"Test sending a DELETE operation message via GPD message API after a CREATE","1492","A DELETE message after CREATE DRAFT","functional-tests.tests.process_messages_sender","2026-08-28","passed","2026-08-28","","test_RTP_process_sender_DELETE","",""
"A valid token that carries neither read_rtp_activations nor read_rtp_all must be rejected with 403.","477","Token without read_rtp_activations or read_rtp_all role returns 403 Forbidden","functional-tests.tests.activation","2026-08-28","passed","2026-08-28","","test_debtor_activation_payer_status","",""
"The mock policy falls back to its default `{}` response when no notice number matches, so the RTP stays in RFC_SENT.","2209","Cancelling an RTP - EPC v4 mock happy path scenario: no_match_fallback","functional-tests.tests.cancel_rtp","2026-08-28","passed","2026-08-28","","test_RTP_cancel_MOCK_V2","",""
"Test sending a CREATE operation message with different statuses via GPD message API","946","A CREATE message with status PAID","functional-tests.tests.process_messages_sender","2026-08-28","passed","2026-08-28","","test_RTP_process_sender_CREATE","",""
"Each entry in ``INVALID_PAYER_IDS`` must be rejected with 400.

The ``description`` parameter appears in pytest output to identify which
case failed without having to inspect the raw value.
","468","Querying activation status with an invalid payerId format returns 400","functional-tests.tests.activation","2026-08-28","passed","2026-08-28","","test_debtor_activation_payer_status","",""
"Each entry in ``INVALID_PAYER_IDS`` must be rejected with 400.

The ``description`` parameter appears in pytest output to identify which
case failed without having to inspect the raw value.
","454","Querying activation status with an invalid payerId format returns 400","functional-tests.tests.activation","2026-08-28","passed","2026-08-28","","test_debtor_activation_payer_status","",""
"OTP bound to payer1 should not work for payer2","1761","Test Takeover Fails with OTP Bound to Different Payer","functional-tests.tests.takeover","2026-08-28","passed","2026-08-28","","test_debtor_takeover","",""
"
Test RFC callback DS12P with CNCL status, cancel triggered via REST Web API with explicit reason.

Flow:
1. Activate payer
2. Send an RTP via GPD message (CREATE VALID)
3. Cancel the RTP via REST cancel endpoint with cancel_reason → RTP to RFC_SENT
4. Send DS12P callback with CxlStsId CNCL (Cancelled As Per Request)
5. Verify callback is accepted (200)
6. Verify RTP status is CANCELLED
","2500","An RFC callback DS12P CNCL is successfully received and RTP status is CANCEL - through Web API cancel","functional-tests.tests.callbacks","2026-08-28","passed","2026-08-28","","test_RTP_callback_DS_12P","",""
"Querying activation status with an empty payerId must be rejected with 404.","426","Querying activation status with an empty payerId returns 404","functional-tests.tests.activation","2026-08-28","passed","2026-08-28","","test_debtor_activation_payer_status","",""
"Test sending an UPDATE after CREATE VALID + DELETE with different statuses","2240","An UPDATE message with status PUBLISHED after CREATE VALID and DELETE","functional-tests.tests.process_messages_sender","2026-08-28","passed","2026-08-28","","test_RTP_process_sender_UPDATE","",""
"
Test RFC callback DS12N with INVALID status, cancel via REST Web API.

Flow:
1. Activate payer
2. Send an RTP via GPD message (CREATE VALID)
3. Cancel the RTP via REST cancel endpoint with cancel_reason → RTP to RFC_SENT
4. Send DS12N callback with CxlStsId INVALID
5. Verify callback is rejected with 400
6. Verify RTP status is still RFC_SENT
","2908","An RFC callback DS12N INVALID is rejected with 400 - through Web API cancel","functional-tests.tests.callbacks","2026-08-28","passed","2026-08-28","","test_RTP_callback_DS_12N","",""
"
DS_08P ACCP callback sent with the Version header must be rejected with 400.
The RTP must remain in ACCEPTED (transition to USER_ACCEPTED must not happen).

Flow:
1. Activate payer, send RTP, advance to ACCEPTED via DS_05 (without header)
2. Build a valid DS_08P ACCP payload
3. POST WITH Version header
4. Verify 400 is returned with the expected error body
5. Verify RTP status is still ACCEPTED
","2637","DS_08P ACCP callback with Version header returns 400","functional-tests.tests.callbacks","2026-08-28","passed","2026-08-28","","test_RTP_callback_with_version_header","",""
"","473","Retrieving activation with invalid UUID returns 400","functional-tests.tests.activation","2026-08-28","passed","2026-08-28","","test_debtor_activation_get","",""
"
Test RFC callback DS12N with non-existing service provider, cancel via REST Web API.

Flow:
1. Activate payer
2. Send an RTP via GPD message (CREATE VALID)
3. Cancel the RTP via REST cancel endpoint with cancel_reason → RTP to RFC_SENT
4. Send DS12N callback with non-existing BIC (MOCKSP99)
5. Verify callback is rejected with 400 (service provider not found)
","2190","Failed RFC callback for non existing Service Provider - DS-12N RJCR compliant - through Web API cancel","functional-tests.tests.callbacks","2026-08-28","passed","2026-08-28","","test_RTP_callback_DS_12N","",""
"","0","A Service Provider is authenticated","functional-tests.tests.auth","2026-08-28","passed","2026-08-28","","test_auth","",""
"Each entry in ``INVALID_PAYER_IDS`` must be rejected with 400.

The ``description`` parameter appears in pytest output to identify which
case failed without having to inspect the raw value.
","481","Querying activation status with an invalid payerId format returns 400","functional-tests.tests.activation","2026-08-28","passed","2026-08-28","","test_debtor_activation_payer_status","",""
"Test sending a DELETE operation message via GPD message API after a standalone UPDATE (no prior CREATE)","1616","A DELETE message after standalone UPDATE VALID","functional-tests.tests.process_messages_sender","2026-08-28","passed","2026-08-28","","test_RTP_process_sender_DELETE","",""
"UPDATE VALID with an ec_tax_code that does not exist in GPD returns 422 Payee not found","1000","An UPDATE VALID message with a non-existent ec_tax_code is rejected","functional-tests.tests.process_messages_sender","2026-08-28","passed","2026-08-28","","test_RTP_process_sender_UPDATE","",""
"","3468","DS_12P positive RFC v2 callback with Version header returns 400","functional-tests.tests.callbacks_v2","2026-08-28","passed","2026-08-28","","test_RTP_callback_with_version_header","",""
"
Send the same CREATE VALID message twice.

Because send_gpd_message derives the Idempotency-Key deterministically from
the message id (msg_id), reusing the same payload reuses the same key.

Expectations:
- Both calls return HTTP 200 (idempotent, not an error).
- The resourceId in both responses is identical, proving the API returned
  the cached response and did not process the message twice.
- Querying by notice number returns exactly one RTP, confirming that only
  one record was written to the database.
","2081","Two CREATE VALID messages with the same Idempotency-Key both succeed but only one RTP is stored","functional-tests.tests.process_messages_sender","2026-08-28","passed","2026-08-28","","test_RTP_process_sender_IDEMPOTENCY","",""
"
Test v2 RFC callback DS12N with RJCR status applied twice on the same RTP.

Flow:
1. Activate payer
2. Send an RTP via GPD message v2 (CREATE VALID)
3. Cancel the RTP via GPD message v2 (DELETE) -> RTP to RFC_SENT
4. Send DS12N callback with CxlStsId RJCR (Rejected Cancellation Request) -> RTP to CANCELLED_REJECTED
5. Send the same DS12N RJCR callback again on the already transitioned RTP
6. Verify the second callback is rejected (400) since the transition is no longer valid
7. Verify RTP status remains CANCELLED_REJECTED
","4236","Failed v2 RFC callback for invalid RTP transition - DS-12N negative compliant","functional-tests.tests.callbacks_v2","2026-08-28","passed","2026-08-28","","test_RTP_callback_DS_12N_negative","",""
"Each entry in ``INVALID_PAYER_IDS`` must be rejected with 400.

The ``description`` parameter appears in pytest output to identify which
case failed without having to inspect the raw value.
","455","Querying activation status with an invalid payerId format returns 400","functional-tests.tests.activation","2026-08-28","passed","2026-08-28","","test_debtor_activation_payer_status","",""
"MOCKSP04 owns MOCKSP01 and triggers the OTP; FAKESP01, which owns neither, must be rejected
with an explicit ownership error, not merely a generic 403.","1466","Test Takeover Fails when Redeemer Does Not Own the OTP's Service Provider ID","functional-tests.tests.takeover","2026-08-28","passed","2026-08-28","","test_debtor_takeover","",""
"
Tests that sending an RTP payload with an expired date to the POSTE endpoint results in a 400 Bad Request response.

:param debtor_sp_mock_cert_key: Certificate and key tuple for mutual TLS authentication.
:type debtor_sp_mock_cert_key: Tuple[str, str]
","1063","Cannot send RTP with expired date","functional-tests.tests.availability","2026-08-28","failed","2026-08-28","","test_availability_POSTE","",""
"","1389","A debtor is activated by an authenticated service provider","functional-tests.tests.activation","2026-08-28","passed","2026-08-28","","test_debtor_activation_create","",""
"","2244","Failed callback for non existing Service Provider - DS-document RJCT compliant","functional-tests.tests.callbacks_v2","2026-08-28","passed","2026-08-28","","test_RTP_callback_DS_document_rjct","",""
"","2561","DS_08P positive v2 callback with Version header returns 400","functional-tests.tests.callbacks_v2","2026-08-28","passed","2026-08-28","","test_RTP_callback_with_version_header","",""
"","2916","An RTP is sent to ICCREA service with activated fiscal code - through Web API","functional-tests.tests.send_rtp","2026-08-28","failed","2026-08-28","","test_RTP_send_ICCREA","",""
"","468","All auth fixtures expose a valid Bearer token format","functional-tests.tests.auth","2026-08-28","passed","2026-08-28","","test_auth","",""
"Each entry in ``INVALID_PAYER_IDS`` (see dataset docstring) must be rejected with 400.","481","The activation request must contain a validly formatted fiscal code","functional-tests.tests.activation","2026-08-28","passed","2026-08-28","","test_debtor_activation_create","",""
"","487","All auth fixtures expose a valid Bearer token format","functional-tests.tests.auth","2026-08-28","passed","2026-08-28","","test_auth","",""
"","963","Get by activation id returns 404 when the token subject does not own the activation's Service Provider ID","functional-tests.tests.activation","2026-08-28","passed","2026-08-28","","test_debtor_activation_get","",""
"Each entry in ``INVALID_PAYER_IDS`` (see dataset docstring) must be rejected with 400.","468","The activation request must contain a validly formatted fiscal code","functional-tests.tests.activation","2026-08-28","passed","2026-08-28","","test_debtor_activation_create","",""
"The PSP synchronously rejects the cancellation request with 422 (per standard behaviour for the EPC 415 Unsupported Media Type scenario). The RTP then transitions to ERROR_CANCEL via ERROR_CANCEL_RTP.","2744","Cancelling an RTP - EPC v4 mock unhappy path scenario: epc_415","functional-tests.tests.cancel_rtp","2026-08-28","passed","2026-08-28","","test_RTP_cancel_MOCK_V2","",""
"","738","Get list of service providers successfully","functional-tests.tests.service_registry","2026-08-28","passed","2026-08-28","","test_service_registry_service_providers","",""
"","476","Retrieving activation without valid token returns 401","functional-tests.tests.activation","2026-08-28","passed","2026-08-28","","test_debtor_activation_get","",""
"Test sending a DELETE operation message via GPD message API after a CREATE VALID + UPDATE","2564","A DELETE message after CREATE VALID + UPDATE VALID","functional-tests.tests.process_messages_sender","2026-08-28","passed","2026-08-28","","test_RTP_process_sender_DELETE","",""
"","1557","RTP cancellation fails with an invalid reason","functional-tests.tests.cancel_rtp","2026-08-28","passed","2026-08-28","","test_RTP_cancel","",""
"","441","Get payees with invalid authorization","functional-tests.tests.service_registry","2026-08-28","passed","2026-08-28","","test_service_registry_payees_registry","",""
"
Test RFC callback DS12P with wrong certificate identity, cancel via REST Web API.

Flow:
1. Activate payer
2. Send an RTP via GPD message (CREATE VALID)
3. Cancel the RTP via REST cancel endpoint with cancel_reason → RTP to RFC_SENT
4. Send DS12P callback with assignee_bic='FAKESP01' (doesn't match certificate identity MOCKSP04)
5. Verify callback is rejected with 403 (certificate mismatch)
","2016","Unauthorized RFC callback due to wrong certificate serial - through Web API cancel","functional-tests.tests.callbacks","2026-08-28","passed","2026-08-28","","test_RTP_callback_DS_12P","",""
"","475","Get payees consents with wrong token type returns 403","functional-tests.tests.service_registry","2026-08-28","passed","2026-08-28","","test_get_payees_consents","",""
"
DS_12P CNCL RFC callback sent with the Version header must be rejected with 400.
The RTP must remain in RFC_SENT (transition to CANCELLED must not happen).

Flow:
1. Activate payer, send RTP, trigger cancel via GPD DELETE → RFC_SENT
2. Build a valid DS_12P CNCL payload
3. POST to RFC callback endpoint WITH Version header
4. Verify 400 is returned with the expected error body
5. Verify RTP status is still RFC_SENT
","2535","DS_12P CNCL RFC callback with Version header returns 400","functional-tests.tests.callbacks","2026-08-28","passed","2026-08-28","","test_RTP_callback_with_version_header","",""
"
Test RFC callback DS12P with CNCL status, cancel triggered via REST Web API with explicit reason.

Flow:
1. Activate payer
2. Send an RTP via GPD message (CREATE VALID)
3. Cancel the RTP via REST cancel endpoint with cancel_reason → RTP to RFC_SENT
4. Send DS12P callback with CxlStsId CNCL (Cancelled As Per Request)
5. Verify callback is accepted (200)
6. Verify RTP status is CANCELLED
","2599","An RFC callback DS12P CNCL is successfully received and RTP status is CANCEL - through Web API cancel","functional-tests.tests.callbacks","2026-08-28","passed","2026-08-28","","test_RTP_callback_DS_12P","",""
"","1012","A debtor activated with an owned but distinct Service Provider ID is deactivated","functional-tests.tests.activation","2026-08-28","passed","2026-08-28","","test_debtor_deactivation","",""
"","470","Get payees consents with extreme page size returns 400","functional-tests.tests.service_registry","2026-08-28","passed","2026-08-28","","test_get_payees_consents","",""
"","2110","RTP is successfully cancelled with reason PAID","functional-tests.tests.cancel_rtp","2026-08-28","passed","2026-08-28","","test_RTP_cancel","",""
"UPDATE PAID with psp_tax_code=None (invalid PSP) results in RTP state RFC_SENT","1581","An UPDATE PAID message with an invalid PSP results in RFC_SENT state","functional-tests.tests.process_messages_sender","2026-08-28","passed","2026-08-28","","test_RTP_process_sender_UPDATE","",""
"
SP A activates the payer.
SP B queries the status → must get isActive=false to avoid disclosing
that the payer is registered under a competitor SP.
","987","A payer active on a different Service Provider returns isActive false (privacy)","functional-tests.tests.activation","2026-08-28","passed","2026-08-28","","test_debtor_activation_payer_status","",""
"Test sending an UPDATE operation message with different statuses via GPD message API after a CREATE","1572","An UPDATE message with status EXPIRED after CREATE","functional-tests.tests.process_messages_sender","2026-08-28","passed","2026-08-28","","test_RTP_process_sender_UPDATE","",""
"","3220","An RTP sent with synchronous rejection is in status REJECTED - DS-08P N","functional-tests.tests.send_rtp","2026-08-28","passed","2026-08-28","","test_RTP_send_MOCK","",""
"","503","All auth fixtures expose a valid Bearer token format","functional-tests.tests.auth","2026-08-28","passed","2026-08-28","","test_auth","",""
"","2094","An RTP sent with synchronous rejection containing extra fields results in status REJECTED","functional-tests.tests.send_rtp","2026-08-28","passed","2026-08-28","","test_RTP_send_MOCK","",""
"Each entry in ``INVALID_PAYER_IDS`` must be rejected with 400.

The ``description`` parameter appears in pytest output to identify which
case failed without having to inspect the raw value.
","486","Querying activation status with an invalid payerId format returns 400","functional-tests.tests.activation","2026-08-28","passed","2026-08-28","","test_debtor_activation_payer_status","",""
"Each entry in ``INVALID_PAYER_IDS`` must be rejected with 400.

The ``description`` parameter appears in pytest output to identify which
case failed without having to inspect the raw value.
","478","Querying activation status with an invalid payerId format returns 400","functional-tests.tests.activation","2026-08-28","passed","2026-08-28","","test_debtor_activation_payer_status","",""
"","497","Deactivation fails for non-existing activation","functional-tests.tests.activation","2026-08-28","passed","2026-08-28","","test_debtor_deactivation","",""
"Test sending an UPDATE operation message with different statuses via GPD message API after a CREATE","1584","An UPDATE message with status PUBLISHED after CREATE","functional-tests.tests.process_messages_sender","2026-08-28","passed","2026-08-28","","test_RTP_process_sender_UPDATE","",""
"Each entry in ``INVALID_PAYER_IDS`` (see dataset docstring) must be rejected with 400.","487","The activation request must contain a validly formatted fiscal code","functional-tests.tests.activation","2026-08-28","passed","2026-08-28","","test_debtor_activation_create","",""
"","446","The service returns the mocked server error","functional-tests.tests.availability","2026-08-28","passed","2026-08-28","","test_availability_MOCK","",""
"","990","A debtor activated with an owned but distinct Service Provider ID is retrieved by payer id","functional-tests.tests.activation","2026-08-28","passed","2026-08-28","","test_debtor_activation_get","",""
"DS_08N RJCT callback sent directly on a SENT RTP (no prior DS_05 ACTC callback).

The RTP is expected to transition from SENT to REJECTED.
","3291","A v2 RTP callback with status RJCT is successfully received","functional-tests.tests.callbacks_v2","2026-08-28","passed","2026-08-28","","test_RTP_callback_DS_08N_negative","",""
"","966","A debtor cannot be activated more than once by the same service provider","functional-tests.tests.activation","2026-08-28","passed","2026-08-28","","test_debtor_activation_create","",""
"
Verify that a debt position can be created and published successfully.
","1093","Happy path: a debt position is created and published in DEV environment","functional-tests.tests.gpd_availability","2026-08-28","passed","2026-08-28","","test_availability_GPD","",""
"Payer activated then deactivated by SP A → isActive must be false.","1554","A deactivated payer returns isActive false","functional-tests.tests.activation","2026-08-28","passed","2026-08-28","","test_debtor_activation_payer_status","",""
"The PSP synchronously rejects the cancellation request with 422 (per standard behaviour for the EPC 401 Unauthorized scenario). The RTP then transitions to ERROR_CANCEL via ERROR_CANCEL_RTP.","2793","Cancelling an RTP - EPC v4 mock unhappy path scenario: epc_401","functional-tests.tests.cancel_rtp","2026-08-28","passed","2026-08-28","","test_RTP_cancel_MOCK_V2","",""
"","490","The activation request must contain a Service Provider ID of valid length","functional-tests.tests.activation","2026-08-28","passed","2026-08-28","","test_debtor_activation_create","",""
"
Tests the retrieval of an access token from the POSTE authentication endpoint using client credentials and mutual TLS.

:param debtor_sp_mock_cert_key: Certificate and key tuple for mutual TLS authentication.
:type debtor_sp_mock_cert_key: Tuple[str, str]
","206","Auth endpoint returns valid token","functional-tests.tests.availability","2026-08-28","passed","2026-08-28","","test_availability_POSTE","",""
"Test sending a DELETE operation message via GPD message API after a CREATE","1613","A DELETE message after CREATE VALID","functional-tests.tests.process_messages_sender","2026-08-28","passed","2026-08-28","","test_RTP_process_sender_DELETE","",""
"
Test RFC callback DS12N with wrong certificate identity.

Flow:
1. Activate payer
2. Send an RTP via GPD message (CREATE VALID)
3. Cancel the RTP via GPD message (DELETE) → RTP to RFC_SENT
4. Send DS12N callback with assignee_bic='FAKESP01' (doesn't match certificate identity MOCKSP04)
5. Verify callback is rejected with 403 (certificate mismatch)
","2060","Unauthorized RFC callback due to wrong certificate serial","functional-tests.tests.callbacks","2026-08-28","passed","2026-08-28","","test_RTP_callback_DS_12N","",""
"Test sending a DELETE operation message via GPD message API after a CREATE","1452","A DELETE message after CREATE INVALID","functional-tests.tests.process_messages_sender","2026-08-28","passed","2026-08-28","","test_RTP_process_sender_DELETE","",""
"","2573","Failed callback for non compliant DS-04b payload","functional-tests.tests.callbacks","2026-08-28","passed","2026-08-28","","test_RTP_callback_DS_04","",""
"","2757","A v2 RTP callback with invalid status is rejected without affecting the RTP status","functional-tests.tests.callbacks_v2","2026-08-28","passed","2026-08-28","","test_RTP_callback_DS_08P_positive","",""
"","443","Missing Version header returns 200","functional-tests.tests.activation","2026-08-28","passed","2026-08-28","","test_debtor_activation_list","",""
"Each entry in ``INVALID_PAYER_IDS`` (see dataset docstring) must be rejected with 400.","467","The activation request must contain a validly formatted fiscal code","functional-tests.tests.activation","2026-08-28","passed","2026-08-28","","test_debtor_activation_create","",""
"Test sending a DELETE operation message via GPD message API after a CREATE","1606","A DELETE message after CREATE PAID","functional-tests.tests.process_messages_sender","2026-08-28","passed","2026-08-28","","test_RTP_process_sender_DELETE","",""
"No `Sts.Conf` confirmation is present (minimal JSON without Sts), so only CANCEL_RTP is triggered and the RTP stays in RFC_SENT.","2186","Cancelling an RTP - EPC v4 mock happy path scenario: minimal_json","functional-tests.tests.cancel_rtp","2026-08-28","passed","2026-08-28","","test_RTP_cancel_MOCK_V2","",""
"","523","Sending to non-activated debtor returns 422","functional-tests.tests.send_rtp","2026-08-28","passed","2026-08-28","","test_RTP_send_MOCK","",""
"","988","Sending a GPD message with null operation returns 400","functional-tests.tests.send_rtp","2026-08-28","passed","2026-08-28","","test_RTP_send_MOCK","",""
"
Test RFC callback DS12N with non-existing service provider, cancel via REST Web API.

Flow:
1. Activate payer
2. Send an RTP via GPD message (CREATE VALID)
3. Cancel the RTP via REST cancel endpoint with cancel_reason → RTP to RFC_SENT
4. Send DS12N callback with non-existing BIC (MOCKSP99)
5. Verify callback is rejected with 400 (service provider not found)
","2081","Failed RFC callback for non existing Service Provider - DS-12N RJCR compliant - through Web API cancel","functional-tests.tests.callbacks","2026-08-28","passed","2026-08-28","","test_RTP_callback_DS_12N","",""
"
Test v2 RFC callback DS12P with wrong certificate identity.

Flow:
1. Activate payer
2. Send an RTP via GPD message v2 (CREATE VALID)
3. Cancel the RTP via GPD message v2 (DELETE) -> RTP to RFC_SENT
4. Send DS12P callback with assignee_bic='FAKESP01' (doesn't match certificate identity)
5. Verify callback is rejected with 403 (certificate mismatch)
6. Verify RTP status is still RFC_SENT
","2692","Unauthorized v2 RFC callback due to wrong certificate serial","functional-tests.tests.callbacks_v2","2026-08-28","passed","2026-08-28","","test_RTP_callback_DS_12P_positive","",""
"","1162","A debtor with omocodia fiscal code is activated successfully","functional-tests.tests.activation","2026-08-28","passed","2026-08-28","","test_debtor_activation_create","",""
"","2104","Unauthorized callback due to wrong certificate serial","functional-tests.tests.callbacks_v2","2026-08-28","passed","2026-08-28","","test_RTP_callback_DS_08P_positive","",""
"","491","All auth fixtures expose a valid Bearer token format","functional-tests.tests.auth","2026-08-28","passed","2026-08-28","","test_auth","",""
"
Test RFC callback DS12P with INVALID status.

Flow:
1. Activate payer
2. Send an RTP via GPD message (CREATE VALID)
3. Cancel the RTP via GPD message (DELETE) → RTP to RFC_SENT
4. Send DS12P callback with CxlStsId INVALID
5. Verify callback is rejected with 400
6. Verify RTP status is still RFC_SENT
","2574","An RFC callback DS12P INVALID is rejected with 400","functional-tests.tests.callbacks","2026-08-28","passed","2026-08-28","","test_RTP_callback_DS_12P","",""
"","1068","Sending an RTP when EPC returns a malformed/invalid response body returns 500 - through Web API","functional-tests.tests.send_rtp","2026-08-28","passed","2026-08-28","","test_RTP_send_MOCK","",""
"","467","Failed callback for non existing Service Provider - DS-08P compliant","functional-tests.tests.callbacks","2026-08-28","passed","2026-08-28","","test_RTP_callback_DS_08","",""
"","472","Invalid pagination parameters returns 400","functional-tests.tests.activation","2026-08-28","passed","2026-08-28","","test_debtor_activation_list","",""
"","1097","An RTP is sent to Poste service with activated fiscal code","functional-tests.tests.send_rtp","2026-08-28","passed","2026-08-28","","test_RTP_send_POSTE","",""
"
Verify that a debt position can be created and published successfully.
","495","Happy path: a debt position is created and published in UAT environment","functional-tests.tests.gpd_availability","2026-08-28","passed","2026-08-28","","test_availability_GPD","",""
"","2203","Failed callback for non existing Service Provider - DS-08P positive compliant","functional-tests.tests.callbacks_v2","2026-08-28","passed","2026-08-28","","test_RTP_callback_DS_08P_positive","",""
"","3186","An RTP callback is successfully received","functional-tests.tests.callbacks","2026-08-28","passed","2026-08-28","","test_RTP_callback_DS_04","",""
"","1515","An RTP sent when EPC response omits _links is in status ACCEPTED - through Web API","functional-tests.tests.send_rtp","2026-08-28","passed","2026-08-28","","test_RTP_send_MOCK","",""
"Test sending a CREATE operation message via GPD message API","1062","A CREATE message is successfully sent through GPD message API","functional-tests.tests.process_messages_sender","2026-08-28","passed","2026-08-28","","test_RTP_process_sender","",""
"","1072","An RTP is sent to Poste service with activated fiscal code - through Web API V2","functional-tests.tests.send_rtp","2026-08-28","failed","2026-08-28","","test_RTP_send_POSTE","",""
"","2507","A v2 redirect RTP callback with invalid status is rejected without affecting the RTP status","functional-tests.tests.callbacks_v2","2026-08-28","passed","2026-08-28","","test_RTP_callback_DS_05_redirect","",""
"","3231","A v2 RTP callback with status ACCP is successfully received","functional-tests.tests.callbacks_v2","2026-08-28","passed","2026-08-28","","test_RTP_callback_DS_08P_positive","",""
"Test sending a DELETE operation message via GPD message API after a standalone UPDATE (no prior CREATE)","1533","A DELETE message after standalone UPDATE EXPIRED","functional-tests.tests.process_messages_sender","2026-08-28","passed","2026-08-28","","test_RTP_process_sender_DELETE","",""
"","2163","An RTP sent with synchronous rejection and missing _links results in status REJECTED - through Web API V2","functional-tests.tests.send_rtp","2026-08-28","passed","2026-08-28","","test_RTP_send_MOCK","",""
"","1062","Sending an RTP when EPC returns an unexpected status code error (RTP_05.CHK.A0007) returns 500","functional-tests.tests.send_rtp","2026-08-28","passed","2026-08-28","","test_RTP_send_MOCK","",""
"Each entry in ``INVALID_PAYER_IDS`` (see dataset docstring) must be rejected with 400.","506","The activation request must contain a validly formatted fiscal code","functional-tests.tests.activation","2026-08-28","passed","2026-08-28","","test_debtor_activation_create","",""
"Test sending an UPDATE after CREATE VALID + DELETE with different statuses","2099","An UPDATE message with status PAID after CREATE VALID and DELETE","functional-tests.tests.process_messages_sender","2026-08-28","passed","2026-08-28","","test_RTP_process_sender_UPDATE","",""
"CREATE VALID with an ec_tax_code that does not exist in GPD returns 422 Payee not found","1027","A CREATE VALID message with a non-existent ec_tax_code is rejected","functional-tests.tests.process_messages_sender","2026-08-28","passed","2026-08-28","","test_RTP_process_sender_CREATE","",""
"","2063","An RTP sent with synchronous rejection containing extra fields results in status REJECTED - through Web API","functional-tests.tests.send_rtp","2026-08-28","passed","2026-08-28","","test_RTP_send_MOCK","",""
"","2132","An RTP sent with synchronous rejection and missing _links results in status REJECTED","functional-tests.tests.send_rtp","2026-08-28","passed","2026-08-28","","test_RTP_send_MOCK","",""
"Test sending a CREATE operation message with a foreign fiscal code via GPD message API","1109","A CREATE message with foreign fiscal code is successfully sent through GPD message API","functional-tests.tests.process_messages_sender","2026-08-28","passed","2026-08-28","","test_RTP_process_sender","",""
"","2934","An RTP callback is successfully received with status ACCP","functional-tests.tests.callbacks","2026-08-28","passed","2026-08-28","","test_RTP_callback_DS_08","",""
"
Verify that a debt position can be deleted successfully.
","2454","Happy path: a debt position is deleted in DEV environment","functional-tests.tests.gpd_availability","2026-08-28","passed","2026-08-28","","test_availability_GPD","",""
"","999","A debtor is activated and retrieved by activation id","functional-tests.tests.activation","2026-08-28","passed","2026-08-28","","test_debtor_activation_get","",""
"Test that takeover fails when the service provider is unauthenticated","1704","Test Takeover Fails with Unauthenticated SP","functional-tests.tests.takeover","2026-08-28","passed","2026-08-28","","test_debtor_takeover","",""
"Test sending a DELETE operation message via GPD message API after a CREATE VALID + UPDATE","2670","A DELETE message after CREATE VALID + UPDATE PAID","functional-tests.tests.process_messages_sender","2026-08-28","passed","2026-08-28","","test_RTP_process_sender_DELETE","",""
"Each entry in ``INVALID_PAYER_IDS`` (see dataset docstring) must be rejected with 400.","481","The activation request must contain a validly formatted fiscal code","functional-tests.tests.activation","2026-08-28","passed","2026-08-28","","test_debtor_activation_create","",""
"","485","Invalid pagination parameters returns 400","functional-tests.tests.activation","2026-08-28","passed","2026-08-28","","test_debtor_activation_list","",""
"Test sending a DELETE operation message via GPD message API after a standalone UPDATE (no prior CREATE)","1518","A DELETE message after standalone UPDATE INVALID","functional-tests.tests.process_messages_sender","2026-08-28","passed","2026-08-28","","test_RTP_process_sender_DELETE","",""
"Test sending an UPDATE after CREATE VALID + DELETE with different statuses","2112","An UPDATE message with status DRAFT after CREATE VALID and DELETE","functional-tests.tests.process_messages_sender","2026-08-28","passed","2026-08-28","","test_RTP_process_sender_UPDATE","",""
"","470","Get payees with invalid authorization","functional-tests.tests.service_registry","2026-08-28","passed","2026-08-28","","test_service_registry_service_providers","",""
"Each entry in ``INVALID_PAYER_IDS`` must be rejected with 400.

The ``description`` parameter appears in pytest output to identify which
case failed without having to inspect the raw value.
","466","Querying activation status with an invalid payerId format returns 400","functional-tests.tests.activation","2026-08-28","passed","2026-08-28","","test_debtor_activation_payer_status","",""
"","491","All auth fixtures expose a valid Bearer token format","functional-tests.tests.auth","2026-08-28","passed","2026-08-28","","test_auth","",""
"
Tests that sending an RTP payload with an invalid amount to the POSTE endpoint results in a 400 Bad Request response.

:param debtor_sp_mock_cert_key: Certificate and key tuple for mutual TLS authentication.
:type debtor_sp_mock_cert_key: Tuple[str, str]
","1333","Cannot send RTP with invalid amount","functional-tests.tests.availability","2026-08-28","passed","2026-08-28","","test_availability_POSTE","",""
"Authenticated but not authorized: token of SP A tries to use OTP issued for SP B","1636","Test Takeover Fails with Wrong SP Token","functional-tests.tests.takeover","2026-08-28","passed","2026-08-28","","test_debtor_takeover","",""
"
Test RFC callback DS12P with wrong certificate identity.

Flow:
1. Activate payer
2. Send an RTP via GPD message (CREATE VALID)
3. Cancel the RTP via GPD message (DELETE) → RTP to RFC_SENT
4. Send DS12P callback with assignee_bic='FAKESP01' (doesn't match certificate identity MOCKSP04)
5. Verify callback is rejected with 403 (certificate mismatch)
","2132","Unauthorized RFC callback due to wrong certificate serial","functional-tests.tests.callbacks","2026-08-28","passed","2026-08-28","","test_RTP_callback_DS_12P","",""
"Each entry in ``INVALID_PAYER_IDS`` must be rejected with 400.

The ``description`` parameter appears in pytest output to identify which
case failed without having to inspect the raw value.
","452","Querying activation status with an invalid payerId format returns 400","functional-tests.tests.activation","2026-08-28","passed","2026-08-28","","test_debtor_activation_payer_status","",""
"Each entry in ``INVALID_PAYER_IDS`` (see dataset docstring) must be rejected with 400.","463","The activation request must contain a validly formatted fiscal code","functional-tests.tests.activation","2026-08-28","passed","2026-08-28","","test_debtor_activation_create","",""
"","4026","Failed callback for invalid RTP transition - DS-08P RJCT compliant","functional-tests.tests.callbacks","2026-08-28","passed","2026-08-28","","test_RTP_callback_DS_08","",""
"Test sending an UPDATE operation message with different statuses via GPD message API before a CREATE","977","An UPDATE message with status DRAFT before CREATE","functional-tests.tests.process_messages_sender","2026-08-28","passed","2026-08-28","","test_RTP_process_sender_UPDATE_before_CREATE","",""
"
Test v2 RFC callback DS12N with INVALID status.

Flow:
1. Activate payer
2. Send an RTP via GPD message v2 (CREATE VALID)
3. Cancel the RTP via GPD message v2 (DELETE) -> RTP to RFC_SENT
4. Send DS12N callback with CxlStsId INVALID
5. Verify callback is rejected with 400
6. Verify RTP status is still RFC_SENT
","2668","A v2 RFC callback DS12N INVALID is rejected with 400","functional-tests.tests.callbacks_v2","2026-08-28","passed","2026-08-28","","test_RTP_callback_DS_12N_negative","",""
"
Test RFC callback DS12P with wrong certificate identity, cancel via REST Web API.

Flow:
1. Activate payer
2. Send an RTP via GPD message (CREATE VALID)
3. Cancel the RTP via REST cancel endpoint with cancel_reason → RTP to RFC_SENT
4. Send DS12P callback with assignee_bic='FAKESP01' (doesn't match certificate identity MOCKSP04)
5. Verify callback is rejected with 403 (certificate mismatch)
","2108","Unauthorized RFC callback due to wrong certificate serial - through Web API cancel","functional-tests.tests.callbacks","2026-08-28","passed","2026-08-28","","test_RTP_callback_DS_12P","",""
"","486","RTP cancellation fails if resource ID does not exist - V2","functional-tests.tests.cancel_rtp","2026-08-28","passed","2026-08-28","","test_RTP_cancel","",""
